symbol,side,entry_price,exit_price,quantity,stop,target,risk_usdt,gross_pnl,fee_usdt,pnl,result,close_reason,balance_after
ETHUSDT,LONG,3683.58,3741.3947390425333,1.7296627409566263,3654.6726304787335,3741.3947390425333,50.0,100.0,12.84270216,87.15729784,WIN,TAKE_PROFIT,10087.15729784
ETHUSDT,LONG,3745.21,3721.555555144409,2.1321906642539235,3721.555555144409,3792.5188897111816,50.4357864892,-50.43578649,15.92056781,-66.3563543,LOSS,STOP_LOSS,10020.80094354
SOLUSDT,LONG,187.5,186.35310958084688,43.6868282104028,186.35310958084688,189.79378083830628,50.1040047177,-50.10400472,16.33245657,-66.43646129,LOSS,STOP_LOSS,9954.36448225
ETHUSDT,LONG,3742.47,3782.171263559814,2.5073167928906335,3722.6193682200924,3782.171263559814,49.77182241124999,99.54364482,18.8666594,80.67698542,WIN,TAKE_PROFIT,10035.04146767
ETHUSDT,LONG,3745.34,3789.005609724971,2.298156725825218,3723.507195137515,3789.005609724971,50.17520733834999,100.35041468,17.31510704,83.03530764,WIN,TAKE_PROFIT,10118.07677531
ETHUSDT,LONG,3789.36,3770.821242996076,2.728898375756288,3770.821242996076,3826.437514007849,50.59038387654999,-50.59038388,20.63096631,-71.22135019,LOSS,STOP_LOSS,10046.85542512
SOLUSDT,LONG,187.21,186.22368015183244,50.93102122899332,186.22368015183244,189.18263969633514,50.234277125599995,-50.23427713,19.01935869,-69.25363582,LOSS,STOP_LOSS,9977.6017893
SOLUSDT,LONG,187.03,186.07450886271016,52.21190129298583,186.07450886271016,188.94098227457968,49.888008946499994,-49.88800895,19.48049579,-69.36850474,LOSS,STOP_LOSS,9908.23328456
ETHUSDT,LONG,3825.09,3800.608808197535,2.0236419379636112,3800.608808197535,3874.052383604931,49.541166422799996,-49.54116642,15.43168391,-64.97285034,LOSS,STOP_LOSS,9843.26043422
ETHUSDT,LONG,3808.31,3853.064753878964,2.1993776260819935,3785.932623060518,3853.064753878964,49.2163021711,98.43260434,16.85025622,81.58234812,WIN,TAKE_PROFIT,9924.84278234
ETHUSDT,LONG,3860.01,3834.218909937097,1.9240836192137967,3834.218909937097,3911.592180125807,49.6242139117,-49.62421391,14.80433981,-64.42855372,LOSS,STOP_LOSS,9860.41422862
BTCUSDT,LONG,118980.0,119624.95383364226,0.15288558210337422,118657.52308317886,119624.95383364226,49.3020711431,98.60414229,36.47925726,62.12488503,WIN,TAKE_PROFIT,9922.53911365
ETHUSDT,LONG,3854.44,3899.6670643683497,2.1939383535567085,3831.8264678158253,3899.6670643683497,49.612695568250004,99.22539114,17.01203289,82.21335825,WIN,TAKE_PROFIT,10004.7524719
BTCUSDT,LONG,119600.0,119212.8169412195,0.12919925400935234,119212.8169412195,120374.366117561,50.0237623595,-50.02376236,30.8544378,-80.87820016,LOSS,STOP_LOSS,9923.87427174
ETHUSDT,LONG,3878.47,3929.994663658358,1.926043484250887,3852.7076681708204,3929.994663658358,49.6193713587,99.23874272,15.03944249,84.19930023,WIN,TAKE_PROFIT,10008.07357197
BTCUSDT,LONG,119355.0,119041.13917314884,0.15943489463749275,119041.13917314884,119982.7216537023,50.04036785985,-50.04036786,38.00866333,-88.04903119,LOSS,STOP_LOSS,9920.02454078
SOLUSDT,LONG,192.59,190.93784973108723,30.021556535859172,190.93784973108723,195.89430053782556,49.600122703900006,-49.6001227,11.51410302,-61.11422573,LOSS,STOP_LOSS,9858.91031505
BTCUSDT,SHORT,118548.8,118874.7436586288,0.15123641853511594,118874.7436586288,117896.91268274243,49.294551575250004,-49.29455158,35.90708642,-85.20163799,LOSS,STOP_LOSS,9773.70867706
SOLUSDT,LONG,192.41,191.0334476320823,35.500678742228615,191.0334476320823,195.1631047358354,48.86854338530001,-48.86854339,13.61250265,-62.48104604,LOSS,STOP_LOSS,9711.22763102
BTCUSDT,SHORT,118579.9,118917.44367290298,0.1438514244319848,118917.44367290298,117904.812654194,48.55613815510001,-48.55613816,34.16433119,-82.72046934,LOSS,STOP_LOSS,9628.50716168
BTCUSDT,SHORT,118412.0,117555.69101305504,0.11244197256449955,118840.15449347248,117555.69101305504,48.142535808400005,96.28507162,26.53267264,69.75239898,WIN,TAKE_PROFIT,9698.25956066
ETHUSDT,SHORT,3776.43,3808.718209556697,1.5018267803964405,3808.718209556697,3711.8535808866054,48.4912978033,-48.4912978,11.39157871,-59.88287652,LOSS,STOP_LOSS,9638.37668414
BTCUSDT,SHORT,117670.0,118162.51986609498,0.09784759303781419,118162.51986609498,116684.96026781005,48.19188342070001,-48.19188342,23.07564443,-71.26752785,LOSS,STOP_LOSS,9567.10915629
ETHUSDT,SHORT,3756.76,3792.46588862051,1.339710272718777,3792.46588862051,3685.34822275898,47.83554578145001,-47.83554578,10.11377547,-57.94932126,LOSS,STOP_LOSS,9509.15983503
BTCUSDT,LONG,118745.6,118304.55169292852,0.1078017949798966,118304.55169292852,119627.69661414296,47.545799175150016,-47.54579918,25.55443185,-73.10023103,LOSS,STOP_LOSS,9436.059604
SOLUSDT,SHORT,182.3,183.69373032824257,33.851812695711764,183.69373032824257,179.5125393435149,47.180298020000016,-47.18029802,12.38955121,-59.56984923,LOSS,STOP_LOSS,9376.48975477
BTCUSDT,LONG,118908.1,118536.75792308303,0.12625137760602484,118536.75792308303,119650.78415383394,46.88244877385002,-46.88244877,29.97774042,-76.86018919,LOSS,STOP_LOSS,9299.62956558
SOLUSDT,SHORT,182.62,179.45015366165137,29.337792980920252,184.20492316917432,179.45015366165137,46.49814782790002,92.99629566,10.62233921,82.37395644,WIN,TAKE_PROFIT,9382.00352202
SOLUSDT,SHORT,180.3,182.1612138046131,25.20399187553382,182.1612138046131,176.5775723907738,46.91001761010002,-46.91001761,9.13546949,-56.0454871,LOSS,STOP_LOSS,9325.95803492
SOLUSDT,SHORT,180.65,182.3658542583,27.17584547116444,182.3658542583,177.21829148340004,46.62979017460002,-46.62979017,9.86526276,-56.49505293,LOSS,STOP_LOSS,9269.46298199
ETHUSDT,LONG,3818.66,3796.028858071881,2.0479441584149245,3796.028858071881,3863.9222838562373,46.34731490995002,-46.34731491,15.59445757,-61.94177247,LOSS,STOP_LOSS,9207.52120952
ETHUSDT,LONG,3816.74,3791.5701669599775,1.829078721912693,3791.5701669599775,3867.0796660800447,46.03760604760002,-46.03760605,13.91619824,-59.95380428,LOSS,STOP_LOSS,9147.56740524
SOLUSDT,SHORT,178.81,180.2076505476923,32.72480170506032,180.2076505476923,176.01469890461536,45.737837026200026,-45.73783703,11.74878142,-57.48661845,LOSS,STOP_LOSS,9090.08078679
ETHUSDT,LONG,3817.75,3786.299028296653,1.4451192275599392,3786.299028296653,3880.6519434066936,45.45040393395002,-45.45040393,10.98875746,-56.43916139,LOSS,STOP_LOSS,9033.6416254
ETHUSDT,LONG,3789.12,3755.931954846892,1.360978265475527,3755.931954846892,3855.496090306215,45.168208127000014,-45.16820813,10.26865172,-55.43685985,LOSS,STOP_LOSS,8978.20476555
BTCUSDT,SHORT,116477.0,117049.71683125256,0.07838258171943593,117049.71683125256,115331.56633749488,44.89102382775001,-44.89102383,18.30442697,-63.19545079,LOSS,STOP_LOSS,8915.00931476
BTCUSDT,SHORT,116865.2,117498.01835608612,0.07043892792473598,117498.01835608612,115599.56328782775,44.57504657380001,-44.57504657,16.50829385,-61.08334042,LOSS,STOP_LOSS,8853.92597434
ETHUSDT,LONG,3808.67,3867.294747738363,1.5102710571743934,3779.3576261308185,3867.294747738363,44.269629871700005,88.53925974,11.59278739,76.94647235,WIN,TAKE_PROFIT,8930.87244669
ETHUSDT,LONG,3860.99,3840.6428255521196,2.1946222728778926,3840.6428255521196,3901.68434889576,44.65436223345001,-44.65436223,16.90217494,-61.55653717,LOSS,STOP_LOSS,8869.31590952
SOLUSDT,SHORT,180.66,178.88357266556577,49.92782838677045,181.5482136672171,178.88357266556577,44.346579547600015,88.6931591,17.95122979,70.7419293,WIN,TAKE_PROFIT,8940.05783882
SOLUSDT,SHORT,177.01,178.196128548007,37.685872470742794,178.196128548007,174.63774290398595,44.700289194100016,-44.70028919,13.38625286,-58.08654206,LOSS,STOP_LOSS,8881.97129676
BTCUSDT,LONG,118494.6,118100.86819526373,0.11279214924876631,118100.86819526373,119282.06360947255,44.40985648380001,-44.40985648,26.68611136,-71.09596784,LOSS,STOP_LOSS,8810.87532892
SOLUSDT,SHORT,177.61,174.44040594556407,27.798119183713542,179.194797027218,174.44040594556407,44.05437664460001,88.10875329,9.78633914,78.32241415,WIN,TAKE_PROFIT,8889.19774307
SOLUSDT,SHORT,174.79,171.30856551001614,25.533146663090644,176.53071724499193,171.30856551001614,44.44598871535001,88.89197743,8.83698543,80.054992,WIN,TAKE_PROFIT,8969.25273507
BTCUSDT,SHORT,115248.3,115805.49514054506,0.08048574083306029,115805.49514054506,114133.90971890988,44.84626367535001,-44.84626368,18.59653587,-63.44279955,LOSS,STOP_LOSS,8905.80993552
BTCUSDT,SHORT,115734.9,114565.19473898775,0.07613721364143497,116319.75263050612,114565.19473898775,44.529049677600014,89.05809936,17.53440751,71.52369184,WIN,TAKE_PROFIT,8977.33362736
BTCUSDT,SHORT,115366.9,114022.0658718823,0.06675420737518858,116039.31706405885,114022.0658718823,44.88666813680002,89.77333627,15.3126786,74.46065768,WIN,TAKE_PROFIT,9051.79428504
BTCUSDT,SHORT,115000.0,115702.31570411066,0.06444248812933935,115702.31570411066,113595.36859177868,45.258971425200016,-45.25897143,14.86703124,-60.12600267,LOSS,STOP_LOSS,8991.66828237
ETHUSDT,SHORT,3626.64,3542.5386033878763,1.069146131287171,3668.6906983060617,3542.5386033878763,44.958341411850014,89.91668282,7.66489957,82.25178326,WIN,TAKE_PROFIT,9073.92006563
SOLUSDT,SHORT,166.47,162.2607105027239,21.556892372220723,168.57464474863806,162.2607105027239,45.36960032815002,90.73920066,7.08641255,83.65278811,WIN,TAKE_PROFIT,9157.57285374
SOLUSDT,SHORT,162.77,165.13632020648618,19.349817553513688,165.13632020648618,158.03735958702768,45.78786426870001,-45.78786427,6.34492747,-52.13279174,LOSS,STOP_LOSS,9105.440062
ETHUSDT,SHORT,3519.92,3476.8080750957442,2.1120467439627495,3541.475962452128,3476.8080750957442,45.52720031000002,91.05440062,14.77741675,76.27698387,WIN,TAKE_PROFIT,9181.71704587
BTCUSDT,SHORT,113509.1,113802.14006164295,0.15666317080320533,113802.14006164295,112923.01987671413,45.90858522935002,-45.90858523,35.61129963,-81.51988486,LOSS,STOP_LOSS,9100.19716101
ETHUSDT,SHORT,3497.43,3522.362057287744,1.8249992481533752,3522.362057287744,3447.5658854245116,45.50098580505002,-45.50098581,12.81111523,-58.31210103,LOSS,STOP_LOSS,9041.88505998
BTCUSDT,SHORT,113670.2,113121.84244082878,0.16489031488224246,113944.3787795856,113121.84244082878,45.20942529990002,90.4188506,37.39581129,53.02303931,WIN,TAKE_PROFIT,9094.90809929
BTCUSDT,SHORT,113215.0,112671.84004538858,0.167444378439065,113486.57997730571,112671.84004538858,45.47454049645002,90.94908099,37.82348153,53.12559946,WIN,TAKE_PROFIT,9148.03369875
BTCUSDT,SHORT,112689.4,111950.23403625471,0.12376156570302332,113058.98298187263,111950.23403625471,45.74016849375002,91.48033699,27.80175283,63.67858416,WIN,TAKE_PROFIT,9211.71228291
BTCUSDT,SHORT,112011.9,112466.59954388134,0.10129449662823832,112466.59954388134,111102.50091223732,46.05856141455001,-46.05856141,22.73843662,-68.79699803,LOSS,STOP_LOSS,9142.91528488
BTCUSDT,SHORT,112665.1,113159.6317193184,0.09244013000300232,113159.6317193184,111676.03656136323,45.71457642440001,-45.71457642,20.87526756,-66.58984398,LOSS,STOP_LOSS,9076.3254409
SOLUSDT,LONG,161.2,163.08745110758937,48.087738031487554,160.25627444620528,163.08745110758937,45.381627204500006,90.76325441,15.59425,75.16900441,WIN,TAKE_PROFIT,9151.49444531
BTCUSDT,LONG,114544.9,114254.61033907584,0.15762694434544708,114254.61033907584,115125.4793218483,45.75747222655001,-45.75747223,36.06496768,-81.82243991,LOSS,STOP_LOSS,9069.6720054
SOLUSDT,SHORT,162.01,163.06322240259297,43.056775012907245,163.06322240259297,159.903555194814,45.348360027000005,-45.34836003,13.9966046,-59.34496463,LOSS,STOP_LOSS,9010.32704077
SOLUSDT,LONG,162.95,161.91918075067153,43.704689481885374,161.91918075067153,165.01163849865688,45.05163520385001,-45.0516352,14.19830667,-59.24994187,LOSS,STOP_LOSS,8951.0770989
SOLUSDT,SHORT,162.09,163.09374396224158,44.588448028670925,163.09374396224158,160.0825120755169,44.755385494500004,-44.75538549,14.49943847,-59.25482396,LOSS,STOP_LOSS,8891.82227494
ETHUSDT,LONG,3568.69,3604.306628451626,2.496536775516753,3550.881685774187,3604.306628451626,44.45911137470001,88.91822275,17.90764987,71.01057288,WIN,TAKE_PROFIT,8962.83284782
BTCUSDT,LONG,114746.5,115383.40352575322,0.1407251253197312,114428.0482371234,115383.40352575322,44.81416423910001,89.62832848,32.38505951,57.24326896,WIN,TAKE_PROFIT,9020.07611678
SOLUSDT,LONG,165.5,168.32734801835738,31.90295661593312,164.0863259908213,168.32734801835738,45.100380583900005,90.20076117,10.6500794,79.55068177,WIN,TAKE_PROFIT,9099.62679855
BTCUSDT,LONG,115663.7,115191.85354931453,0.09642572054246314,115191.85354931453,116607.39290137093,45.498133992750006,-45.49813399,22.26041309,-67.75854708,LOSS,STOP_LOSS,9031.86825147
ETHUSDT,LONG,3700.32,3674.7917155452683,1.7689924028161343,3674.7917155452683,3751.376568909464,45.15934125735001,-45.15934126,13.04651659,-58.20585785,LOSS,STOP_LOSS,8973.66239362
BTCUSDT,SHORT,114419.5,113816.59096862392,0.14883940904216444,114720.95451568805,113816.59096862392,44.86831196810001,89.73662394,33.9705249,55.76609903,WIN,TAKE_PROFIT,9029.42849265
BTCUSDT,SHORT,114014.9,114325.37112490347,0.14541494793529297,114325.37112490347,113393.95775019305,45.14714246325,-45.14714246,33.20408864,-78.3512311,LOSS,STOP_LOSS,8951.07726155
BTCUSDT,SHORT,114270.0,114614.97567025115,0.12973490645055455,114614.97567025115,113580.0486594977,44.75538630775,-44.75538631,29.69437091,-74.44975721,LOSS,STOP_LOSS,8876.62750434
SOLUSDT,LONG,169.13,167.82443311895142,33.99529979349174,167.82443311895142,171.74113376209712,44.3831375217,-44.38313752,11.45486697,-55.83800449,LOSS,STOP_LOSS,8820.78949985
BTCUSDT,SHORT,113828.6,114277.69120659867,0.09820710548595413,114277.69120659867,112930.41758680267,44.10394749925,-44.1039475,22.4016586,-66.5056061,LOSS,STOP_LOSS,8754.28389375
BTCUSDT,SHORT,114232.9,113342.22778000496,0.09828850274233103,114678.23610999751,113342.22778000496,43.77141946875,87.54283894,22.36801857,65.17482037,WIN,TAKE_PROFIT,8819.45871412
BTCUSDT,SHORT,113211.7,113746.68541678737,0.08242709462139672,113746.68541678737,112141.72916642526,44.0972935706,-44.09729357,18.70752031,-62.80481388,LOSS,STOP_LOSS,8756.65390024
ETHUSDT,SHORT,3584.19,3611.754768500253,1.5883779143945533,3611.754768500253,3529.0604629994946,43.7832695012,-43.7832695,11.42987974,-55.21314924,LOSS,STOP_LOSS,8701.440751
SOLUSDT,SHORT,163.55,161.2825318037104,38.3751391320007,164.6837340981448,161.2825318037104,43.507203755,87.01440751,12.4654936,74.54891391,WIN,TAKE_PROFIT,8775.98966491
SOLUSDT,SHORT,161.52,162.7722378900499,35.04122393453719,162.7722378900499,159.01552421990027,43.87994832454999,-43.87994832,11.36359693,-55.24354525,LOSS,STOP_LOSS,8720.74611966
BTCUSDT,LONG,114200.0,113844.4883878556,0.12265065080515128,113844.4883878556,114911.02322428882,43.6037305983,-43.6037306,27.96980491,-71.57353551,LOSS,STOP_LOSS,8649.17258415
SOLUSDT,SHORT,162.94,164.0779881516265,38.002032674013186,164.0779881516265,160.664023696747,43.24586292075,-43.24586292,12.42734827,-55.67321119,LOSS,STOP_LOSS,8593.49937296
SOLUSDT,SHORT,163.42,164.53192391698028,38.64247922779539,164.53192391698028,161.19615216603938,42.9674968648,-42.96749686,12.67287541,-55.64037227,LOSS,STOP_LOSS,8537.85900069
BTCUSDT,LONG,114269.4,113959.33010126167,0.1376763599986752,113959.33010126167,114889.53979747664,42.68929500345,-42.689295,31.42170081,-74.11099581,LOSS,STOP_LOSS,8463.74800488
SOLUSDT,SHORT,163.04,164.17857100310783,37.168292455092526,164.17857100310783,160.76285799378434,42.31874002439999,-42.31874002,12.16215554,-54.48089557,LOSS,STOP_LOSS,8409.26710931
SOLUSDT,SHORT,163.21,164.42640324119094,34.566116007208386,164.42640324119094,160.77719351761814,42.04633554655,-42.04633555,11.32511792,-53.37145347,LOSS,STOP_LOSS,8355.89565584
ETHUSDT,SHORT,3596.67,3621.344297138265,1.6932388406074768,3621.344297138265,3547.3214057234704,41.7794782792,-41.77947828,12.22182216,-54.00130044,LOSS,STOP_LOSS,8301.8943554
SOLUSDT,LONG,165.02,167.93508857407446,28.47904667197264,163.5624557129628,167.93508857407446,41.509471777,83.01894355,9.48224351,73.53670005,WIN,TAKE_PROFIT,8375.43105545
ETHUSDT,LONG,3643.96,3700.6857443829495,1.4764779460465722,3615.5971278085253,3700.6857443829495,41.87715527725,83.75431055,10.84420746,72.91010309,WIN,TAKE_PROFIT,8448.34115854
ETHUSDT,LONG,3705.31,3685.171099659196,2.0975179914423294,3685.171099659196,3745.5878006816074,42.241705792699996,-42.24170579,15.50166707,-57.74337286,LOSS,STOP_LOSS,8390.59778568
BTCUSDT,SHORT,114396.7,114625.73377028949,0.18317381264506208,114625.73377028949,113938.632459421,41.95298892839999,-41.95298893,41.95091237,-83.9039013,LOSS,STOP_LOSS,8306.69388438
ETHUSDT,LONG,3700.51,3737.9609841467504,2.2180175163970444,3681.7845079266253,3737.9609841467504,41.53346942189999,83.06693884,16.49865894,66.56827991,WIN,TAKE_PROFIT,8373.26216429
ETHUSDT,LONG,3795.11,3844.571278229182,1.692892392609013,3770.379360885409,3844.571278229182,41.866310821449986,83.73262164,12.93315832,70.79946333,WIN,TAKE_PROFIT,8444.06162762
ETHUSDT,LONG,3835.9,3809.6903408767944,1.6108682657653801,3809.6903408767944,3888.3193182464115,42.22030813809999,-42.22030814,12.31603885,-54.53634699,LOSS,STOP_LOSS,8389.52528063
ETHUSDT,LONG,3816.0,3787.0893804912976,1.4509418032541064,3787.0893804912976,3873.821239017405,41.94762640314999,-41.9476264,11.03164022,-52.97926662,LOSS,STOP_LOSS,8336.54601401
ETHUSDT,LONG,3818.07,3877.8761745899874,1.3939273112120636,3788.166912705007,3877.8761745899874,41.68273007004999,83.36546014,10.72758956,72.63787058,WIN,TAKE_PROFIT,8409.18388459
ETHUSDT,LONG,3872.39,3925.0026677130513,1.5983192356741076,3846.083666143474,3925.0026677130513,42.04591942294999,84.09183885,12.46272269,71.62911616,WIN,TAKE_PROFIT,8480.81300075
BTCUSDT,LONG,117500.1,117105.83240808974,0.10755148501630103,117105.83240808974,118288.63518382053,42.40406500374999,-42.404065,25.23221642,-67.63628143,LOSS,STOP_LOSS,8413.17671932
ETHUSDT,LONG,3897.48,3954.421665141984,1.477508024807805,3869.009167429008,3954.421665141984,42.065883596599996,84.13176719,11.60124772,72.53051947,WIN,TAKE_PROFIT,8485.70723879
SOLUSDT,LONG,175.55,174.2842789679509,33.52123818726627,174.2842789679509,178.08144206409818,42.428536193949995,-42.42853619,11.72687819,-54.15541439,LOSS,STOP_LOSS,8431.5518244
ETHUSDT,LONG,3921.55,3889.07684350935,1.2982341009608467,3889.07684350935,3986.4963129813004,42.157759121999995,-42.15775912,10.14002212,-52.29778124,LOSS,STOP_LOSS,8379.25404316
SOLUSDT,LONG,175.38,177.98776950059872,32.131881445949155,174.07611524970065,177.98776950059872,41.896270215799994,83.79254043,11.35437128,72.43816916,WIN,TAKE_PROFIT,8451.69221232
BTCUSDT,LONG,116862.8,116580.46657919149,0.14967573070373535,116580.46657919149,117427.46684161703,42.258461061599995,-42.25846106,34.9407915,-77.19925256,LOSS,STOP_LOSS,8374.49295976
ETHUSDT,LONG,3961.76,3928.7257988682854,1.2675488846194665,3928.7257988682854,4027.8284022634293,41.872464798799996,-41.8724648,10.00157647,-51.87404127,LOSS,STOP_LOSS,8322.61891849
ETHUSDT,LONG,3953.0,4026.487529070947,1.1325212622750065,3916.2562354645265,4026.487529070947,41.61309459244999,83.22618918,9.03693929,74.1892499,WIN,TAKE_PROFIT,8396.80816839
SOLUSDT,LONG,177.74,180.86360367229665,26.881797594431003,176.17819816385168,180.86360367229665,41.98404084194999,83.96808168,9.63990949,74.32817219,WIN,TAKE_PROFIT,8471.13634058
BTCUSDT,LONG,116930.4,116681.34829667566,0.17006782582707633,116681.34829667566,117428.50340664867,42.35568170289999,-42.3556817,39.72984212,-82.08552382,LOSS,STOP_LOSS,8389.05081676
BTCUSDT,LONG,116859.0,116599.9341326274,0.16190961205812857,116599.9341326274,117377.1317347452,41.945254083799995,-41.94525408,37.79924546,-79.74449954,LOSS,STOP_LOSS,8309.30631722
SOLUSDT,LONG,180.03,182.80133050938505,29.983094001529935,178.64433474530748,182.80133050938505,41.54653158609999,83.09306317,10.87880589,72.21425728,WIN,TAKE_PROFIT,8381.5205745
BTCUSDT,LONG,117714.8,117402.17331858199,0.1340499879358207,117402.17331858199,118340.05336283603,41.90760287249999,-41.90760287,31.51742744,-73.42503031,LOSS,STOP_LOSS,8308.09554419
BTCUSDT,LONG,117470.0,117135.42877979773,0.12416034378520932,117135.42877979773,118139.14244040452,41.540477720949994,-41.54047772,29.12869069,-70.66916841,LOSS,STOP_LOSS,8237.42637578
BTCUSDT,LONG,117187.0,116861.54090951174,0.12655087254471964,116861.54090951174,117837.91818097651,41.18713187889999,-41.18713188,29.61904707,-70.80617895,LOSS,STOP_LOSS,8166.62019683
ETHUSDT,LONG,4190.45,4159.845498927163,1.3342188094153091,4159.845498927163,4251.659002145673,40.83310098414999,-40.83310098,11.14112132,-51.9742223,LOSS,STOP_LOSS,8114.64597453
ETHUSDT,LONG,4192.52,4255.814070707065,1.2820546828289736,4160.872964646468,4255.814070707065,40.57322987264999,81.14645975,10.83122626,70.31523349,WIN,TAKE_PROFIT,8184.96120802
ETHUSDT,LONG,4240.6,4301.250915992497,1.3495198009923925,4210.274542003752,4301.250915992497,40.92480604009999,81.84961208,11.52739695,70.32221513,WIN,TAKE_PROFIT,8255.28342315
SOLUSDT,LONG,182.08,180.73114941143558,30.601178118386166,180.73114941143558,184.77770117712888,41.27641711574999,-41.27641712,11.10244861,-52.37886572,LOSS,STOP_LOSS,8202.90455743
ETHUSDT,LONG,4262.55,4225.510475595698,1.107317748993186,4225.510475595698,4336.629048808604,41.01452278714999,-41.01452279,9.39898002,-50.41350281,LOSS,STOP_LOSS,8152.49105462
BTCUSDT,LONG,118339.4,117966.12906644875,0.10920340055758214,117966.12906644875,119085.9418671025,40.76245527309999,-40.76245527,25.80536734,-66.56782262,LOSS,STOP_LOSS,8085.923232
BTCUSDT,LONG,117860.2,117459.15859042337,0.10081157505076742,117459.15859042337,118662.28281915326,40.429616159999995,-40.42961616,23.72291518,-64.15253134,LOSS,STOP_LOSS,8021.77070066
BTCUSDT,LONG,117982.7,118869.52184148812,0.0904552676239802,117539.28907925593,118869.52184148812,40.10885350329999,80.21770701,21.42453111,58.79317589,WIN,TAKE_PROFIT,8080.56387655
BTCUSDT,LONG,118853.2,118461.73600637347,0.10320954172172292,118461.73600637347,119636.12798725306,40.402819382749996,-40.40281938,24.49316579,-64.89598517,LOSS,STOP_LOSS,8015.66789138
ETHUSDT,LONG,4226.99,4201.233304803542,1.5560357860821823,4201.233304803542,4278.503390392916,40.0783394569,-40.07833946,13.11461708,-53.19295653,LOSS,STOP_LOSS,7962.47493485
SOLUSDT,LONG,183.0,181.60054709632485,28.44852768513844,181.60054709632485,185.7989058073503,39.812374674249995,-39.81237467,10.37234876,-50.18472343,LOSS,STOP_LOSS,7912.29021142
BTCUSDT,LONG,119093.1,119829.61689200153,0.10742849617362978,118724.84155399924,119829.61689200153,39.561451057099994,79.12290211,25.66710818,53.45579394,WIN,TAKE_PROFIT,7965.74600536
SOLUSDT,LONG,183.63,186.30217101030934,29.810015805978953,182.29391449484532,186.30217101030934,39.828730026799995,79.65746005,11.02768386,68.62977619,WIN,TAKE_PROFIT,8034.37578155
SOLUSDT,LONG,186.05,184.58717805228125,27.461906057943263,184.58717805228125,188.9756438954375,40.17187890774999,-40.17187891,10.17840337,-50.35028227,LOSS,STOP_LOSS,7984.02549928
BTCUSDT,LONG,122207.0,121698.89376543862,0.07856649806877622,121698.89376543862,123223.21246912277,39.92012749639999,-39.9201275,19.16283193,-59.08295943,LOSS,STOP_LOSS,7924.94253985
BTCUSDT,LONG,121794.8,121313.25931603218,0.08228736224891528,121313.25931603218,122757.88136793564,39.62471269924999,-39.6247127,20.00472094,-59.62943364,LOSS,STOP_LOSS,7865.31310621
BTCUSDT,LONG,121645.3,121138.9866041298,0.07767237811960097,121138.9866041298,122657.92679174042,39.326565531049994,-39.32656553,18.85763291,-58.18419844,LOSS,STOP_LOSS,7807.12890777
ETHUSDT,LONG,4278.56,4361.283139021106,0.9437660369462166,4237.198430489448,4361.283139021106,39.03564453884999,78.07128908,8.15399052,69.91729856,WIN,TAKE_PROFIT,7877.04620633
BTCUSDT,LONG,120663.5,120053.16661129385,0.06453068398427844,120053.16661129385,121884.16677741229,39.385231031649994,-39.38523103,15.53361114,-54.91884217,LOSS,STOP_LOSS,7822.12736416
ETHUSDT,LONG,4314.08,4267.6007812715025,0.8414650222341215,4267.6007812715025,4407.038437456996,39.11063682079999,-39.11063682,7.22118421,-46.33182103,LOSS,STOP_LOSS,7775.79554313
ETHUSDT,LONG,4297.46,4253.800798726949,0.890510512835434,4253.800798726949,4384.7784025461015,38.87897771564999,-38.87897772,7.61498764,-46.49396535,LOSS,STOP_LOSS,7729.30157778
SOLUSDT,SHORT,176.54,178.23345327765227,22.82112438465223,178.23345327765227,173.1530934446954,38.64650788889999,-38.64650789,8.09632911,-46.74283699,LOSS,STOP_LOSS,7682.55874079
BTCUSDT,LONG,119225.8,118793.08386031845,0.08877134495657918,118793.08386031845,120091.2322793631,38.412793703949994,-38.4127937,21.12925645,-59.54205015,LOSS,STOP_LOSS,7623.01669064
BTCUSDT,LONG,118992.0,119907.10854512287,0.08330177585235449,118534.44572743856,119907.10854512287,38.11508345319999,76.23016691,19.90071999,56.32944692,WIN,TAKE_PROFIT,7679.34613756
ETHUSDT,LONG,4442.53,4534.180216443582,0.8378972178736959,4396.704891778209,4534.180216443582,38.39673068779999,76.79346138,7.52156052,69.27190086,WIN,TAKE_PROFIT,7748.61803842
BTCUSDT,LONG,119769.3,119279.88107394536,0.07916140576013343,119279.88107394536,120748.13785210928,38.74309019209999,-38.74309019,18.92346922,-57.66655941,LOSS,STOP_LOSS,7690.95147901
SOLUSDT,LONG,193.6,198.02322160866623,17.387669349284714,191.38838919566686,198.02322160866623,38.45475739504999,76.90951479,6.80941509,70.1000997,WIN,TAKE_PROFIT,7761.05157871
ETHUSDT,LONG,4622.01,4698.568372059463,1.0137430263906304,4583.730813970269,4698.568372059463,38.805257893549985,77.61051579,9.44867133,68.16184446,WIN,TAKE_PROFIT,7829.21342317
BTCUSDT,LONG,120082.8,120826.34640515888,0.10529555880909765,119711.02679742056,120826.34640515888,39.14606711584999,78.29213423,25.36666319,52.92547104,WIN,TAKE_PROFIT,7882.13889421
SOLUSDT,LONG,202.6,200.12840921710725,15.94547719785701,200.12840921710725,207.54318156578552,39.410694471049986,-39.41069447,6.42169667,-45.83239114,LOSS,STOP_LOSS,7836.30650307
BTCUSDT,LONG,121693.1,121053.1872377056,0.06122949068067387,121053.1872377056,122972.92552458883,39.181532515349986,-39.18153252,14.86323153,-54.04476405,LOSS,STOP_LOSS,7782.26173902
BTCUSDT,LONG,120880.0,122266.17200844649,0.0561421071237886,120186.91399577676,122266.17200844649,38.91130869509999,77.82261739,13.65073844,64.17187895,WIN,TAKE_PROFIT,7846.43361797
BTCUSDT,LONG,122329.5,123640.35629134676,0.059857313648841226,121674.07185432661,123640.35629134676,39.232168089849985,78.46433618,14.72309484,63.74124134,WIN,TAKE_PROFIT,7910.17485931
ETHUSDT,LONG,4752.09,4705.499499821043,0.8489042647027253,4705.499499821043,4845.271000357915,39.550874296549985,-39.5508743,8.02858806,-47.57946236,LOSS,STOP_LOSS,7862.59539695
SOLUSDT,LONG,204.34,202.03849453269484,17.08141802973056,202.03849453269484,208.94301093461036,39.31297698474999,-39.31297698,6.94152094,-46.25449793,LOSS,STOP_LOSS,7816.34089902
SOLUSDT,SHORT,196.37,187.18468812913375,8.509608610908098,200.96265593543313,187.18468812913375,39.081704495099984,78.16340899,3.26390028,74.89950871,WIN,TAKE_PROFIT,7891.24040773
BTCUSDT,SHORT,117265.2,117650.64476830343,0.10236538483144858,117650.64476830343,116494.31046339312,39.456202038649984,-39.45620204,24.04725085,-63.50345289,LOSS,STOP_LOSS,7827.73695484
ETHUSDT,SHORT,4442.79,4481.672879709032,1.0065788611101385,4481.672879709032,4365.024240581936,39.13868477419999,-39.13868477,8.98317568,-48.12186046,LOSS,STOP_LOSS,7779.61509438
ETHUSDT,LONG,4481.14,4457.059772224254,1.615353302890169,4457.059772224254,4529.3004555514935,38.898075471899986,-38.89807547,14.43835052,-53.336426,LOSS,STOP_LOSS,7726.27866838
SOLUSDT,LONG,191.86,194.08863871627312,34.668152410546135,190.74568064186346,194.08863871627312,38.63139334189999,77.26278668,13.38012623,63.88266045,WIN,TAKE_PROFIT,7790.16132883
SOLUSDT,LONG,193.93,192.8131187204825,34.87461680884831,192.8131187204825,196.16376255903506,38.95080664414999,-38.95080664,13.48751807,-52.43832471,LOSS,STOP_LOSS,7737.72300412
BTCUSDT,SHORT,117774.5,117288.10414017973,0.1590828303304032,118017.69792991014,117288.10414017973,38.68861502059999,77.37723004,37.39442437,39.98280567,WIN,TAKE_PROFIT,7777.70580979
BTCUSDT,SHORT,117500.8,117766.03686551092,0.14661811424305807,117766.03686551092,116970.32626897817,38.888529048949984,-38.88852905,34.49437997,-73.38290901,LOSS,STOP_LOSS,7704.32290078
SOLUSDT,LONG,193.07,191.8400187513781,31.318863232313937,191.8400187513781,195.5299624972438,38.52161450389999,-38.5216145,12.05494423,-50.57655874,LOSS,STOP_LOSS,7653.74634204
BTCUSDT,SHORT,117505.8,116987.26955142435,0.14760456908681213,117765.06522428783,116987.26955142435,38.26873171019999,76.53746342,34.61224848,41.92521494,WIN,TAKE_PROFIT,7695.67155698
BTCUSDT,SHORT,117214.8,116594.65734321451,0.12409518153243179,117524.87132839275,116594.65734321451,38.478357784899984,76.95671557,29.01462705,47.94208852,WIN,TAKE_PROFIT,7743.6136455
BTCUSDT,SHORT,116597.9,115870.73341218742,0.10649022899682299,116961.48329390629,115870.73341218742,38.718068227499984,77.43613645,24.75563801,52.68049845,WIN,TAKE_PROFIT,7796.29414395
BTCUSDT,SHORT,115933.3,115081.27099365006,0.09150268460165477,116359.31450317497,115081.27099365006,38.981470719749986,77.96294144,21.13845343,56.82448801,WIN,TAKE_PROFIT,7853.11863196
BTCUSDT,SHORT,115124.6,115580.98344585317,0.08603640977028991,115580.98344585317,114211.83310829368,39.265593159799984,-39.26559316,19.84908011,-59.11467327,LOSS,STOP_LOSS,7794.00395869
BTCUSDT,SHORT,115618.6,114775.71223475257,0.09246787389780152,116040.04388262372,114775.71223475257,38.970019793449985,77.94003959,21.30407221,56.63596738,WIN,TAKE_PROFIT,7850.63992607
BTCUSDT,SHORT,114640.4,115083.77039746512,0.088533650092047,115083.77039746512,113753.65920506972,39.25319963034999,-39.25319963,20.33831932,-59.59151895,LOSS,STOP_LOSS,7791.04840712
BTCUSDT,SHORT,114999.9,115445.06758761023,0.08750691451891222,115445.06758761023,114109.5648247795,38.95524203559999,-38.95524204,20.16552808,-59.12077012,LOSS,STOP_LOSS,7731.927637
BTCUSDT,SHORT,114790.8,115228.61064784332,0.08830218811588945,115228.61064784332,113915.17870431337,38.659638184999984,-38.65963819,20.31121727,-58.97085545,LOSS,STOP_LOSS,7672.95678155
BTCUSDT,SHORT,115089.0,115539.91200558009,0.08508264014481991,115539.91200558009,114187.17598883982,38.36478390774998,-38.36478391,19.62251673,-57.98730063,LOSS,STOP_LOSS,7614.96948092
SOLUSDT,SHORT,181.97,183.6606137584766,22.521316423515593,183.6606137584766,178.58877248304685,38.07484740459998,-38.0748474,8.23448275,-46.30933015,LOSS,STOP_LOSS,7568.66015077
BTCUSDT,LONG,116470.0,115979.96045912808,0.07722499430661371,115979.96045912808,117450.07908174385,37.84330075384998,-37.84330075,17.95094687,-55.79424763,LOSS,STOP_LOSS,7512.86590314
SOLUSDT,SHORT,182.56,184.15632838120348,23.53170560519646,184.15632838120348,179.36734323759305,37.56432951569998,-37.56432952,8.62946068,-46.1937902,LOSS,STOP_LOSS,7466.67211294
BTCUSDT,LONG,116847.7,116450.12310442961,0.09390223873834562,116450.12310442961,117642.85379114075,37.33336056469998,-37.33336056,21.90718788,-59.24054845,LOSS,STOP_LOSS,7407.43156449
SOLUSDT,SHORT,182.87,184.2653352249695,26.543555383445074,184.2653352249695,180.07932955006098,37.037157822449984,-37.03715782,9.7450771,-46.78223493,LOSS,STOP_LOSS,7360.64932956
BTCUSDT,LONG,116519.3,116079.05554425305,0.08359729729101713,116079.05554425305,117399.7889114939,36.80324664779998,-36.80324665,19.44459388,-56.24784053,LOSS,STOP_LOSS,7304.40148903
BTCUSDT,SHORT,115953.7,115070.01186641687,0.08265813708975032,116395.54406679157,115070.01186641687,36.52200744514998,73.04401489,19.09598965,53.94802524,WIN,TAKE_PROFIT,7358.34951427
BTCUSDT,SHORT,114918.3,115392.86378888614,0.07752750722448745,115392.86378888614,113969.17242222773,36.79174757134998,-36.79174757,17.85545041,-54.64719799,LOSS,STOP_LOSS,7303.70231628
BTCUSDT,SHORT,115171.2,115675.41289466173,0.0724267704535796,115675.41289466173,114162.77421067654,36.51851158139998,-36.51851158,16.71947464,-53.23798622,LOSS,STOP_LOSS,7250.46433006
SOLUSDT,LONG,182.69,181.45717933618255,29.40599773696522,181.45717933618255,185.1556413276349,36.25232165029998,-36.25232165,10.70811113,-46.96043278,LOSS,STOP_LOSS,7203.50389728
BTCUSDT,SHORT,115063.7,114283.2945998509,0.09230463930546484,115453.90270007456,114283.2945998509,36.01751948639998,72.03503897,21.16979161,50.86524736,WIN,TAKE_PROFIT,7254.36914464
BTCUSDT,SHORT,114083.3,113086.85613552202,0.07280258731323944,114581.52193223899,113086.85613552202,36.27184572319998,72.54369145,16.53857513,56.00511632,WIN,TAKE_PROFIT,7310.37426096
SOLUSDT,SHORT,178.05,179.99734847484427,18.770072114454532,179.99734847484427,174.15530305031146,36.55187130479998,-36.5518713,6.72057455,-43.27244586,LOSS,STOP_LOSS,7267.1018151
ETHUSDT,LONG,4200.79,4172.381730830771,1.2790469162006197,4172.381730830771,4257.606538338458,36.33550907549998,-36.33550908,10.70967948,-47.04518856,LOSS,STOP_LOSS,7220.05662654
BTCUSDT,SHORT,113139.0,113459.37437420407,0.11268155645215608,113459.37437420407,112498.25125159186,36.100283132699985,-36.10028313,25.53345751,-61.63374065,LOSS,STOP_LOSS,7158.42288589
SOLUSDT,SHORT,180.21,181.56346845640252,26.44473482934713,181.56346845640252,177.503063087195,35.79211442944998,-35.79211443,9.56700344,-45.35911787,LOSS,STOP_LOSS,7113.06376802
BTCUSDT,LONG,113781.4,113420.09428958934,0.0984355292909077,113420.09428958934,114504.0114208213,35.565318840099984,-35.56531884,22.36469935,-57.93001819,LOSS,STOP_LOSS,7055.13374983
BTCUSDT,SHORT,113274.9,112519.91601441905,0.09344746225843863,113652.39199279046,112519.91601441905,35.275668749149986,70.5513375,21.09995255,49.45138495,WIN,TAKE_PROFIT,7104.58513478
BTCUSDT,SHORT,112654.3,113124.58300593734,0.07553521012969301,113124.58300593734,111713.73398812534,35.522925673899984,-35.52292567,17.05425537,-52.57718104,LOSS,STOP_LOSS,7052.00795374
BTCUSDT,SHORT,113096.2,113627.72350551323,0.06633768667418223,113627.72350551323,112033.15298897352,35.26003976869998,-35.26003977,15.0403406,-50.30038037,LOSS,STOP_LOSS,7001.70757337
ETHUSDT,LONG,4205.12,4303.529327554778,0.7114882041514397,4155.915336222611,4303.529327554778,35.008537866849984,70.01707573,6.05380363,63.9632721,WIN,TAKE_PROFIT,7065.67084547
SOLUSDT,LONG,184.46,189.04827312472682,15.399412051981333,182.1658634376366,189.04827312472682,35.32835422734998,70.65670845,5.7518078,64.90490065,WIN,TAKE_PROFIT,7130.57574612
BTCUSDT,LONG,114364.8,113978.6901569196,0.09233869420722433,113978.6901569196,115137.0196861608,35.65287873059998,-35.65287873,21.08493971,-56.73781844,LOSS,STOP_LOSS,7073.83792768
BTCUSDT,LONG,114684.0,114272.94570218724,0.08604505493946,114272.94570218724,115506.10859562551,35.36918963839998,-35.36918964,19.70061297,-55.06980261,LOSS,STOP_LOSS,7018.76812507
BTCUSDT,LONG,114313.9,113869.3171466915,0.07893655898824752,113869.3171466915,115203.065706617,35.09384062534998,-35.09384063,18.01199798,-53.10583861,LOSS,STOP_LOSS,6965.66228646
BTCUSDT,SHORT,113870.0,113063.7098983057,0.08639151431752255,114273.14505084715,113063.7098983057,34.82831143229998,69.65662286,19.60514685,50.05147602,WIN,TAKE_PROFIT,7015.71376248
BTCUSDT,SHORT,113100.2,113423.10361938202,0.1086347959788571,113423.10361938202,112454.39276123597,35.07856881239998,-35.07856881,24.60831287,-59.68688169,LOSS,STOP_LOSS,6956.02688079
ETHUSDT,SHORT,4260.01,4295.63346517623,0.9763265373509251,4295.63346517623,4188.76306964754,34.78013440394998,-34.7801344,8.35310176,-43.13323616,LOSS,STOP_LOSS,6912.89364463
BTCUSDT,SHORT,113149.6,112153.07737164527,0.06937016228164516,113647.86131417738,112153.07737164527,34.56446822314999,69.12893645,15.62928329,53.49965315,WIN,TAKE_PROFIT,6966.39329778
SOLUSDT,SHORT,181.05,182.75300514398035,20.453236217178652,182.75300514398035,177.64398971203934,34.83196648889999,-34.83196649,7.4409488,-42.27291529,LOSS,STOP_LOSS,6924.12038249
SOLUSDT,SHORT,181.58,182.97361163836453,24.842359922510006,182.97361163836453,178.792776723271,34.620601912449985,-34.62060191,9.05637203,-43.67697394,LOSS,STOP_LOSS,6880.44340855
BTCUSDT,LONG,112990.1,112590.73106777995,0.08614144533354573,112590.73106777995,113788.83786444011,34.40221704274998,-34.40221704,19.43185883,-53.83407587,LOSS,STOP_LOSS,6826.60933268
BTCUSDT,SHORT,112682.4,111998.44792268192,0.0998112230238224,113024.37603865903,111998.44792268192,34.13304666339999,68.26609333,22.42567022,45.84042311,WIN,TAKE_PROFIT,6872.44975579
BTCUSDT,SHORT,112031.2,112368.16257948117,0.10197645338499636,112368.16257948117,111357.27484103765,34.36224877894999,-34.36224878,22.88345114,-57.24569992,LOSS,STOP_LOSS,6815.20405587
BTCUSDT,SHORT,112299.9,112713.27543262395,0.08243358842843602,112713.27543262395,111473.14913475208,34.07602027934999,-34.07602028,18.54864349,-52.62466377,LOSS,STOP_LOSS,6762.5793921
ETHUSDT,LONG,4810.86,4731.830242929611,0.4278501948371715,4731.830242929611,4968.919514140776,33.81289696049999,-33.81289696,4.08284188,-37.89573884,LOSS,STOP_LOSS,6724.68365326
SOLUSDT,LONG,198.18,201.85212248340355,18.312797799236716,196.34393875829824,201.85212248340355,33.623418266299986,67.24683653,7.32570737,59.92112916,WIN,TAKE_PROFIT,6784.60478242
SOLUSDT,LONG,204.36,208.7746785811536,15.368287085233542,202.1526607094232,208.7746785811536,33.923023912099985,67.84604782,6.34917235,61.49687548,WIN,TAKE_PROFIT,6846.1016579
SOLUSDT,LONG,207.43,204.9704885490535,13.917604765095465,204.9704885490535,212.34902290189302,34.23050828949999,-34.23050829,5.739627,-39.97013529,LOSS,STOP_LOSS,6806.13152261
SOLUSDT,LONG,204.49,202.31359103911157,15.63615029371979,202.31359103911157,208.84281792177686,34.03065761304999,-34.03065761,6.36084209,-40.3914997,LOSS,STOP_LOSS,6765.74002291
SOLUSDT,LONG,203.92,201.6982596621458,15.226216825690187,201.6982596621458,208.36348067570836,33.82870011454999,-33.82870011,6.17603157,-40.00473168,LOSS,STOP_LOSS,6725.73529123
ETHUSDT,SHORT,4703.6,4733.04820912542,1.1419599851701123,4733.04820912542,4644.703581749162,33.62867645614999,-33.62867646,10.77627465,-44.40495111,LOSS,STOP_LOSS,6681.33034012
ETHUSDT,SHORT,4713.5,4743.69131145437,1.106498859815643,4743.69131145437,4653.117377091259,33.40665170059999,-33.4066517,10.4643714,-43.8710231,LOSS,STOP_LOSS,6637.45931702
ETHUSDT,LONG,4747.51,4717.000416679095,1.087766300707212,4717.000416679095,4808.529166641812,33.187296585099986,-33.18729659,10.29517548,-43.48247207,LOSS,STOP_LOSS,6593.97684495
BTCUSDT,SHORT,114680.3,114969.913335244,0.11384104325504608,114969.913335244,114101.07332951202,32.96988422474998,-32.96988422,26.14361987,-59.11350409,LOSS,STOP_LOSS,6534.86334086
SOLUSDT,LONG,203.38,206.2464537872046,22.797727875574328,201.9467731063977,206.2464537872046,32.67431670429998,65.34863341,9.33855242,56.01008098,WIN,TAKE_PROFIT,6590.87342184
ETHUSDT,LONG,4811.25,4789.086527820716,1.4868774550587553,4789.086527820716,4855.576944358569,32.954367109199985,-32.95436711,14.27452394,-47.22889105,LOSS,STOP_LOSS,6543.64453079
ETHUSDT,LONG,4773.44,4748.947796947453,1.3358627879964602,4748.947796947453,4822.424406105092,32.71822265394999,-32.71822265,12.72060351,-45.43882616,LOSS,STOP_LOSS,6498.20570463
BTCUSDT,SHORT,114858.5,114392.46216902166,0.1394351546737862,115091.51891548917,114392.46216902166,32.491028523149986,64.98205705,31.96564337,33.01641368,WIN,TAKE_PROFIT,6531.22211831
BTCUSDT,SHORT,114377.8,114623.07806633406,0.13313913909886838,114623.07806633406,113887.24386733191,32.65611059154999,-32.65611059,30.48897976,-63.14509035,LOSS,STOP_LOSS,6468.07702796
ETHUSDT,LONG,4792.92,4840.044414566787,1.3725532905651563,4769.357792716607,4840.044414566787,32.340385139799984,64.68077028,13.22175701,51.45901327,WIN,TAKE_PROFIT,6519.53604123
BTCUSDT,SHORT,114434.5,114721.73788498239,0.11348670182608127,114721.73788498239,113860.02423003523,32.59768020614999,-32.59768021,26.00618564,-58.60386585,LOSS,STOP_LOSS,6460.93217538
SOLUSDT,LONG,210.02,207.88271797043387,15.114832965426448,207.88271797043387,214.2945640591323,32.30466087689999,-32.30466088,6.31652978,-38.62119065,LOSS,STOP_LOSS,6422.31098473
BTCUSDT,SHORT,113023.7,111480.66368705651,0.04162125629097361,113795.21815647175,111480.66368705651,32.11155492364998,64.22310985,9.34415366,54.87895619,WIN,TAKE_PROFIT,6477.18994092
BTCUSDT,SHORT,111811.1,110855.41016711264,0.0677750219582321,112288.94491644368,110855.41016711264,32.38594970459999,64.77189941,15.09122762,49.68067179,WIN,TAKE_PROFIT,6526.87061271
BTCUSDT,SHORT,110785.6,111333.89013954406,0.059520226080826605,111333.89013954406,109689.0197209119,32.63435306354998,-32.63435306,13.22060227,-45.85495533,LOSS,STOP_LOSS,6481.01565738
ETHUSDT,SHORT,4581.01,4486.023916823403,0.6823121283283738,4628.503041588298,4486.023916823403,32.405078286899986,64.81015657,6.18654721,58.62360936,WIN,TAKE_PROFIT,6539.63926674
BTCUSDT,SHORT,111119.6,109902.31816572993,0.05372329630353306,111728.24091713504,109902.31816572993,32.69819633369998,65.39639267,11.874026,53.52236667,WIN,TAKE_PROFIT,6593.16163341
BTCUSDT,SHORT,110000.8,110727.71028059094,0.04535058733830394,110727.71028059094,108546.97943881815,32.965808167049985,-32.96580817,10.01016758,-42.97597575,LOSS,STOP_LOSS,6550.18565766
BTCUSDT,SHORT,109808.1,110339.36058326309,0.061647578081435485,110339.36058326309,108745.57883347383,32.75092828829999,-32.75092829,13.57155777,-46.32248605,LOSS,STOP_LOSS,6503.86317161
ETHUSDT,LONG,4499.05,4605.521394004955,0.61085545393604,4445.814302997523,4605.521394004955,32.519315858049985,65.03863172,5.56157709,59.47705462,WIN,TAKE_PROFIT,6563.34022623
ETHUSDT,LONG,4605.01,4561.3374558575815,0.7514263658222676,4561.3374558575815,4692.355088284837,32.81670113114998,-32.81670113,6.88783516,-39.70453629,LOSS,STOP_LOSS,6523.63568994
ETHUSDT,LONG,4566.16,4649.047822430842,0.7870439225717453,4524.716088784579,4649.047822430842,32.61817844969998,65.2363569,7.25277331,57.98358359,WIN,TAKE_PROFIT,6581.61927353
ETHUSDT,LONG,4624.31,4583.994850205593,0.816271216539424,4583.994850205593,4704.940299588815,32.90809636764999,-32.90809637,7.5164742,-40.42457057,LOSS,STOP_LOSS,6541.19470296
ETHUSDT,LONG,4603.18,4561.023314718088,0.7758193818154063,4561.023314718088,4687.493370563825,32.705973514799986,-32.70597351,7.10976655,-39.81574007,LOSS,STOP_LOSS,6501.37896289
ETHUSDT,SHORT,4558.99,4601.448047883715,0.765623867198992,4601.448047883715,4474.0739042325695,32.506894814449986,-32.50689481,7.01345,-39.52034482,LOSS,STOP_LOSS,6461.85861807
BTCUSDT,LONG,112030.0,111388.9415547278,0.05039991802405984,111388.9415547278,113312.11689054439,32.30929309034999,-32.30929309,11.26029634,-43.56958943,LOSS,STOP_LOSS,6418.28902864
BTCUSDT,SHORT,111355.1,111924.32346470037,0.05637758654255836,111924.32346470037,110216.65307059926,32.09144514319999,-32.09144514,12.58795502,-44.67940016,LOSS,STOP_LOSS,6373.60962848
SOLUSDT,LONG,207.34,212.04027678135637,13.560073002000465,204.98986160932182,212.04027678135637,31.86804814239999,63.73609628,5.68682717,58.04926912,WIN,TAKE_PROFIT,6431.6588976
ETHUSDT,LONG,4568.9,4631.211182584992,1.0321837318409541,4537.744408707504,4631.211182584992,32.15829448799999,64.31658898,9.49620509,54.82038388,WIN,TAKE_PROFIT,6486.47928148
ETHUSDT,LONG,4617.26,4587.032995656622,1.0729609867709249,4587.032995656622,4677.714008686757,32.432396407399985,-32.43239641,9.8758473,-42.3082437,LOSS,STOP_LOSS,6444.17103778
ETHUSDT,LONG,4596.99,4568.926755204926,1.148151449491533,4568.926755204926,4653.1164895901475,32.22085518889999,-32.22085519,10.52386061,-42.7447158,LOSS,STOP_LOSS,6401.42632198
SOLUSDT,LONG,214.25,211.6475811372665,12.298993089944355,211.6475811372665,219.45483772546697,32.007131609899986,-32.00713161,5.23811141,-37.24524302,LOSS,STOP_LOSS,6364.18107896
BTCUSDT,LONG,112958.6,112463.29886339264,0.06424557313306838,112463.29886339264,113949.20227321473,31.820905394799983,-31.82090539,14.48235909,-46.30326448,LOSS,STOP_LOSS,6317.87781448
SOLUSDT,LONG,211.98,217.38703044321247,11.68456120385067,209.27648477839375,217.38703044321247,31.589389072399985,63.17877814,5.01696535,58.1618128,WIN,TAKE_PROFIT,6376.03962728
SOLUSDT,LONG,217.3,214.9261851503763,13.429943005644953,214.9261851503763,222.0476296992474,31.880198136399986,-31.88019814,5.80477303,-37.68497117,LOSS,STOP_LOSS,6338.35465611
SOLUSDT,LONG,215.02,212.5243147824923,12.698626035938323,212.5243147824923,220.01137043501546,31.691773280549988,-31.69177328,5.42922537,-37.12099865,LOSS,STOP_LOSS,6301.23365746
BTCUSDT,SHORT,111494.0,110720.79905851225,0.08149542142739145,111880.60047074387,110720.79905851225,31.50616828729999,63.01233657,18.1094887,44.90284788,WIN,TAKE_PROFIT,6346.13650534
BTCUSDT,SHORT,110479.9,109683.3480979213,0.07967009417439126,110878.17595103935,109683.3480979213,31.73068252669999,63.46136505,17.54042671,45.92093834,WIN,TAKE_PROFIT,6392.05744368
BTCUSDT,SHORT,109836.7,110287.08687151643,0.07096185355224036,110287.08687151643,108935.92625696716,31.96028721839999,-31.96028722,15.62039193,-47.58067915,LOSS,STOP_LOSS,6344.47676453
SOLUSDT,LONG,211.8,208.9608612528977,11.17324183435088,208.9608612528977,217.4782774942046,31.72238382264999,-31.72238382,4.70126286,-36.42364668,LOSS,STOP_LOSS,6308.05311785
ETHUSDT,SHORT,4329.67,4370.51089844936,0.7722715901648916,4370.51089844936,4247.98820310128,31.540265589249987,-31.54026559,6.71890254,-38.25916813,LOSS,STOP_LOSS,6269.79394972
BTCUSDT,SHORT,108250.0,108775.03014633284,0.05970889475120993,108775.03014633284,107199.93970733431,31.348969748599988,-31.34896975,12.95832468,-44.30729443,LOSS,STOP_LOSS,6225.48665529
BTCUSDT,LONG,108719.6,108479.09575751596,0.12942571388741578,108479.09575751596,109200.6084849681,31.127433276449988,-31.12743328,28.11109625,-59.23852953,LOSS,STOP_LOSS,6166.24812576
ETHUSDT,SHORT,4344.52,4364.173934879885,1.5687057486058715,4364.173934879885,4305.212130240232,30.83124062879999,-30.83124063,13.66137824,-44.49261887,LOSS,STOP_LOSS,6121.75550689
ETHUSDT,LONG,4382.49,4416.606264136535,1.7943803818584627,4365.431867931732,4416.606264136535,30.608777534449988,61.21755507,15.78892571,45.42862935,WIN,TAKE_PROFIT,6167.18413624
SOLUSDT,LONG,205.32,203.98544092455316,23.105699289389374,203.98544092455316,207.98911815089366,30.835920681199987,-30.83592068,9.45728844,-40.29320912,LOSS,STOP_LOSS,6126.89092712
BTCUSDT,SHORT,108685.1,108914.67632781499,0.1334390828843973,108914.67632781499,108225.94734437003,30.634454635599987,-30.63445464,29.03631459,-59.67076922,LOSS,STOP_LOSS,6067.2201579
SOLUSDT,LONG,205.71,204.511759524513,25.317205861511372,204.511759524513,208.10648095097403,30.336100789499987,-30.33610079,10.38566873,-40.72176952,LOSS,STOP_LOSS,6026.49838838
BTCUSDT,SHORT,108471.0,108715.66487979528,0.12315822347332196,108715.66487979528,107981.67024040945,30.13249194189999,-30.13249194,26.74832381,-56.88081575,LOSS,STOP_LOSS,5969.61757263
SOLUSDT,LONG,204.48,203.1248322251314,22.025381961317883,203.1248322251314,207.19033554973717,29.84808786314999,-29.84808786,8.97765212,-38.82573998,LOSS,STOP_LOSS,5930.79183265
BTCUSDT,SHORT,108635.1,108099.15509195715,0.11066047542662229,108903.07245402143,108099.15509195715,29.653959163249986,59.30791833,23.98391571,35.32400262,WIN,TAKE_PROFIT,5966.11583527
BTCUSDT,SHORT,108208.4,107601.95063302836,0.09837780629671392,108511.6246834858,107601.95063302836,29.83057917634999,59.66115835,21.23094887,38.43020948,WIN,TAKE_PROFIT,6004.54604475
BTCUSDT,SHORT,107780.1,108127.13965055665,0.08651095105586287,108127.13965055665,107086.02069888671,30.022730223749985,-30.02273022,18.67834064,-48.70107087,LOSS,STOP_LOSS,5955.84497388
BTCUSDT,SHORT,108129.6,107365.52636325195,0.07794857311434525,108511.63681837404,107365.52636325195,29.779224869399986,59.55844974,16.79753761,42.76091213,WIN,TAKE_PROFIT,5998.60588601
ETHUSDT,SHORT,4389.85,4422.494933584666,0.9187652151983272,4422.494933584666,4324.56013283067,29.993029430049987,-29.99302943,8.09647599,-38.08950542,LOSS,STOP_LOSS,5960.51638059
SOLUSDT,LONG,202.84,200.8176357261844,14.736505331317584,200.8176357261844,206.88472854763123,29.80258190294999,-29.8025819,5.9485029,-35.7510848,LOSS,STOP_LOSS,5924.76529579
ETHUSDT,LONG,4440.99,4409.455006040925,0.9393953433888285,4409.455006040925,4504.05998791815,29.623826478949987,-29.62382648,8.31406683,-37.9378933,LOSS,STOP_LOSS,5886.82740249
SOLUSDT,SHORT,199.01,200.91265249886814,15.47005405872042,200.91265249886814,195.20469500226366,29.434137012449987,-29.43413701,6.18682505,-35.62096207,LOSS,STOP_LOSS,5851.20644042
BTCUSDT,LONG,109401.0,108932.19398834245,0.062405411779297475,108932.19398834245,110338.61202331512,29.256032202099988,-29.2560322,13.62517288,-42.88120508,LOSS,STOP_LOSS,5808.32523534
ETHUSDT,SHORT,4383.72,4322.355552330023,0.9465293758655896,4414.402223834989,4322.355552330023,29.04162617669999,58.08325235,8.24055626,49.84269609,WIN,TAKE_PROFIT,5858.16793143
BTCUSDT,SHORT,108515.5,109003.24646304497,0.060053412738841426,109003.24646304497,107540.00707391005,29.290839657149988,-29.29083966,13.06274306,-42.35358272,LOSS,STOP_LOSS,5815.81434871
ETHUSDT,SHORT,4337.86,4273.617754412984,0.9052943737516927,4369.981122793508,4273.617754412984,29.079071743549985,58.15814349,7.79592236,50.36222113,WIN,TAKE_PROFIT,5866.17656984
ETHUSDT,SHORT,4268.81,4301.906782364312,0.8862155398171758,4301.906782364312,4202.616435271377,29.330882849199984,-29.33088285,7.5955024,-36.92638525,LOSS,STOP_LOSS,5829.25018459
SOLUSDT,SHORT,196.23,198.00737044181022,16.398523480150164,198.00737044181022,192.67525911637952,29.146250922949985,-29.14625092,6.46491078,-35.6111617,LOSS,STOP_LOSS,5793.63902289
BTCUSDT,LONG,109439.3,110424.00118647814,0.05883651916386319,108946.94940676093,110424.00118647814,28.968195114449987,57.93639023,12.93599133,45.0003989,WIN,TAKE_PROFIT,5838.63942179
SOLUSDT,LONG,202.65,201.20315463741858,20.177137007139535,201.20315463741858,205.54369072516286,29.193197108949985,-29.19319711,8.14860043,-37.34179754,LOSS,STOP_LOSS,5801.29762425
ETHUSDT,SHORT,4335.6,4282.067680156624,1.083700022943769,4362.366159921688,4282.067680156624,29.006488121249987,58.01297624,9.33896666,48.67400958,WIN,TAKE_PROFIT,5849.97163383
ETHUSDT,SHORT,4275.34,4306.857785850843,0.9280429249558886,4306.857785850843,4212.304428298314,29.249858169149984,-29.24985817,7.96464794,-37.2145061,LOSS,STOP_LOSS,5812.75712773
BTCUSDT,SHORT,109325.2,109835.66150954748,0.05693629214945907,109835.66150954748,108304.27698090501,29.063785638649982,-29.06378564,12.47820684,-41.54199248,LOSS,STOP_LOSS,5771.21513525
ETHUSDT,SHORT,4341.13,4379.662299750111,0.748880182687961,4379.662299750111,4264.06540049978,28.856075676249983,-28.85607568,6.53082853,-35.38690421,LOSS,STOP_LOSS,5735.82823104
SOLUSDT,LONG,203.99,201.81153117138103,13.164815937890229,201.81153117138103,208.34693765723793,28.679141155199986,-28.67914116,5.34230247,-34.02144362,LOSS,STOP_LOSS,5701.80678742
ETHUSDT,SHORT,4307.72,4354.322839217325,0.6117445721311678,4354.322839217325,4214.514321565351,28.509033937099986,-28.50903394,5.29895769,-33.80799163,LOSS,STOP_LOSS,5667.99879579
ETHUSDT,LONG,4358.86,4411.0156271149535,1.0867473193827077,4332.782186442523,4411.0156271149535,28.339993978949984,56.67998796,9.53063883,47.14934913,WIN,TAKE_PROFIT,5715.14814492
SOLUSDT,LONG,211.92,210.22879591773042,16.89668386221731,210.22879591773042,215.3024081645391,28.57574072459998,-28.57574072,7.13291475,-35.70865547,LOSS,STOP_LOSS,5679.43948945
SOLUSDT,LONG,211.0,209.13840365570474,15.25421852823856,209.13840365570474,214.72319268859053,28.397197447249983,-28.39719745,6.40888302,-34.80608047,LOSS,STOP_LOSS,5644.63340898
BTCUSDT,LONG,112139.9,111687.56602484352,0.06239453278992864,111687.56602484352,113044.56795031296,28.223167044899984,-28.22316704,13.96561017,-42.18877721,LOSS,STOP_LOSS,5602.44463177
SOLUSDT,LONG,210.65,209.438472677315,23.121412645295322,209.438472677315,213.07305464537004,28.012223158849984,-28.01222316,9.71303892,-37.72526208,LOSS,STOP_LOSS,5564.71936969
SOLUSDT,SHORT,208.06,205.36679758546765,20.662091121198678,209.4066012072662,205.36679758546765,27.823596848449984,55.6471937,8.54226216,47.10493153,WIN,TAKE_PROFIT,5611.82430122
ETHUSDT,SHORT,4336.82,4263.864439315707,0.769211318312608,4373.297780342145,4263.864439315707,28.05912150609998,56.11824301,6.61574382,49.5024992,WIN,TAKE_PROFIT,5661.32680042
ETHUSDT,SHORT,4273.83,4306.655524986064,0.8623360636004181,4306.655524986064,4208.178950027871,28.306634002099983,-28.306634,7.39926211,-35.70589611,LOSS,STOP_LOSS,5625.62090431
ETHUSDT,SHORT,4298.15,4329.596621134979,0.8944714410115707,4329.596621134979,4235.256757730041,28.128104521549982,-28.12810452,7.71727295,-35.84537747,LOSS,STOP_LOSS,5589.77552684
BTCUSDT,LONG,111454.9,111030.0764774495,0.06578938347482347,111030.0764774495,112304.54704510099,27.94887763419998,-27.94887763,14.63714943,-42.58602707,LOSS,STOP_LOSS,5547.18949977
BTCUSDT,LONG,110766.9,111678.78034186839,0.06083242773283238,110310.95982906579,111678.78034186839,27.73594749884998,55.471895,13.53191077,41.93998422,WIN,TAKE_PROFIT,5589.12948399
BTCUSDT,LONG,111584.1,112228.04842120643,0.08679467640465405,111262.12578939678,112228.04842120643,27.94564741994998,55.89129484,19.425703,36.46559184,WIN,TAKE_PROFIT,5625.59507583
BTCUSDT,LONG,112299.9,113009.00026950067,0.07933426791378048,111945.34986524966,113009.00026950067,28.127975379149984,56.25595076,17.87471666,38.3812341,WIN,TAKE_PROFIT,5663.97630993
BTCUSDT,LONG,112614.1,112169.07521350772,0.06363663869796903,112169.07521350772,113504.14957298456,28.319881549649985,-28.31988155,14.30444571,-42.62432726,LOSS,STOP_LOSS,5621.35198267
SOLUSDT,LONG,207.74,205.8975682658661,15.255251737488473,205.8975682658661,211.4248634682678,28.106759913349983,-28.10675991,6.31014523,-34.41690515,LOSS,STOP_LOSS,5586.93507752
ETHUSDT,SHORT,4293.24,4341.149446285295,0.5830723908026869,4341.149446285295,4197.421107429409,27.93467538759998,-27.93467539,5.0344741,-32.96914949,LOSS,STOP_LOSS,5553.96592803
BTCUSDT,LONG,112290.1,111979.65933314525,0.08945293772720227,111979.65933314525,112910.98133370953,27.769829640149982,-27.76982964,20.06158882,-47.83141846,LOSS,STOP_LOSS,5506.13450957
BTCUSDT,LONG,112163.2,111832.76978215075,0.08331766001016737,111832.76978215075,112824.06043569851,27.53067254784998,-27.53067255,18.66282005,-46.1934926,LOSS,STOP_LOSS,5459.94101697
SOLUSDT,LONG,213.27,211.4063643415173,14.648627783327727,211.4063643415173,216.99727131696542,27.29970508484998,-27.29970508,6.22092599,-33.52063107,LOSS,STOP_LOSS,5426.4203859
ETHUSDT,SHORT,4288.47,4308.762101760821,1.3370769696161338,4308.762101760821,4247.885796478359,27.13210192949998,-27.13210193,11.49516105,-38.62726298,LOSS,STOP_LOSS,5387.79312292
BTCUSDT,LONG,111902.3,112522.95980719093,0.08680750808248537,111591.97009640455,112522.95980719093,26.938965614599983,53.87793123,19.48179755,34.39613367,WIN,TAKE_PROFIT,5422.18925659
BTCUSDT,LONG,112650.1,112299.76207585873,0.07738513136824221,112299.76207585873,113350.77584828256,27.110946282949985,-27.11094628,17.40777463,-44.51872091,LOSS,STOP_LOSS,5377.67053568
ETHUSDT,SHORT,4303.57,4333.865356134657,0.8875404058260925,4333.865356134657,4242.9792877306845,26.888352678399983,-26.88835268,7.66607288,-34.55442556,LOSS,STOP_LOSS,5343.11611012
BTCUSDT,LONG,112382.4,112964.29208279696,0.09182314501405955,112091.4539586015,112964.29208279696,26.715580550599984,53.4311611,20.69204199,32.73911912,WIN,TAKE_PROFIT,5375.85522924
BTCUSDT,LONG,113224.0,114012.41715302393,0.0681854169283511,112829.79142348803,114012.41715302393,26.879276146199985,53.75855229,15.49420984,38.26434245,WIN,TAKE_PROFIT,5414.11957169
SOLUSDT,LONG,224.07,221.98394286825874,12.976920644476177,221.98394286825874,228.24211426348253,27.070597858449986,-27.07059786,5.78840662,-32.85900448,LOSS,STOP_LOSS,5381.26056721
BTCUSDT,LONG,113591.5,113146.95870726444,0.0605259922435489,113146.95870726444,114480.58258547113,26.906302836049985,-26.90630284,13.72357019,-40.62987303,LOSS,STOP_LOSS,5340.63069418
BTCUSDT,LONG,113525.2,114378.51768428655,0.06258666370714201,113098.54115785671,114378.51768428655,26.703153470899988,53.40630694,14.26373334,39.14257361,WIN,TAKE_PROFIT,5379.77326779
BTCUSDT,LONG,114354.4,114057.74036010867,0.09067248362063808,114057.74036010867,114947.71927978263,26.898866338949986,-26.89886634,20.71069606,-47.60956239,LOSS,STOP_LOSS,5332.1637054
BTCUSDT,LONG,114150.1,113857.69649094708,0.09117817571120308,113857.69649094708,114734.90701810586,26.66081852699999,-26.66081853,20.78933493,-47.45015346,LOSS,STOP_LOSS,5284.71355194
SOLUSDT,LONG,223.94,226.50991527419563,20.563765681318213,222.65504236290218,226.50991527419563,26.423567759699985,52.84713552,9.26294651,43.58418901,WIN,TAKE_PROFIT,5328.29774095
BTCUSDT,LONG,114217.7,113966.08374441999,0.10588142901712656,113966.08374441999,114720.93251116002,26.641488704749985,-26.6414887,24.1604251,-50.80191381,LOSS,STOP_LOSS,5277.49582714
SOLUSDT,LONG,226.96,224.71987365968172,11.779460229886363,224.71987365968172,231.44025268063655,26.387479135699987,-26.38747914,5.32054511,-31.70802424,LOSS,STOP_LOSS,5245.7878029
SOLUSDT,LONG,225.93,230.81039910326476,10.748686105181052,223.48980044836762,230.81039910326476,26.22893901449999,52.45787803,4.90935918,47.54851885,WIN,TAKE_PROFIT,5293.33632175
BTCUSDT,LONG,115962.0,115636.0571016364,0.08120036282927667,115636.0571016364,116613.88579672719,26.466681608749987,-26.46668161,18.80584627,-45.27252788,LOSS,STOP_LOSS,5248.06379387
BTCUSDT,LONG,115583.1,115220.30040555596,0.07232731064531729,115220.30040555596,116308.6991888881,26.240318969349985,-26.24031897,16.69338924,-42.93370821,LOSS,STOP_LOSS,5205.13008566
BTCUSDT,LONG,115332.5,114966.64200227227,0.0711359341327526,114966.64200227227,116064.21599545544,26.025650428299986,-26.02565043,16.3825446,-42.40819502,LOSS,STOP_LOSS,5162.72189064
SOLUSDT,LONG,237.19,240.5874124202729,15.196041139524915,235.49129378986353,240.5874124202729,25.813609453199987,51.62721891,7.26032521,44.36689369,WIN,TAKE_PROFIT,5207.08878433
SOLUSDT,LONG,239.22,242.2458881065618,17.20846442747873,237.7070559467191,242.2458881065618,26.03544392164999,52.07088784,8.28528861,43.78559923,WIN,TAKE_PROFIT,5250.87438356
SOLUSDT,LONG,243.2,241.31522202849484,13.929689499094636,241.31522202849484,246.96955594301025,26.25437191779999,-26.25437192,6.7491466,-33.00351852,LOSS,STOP_LOSS,5217.87086504
BTCUSDT,LONG,115972.9,115630.92238807611,0.07628965585912843,115630.92238807611,116656.85522384777,26.089354325199988,-26.08935433,17.66897591,-43.75833023,LOSS,STOP_LOSS,5174.11253481
ETHUSDT,LONG,4698.32,4759.956034215888,0.8394622724568833,4667.501982892056,4759.956034215888,25.87056267404999,51.74112535,7.93986589,43.80125945,WIN,TAKE_PROFIT,5217.91379426
SOLUSDT,LONG,243.49,241.84282279323796,15.838957013365615,241.84282279323796,246.78435441352414,26.089568971299986,-26.08956897,7.68716572,-33.77673469,LOSS,STOP_LOSS,5184.13705957
ETHUSDT,LONG,4722.68,4697.383775368198,1.024685923497954,4697.383775368198,4773.272449263604,25.920685297849985,-25.9206853,9.65260675,-35.57329205,LOSS,STOP_LOSS,5148.56376752
SOLUSDT,SHORT,239.89,236.6374618514222,15.829372423414192,241.51626907428889,236.6374618514222,25.742818837599984,51.48563768,7.54313066,43.94250701,WIN,TAKE_PROFIT,5192.50627453
SOLUSDT,LONG,240.48,243.1830892536408,19.209525795480854,239.1284553731796,243.1830892536408,25.962531372649984,51.92506275,9.29093859,42.63412416,WIN,TAKE_PROFIT,5235.14039869
SOLUSDT,LONG,242.76,245.89993782208998,16.67275180374558,241.19003108895498,245.89993782208998,26.175701993449984,52.35140399,8.14730586,44.20409813,WIN,TAKE_PROFIT,5279.34449682
SOLUSDT,LONG,247.7,245.83537548069998,14.156588745282264,245.83537548069998,251.42924903860003,26.396722484099982,-26.39672248,6.98677734,-33.38349983,LOSS,STOP_LOSS,5245.96099699
SOLUSDT,LONG,246.93,244.80983291231917,12.371574456257346,244.80983291231917,251.17033417536172,26.229804984949983,-26.22980498,6.08359596,-32.31340094,LOSS,STOP_LOSS,5213.64759605
ETHUSDT,SHORT,4621.98,4640.860034522794,1.3807304191513372,4640.860034522794,4584.21993095441,26.068237980249982,-26.06823798,12.789485,-38.85772298,LOSS,STOP_LOSS,5174.78987307
BTCUSDT,SHORT,115411.2,115657.92033750408,0.10487157089318351,115657.92033750408,114917.75932499183,25.873949365349983,-25.87394937,24.23258163,-50.106531,LOSS,STOP_LOSS,5124.68334207
SOLUSDT,SHORT,241.5,243.6241684881614,12.062798621275437,243.6241684881614,237.25166302367722,25.62341671034998,-25.62341671,5.85195515,-31.47537186,LOSS,STOP_LOSS,5093.20797021
ETHUSDT,SHORT,4610.59,4632.030536009433,1.1877520151476677,4632.030536009433,4567.708927981134,25.466039851049977,-25.46603985,10.97794117,-36.44398102,LOSS,STOP_LOSS,5056.76398919
SOLUSDT,LONG,242.96,240.9371093035504,12.498856211225597,240.9371093035504,247.00578139289928,25.283819945949976,-25.28381995,6.04816039,-31.33198034,LOSS,STOP_LOSS,5025.43200885
BTCUSDT,LONG,116244.3,115898.80996483818,0.07272904421825237,115898.80996483818,116935.28007032366,25.127160044249976,-25.12716004,16.88354651,-42.01070655,LOSS,STOP_LOSS,4983.4213023
SOLUSDT,SHORT,235.71,231.01651901380396,10.61775112535173,238.05674049309803,231.01651901380396,24.917106511499977,49.83421302,4.95558602,44.878627,WIN,TAKE_PROFIT,5028.2999293
SOLUSDT,SHORT,231.3,233.8437371524198,9.883686143666017,233.8437371524198,226.21252569516042,25.14149964649998,-25.14149965,4.59733471,-29.73883436,LOSS,STOP_LOSS,4998.56109494
BTCUSDT,LONG,115331.0,114907.78092854032,0.059054062446901444,114907.78092854032,116177.43814291937,24.99280547469998,-24.99280547,13.59653535,-38.58934082,LOSS,STOP_LOSS,4959.97175412
BTCUSDT,LONG,115365.0,115049.08815752724,0.07850246630984696,115049.08815752724,115996.82368494553,24.799858770599982,-24.79985877,18.08807419,-42.88793296,LOSS,STOP_LOSS,4917.08382116
BTCUSDT,LONG,115362.3,115063.65412597367,0.0823229826494521,115063.65412597367,115959.59174805266,24.58541910579998,-24.58541911,18.96935182,-43.55477093,LOSS,STOP_LOSS,4873.52905023
ETHUSDT,SHORT,4507.96,4526.114076898541,1.3422684825747888,4526.114076898541,4471.651846202919,24.36764525114998,-24.36764525,12.1261529,-36.49379815,LOSS,STOP_LOSS,4837.03525208
BTCUSDT,LONG,115774.4,115423.10705626308,0.0688461772192947,115423.10705626308,116476.98588747384,24.18517626039998,-24.18517626,15.91706454,-40.1022408,LOSS,STOP_LOSS,4796.93301128
ETHUSDT,SHORT,4496.01,4460.180153136784,1.3388092418012971,4513.9249234316085,4460.180153136784,23.98466505639998,47.96933011,11.99063015,35.97869996,WIN,TAKE_PROFIT,4832.91171124
BTCUSDT,SHORT,115037.7,115321.47212657555,0.08515479954923172,115321.47212657555,114470.1557468489,24.16455855619998,-24.16455856,19.61618913,-43.78074768,LOSS,STOP_LOSS,4789.13096356
BTCUSDT,LONG,115877.9,116676.14469026006,0.059995776006974935,115478.77765486996,116676.14469026006,23.945654817799984,47.89130964,13.95226037,33.93904926,WIN,TAKE_PROFIT,4823.07001282
BTCUSDT,LONG,116704.0,116283.62494002622,0.05736627207523693,116283.62494002622,117544.75011994757,24.11535006409998,-24.11535006,13.36563148,-37.48098155,LOSS,STOP_LOSS,4785.58903127
BTCUSDT,LONG,116228.4,117110.39353447538,0.05425877678475817,115787.4032327623,117110.39353447538,23.927945156349978,47.85589031,12.66067751,35.1952128,WIN,TAKE_PROFIT,4820.78424407
BTCUSDT,LONG,117070.5,116747.61434528774,0.07465157051288114,116747.61434528774,117716.27130942451,24.10392122034998,-24.10392122,17.45488945,-41.55881067,LOSS,STOP_LOSS,4779.2254334
SOLUSDT,SHORT,235.26,232.3226839070706,16.27072225867825,236.7286580464647,232.3226839070706,23.89612716699998,47.79225433,7.60790798,40.18434635,WIN,TAKE_PROFIT,4819.40977975
BTCUSDT,SHORT,115464.0,115895.76205165003,0.05581094680892021,115895.76205165003,114600.47589669995,24.097048898749982,-24.0970489,12.91240737,-37.00945627,LOSS,STOP_LOSS,4782.40032348
BTCUSDT,SHORT,115416.0,115919.45761938932,0.04749556009581295,115919.45761938932,114409.08476122137,23.912001617399984,-23.91200162,10.98740713,-34.89940875,LOSS,STOP_LOSS,4747.50091473
BTCUSDT,SHORT,114848.4,115514.20554937139,0.035652308089142735,115514.20554937139,113516.7889012572,23.737504573649986,-23.73750457,8.21295859,-31.95046316,LOSS,STOP_LOSS,4715.55045157
SOLUSDT,LONG,238.76,245.60002568958902,6.894053714955166,235.33998715520548,245.60002568958902,23.577752257849983,47.15550452,3.33920403,43.81630048,WIN,TAKE_PROFIT,4759.36675205
BTCUSDT,LONG,116507.9,117631.51874673109,0.04235748794594485,115946.09062663445,117631.51874673109,23.79683376024998,47.59366752,9.91755761,37.67610991,WIN,TAKE_PROFIT,4797.04286196
ETHUSDT,LONG,4628.0,4597.202880111803,0.7788135512954953,4597.202880111803,4689.594239776395,23.985214309799986,-23.98521431,7.18471302,-31.16992733,LOSS,STOP_LOSS,4765.87293463
BTCUSDT,LONG,117374.9,116898.05129720368,0.049972589908309994,116898.05129720368,118328.59740559263,23.829364673149986,-23.82936467,11.70722612,-35.53659079,LOSS,STOP_LOSS,4730.33634384
BTCUSDT,LONG,117103.4,116713.6305565056,0.06068121068485007,116713.6305565056,117882.93888698878,23.65168171919998,-23.65168172,14.18830049,-37.83998221,LOSS,STOP_LOSS,4692.49636163
ETHUSDT,SHORT,4575.84,4594.133139614046,1.2825836517497167,4594.133139614046,4539.253720771909,23.46248180814998,-23.46248181,11.76125764,-35.22373944,LOSS,STOP_LOSS,4657.27262219
ETHUSDT,LONG,4597.94,4580.554514121283,1.3394139958698603,4580.554514121283,4632.710971757431,23.28636311094998,-23.28636311,12.29380401,-35.58016712,LOSS,STOP_LOSS,4621.69245507
ETHUSDT,SHORT,4575.56,4534.82563204427,1.1345928971066361,4595.927183977866,4534.82563204427,23.108462275349986,46.21692455,10.33657883,35.88034572,WIN,TAKE_PROFIT,4657.57280079
BTCUSDT,SHORT,116709.5,116995.48034577559,0.0814316939885937,116995.48034577559,116137.53930844882,23.287864003949984,-23.287864,19.03099244,-42.31885645,LOSS,STOP_LOSS,4615.25394434
BTCUSDT,SHORT,116688.6,116940.42396831079,0.0916365105215906,116940.42396831079,116184.95206337844,23.076269721699987,-23.07626972,21.40894851,-44.48521823,LOSS,STOP_LOSS,4570.76872611
SOLUSDT,SHORT,242.81,239.95895349880618,16.03189819666596,244.2355232505969,239.95895349880618,22.853843630549985,45.70768726,7.73970272,37.96798455,WIN,TAKE_PROFIT,4608.73671066
ETHUSDT,SHORT,4493.16,4448.5360222250765,1.0327937894523365,4515.4719888874615,4448.5360222250765,23.04368355329999,46.08736711,9.23492812,36.85243899,WIN,TAKE_PROFIT,4645.58914965
ETHUSDT,SHORT,4453.82,4470.296728057128,1.4097426180557826,4470.296728057128,4420.866543885742,23.22794574824999,-23.22794575,12.58070768,-35.80865343,LOSS,STOP_LOSS,4609.78049622
ETHUSDT,SHORT,4464.01,4479.287849282372,1.5086483741985055,4479.287849282372,4433.454301435257,23.04890248109999,-23.04890248,13.49229176,-36.54119424,LOSS,STOP_LOSS,4573.23930198
ETHUSDT,SHORT,4468.61,4479.002562965321,2.2002461362227184,4479.002562965321,4447.824874069357,22.866196509899993,-22.86619651,19.68694997,-42.55314648,LOSS,STOP_LOSS,4530.6861555
SOLUSDT,LONG,239.64,238.80797047375995,27.226714993963295,238.80797047375995,241.30405905248008,22.65343077749999,-22.65343078,13.02656653,-35.67999731,LOSS,STOP_LOSS,4495.00615819
ETHUSDT,SHORT,4463.0,4473.734048591982,2.0938074388574432,4473.734048591982,4441.531902816036,22.475030790949994,-22.47503079,18.71180023,-41.18683102,LOSS,STOP_LOSS,4453.81932717
ETHUSDT,SHORT,4468.01,4478.938581456443,2.037693247253218,4478.938581456443,4446.152837087115,22.269096635849998,-22.26909664,18.23113671,-40.50023334,LOSS,STOP_LOSS,4413.31909383
SOLUSDT,LONG,240.39,239.28902713768673,20.04281506338464,239.28902713768673,242.59194572462653,22.06659546915,-22.06659547,9.61411803,-31.6807135,LOSS,STOP_LOSS,4381.63838033
SOLUSDT,LONG,240.29,239.10916094077905,18.553071843765064,239.10916094077905,242.65167811844188,21.90819190165,-21.9081919,8.89432707,-30.80251898,LOSS,STOP_LOSS,4350.83586135
ETHUSDT,SHORT,4472.79,4487.426833726063,1.4862626517382145,4487.426833726063,4443.516332547873,21.754179306749997,-21.75417931,13.31723563,-35.07141494,LOSS,STOP_LOSS,4315.76444641
SOLUSDT,LONG,239.99,239.12327526052434,24.89697276335329,239.12327526052434,241.72344947895132,21.578822232049998,-21.57882223,11.92847016,-33.5072924,LOSS,STOP_LOSS,4282.25715401
ETHUSDT,SHORT,4481.1,4459.4690342652975,1.9796883812449975,4491.915482867352,4459.4690342652975,21.41128577005,42.82257154,17.69954064,25.1230309,WIN,TAKE_PROFIT,4307.38018491
SOLUSDT,LONG,240.43,239.44167108398176,21.791228178688964,239.44167108398176,242.4066578320365,21.53690092455,-21.53690092,10.45699308,-31.99389401,LOSS,STOP_LOSS,4275.3862909
ETHUSDT,SHORT,4475.85,4457.566967659586,2.3384448549321277,4484.991516170207,4457.566967659586,21.3769314545,42.75386291,20.89030294,21.86355996,WIN,TAKE_PROFIT,4297.24985086
ETHUSDT,SHORT,4454.7,4464.656995226399,2.1579049467988596,4464.656995226399,4434.786009547201,21.486249254300002,-21.48624925,19.24712458,-40.73337384,LOSS,STOP_LOSS,4256.51647702
ETHUSDT,SHORT,4464.1,4475.872026496233,1.8078945364174734,4475.872026496233,4440.555947007536,21.2825823851,-21.28258239,16.16252658,-37.44510897,LOSS,STOP_LOSS,4219.07136805
SOLUSDT,SHORT,238.37,236.31006759388248,20.481601024967407,239.39996620305877,236.31006759388248,21.095356840250002,42.19071368,9.72220776,32.46850592,WIN,TAKE_PROFIT,4251.53987397
ETHUSDT,SHORT,4468.98,4482.059900694181,1.6252187128076572,4482.059900694181,4442.820198611636,21.257699369850002,-21.25769937,14.54739755,-35.80509692,LOSS,STOP_LOSS,4215.73477705
ETHUSDT,LONG,4489.52,4474.660726690433,1.4185534814598326,4474.660726690433,4519.238546619135,21.07867388525,-21.07867389,12.71616978,-33.79484366,LOSS,STOP_LOSS,4181.93993339
ETHUSDT,SHORT,4472.36,4442.792656395977,1.414377966920613,4487.14367180201,4442.792656395977,20.90969966695,41.81939933,12.60939549,29.21000384,WIN,TAKE_PROFIT,4211.14993723
ETHUSDT,SHORT,4454.86,4422.824505327554,1.3145262716520825,4470.8777473362225,4422.824505327554,21.05574968615,42.11149937,11.66994951,30.44154986,WIN,TAKE_PROFIT,4241.59148709
ETHUSDT,SHORT,4425.29,4386.140544635557,1.0834356308676367,4444.864727682221,4386.140544635557,21.207957435450002,42.41591487,9.54661781,32.86929706,WIN,TAKE_PROFIT,4274.46078415
ETHUSDT,SHORT,4359.01,4305.205505733017,0.7944430743907235,4385.912247133491,4305.205505733017,21.37230392075,42.74460784,6.883226,35.86138184,WIN,TAKE_PROFIT,4310.32216599
ETHUSDT,SHORT,4307.53,4239.717971362776,0.6356279634471678,4341.436014318612,4239.717971362776,21.55161082995,43.10322166,5.43286982,37.67035184,WIN,TAKE_PROFIT,4347.99251783
BTCUSDT,SHORT,113635.6,112911.80139903097,0.06007185578983963,113997.49930048453,112911.80139903097,21.73996258915,43.47992518,13.60912283,29.87080235,WIN,TAKE_PROFIT,4377.86332018
BTCUSDT,SHORT,112937.0,111800.47987052874,0.038519892491624616,113505.26006473563,111800.47987052874,21.889316600900003,43.7786332,8.65686356,35.12176964,WIN,TAKE_PROFIT,4412.98508982
BTCUSDT,SHORT,111760.4,112119.25564042594,0.061486912739925986,112119.25564042594,111042.68871914812,22.064925449100002,-22.06492545,13.76566885,-35.8305943,LOSS,STOP_LOSS,4377.15449552
SOLUSDT,SHORT,216.53,218.71877970030496,9.999075043756473,218.71877970030496,212.1524405993901,21.885772477600003,-21.88577248,4.35208521,-26.23785769,LOSS,STOP_LOSS,4350.91663783
BTCUSDT,LONG,113048.1,112692.08728837343,0.06110619783702584,112692.08728837343,113760.12542325316,21.754583189150004,-21.75458319,13.79412454,-35.54870773,LOSS,STOP_LOSS,4315.3679301
SOLUSDT,SHORT,217.91,219.38602384097487,14.618218928123172,219.38602384097487,214.95795231805025,21.576839650500002,-21.57683965,6.39248901,-27.96932866,LOSS,STOP_LOSS,4287.39860144
SOLUSDT,LONG,219.36,217.94582955221566,15.15870526129749,217.94582955221566,222.1883408955687,21.436993007199998,-21.43699301,6.62899018,-28.06598319,LOSS,STOP_LOSS,4259.33261825
SOLUSDT,SHORT,218.63,220.35740764910094,12.328684026804213,220.35740764910094,215.17518470179814,21.296663091249997,-21.29666309,5.41213704,-26.70880013,LOSS,STOP_LOSS,4232.62381812
SOLUSDT,LONG,220.29,218.10781443218133,9.698129894495995,218.10781443218133,224.65437113563735,21.1631190906,-21.16311909,4.25163895,-25.41475804,LOSS,STOP_LOSS,4207.20906008
BTCUSDT,SHORT,112345.0,111518.34881991836,0.05089461143289651,112758.32559004081,111518.34881991836,21.036045300399998,42.0720906,11.39343815,30.67865245,WIN,TAKE_PROFIT,4237.88771253
SOLUSDT,SHORT,214.41,216.437642435113,10.450283637641977,216.437642435113,210.35471512977398,21.189438562649997,-21.18943856,4.50248007,-25.69191863,LOSS,STOP_LOSS,4212.1957939
SOLUSDT,SHORT,215.73,211.98294576190443,11.241352609939375,217.60352711904778,211.98294576190443,21.0609789695,42.12195794,4.80807204,37.3138859,WIN,TAKE_PROFIT,4249.5096798
BTCUSDT,SHORT,111727.4,111021.9402525244,0.060237450754721936,112080.1298737378,111021.9402525244,21.247548398999996,42.4950968,13.41785241,29.07724438,WIN,TAKE_PROFIT,4278.58692418
BTCUSDT,SHORT,111418.0,111829.67351771209,0.051965777978125856,111829.67351771209,110594.65296457584,21.392934620899997,-21.39293462,11.60123904,-32.99417366,LOSS,STOP_LOSS,4245.59275052
ETHUSDT,SHORT,4125.87,4158.467882280277,0.651206835158228,4158.467882280277,4060.674235439445,21.227963752599994,-21.22796375,5.39481745,-26.62278121,LOSS,STOP_LOSS,4218.96996931
SOLUSDT,SHORT,208.79,211.5103758219685,7.7543880798372244,211.5103758219685,203.349248356063,21.094849846549995,-21.09484985,3.25917222,-24.35402207,LOSS,STOP_LOSS,4194.61594724
BTCUSDT,LONG,113038.4,113599.36558861859,0.07477492438652825,112757.9172056907,113599.36558861859,20.9730797362,41.94615947,16.94682179,24.99933769,WIN,TAKE_PROFIT,4219.61528493
ETHUSDT,LONG,4191.77,4169.900818801655,0.9647401168474551,4169.900818801655,4235.508362396691,21.09807642465,-21.09807642,8.06683928,-29.16491571,LOSS,STOP_LOSS,4190.45036922
ETHUSDT,SHORT,4163.82,4186.64054220132,0.9181312021976106,4186.64054220132,4118.178915597358,20.952251846099998,-20.95225185,7.66681838,-28.61907022,LOSS,STOP_LOSS,4161.831299
ETHUSDT,SHORT,4169.77,4128.523503692982,1.0090145034432354,4190.39324815351,4128.523503692982,20.809156494999996,41.61831299,8.3730985,33.24521449,WIN,TAKE_PROFIT,4195.07651349
ETHUSDT,SHORT,4142.89,4104.5680511316405,1.094692894638671,4162.05097443418,4104.5680511316405,20.975382567449998,41.95076513,9.02843373,32.92233141,WIN,TAKE_PROFIT,4227.9988449
SOLUSDT,SHORT,210.54,207.44451594318946,13.658603201647082,212.08774202840527,207.44451594318946,21.139994224499997,42.27998845,5.70908465,36.5709038,WIN,TAKE_PROFIT,4264.5697487
BTCUSDT,SHORT,112615.7,112998.14029627744,0.055754712437600606,112998.14029627744,111850.8194074451,21.3228487435,-21.32284874,12.57903479,-33.90188353,LOSS,STOP_LOSS,4230.66786517
BTCUSDT,SHORT,112858.1,112041.12800224377,0.05178473530046657,113266.58599887813,112041.12800224377,21.15333932585,42.30667865,11.64634699,30.66033166,WIN,TAKE_PROFIT,4261.32819683
BTCUSDT,SHORT,111880.1,110949.94117855497,0.04581290956537812,112345.17941072253,110949.94117855497,21.30664098415,42.61328197,10.20849252,32.40478944,WIN,TAKE_PROFIT,4293.73298627
ETHUSDT,SHORT,3974.16,4015.6628476325977,0.517281732603034,4015.6628476325977,3891.154304734804,21.46866493135,-21.46866493,4.13298941,-25.60165434,LOSS,STOP_LOSS,4268.13133193
BTCUSDT,SHORT,111283.5,110197.52572533114,0.03930232447938466,111826.48713733444,110197.52572533114,21.340656659649998,42.68131332,8.70471914,33.97659418,WIN,TAKE_PROFIT,4302.10792611
BTCUSDT,SHORT,110088.7,108897.8370999803,0.036125971562627916,110684.13145000984,108897.8370999803,21.510539630549996,43.02107926,7.91110141,35.10997785,WIN,TAKE_PROFIT,4337.21790396
BTCUSDT,SHORT,108793.9,109477.22631037595,0.0317360669280662,109477.22631037595,107427.24737924807,21.6860895198,-21.68608952,6.92706707,-28.61315659,LOSS,STOP_LOSS,4308.60474737
ETHUSDT,SHORT,3880.64,3930.408243302377,0.43286687066612006,3930.408243302377,3781.103513395246,21.54302373685,-21.54302374,3.38114401,-24.92416775,LOSS,STOP_LOSS,4283.68057962
BTCUSDT,SHORT,109620.0,110296.27930318919,0.03167094245986159,110296.27930318919,108267.44139362163,21.4184028981,-21.4184029,6.96495583,-28.38335873,LOSS,STOP_LOSS,4255.29722089
SOLUSDT,LONG,210.27,208.90481442656443,15.585050500428435,208.90481442656443,213.00037114687117,21.27648610445,-21.2764861,6.53286065,-27.80934676,LOSS,STOP_LOSS,4227.48787413
BTCUSDT,LONG,111677.0,112158.74953037992,0.08775281775150028,111436.12523481004,112158.74953037992,21.13743937065,42.27487874,19.64221773,22.63266101,WIN,TAKE_PROFIT,4250.12053514
BTCUSDT,LONG,112147.0,111884.30045221488,0.08089318331481508,111884.30045221488,112672.39909557022,21.2506026757,-21.25060268,18.12260506,-39.37320773,LOSS,STOP_LOSS,4210.74732741
BTCUSDT,LONG,112318.6,112068.60025598045,0.08421503277780618,112068.60025598045,112818.59948803912,21.05373663705,-21.05373664,18.89677542,-39.95051206,LOSS,STOP_LOSS,4170.79681535
SOLUSDT,SHORT,206.41,207.6283424392226,17.11668526465902,207.6283424392226,203.97331512155483,20.853984076750002,-20.85398408,7.086964,-27.94094807,LOSS,STOP_LOSS,4142.85586728
ETHUSDT,LONG,4146.38,4196.285298247283,0.8301434943343962,4121.427350876358,4196.285298247283,20.714279336400004,41.42855867,6.92560932,34.50294935,WIN,TAKE_PROFIT,4177.35881663
ETHUSDT,LONG,4185.94,4234.292401749171,0.8639402936590528,4161.763799125413,4234.292401749171,20.886794083150004,41.77358817,7.27457805,34.49901011,WIN,TAKE_PROFIT,4211.85782674
BTCUSDT,LONG,114465.8,114136.43471934772,0.06393900745091687,114136.43471934772,115124.53056130458,21.059289133700005,-21.05928913,14.61659999,-35.67588912,LOSS,STOP_LOSS,4176.18193762
ETHUSDT,LONG,4198.51,4179.477128671571,1.097097191894051,4179.477128671571,4236.575742656858,20.880909688100004,-20.88090969,9.19146615,-30.07237584,LOSS,STOP_LOSS,4146.10956178
SOLUSDT,SHORT,208.57,205.86697113818286,15.338754315012164,209.92151443090856,205.86697113818286,20.730547808900006,41.46109562,6.35694688,35.10414874,WIN,TAKE_PROFIT,4181.21371052
SOLUSDT,SHORT,205.8,207.2271309605022,14.649018997698397,207.2271309605022,202.94573807899565,20.906068552600004,-20.90606855,6.05044229,-26.95651084,LOSS,STOP_LOSS,4154.25719968
SOLUSDT,SHORT,207.11,208.35210445795335,16.722656347780767,208.35210445795335,204.62579108409335,20.771285998400003,-20.771286,6.94763,-27.718916,LOSS,STOP_LOSS,4126.53828368
BTCUSDT,LONG,113466.9,113132.61868799325,0.061722539302418764,113132.61868799325,114135.46262401347,20.632691418400004,-20.63269142,13.9862977,-34.61898912,LOSS,STOP_LOSS,4091.91929456
ETHUSDT,SHORT,4152.3,4106.486426528589,0.8931674576997216,4175.206786735706,4106.486426528589,20.459596472800005,40.91919295,7.37647928,33.54271367,WIN,TAKE_PROFIT,4125.46200823
BTCUSDT,SHORT,112996.1,113460.72138098776,0.04439595525564952,113460.72138098776,112066.85723802452,20.627310041150004,-20.62731004,10.05376691,-30.68107695,LOSS,STOP_LOSS,4094.78093128
ETHUSDT,SHORT,4095.12,4122.019818790869,0.7611168244504816,4122.019818790869,4041.3203624182606,20.473904656400006,-20.47390466,6.25420336,-26.72810802,LOSS,STOP_LOSS,4068.05282326
BTCUSDT,LONG,113822.5,114618.87539341548,0.051082100940022815,113424.31230329226,114618.87539341548,20.340264116300006,40.68052823,11.6692654,29.01126284,WIN,TAKE_PROFIT,4097.0640861
BTCUSDT,LONG,114569.8,114140.48743274718,0.04771656362539205,114140.48743274718,115428.42513450565,20.485320430500007,-20.48532043,10.91326898,-31.39858941,LOSS,STOP_LOSS,4065.66549669
BTCUSDT,LONG,114108.0,114981.14424371658,0.04656350340677173,113671.42787814171,114981.14424371658,20.328327483450003,40.65665497,10.66719315,29.98946182,WIN,TAKE_PROFIT,4095.65495851
BTCUSDT,LONG,115034.8,115743.71893063824,0.057773248554989554,114680.34053468089,115743.71893063824,20.478274792550007,40.95654959,13.33282474,27.62372485,WIN,TAKE_PROFIT,4123.27868336
BTCUSDT,LONG,116060.5,117049.04540447888,0.04171056447866046,115566.22729776056,117049.04540447888,20.616393416800005,41.23278683,9.72313072,31.50965611,WIN,TAKE_PROFIT,4154.78833947
ETHUSDT,LONG,4303.87,4358.225095111828,0.7643788187514265,4276.6924524440865,4358.225095111828,20.773941697350004,41.54788339,6.62112202,34.92676138,WIN,TAKE_PROFIT,4189.71510085
BTCUSDT,LONG,119119.5,118626.42417526591,0.0424855051767091,118626.42417526591,120105.65164946817,20.948575504250005,-20.9485755,10.10075569,-31.0493312,LOSS,STOP_LOSS,4158.66576965
BTCUSDT,LONG,118550.4,119566.4389222455,0.040930181694802385,118042.38053887725,119566.4389222455,20.793328848250006,41.5866577,9.74616548,31.84049221,WIN,TAKE_PROFIT,4190.50626186
ETHUSDT,LONG,4414.97,4392.821473906313,0.9460011569470554,4392.821473906313,4459.267052187374,20.952531309300007,-20.95253131,8.33218092,-29.28471223,LOSS,STOP_LOSS,4161.22154963
BTCUSDT,LONG,119381.6,118998.92960693548,0.054370832249469085,118998.92960693548,120146.94078612907,20.80610774815001,-20.80610775,12.96094779,-33.76705553,LOSS,STOP_LOSS,4127.4544941
BTCUSDT,LONG,119128.2,120154.47665797148,0.04021775670371638,118615.06167101426,120154.47665797148,20.637272470500008,41.27454494,9.62341247,31.65113247,WIN,TAKE_PROFIT,4159.10562657
BTCUSDT,LONG,120083.4,119501.70935250516,0.035750150397655445,119501.70935250516,121246.78129498966,20.79552813285001,-20.79552813,8.56520369,-29.36073183,LOSS,STOP_LOSS,4129.74489474
BTCUSDT,LONG,119766.9,120879.01833783319,0.03713404189329541,119210.84083108339,120879.01833783319,20.648724473700007,41.29744895,8.93615561,32.36129333,WIN,TAKE_PROFIT,4162.10618807
BTCUSDT,LONG,120988.0,120408.77035036981,0.03592794490688887,120408.77035036981,122146.45929926039,20.81053094035001,-20.81053094,8.67288987,-29.48342081,LOSS,STOP_LOSS,4132.62276726
BTCUSDT,LONG,120504.4,119964.11022881065,0.0382445031132346,119964.11022881065,121584.9795423787,20.66311383630001,-20.66311384,9.19659869,-29.85971252,LOSS,STOP_LOSS,4102.76305474
ETHUSDT,LONG,4473.88,4516.730474323262,0.9574603594324197,4452.454762838369,4516.730474323262,20.513815273700008,41.02763055,8.60815314,32.41947741,WIN,TAKE_PROFIT,4135.18253215
BTCUSDT,LONG,120250.0,119846.10257210894,0.05119099858770696,119846.10257210894,121057.79485578214,20.675912660750004,-20.67591266,12.29075925,-32.96667191,LOSS,STOP_LOSS,4102.21586024
BTCUSDT,SHORT,119619.8,119914.34548760595,0.06963637252742289,119914.34548760595,119030.70902478808,20.511079301200006,-20.5110793,16.68028899,-37.19136829,LOSS,STOP_LOSS,4065.02449195
BTCUSDT,LONG,120007.0,120670.69757552537,0.06124814436352594,119675.15121223731,120670.69757552537,20.325122459750006,40.65024492,14.74106237,25.90918255,WIN,TAKE_PROFIT,4090.9336745
SOLUSDT,SHORT,229.62,231.28116406813473,12.313454621895335,231.28116406813473,226.29767186373056,20.454668372500006,-20.45466837,5.67528557,-26.12995394,LOSS,STOP_LOSS,4064.80372056
ETHUSDT,LONG,4478.76,4540.906599982293,0.6540669516462905,4447.686700008853,4540.906599982293,20.324018602800006,40.64803721,5.89946584,34.74857137,WIN,TAKE_PROFIT,4099.55229193
ETHUSDT,LONG,4539.73,4503.193937652861,0.5610282045420025,4503.193937652861,4612.802124694277,20.497761459650004,-20.49776146,5.07333538,-25.57109684,LOSS,STOP_LOSS,4073.98119509
BTCUSDT,LONG,122952.8,122082.35473476742,0.02340170805571213,122082.35473476742,124693.69053046519,20.369905975450006,-20.36990598,5.73424115,-26.10414713,LOSS,STOP_LOSS,4047.87704796
BTCUSDT,LONG,122035.5,123923.72270241691,0.02143749803865164,121091.38864879154,123923.72270241691,20.239385239800004,40.47877048,5.27275035,35.20602013,WIN,TAKE_PROFIT,4083.08306809
BTCUSDT,LONG,123643.1,124439.08304096734,0.05129610629804334,123245.10847951633,124439.08304096734,20.415415340450007,40.83083068,12.72565003,28.10518065,WIN,TAKE_PROFIT,4111.18824874
ETHUSDT,LONG,4545.95,4598.600493504632,0.7808451497948982,4519.624753247684,4598.600493504632,20.55594124370001,41.11188249,7.1404779,33.97140459,WIN,TAKE_PROFIT,4145.15965333
BTCUSDT,LONG,124692.4,124154.03397051642,0.03849759667513057,124154.03397051642,125769.13205896714,20.72579826665001,-20.72579827,9.57998965,-30.30578792,LOSS,STOP_LOSS,4114.85386541
ETHUSDT,LONG,4573.73,4546.673402552178,0.7604159897314257,4546.673402552178,4627.843194895643,20.57426932705001,-20.57426933,6.93530058,-27.50956991,LOSS,STOP_LOSS,4087.3442955
ETHUSDT,LONG,4546.48,4525.102349268088,0.9559853762131663,4525.102349268088,4589.235301463822,20.436721477500008,-20.43672148,8.67230007,-29.10902154,LOSS,STOP_LOSS,4058.23527396
ETHUSDT,SHORT,4523.74,4480.5498699428845,0.9396209894698976,4545.335065028557,4480.5498699428845,20.29117636980001,40.58235274,8.46061976,32.12173298,WIN,TAKE_PROFIT,4090.35700694
ETHUSDT,SHORT,4501.34,4522.526691648439,0.9653128187291594,4522.526691648439,4458.966616703123,20.45178503470001,-20.45178503,8.71085419,-29.16263923,LOSS,STOP_LOSS,4061.19436771
BTCUSDT,LONG,123625.4,123212.96154624411,0.04923394424945841,123212.96154624411,124450.27690751177,20.30597183855001,-20.30597184,12.15282613,-32.45879797,LOSS,STOP_LOSS,4028.73556974
BTCUSDT,LONG,123295.8,124239.16937433413,0.04270581258357762,122824.11531283295,124239.16937433413,20.143677848700012,40.2873557,10.57118201,29.71617369,WIN,TAKE_PROFIT,4058.45174343
BTCUSDT,LONG,124329.4,125143.37425910145,0.04985970622597034,123922.41287044928,125143.37425910145,20.29225871715001,40.58451743,12.43863924,28.1458782,WIN,TAKE_PROFIT,4086.59762163
BTCUSDT,LONG,124916.8,124383.9326744556,0.038345357518918474,124383.9326744556,125982.5346510888,20.43298810815001,-20.43298811,9.55952572,-29.99251383,LOSS,STOP_LOSS,4056.6051078
BTCUSDT,LONG,124475.9,125662.89909928647,0.03417530064040052,123882.40045035676,125662.89909928647,20.283025539000008,40.56605108,8.54856866,32.01748242,WIN,TAKE_PROFIT,4088.62259022
SOLUSDT,LONG,237.09,235.16531853290246,10.621556501985093,235.16531853290246,240.93936293419506,20.44311295110001,-20.44311295,5.01608655,-25.4591995,LOSS,STOP_LOSS,4063.16339072
BTCUSDT,LONG,125400.1,124851.34051690194,0.03702135011663984,124851.34051690194,126497.61896619615,20.31581695360001,-20.31581695,9.2646462,-29.58046315,LOSS,STOP_LOSS,4033.58292757
ETHUSDT,LONG,4689.2,4657.763044476055,0.6415352346218339,4657.763044476055,4752.073911047889,20.167914637850007,-20.16791464,5.99640613,-26.16432077,LOSS,STOP_LOSS,4007.4186068
ETHUSDT,LONG,4695.42,4746.658091580551,0.7821170701683906,4669.800954209724,4746.658091580551,20.03709303400001,40.07418607,7.38481045,32.68937561,WIN,TAKE_PROFIT,4040.10798241
BTCUSDT,LONG,124681.1,124310.06200081439,0.054443318356577286,124310.06200081439,125423.17599837124,20.200539912050008,-20.20053991,13.5559051,-33.75644501,LOSS,STOP_LOSS,4006.3515374
BTCUSDT,SHORT,123734.1,122783.95385854726,0.04216563497563013,124209.17307072638,122783.95385854726,20.03175768700001,40.06351537,10.39459027,29.6689251,WIN,TAKE_PROFIT,4036.0204625
BTCUSDT,SHORT,121614.3,122151.90064644418,0.03753734755710618,122151.90064644418,120539.09870711165,20.180102312500008,-20.18010231,9.1503366,-29.33043891,LOSS,STOP_LOSS,4006.69002359
BTCUSDT,SHORT,121402.1,121902.97402644728,0.039996983393306595,121902.97402644728,120400.35194710548,20.033450117950007,-20.03345012,9.73146901,-29.76491912,LOSS,STOP_LOSS,3976.92510447
BTCUSDT,LONG,122885.7,122405.75434220434,0.041430993695574264,122405.75434220434,123845.5913155913,19.88462552235001,-19.88462552,10.1626687,-30.04729422,LOSS,STOP_LOSS,3946.87781025
ETHUSDT,SHORT,4454.51,4478.987476891208,0.8062264398802901,4478.987476891208,4405.555046217586,19.73438905125001,-19.73438905,7.20242187,-26.93681092,LOSS,STOP_LOSS,3919.94099933
BTCUSDT,LONG,122761.4,122124.95027155888,0.030795370193111977,122124.95027155888,124034.29945688225,19.599704996650008,-19.599705,7.54136581,-27.14107081,LOSS,STOP_LOSS,3892.79992852
ETHUSDT,SHORT,4448.0,4482.588813631163,0.5627252744240842,4482.588813631163,4378.822372737673,19.463999642600008,-19.46399964,5.02546804,-24.48946768,LOSS,STOP_LOSS,3868.31046084
BTCUSDT,LONG,122999.9,122369.66543560337,0.0306894502409865,122369.66543560337,124260.36912879325,19.341552304200007,-19.3415523,7.53025707,-26.87180937,LOSS,STOP_LOSS,3841.43865147
SOLUSDT,LONG,228.37,226.59583669639918,10.82605711569355,226.59583669639918,231.91832660720164,19.20719325735001,-19.20719326,4.92548613,-24.13267939,LOSS,STOP_LOSS,3817.30597208
BTCUSDT,SHORT,122214.2,121391.2612926365,0.04638627321723308,122625.66935368175,121391.2612926365,19.08652986040001,38.17305972,11.29994948,26.87311024,WIN,TAKE_PROFIT,3844.17908232
BTCUSDT,SHORT,121202.4,121642.98736081315,0.043625616894968695,121642.98736081315,120321.22527837369,19.22089541160001,-19.22089541,10.59427983,-29.81517525,LOSS,STOP_LOSS,3814.36390707
BTCUSDT,LONG,122961.0,122521.37060542354,0.04338158405837271,122521.37060542354,123840.25878915291,19.071819535350013,-19.07181954,10.6494141,-29.72123363,LOSS,STOP_LOSS,3784.64267344
BTCUSDT,LONG,122707.1,122135.87470929064,0.03312740817847964,122135.87470929064,123849.55058141875,18.923213367200013,-18.92321337,8.11101316,-27.03422653,LOSS,STOP_LOSS,3757.60844691
ETHUSDT,SHORT,4339.56,4265.863842318893,0.5098784746919434,4376.4080788405545,4265.863842318893,18.788042234550012,37.57608447,4.38772038,33.18836409,WIN,TAKE_PROFIT,3790.796811
SOLUSDT,SHORT,217.16,219.7133545954736,7.423169538849107,219.7133545954736,212.05329080905278,18.953984055000014,-18.95398405,3.24298498,-22.19696903,LOSS,STOP_LOSS,3768.59984197
ETHUSDT,LONG,4381.1,4358.595948685016,0.8373158657571806,4358.595948685016,4426.108102629969,18.84299920985001,-18.84299921,7.31788608,-26.16088529,LOSS,STOP_LOSS,3742.43895668
SOLUSDT,LONG,221.02,219.63913978080384,13.551114387445345,219.63913978080384,223.78172043839234,18.71219478340001,-18.71219478,5.97142241,-24.68361719,LOSS,STOP_LOSS,3717.75533949
SOLUSDT,SHORT,219.89,221.26576891456776,13.511554520978601,221.26576891456776,217.13846217086444,18.58877669745001,-18.5887767,5.96070022,-24.54947692,LOSS,STOP_LOSS,3693.20586257
ETHUSDT,LONG,4375.73,4352.1751029652405,0.7839571230390243,4352.1751029652405,4422.839794069518,18.46602931285001,-18.46602931,6.84230337,-25.30833269,LOSS,STOP_LOSS,3667.89752988
ETHUSDT,SHORT,4345.01,4372.0023601983385,0.6794325325626468,4372.0023601983385,4291.025279603324,18.339487649400013,-18.33948765,5.92262178,-24.26210943,LOSS,STOP_LOSS,3643.63542045
ETHUSDT,SHORT,4349.8,4376.348770542913,0.6862154717410416,4376.348770542913,4296.702458914173,18.218177102250014,-18.2181771,5.9880183,-24.2061954,LOSS,STOP_LOSS,3619.42922505
SOLUSDT,LONG,223.79,222.0479666242835,10.388518599884383,222.0479666242835,227.27406675143294,18.097146125250013,-18.09714613,4.63159601,-22.72874213,LOSS,STOP_LOSS,3596.70048292
ETHUSDT,SHORT,4324.55,4267.946280551141,0.6354176930315666,4352.85185972443,4267.946280551141,17.98350241460001,35.96700483,5.45982416,30.50718067,WIN,TAKE_PROFIT,3627.20766359
ETHUSDT,SHORT,4255.56,4187.511034391712,0.5330290668148259,4289.5844828041445,4187.511034391712,18.13603831795001,36.27207664,4.50040227,31.77167436,WIN,TAKE_PROFIT,3658.97933795
ETHUSDT,SHORT,4159.35,4073.2845319351613,0.4251390738029149,4202.38273403242,4073.2845319351613,18.29489668975001,36.58979338,3.50001462,33.08977876,WIN,TAKE_PROFIT,3692.06911671
ETHUSDT,SHORT,4136.17,4036.557065368364,0.3706415367003382,4185.976467315818,4036.557065368364,18.460345583550012,36.92069117,3.02915212,33.89153905,WIN,TAKE_PROFIT,3725.96065576
ETHUSDT,SHORT,4029.13,3935.9275221705575,0.39977055787919885,4075.7312389147214,3935.9275221705575,18.62980327880001,37.25960656,3.18419549,34.07541107,WIN,TAKE_PROFIT,3760.03606683
BTCUSDT,SHORT,114198.0,111759.09055177745,0.01541687441315327,115417.45472411127,111759.09055177745,18.80018033415001,37.60036067,3.48355209,34.11680858,WIN,TAKE_PROFIT,3794.15287541
BTCUSDT,SHORT,112137.6,108585.76979807907,0.01068224734774203,113913.51510096047,108585.76979807907,18.97076437705001,37.94152875,2.35782163,35.58370712,WIN,TAKE_PROFIT,3829.73658253
BTCUSDT,SHORT,109183.0,112013.09973660615,0.006766080596019228,112013.09973660615,103522.8005267877,19.14868291265001,-19.14868291,1.49663064,-20.64531355,LOSS,STOP_LOSS,3809.09126898
ETHUSDT,SHORT,3820.15,3973.190893796737,0.12444684471194653,3973.190893796737,3514.0682124065265,19.04545634490001,-19.04545634,0.96985668,-20.01531303,LOSS,STOP_LOSS,3789.07595595
SOLUSDT,SHORT,190.7,204.76144927951952,1.3473276760556885,204.76144927951952,162.5771014409609,18.94537977975001,-18.94537978,0.53281616,-19.47819594,LOSS,STOP_LOSS,3769.59776001
BTCUSDT,LONG,115544.5,114814.46347575005,0.025817870988598533,114814.46347575005,117004.5730484999,18.847988800050008,-18.8479888,5.947378,-24.7953668,LOSS,STOP_LOSS,3744.80239321
SOLUSDT,LONG,209.5,207.31191791335513,8.557271265248012,207.31191791335513,213.87616417328974,18.72401196605001,-18.72401197,3.56677265,-22.29078461,LOSS,STOP_LOSS,3722.5116086
BTCUSDT,SHORT,114036.8,113194.30931544869,0.04418460259394456,114458.04534227565,113194.30931544869,18.612558043000007,37.22511609,10.04011626,27.18499982,WIN,TAKE_PROFIT,3749.69660842
BTCUSDT,SHORT,113375.4,112478.06424168094,0.041786996379640236,113824.06787915953,112478.06424168094,18.74848304210001,37.49696608,9.43773789,28.05922819,WIN,TAKE_PROFIT,3777.75583661
BTCUSDT,SHORT,112445.4,111278.16964681805,0.03236512678334297,113029.01517659097,111278.16964681805,18.88877918305001,37.77755837,7.2408417,30.53671667,WIN,TAKE_PROFIT,3808.29255328
SOLUSDT,SHORT,194.73,197.6422185455702,6.538473149744958,197.6422185455702,188.90556290885962,19.041462766400006,-19.04146277,2.56551522,-21.60697798,LOSS,STOP_LOSS,3786.6855753
ETHUSDT,SHORT,3967.68,4022.982470769034,0.34236133780665584,4022.982470769034,3857.075058461932,18.933427876500005,-18.93342788,2.73569389,-21.66912177,LOSS,STOP_LOSS,3765.01645353
SOLUSDT,LONG,203.62,199.28060357183338,4.338179878072004,199.28060357183338,212.29879285633328,18.825082267650007,-18.82508227,1.74785529,-20.57293756,LOSS,STOP_LOSS,3744.44351597
BTCUSDT,SHORT,112063.8,112991.60293413592,0.02017908856613654,112991.60293413592,110208.19413172817,18.722217579850007,-18.72221758,4.54141291,-23.26363049,LOSS,STOP_LOSS,3721.17988548
BTCUSDT,LONG,113372.6,112641.67223211286,0.025455182091635706,112641.67223211286,114834.4555357743,18.605899427400008,-18.60589943,5.75323445,-24.35913388,LOSS,STOP_LOSS,3696.8207516
SOLUSDT,LONG,203.88,201.32741449583065,7.2413259919436355,201.32741449583065,208.98517100833868,18.484103758000007,-18.48410376,2.93423898,-21.41834274,LOSS,STOP_LOSS,3675.40240886
SOLUSDT,LONG,201.92,206.94189165645773,7.31876085803987,199.40905417177112,206.94189165645773,18.377012044300006,36.75402409,2.99236241,33.76166168,WIN,TAKE_PROFIT,3709.16407054
SOLUSDT,LONG,207.42,205.01479143321262,7.710691126246734,205.01479143321262,212.23041713357472,18.545820352700005,-18.54582035,3.18015729,-21.72597764,LOSS,STOP_LOSS,3687.4380929
BTCUSDT,SHORT,112360.5,111308.17676608753,0.035040926343423665,112886.66161695623,111308.17676608753,18.437190464500006,36.87438093,7.83755763,29.0368233,WIN,TAKE_PROFIT,3716.4749162
BTCUSDT,SHORT,111422.4,111962.19251795913,0.03442503177194238,111962.19251795913,110342.81496408173,18.582374581000007,-18.58237458,7.69002169,-26.27239628,LOSS,STOP_LOSS,3690.20251992
ETHUSDT,SHORT,4084.77,3996.0845042694086,0.4160998920421103,4129.112747865295,3996.0845042694086,18.451012599600006,36.9020252,3.36244269,33.53958251,WIN,TAKE_PROFIT,3723.74210243
BTCUSDT,SHORT,111000.4,111706.23898042685,0.02637812734696321,111706.23898042685,109588.7220391463,18.618710512150006,-18.61871051,5.87458408,-24.4932946,LOSS,STOP_LOSS,3699.24880783
SOLUSDT,SHORT,194.59,190.4654520154183,8.968858700779933,196.65227399229087,190.4654520154183,18.496244039150007,36.99248808,3.45350794,33.53898014,WIN,TAKE_PROFIT,3732.78778797
SOLUSDT,SHORT,192.18,194.75328942065167,7.2529497809553,194.75328942065167,187.0334211586967,18.663938939850006,-18.66393894,2.80640772,-21.47034666,LOSS,STOP_LOSS,3711.31744131
ETHUSDT,LONG,4057.0,4018.731568995259,0.484905879842604,4018.731568995259,4133.536862009482,18.556587206550006,-18.55658721,3.91596972,-22.47255693,LOSS,STOP_LOSS,3688.84488438
ETHUSDT,SHORT,4018.88,4056.389751916804,0.4917181127406299,4056.389751916804,3943.8604961663923,18.444224421900007,-18.44422442,3.9707564,-22.41498082,LOSS,STOP_LOSS,3666.42990356
ETHUSDT,LONG,4053.3,4008.9132051890606,0.41300908515435103,4008.9132051890606,4142.073589621879,18.33214951780001,-18.33214952,3.3297673,-21.66191682,LOSS,STOP_LOSS,3644.76798674
BTCUSDT,SHORT,110534.8,108846.44520116075,0.021587689917106273,111378.97739941963,108846.44520116075,18.223839933700006,36.44767987,4.7359343,31.71174557,WIN,TAKE_PROFIT,3676.47973231
ETHUSDT,SHORT,3951.36,3853.3803370160745,0.37522886080075185,4000.349831491963,3853.3803370160745,18.382398661550006,36.76479732,2.92856383,33.8362335,WIN,TAKE_PROFIT,3710.31596581
SOLUSDT,SHORT,185.07,178.14846730735303,5.360540982131939,188.53076634632347,178.14846730735303,18.55157982905001,37.10315966,1.94704748,35.15611218,WIN,TAKE_PROFIT,3745.47207799
BTCUSDT,SHORT,105709.7,104432.50654734673,0.029325800803387113,106348.29672632663,104432.50654734673,18.727360389950007,37.45472078,6.16258849,31.29213229,WIN,TAKE_PROFIT,3776.76421028
ETHUSDT,SHORT,3730.33,3770.35708400157,0.4717760866781908,3770.35708400157,3650.2758319968593,18.88382105140001,-18.88382105,3.5386448,-22.42246585,LOSS,STOP_LOSS,3754.34174443
BTCUSDT,SHORT,105767.9,106697.43714920235,0.020194683707109647,106697.43714920235,103908.82570159528,18.77170872215001,-18.77170872,4.29067028,-23.062379,LOSS,STOP_LOSS,3731.27936543
ETHUSDT,LONG,3870.2,3830.8615460531046,0.4742534328455098,3830.8615460531046,3948.8769078937903,18.656396827150008,-18.65639683,3.65225487,-22.3086517,LOSS,STOP_LOSS,3708.97071373
BTCUSDT,SHORT,106378.6,106872.37589962204,0.03755722703932091,106872.37589962204,105391.04820075592,18.54485356865001,-18.54485357,8.00911532,-26.55396889,LOSS,STOP_LOSS,3682.41674484
ETHUSDT,LONG,3872.69,3844.7579165619363,0.6591733038828558,3844.7579165619363,3928.5541668761275,18.41208372420001,-18.41208372,5.08713564,-23.49921936,LOSS,STOP_LOSS,3658.91752548
BTCUSDT,SHORT,106540.5,106992.62166298495,0.04046385989695199,106992.62166298495,105636.2566740301,18.29458762740001,-18.29458763,8.64037432,-26.93496195,LOSS,STOP_LOSS,3631.98256353
BTCUSDT,LONG,107025.0,106606.00959583212,0.043342073319592965,106606.00959583212,107862.98080833575,18.15991281765001,-18.15991282,9.25921088,-27.4191237,LOSS,STOP_LOSS,3604.56343983
BTCUSDT,SHORT,106551.2,107008.24466101303,0.039433383072898974,107008.24466101303,105637.11067797393,18.02281719915001,-18.0228172,8.42137139,-26.44418859,LOSS,STOP_LOSS,3578.11925124
BTCUSDT,LONG,107240.2,106847.40353368911,0.04554673422657601,106847.40353368911,108025.79293262176,17.89059625620001,-17.89059626,9.75099118,-27.64158744,LOSS,STOP_LOSS,3550.4776638
BTCUSDT,SHORT,106648.3,107094.09365396685,0.03982198526388289,107094.09365396685,105756.71269206633,17.75238831900001,-17.75238832,8.51164645,-26.26403477,LOSS,STOP_LOSS,3524.21362903
BTCUSDT,LONG,107151.0,106814.97735011626,0.052440120186083995,106814.97735011626,107823.04529976749,17.62106814515001,-17.62106815,11.22040157,-28.84146971,LOSS,STOP_LOSS,3495.37215932
BTCUSDT,SHORT,106825.0,107130.03814447876,0.05729401752840928,107130.03814447876,106214.92371104246,17.476860796600008,-17.4768608,12.25834371,-29.7352045,LOSS,STOP_LOSS,3465.63695482
BTCUSDT,LONG,107182.8,106926.21620024605,0.06753421217831068,106926.21620024605,107695.96759950789,17.32818477410001,-17.32818477,14.45968373,-31.7878685,LOSS,STOP_LOSS,3433.84908632
SOLUSDT,LONG,187.7,186.54375287831635,14.849114094744447,186.54375287831635,190.01249424336723,17.169245431600007,-17.16924543,5.55718819,-22.72643362,LOSS,STOP_LOSS,3411.1226527
BTCUSDT,SHORT,106772.0,107030.10260107392,0.06608074925450097,107030.10260107392,106255.79479785217,17.055613263500007,-17.05561326,14.12820313,-31.1838164,LOSS,STOP_LOSS,3379.9388363
BTCUSDT,LONG,107195.4,106968.88809170958,0.07460841378737879,106968.88809170958,107648.42381658082,16.89969418150001,-16.89969418,15.97845782,-32.87815201,LOSS,STOP_LOSS,3347.06068429
ETHUSDT,LONG,3904.28,3888.046764667836,1.0309284057683339,3888.046764667836,3936.746470664328,16.73530342145001,-16.73530342,8.03333101,-24.76863443,LOSS,STOP_LOSS,3322.29204986
BTCUSDT,SHORT,106765.1,106990.641883337,0.07365133253090746,106990.641883337,106314.01623332602,16.61146024930001,-16.61146025,15.74339523,-32.35485548,LOSS,STOP_LOSS,3289.93719438
BTCUSDT,SHORT,106655.3,106966.00635416439,0.052942869533967686,106966.00635416439,106033.88729167123,16.449685971900006,-16.44968597,11.30972495,-27.75941092,LOSS,STOP_LOSS,3262.17778346
ETHUSDT,LONG,3944.39,4002.305952265059,0.5632606658231647,3915.43202386747,4002.305952265059,16.31088891730001,32.62177783,4.47606125,28.14571658,WIN,TAKE_PROFIT,3290.32350004
SOLUSDT,LONG,191.84,190.29731765544108,10.664293630004478,190.29731765544108,194.92536468911783,16.45161750020001,-16.4516175,4.07522456,-20.52684206,LOSS,STOP_LOSS,3269.79665798
BTCUSDT,LONG,109004.2,108640.81150140248,0.044990370782228985,108640.81150140248,109730.97699719504,16.34898328990001,-16.34898329,9.79192977,-26.14091306,LOSS,STOP_LOSS,3243.65574492
SOLUSDT,SHORT,186.28,187.6405929091628,11.920008266528235,187.6405929091628,183.55881418167445,16.218278724600008,-16.21827872,4.45713656,-20.67541528,LOSS,STOP_LOSS,3222.98032964
BTCUSDT,LONG,109080.0,110136.8175904005,0.030497035239719743,108551.59120479974,110136.8175904005,16.11490164820001,32.2298033,6.68546301,25.54434029,WIN,TAKE_PROFIT,3248.52466993
ETHUSDT,LONG,4049.4,4022.604517770409,0.6061702196840044,4022.604517770409,4102.990964459182,16.24262334965001,-16.24262335,4.89300875,-21.1356321,LOSS,STOP_LOSS,3227.38903783
BTCUSDT,LONG,110969.5,110558.07944441563,0.03922250594949004,110558.07944441563,111792.34111116872,16.136945189150012,-16.13694519,8.6888668,-24.82581199,LOSS,STOP_LOSS,3202.56322584
BTCUSDT,LONG,110864.9,110457.09375211182,0.03926574497600908,110457.09375211182,111680.51249577633,16.012816129200008,-16.01281613,8.69037296,-24.70318909,LOSS,STOP_LOSS,3177.86003675
ETHUSDT,SHORT,3947.76,3983.4364957043263,0.4453716619321248,3983.4364957043263,3876.407008591348,15.889300183750011,-15.88930018,3.53233016,-19.42163035,LOSS,STOP_LOSS,3158.4384064
SOLUSDT,SHORT,188.71,190.31166054063098,9.85988705557966,190.31166054063098,185.50667891873806,15.79219203200001,-15.79219203,3.73711076,-19.5293028,LOSS,STOP_LOSS,3138.9091036
SOLUSDT,SHORT,188.89,190.35571293117187,10.707789488799618,190.35571293117187,185.9585741376562,15.694545518000009,-15.69454552,4.06088326,-19.75542878,LOSS,STOP_LOSS,3119.15367482
BTCUSDT,SHORT,110110.0,109284.33891857421,0.037777651690130636,110522.8305407129,109284.33891857421,15.59576837410001,31.19153675,8.28820292,22.90333383,WIN,TAKE_PROFIT,3142.05700865
ETHUSDT,SHORT,3936.33,3889.4807539583385,0.6706739753839134,3959.7546230208304,3889.4807539583385,15.71028504325001,31.42057009,5.24856761,26.17200248,WIN,TAKE_PROFIT,3168.22901113
BTCUSDT,SHORT,108247.1,108794.9317270008,0.028916078194987246,108794.9317270008,107151.43654599841,15.84114505565001,-15.84114506,6.27600436,-22.11714942,LOSS,STOP_LOSS,3146.11186171
ETHUSDT,SHORT,3878.89,3905.561841743841,0.5897815178879643,3905.561841743841,3825.5463165123183,15.730559308550012,-15.73055931,4.59112582,-20.32168513,LOSS,STOP_LOSS,3125.79017658
BTCUSDT,LONG,109882.4,111570.74988072105,0.018513876846693887,109038.22505963946,111570.74988072105,15.628950882900012,31.25790177,4.09995634,27.15794542,WIN,TAKE_PROFIT,3152.948122
SOLUSDT,LONG,193.77,190.91317427542734,5.518271721792927,190.91317427542734,199.48365144914538,15.764740610000013,-15.76474061,2.12278628,-17.88752689,LOSS,STOP_LOSS,3135.06059511
ETHUSDT,SHORT,3952.27,3865.9569932799263,0.36321994960475434,3995.426503360037,3865.9569932799263,15.675302975550013,31.35060595,2.83973601,28.51086994,WIN,TAKE_PROFIT,3163.57146505
BTCUSDT,SHORT,108449.6,106467.55262207982,0.015961129387177513,109440.6236889601,106467.55262207982,15.81785732525001,31.63571465,3.43032048,28.20539417,WIN,TAKE_PROFIT,3191.77685922
BTCUSDT,SHORT,107929.4,108511.43270651072,0.02741922252406246,108511.43270651072,106765.33458697854,15.958884296100011,-15.9588843,5.93463936,-21.89352365,LOSS,STOP_LOSS,3169.88333557
ETHUSDT,SHORT,3840.12,3768.8267454801316,0.4446259827690447,3875.766627259934,3768.8267454801316,15.84941667785001,31.69883336,3.38313542,28.31569793,WIN,TAKE_PROFIT,3198.1990335
BTCUSDT,SHORT,107831.7,108501.51464737362,0.023873761540153363,108501.51464737362,106492.07070525273,15.990995167500012,-15.99099517,5.16468758,-21.15568275,LOSS,STOP_LOSS,3177.04335075
SOLUSDT,LONG,183.52,186.21155162529524,11.803761521392056,182.1742241873524,186.21155162529524,15.885216753750012,31.77043351,4.36422306,27.40621045,WIN,TAKE_PROFIT,3204.4495612
BTCUSDT,LONG,109667.1,109109.54452138231,0.02873659827668243,109109.54452138231,110782.2109572354,16.02224780600001,-16.02224781,6.28689655,-22.30914435,LOSS,STOP_LOSS,3182.14041685
SOLUSDT,LONG,188.64,187.34648686549858,12.30037922296231,187.34648686549858,191.2270262690028,15.91070208425001,-15.91070208,4.62477637,-20.53547846,LOSS,STOP_LOSS,3161.60493839
ETHUSDT,SHORT,3844.09,3867.303514447519,0.6809836885185524,3867.303514447519,3797.6629711049627,15.808024691950012,-15.80802469,5.2513332,-21.05935789,LOSS,STOP_LOSS,3140.5455805
BTCUSDT,LONG,109818.2,111109.95135877057,0.02431230715707547,109172.3243206147,111109.95135877057,15.70272790250001,31.4054558,5.37127308,26.03418273,WIN,TAKE_PROFIT,3166.57976323
ETHUSDT,SHORT,3840.29,3873.8661329557503,0.47155218371978663,3873.8661329557503,3773.137734088499,15.83289881615001,-15.83289882,3.63762717,-19.47052599,LOSS,STOP_LOSS,3147.10923724
BTCUSDT,LONG,110443.1,111373.12378598304,0.033839018793626705,109978.08810700849,111373.12378598304,15.735546186200008,31.47109237,7.50604337,23.96504901,WIN,TAKE_PROFIT,3171.07428625
SOLUSDT,LONG,193.79,192.26188615776772,10.375778945951136,192.26188615776772,196.8462276844645,15.855371431250008,-15.85537143,4.00558903,-19.86096046,LOSS,STOP_LOSS,3151.21332579
BTCUSDT,LONG,111013.7,110595.09625143193,0.037639573660883836,110595.09625143193,111850.90749713614,15.756066628950007,-15.75606663,8.34126061,-24.09732724,LOSS,STOP_LOSS,3127.11599855
SOLUSDT,LONG,192.78,195.07975149017537,13.597625708295801,191.63012425491232,195.07975149017537,15.635579992750007,31.27115999,5.27397173,25.99718826,WIN,TAKE_PROFIT,3153.11318681
BTCUSDT,LONG,111501.3,110989.62634214912,0.030811759980507957,110989.62634214912,112524.64731570178,15.765565934050006,-15.76556593,6.85533702,-22.62090295,LOSS,STOP_LOSS,3130.49228386
SOLUSDT,SHORT,189.7,191.46720281301927,8.85719584870827,191.46720281301927,186.16559437396143,15.652461419300005,-15.65246142,3.37607257,-19.02853399,LOSS,STOP_LOSS,3111.46374987
ETHUSDT,SHORT,3899.88,3934.93623489525,0.4437817921929189,3934.93623489525,3829.7675302095,15.557318749350005,-15.55731875,3.47694879,-19.03426754,LOSS,STOP_LOSS,3092.42948233
BTCUSDT,LONG,110897.9,111886.44799910058,0.03128254252847206,110403.6260004497,111886.44799910058,15.462147411650003,30.92429482,6.96926084,23.95503398,WIN,TAKE_PROFIT,3116.38451631
BTCUSDT,LONG,111871.5,111637.77980096293,0.06666913106247667,111637.77980096293,112338.94039807412,15.581922581550002,-15.58192258,14.90116947,-30.48309205,LOSS,STOP_LOSS,3085.90142426
BTCUSDT,LONG,111727.2,111485.42926715681,0.06381875481722592,111485.42926715681,112210.74146568635,15.429507121300002,-15.42950712,14.24515206,-29.67465918,LOSS,STOP_LOSS,3056.22676508
BTCUSDT,LONG,111626.9,111376.49640892603,0.06102601707850928,111376.49640892603,112127.70718214793,15.281133825400001,-15.28113383,13.60900908,-28.8901429,LOSS,STOP_LOSS,3027.33662218
SOLUSDT,SHORT,191.61,192.51183083414568,16.784392967933442,192.51183083414568,189.8063383317087,15.136683110900004,-15.13668311,6.44725176,-21.58393487,LOSS,STOP_LOSS,3005.75268731
SOLUSDT,LONG,193.19,192.35010070224246,17.89353018472021,192.35010070224246,194.8697985955151,15.028763436550003,-15.02876344,6.89867343,-21.92743687,LOSS,STOP_LOSS,2983.82525044
SOLUSDT,SHORT,192.16,193.06347489204362,16.51305020602585,193.06347489204362,190.35305021591276,14.919126252200003,-14.91912625,6.36121458,-21.28034083,LOSS,STOP_LOSS,2962.54490961
SOLUSDT,LONG,193.52,195.0037968989011,19.965973185441406,192.77810155054948,195.0037968989011,14.812724548050003,29.6254491,7.75725571,21.86819339,WIN,TAKE_PROFIT,2984.413103
BTCUSDT,LONG,112630.8,112377.79197003171,0.05897862418386714,112377.79197003171,113136.81605993657,14.922065515000003,-14.92206552,13.27069718,-28.1927627,LOSS,STOP_LOSS,2956.2203403
BTCUSDT,LONG,112277.8,112879.50062708395,0.049131082921200296,111976.94968645803,112879.50062708395,14.781101701500004,29.5622034,11.06222201,18.4999814,WIN,TAKE_PROFIT,2974.7203217
BTCUSDT,LONG,113273.5,112907.46841693016,0.040634749285178615,112907.46841693016,114005.56316613968,14.873601608500003,-14.87360161,9.19080694,-24.06440855,LOSS,STOP_LOSS,2950.65591315
ETHUSDT,LONG,4078.77,4119.647091861864,0.7218360648358024,4058.3314540690676,4119.647091861864,14.753279565750004,29.50655913,5.91791313,23.588646,WIN,TAKE_PROFIT,2974.24455915
SOLUSDT,LONG,199.68,202.49480883145014,10.566417605055346,198.27259558427494,202.49480883145014,14.871222795750004,29.74244559,4.24954698,25.49289861,WIN,TAKE_PROFIT,2999.73745776
BTCUSDT,LONG,114836.7,115937.38938858632,0.027253260446280073,114286.35530570683,115937.38938858632,14.998687288800005,29.99737458,6.28934636,23.70802822,WIN,TAKE_PROFIT,3023.44548598
SOLUSDT,LONG,204.68,203.3077436374497,11.01632890359134,203.3077436374497,207.4245127251006,15.117227429900003,-15.11722743,4.49452717,-19.6117546,LOSS,STOP_LOSS,3003.83373138
BTCUSDT,LONG,115622.6,115187.25469423173,0.034499438624691146,115187.25469423173,116493.29061153656,15.019168656900003,-15.01916866,7.96281042,-22.98197907,LOSS,STOP_LOSS,2980.85175231
BTCUSDT,LONG,115318.5,114865.16555277554,0.03287696060337181,114865.16555277554,116225.16889444893,14.904258761550004,-14.90425876,7.5677393,-22.47199807,LOSS,STOP_LOSS,2958.37975424
ETHUSDT,SHORT,4145.59,4172.950944821068,0.5406209057448198,4172.950944821068,4090.8681103578633,14.791898771200003,-14.79189877,4.49717714,-19.28907591,LOSS,STOP_LOSS,2939.09067833
BTCUSDT,LONG,115210.4,114766.54545208391,0.03310871424128898,114766.54545208391,116098.10909583216,14.695453391650004,-14.69545339,7.61424097,-22.30969436,LOSS,STOP_LOSS,2916.78098397
ETHUSDT,SHORT,4147.38,4180.340253442656,0.44246944111710285,4180.340253442656,4081.4594931146885,14.583904919850005,-14.58390492,3.68476173,-18.26866665,LOSS,STOP_LOSS,2898.51231732
BTCUSDT,LONG,115209.6,114716.30170506636,0.02937890062755969,114716.30170506636,116196.19658986728,14.492561586600004,-14.49256159,6.75497022,-21.2475318,LOSS,STOP_LOSS,2877.26478552
SOLUSDT,SHORT,199.6,201.21901823137983,8.885831949735987,201.21901823137983,196.3619635372403,14.386323927600003,-14.38632393,3.56161044,-17.94793437,LOSS,STOP_LOSS,2859.31685115
SOLUSDT,LONG,201.57,200.06777706945945,9.516952487608203,200.06777706945945,204.5744458610811,14.296584255750004,-14.29658426,3.82236764,-18.1189519,LOSS,STOP_LOSS,2841.19789925
BTCUSDT,SHORT,114054.9,114458.28463625668,0.03521698205484071,114458.28463625668,113248.13072748663,14.205989496250004,-14.2059895,8.04754472,-22.25353422,LOSS,STOP_LOSS,2818.94436503
SOLUSDT,LONG,202.97,201.46445807817526,9.361892632034474,201.46445807817526,205.98108384364946,14.094721825150005,-14.09472183,3.78627197,-17.8809938,LOSS,STOP_LOSS,2801.06337123
SOLUSDT,LONG,202.07,200.50759395516133,8.96394180143877,200.50759395516133,205.19481208967733,14.005316856150005,-14.00531686,3.60868212,-17.61399898,LOSS,STOP_LOSS,2783.44937225
BTCUSDT,LONG,114480.9,114179.75243769477,0.04621404455249795,114179.75243769477,115083.19512461046,13.917246861250005,-13.91724686,10.56733358,-24.48458044,LOSS,STOP_LOSS,2758.96479181
ETHUSDT,SHORT,4102.3,4121.495779120391,0.7186383981881144,4121.495779120391,4063.90844175922,13.794823959050005,-13.79482396,5.90993543,-19.70475938,LOSS,STOP_LOSS,2739.26003243
BTCUSDT,LONG,114402.2,114961.71905969226,0.04895740341600913,114122.44047015387,114961.71905969226,13.696300162150004,27.39260032,11.22906191,16.16353841,WIN,TAKE_PROFIT,2755.42357084
BTCUSDT,LONG,115011.5,115671.49806677547,0.04174896427048776,114681.50096661226,115671.49806677547,13.777117854200005,27.55423571,9.63077624,17.92345946,WIN,TAKE_PROFIT,2773.3470303
SOLUSDT,LONG,202.07,200.4717156313655,8.676012494163999,200.4717156313655,205.266568737269,13.866735151500004,-13.86673515,3.49245695,-17.35919211,LOSS,STOP_LOSS,2755.98783819
BTCUSDT,LONG,115021.8,114405.5383439966,0.0223605331545631,114405.5383439966,116254.3233120068,13.779939190950003,-13.77993919,5.13011761,-18.9100568,LOSS,STOP_LOSS,2737.07778139
SOLUSDT,SHORT,197.04,193.07488542702947,6.902897081582874,199.02255728648527,193.07488542702947,13.685388906950005,27.37077781,2.6929229,24.67785491,WIN,TAKE_PROFIT,2761.7556363
BTCUSDT,SHORT,112435.4,112974.04179198296,0.025636291849290418,112974.04179198296,111358.11641603407,13.808778181500005,-13.80877818,5.77866224,-19.58744042,LOSS,STOP_LOSS,2742.16819588
SOLUSDT,SHORT,194.47,195.5608804266033,12.568601145491304,195.5608804266033,192.28823914679344,13.710840979400004,-13.71084098,4.90214257,-18.61298355,LOSS,STOP_LOSS,2723.55521233
SOLUSDT,LONG,198.65,197.142686478712,9.03446819080709,197.142686478712,201.66462704257603,13.617776061650003,-13.61777606,3.57577644,-17.1935525,LOSS,STOP_LOSS,2706.36165983
SOLUSDT,LONG,198.03,195.91575175364,6.400293022565857,195.91575175364,202.25849649272,13.531808299150004,-13.5318083,2.52136825,-16.05317655,LOSS,STOP_LOSS,2690.30848328
BTCUSDT,SHORT,111149.2,109905.30029502593,0.021628017697263503,111771.14985248703,109905.30029502593,13.451542416400004,26.90308483,4.78097064,22.12211419,WIN,TAKE_PROFIT,2712.43059747
BTCUSDT,SHORT,109961.6,110654.15444804227,0.019582796739935477,110654.15444804227,108576.49110391547,13.562152987350006,-13.56215299,4.32027348,-17.88242646,LOSS,STOP_LOSS,2694.54817101
SOLUSDT,LONG,198.08,196.1328244211655,6.919119673385742,196.1328244211655,201.974351157669,13.472740855050006,-13.47274086,2.72760571,-16.20034656,LOSS,STOP_LOSS,2678.34782445
ETHUSDT,SHORT,3885.68,3913.7556894938566,0.47698700775203867,3913.7556894938566,3829.5286210122867,13.391739122250005,-13.39173912,3.72022949,-17.11196861,LOSS,STOP_LOSS,2661.23585584
ETHUSDT,SHORT,3890.08,3928.3616404309273,0.3475864442958948,3928.3616404309273,3813.516719138145,13.306179279200006,-13.30617928,2.71758433,-16.02376361,LOSS,STOP_LOSS,2645.21209223
ETHUSDT,SHORT,3909.05,3851.561966213809,0.4601326429197479,3937.794016893096,3851.561966213809,13.226060461150006,26.45212092,3.57091089,22.88121003,WIN,TAKE_PROFIT,2668.09330226
BTCUSDT,SHORT,108720.6,107471.20325685535,0.021355052483525625,109345.29837157234,107471.20325685535,13.340466511300006,26.68093302,4.61678731,22.06414572,WIN,TAKE_PROFIT,2690.15744798
BTCUSDT,SHORT,107435.6,108153.28472665075,0.018741916527430763,108153.28472665075,106000.23054669854,13.450787239900006,-13.45078724,4.04054888,-17.49133612,LOSS,STOP_LOSS,2672.66611186
BTCUSDT,SHORT,108043.2,106512.98807342883,0.01746598667446543,108808.30596328557,106512.98807342883,13.363330559300005,26.72666112,3.74743552,22.9792256,WIN,TAKE_PROFIT,2695.64533746
BTCUSDT,SHORT,106699.9,107437.5332869332,0.0182722593001965,107437.5332869332,105224.63342613356,13.478226687300005,-13.47822669,3.91277471,-17.39100139,LOSS,STOP_LOSS,2678.25433607
SOLUSDT,SHORT,182.11,184.52536845535568,5.544194158310342,184.52536845535568,177.27926308928866,13.391271680350005,-13.39127168,2.03269767,-15.42396935,LOSS,STOP_LOSS,2662.83036672
ETHUSDT,LONG,3835.13,3805.247921406689,0.44555641576353805,3805.247921406689,3894.894157186622,13.314151833600006,-13.31415183,3.4042194,-16.71837124,LOSS,STOP_LOSS,2646.11199548
SOLUSDT,SHORT,184.75,186.6099725076393,7.113309429606743,186.6099725076393,181.03005498472137,13.230559977400006,-13.23055998,2.64159839,-15.87215837,LOSS,STOP_LOSS,2630.23983711
ETHUSDT,LONG,3891.6,3855.8822029495404,0.36819737698187205,3855.8822029495404,3963.035594100919,13.151199185550006,-13.15119919,2.85260263,-16.00380181,LOSS,STOP_LOSS,2614.2360353
BTCUSDT,SHORT,109455.4,110103.39525028532,0.020171722201273216,110103.39525028532,108159.40949942936,13.071180176500006,-13.07118018,4.42887902,-17.5000592,LOSS,STOP_LOSS,2596.7359761
BTCUSDT,LONG,110003.0,110725.13369953506,0.03595921333919038,109641.93315023246,110725.13369953506,12.983679880500006,25.96735976,7.93721005,18.03014971,WIN,TAKE_PROFIT,2614.76612581
BTCUSDT,LONG,110610.0,110332.53577253407,0.04711897727665012,110332.53577253407,111164.92845493184,13.073830629050006,-13.07383063,10.41058632,-23.48441695,LOSS,STOP_LOSS,2591.28170886
ETHUSDT,SHORT,3857.7,3874.2001535028617,0.785229576321997,3874.2001535028617,3824.6996929942766,12.956408544300004,-12.95640854,6.07131668,-19.02772523,LOSS,STOP_LOSS,2572.25398363
BTCUSDT,LONG,110805.9,110497.92017463403,0.04176010523698131,110497.92017463403,111421.85965073193,12.861269918150004,-12.86126992,9.24167082,-22.10294074,LOSS,STOP_LOSS,2550.15104289
SOLUSDT,SHORT,184.64,182.57847768963958,12.370232570726762,185.67076115518017,182.57847768963958,12.750755214450002,25.50151043,4.54257797,20.95893246,WIN,TAKE_PROFIT,2571.10997535
BTCUSDT,SHORT,109781.3,110170.12107311437,0.03306289387501648,110170.12107311437,109003.65785377129,12.855549876750004,-12.85554988,7.27223049,-20.12778037,LOSS,STOP_LOSS,2550.98219498
ETHUSDT,SHORT,3857.91,3877.1774301354567,0.661993368354179,3877.1774301354567,3819.3751397290857,12.754910974900003,-12.75491097,5.12057658,-17.87548756,LOSS,STOP_LOSS,2533.10670742
SOLUSDT,LONG,186.39,188.52197900224286,11.881480562215346,185.32401049887855,188.52197900224286,12.665533537100005,25.33106707,4.45450939,20.87655768,WIN,TAKE_PROFIT,2553.9832651
SOLUSDT,LONG,188.1,186.8349136709409,10.094106648830488,186.8349136709409,190.6301726581182,12.769916325500006,-12.76991633,3.784633,-16.55454933,LOSS,STOP_LOSS,2537.42871577
BTCUSDT,SHORT,109700.1,108858.98485926192,0.030167435977235913,110120.65757036905,108858.98485926192,12.687143578850005,25.37428716,6.5933672,18.78091996,WIN,TAKE_PROFIT,2556.20963573
BTCUSDT,SHORT,108816.9,107839.30579514877,0.026147962242871754,109305.6971024256,107839.30579514877,12.781048178650005,25.56209636,5.66511829,19.89697807,WIN,TAKE_PROFIT,2576.1066138
BTCUSDT,SHORT,107689.1,106490.46517255198,0.02149200536150527,108288.41741372402,106490.46517255198,12.880533069000005,25.76106614,4.60314836,21.15791777,WIN,TAKE_PROFIT,2597.26453157
BTCUSDT,SHORT,105926.2,106698.54100824056,0.016814234281607963,106698.54100824056,104381.51798351889,12.986322657850005,-12.98632266,3.57512221,-16.56144487,LOSS,STOP_LOSS,2580.7030867
BTCUSDT,SHORT,106644.0,107499.56818058173,0.015081808471098766,107499.56818058173,104932.86363883656,12.903515433500006,-12.90351543,3.22967228,-16.13318771,LOSS,STOP_LOSS,2564.56989899
SOLUSDT,SHORT,169.08,163.32698149172947,4.457781415622384,171.95650925413528,163.32698149172947,12.822849494950006,25.64569899,1.48179766,24.16390133,WIN,TAKE_PROFIT,2588.73380032
BTCUSDT,SHORT,106615.9,105142.56676282044,0.017570592551592015,107352.56661858977,105142.56676282044,12.943669001600005,25.887338,3.72072174,22.16661626,WIN,TAKE_PROFIT,2610.90041658
BTCUSDT,SHORT,104885.5,103520.33878298853,0.019125216743965525,105568.08060850573,103520.33878298853,13.054502082900006,26.10900417,3.98580684,22.12319733,WIN,TAKE_PROFIT,2633.02361391
SOLUSDT,SHORT,160.58,162.31695047651502,7.579443540592046,162.31695047651502,157.10609904696997,13.165118069550006,-13.16511807,2.44737921,-15.61249728,LOSS,STOP_LOSS,2617.41111663
BTCUSDT,SHORT,104139.4,102924.93284819364,0.021551930101501464,104746.63357590316,102924.93284819364,13.087055583150006,26.17411117,4.46263603,21.71147514,WIN,TAKE_PROFIT,2639.12259177
BTCUSDT,SHORT,103886.4,104537.63900227431,0.020262319843815966,104537.63900227431,102583.92199545134,13.195612958850006,-13.19561296,4.22315454,-17.4187675,LOSS,STOP_LOSS,2621.70382427
BTCUSDT,SHORT,104038.9,104771.61424175694,0.017890356668812172,104771.61424175694,102573.47151648611,13.108519121350007,-13.10851912,3.73569458,-16.8442137,LOSS,STOP_LOSS,2604.85961057
BTCUSDT,SHORT,104078.9,102557.11982799057,0.017117187215880385,104839.79008600471,102557.11982799057,13.024298052850007,26.04859611,3.53702744,22.51156867,WIN,TAKE_PROFIT,2627.37117924
BTCUSDT,SHORT,102701.4,101051.07207073443,0.01592029761266444,103526.56396463278,101051.07207073443,13.136855896200007,26.27371179,3.24379999,23.0299118,WIN,TAKE_PROFIT,2650.40109104
SOLUSDT,SHORT,156.07,150.00170672409982,4.367621949924362,159.10414663795007,150.00170672409982,13.252005455200006,26.50401091,1.3368055,25.16720541,WIN,TAKE_PROFIT,2675.56829645
ETHUSDT,SHORT,3183.06,3056.8688975822497,0.21202511470203736,3246.155551208875,3056.8688975822497,13.377841482250005,26.75568296,1.32302164,25.43266132,WIN,TAKE_PROFIT,2701.00095777
BTCUSDT,SHORT,99260.1,100328.6636505978,0.012638465459025128,100328.6636505978,97122.97269880441,13.505004788850005,-13.50500479,2.5224957,-16.02750048,LOSS,STOP_LOSS,2684.97345729
BTCUSDT,SHORT,100871.9,102018.60564770932,0.011707335106675142,102018.60564770932,98578.48870458135,13.424867286450006,-13.42486729,2.37530714,-15.80017443,LOSS,STOP_LOSS,2669.17328286
SOLUSDT,SHORT,155.47,157.50364138366527,6.562546632605618,157.50364138366527,151.40271723266943,13.345866414300005,-13.34586641,2.05390412,-15.39977053,LOSS,STOP_LOSS,2653.77351233
BTCUSDT,LONG,102019.4,103191.23575781862,0.02264629232060657,101433.48212109068,103191.23575781862,13.268867561650007,26.53773512,4.64726004,21.89047508,WIN,TAKE_PROFIT,2675.66398741
ETHUSDT,LONG,3358.72,3324.248889000598,0.3881023717884259,3324.248889000598,3427.662221998804,13.378319937050007,-13.37831994,2.59367608,-15.97199601,LOSS,STOP_LOSS,2659.6919914
BTCUSDT,LONG,102934.4,104322.80572663591,0.019156446421784778,102240.19713668204,104322.80572663591,13.298459957000007,26.59691991,3.97031156,22.62660836,WIN,TAKE_PROFIT,2682.31859976
ETHUSDT,SHORT,3414.18,3445.7783675149444,0.42443942689308156,3445.7783675149444,3350.9832649701107,13.411592998800007,-13.411593,2.9116368,-16.3232298,LOSS,STOP_LOSS,2665.99536996
BTCUSDT,LONG,103562.0,103003.29909515895,0.023858878219630102,103003.29909515895,104679.40180968212,13.329976849800007,-13.32997685,4.92841632,-18.25839317,LOSS,STOP_LOSS,2647.73697679
SOLUSDT,SHORT,159.26,160.6614783893397,9.446228343333463,160.6614783893397,156.4570432213206,13.238684883950008,-13.23868488,3.02205134,-16.26073622,LOSS,STOP_LOSS,2631.47624057
ETHUSDT,SHORT,3365.03,3304.381431776242,0.43388926031384323,3395.354284111879,3304.381431776242,13.157381202850006,26.31476241,2.89378599,23.42097641,WIN,TAKE_PROFIT,2654.89721698
BTCUSDT,SHORT,101764.0,100275.99244085971,0.017841960551019588,102508.00377957015,100275.99244085971,13.274486084900007,26.54897217,3.60478957,22.94418259,WIN,TAKE_PROFIT,2677.84139957
BTCUSDT,SHORT,100557.4,101422.15130279839,0.015483303644090144,101422.15130279839,98827.89739440322,13.389206997850005,-13.389207,3.12731072,-16.51651772,LOSS,STOP_LOSS,2661.32488185
ETHUSDT,SHORT,3280.4,3323.783094882358,0.3067237237300303,3323.783094882358,3193.6338102352847,13.306624409250006,-13.30662441,2.02565963,-15.33228404,LOSS,STOP_LOSS,2645.99259781
BTCUSDT,SHORT,101762.2,99972.18714572082,0.01478197540025779,102657.20642713958,99972.18714572082,13.229962989050005,26.45992598,2.98203275,23.47789323,WIN,TAKE_PROFIT,2669.47049104
BTCUSDT,SHORT,99885.0,100429.43066670623,0.02451616573318784,100429.43066670623,98796.13866658753,13.347352455200005,-13.34735246,4.91094178,-18.25829424,LOSS,STOP_LOSS,2651.2121968
BTCUSDT,SHORT,100369.1,99231.73282986374,0.02331008197187879,100937.78358506813,99231.73282986374,13.256060984000005,26.51212197,4.65271177,21.85941019,WIN,TAKE_PROFIT,2673.07160699
SOLUSDT,SHORT,151.57,153.32580255459,7.612107637051909,153.32580255459,148.05839489081993,13.365358034950004,-13.36535803,2.32089967,-15.6862577,LOSS,STOP_LOSS,2657.38534929
BTCUSDT,SHORT,100521.9,101332.49825758042,0.016391506670777375,101332.49825758042,98900.70348483915,13.286926746450003,-13.28692675,3.30869772,-16.59562446,LOSS,STOP_LOSS,2640.78972483
ETHUSDT,LONG,3376.92,3477.6475264104,0.26217160481738405,3326.5562367948,3477.6475264104,13.203948624150003,26.40789725,1.79707297,24.61082428,WIN,TAKE_PROFIT,2665.40054911
ETHUSDT,LONG,3471.93,3443.472285765494,0.4683089666207485,3443.472285765494,3528.8454284690115,13.327002745550002,-13.32700275,3.2385449,-16.56554764,LOSS,STOP_LOSS,2648.83500147
BTCUSDT,SHORT,102257.4,101345.44072457096,0.02904554044065019,102713.3796377145,101345.44072457096,13.244175007350002,26.48835001,5.91375454,20.57459547,WIN,TAKE_PROFIT,2669.40959694
BTCUSDT,SHORT,101466.8,101833.64679763095,0.03638316613609167,101833.64679763095,100733.10640473811,13.347047984700003,-13.34704798,7.39671393,-20.74376192,LOSS,STOP_LOSS,2648.66583502
ETHUSDT,SHORT,3374.13,3393.370086817692,0.6883196162567321,3393.370086817692,3335.649826364616,13.243329175100003,-13.24332918,4.65820306,-17.90153224,LOSS,STOP_LOSS,2630.76430278
BTCUSDT,SHORT,101751.1,102111.97818606714,0.036449478028171035,102111.97818606714,101029.34362786575,13.153821513900002,-13.15382151,7.43070279,-20.5845243,LOSS,STOP_LOSS,2610.17977848
ETHUSDT,LONG,3423.0,3461.4343504833714,0.6791268086107771,3403.7828247583143,3461.4343504833714,13.050898892400003,26.10179778,4.67540393,21.42639386,WIN,TAKE_PROFIT,2631.60617234
ETHUSDT,LONG,3445.94,3486.711791969162,0.6454477581781181,3425.5541040154194,3486.711791969162,13.158030861700004,26.31606172,4.47466456,21.84139717,WIN,TAKE_PROFIT,2653.44756951
BTCUSDT,LONG,103300.3,104379.12255869556,0.02459577386589312,102760.88872065223,104379.12255869556,13.267237847550005,26.5344757,5.10803611,21.42643958,WIN,TAKE_PROFIT,2674.87400909
SOLUSDT,LONG,165.16,163.76196141756552,9.566524281583439,163.76196141756552,167.95607716486896,13.374370045450005,-13.37437005,3.14663993,-16.52100998,LOSS,STOP_LOSS,2658.35299911
BTCUSDT,LONG,104977.4,106214.58483122718,0.021487112774193264,104358.80758438639,106214.58483122718,13.291764995550004,26.58352999,4.537906,22.045624,WIN,TAKE_PROFIT,2680.39862311
ETHUSDT,LONG,3617.09,3592.7054456261244,0.5496099256137413,3592.7054456261244,3665.859108747751,13.401993115550004,-13.40199312,3.96257514,-17.36456825,LOSS,STOP_LOSS,2663.03405486
BTCUSDT,LONG,106383.8,105939.322821298,0.029956926727225972,105939.322821298,107272.754357404,13.315170274300003,-13.31517027,6.36054823,-19.67571851,LOSS,STOP_LOSS,2643.35833635
BTCUSDT,LONG,106204.9,105808.29074590094,0.03332446619727479,105808.29074590094,106998.11850819808,13.216791681750003,-13.21679168,7.06522641,-20.28201809,LOSS,STOP_LOSS,2623.07631826
ETHUSDT,SHORT,3518.1,3551.4779352510327,0.3929356771969345,3551.4779352510327,3451.3441294979343,13.115381591300004,-13.11538159,2.77788939,-15.89327098,LOSS,STOP_LOSS,2607.18304728
ETHUSDT,SHORT,3545.88,3578.3252874053087,0.40178146901750417,3578.3252874053087,3480.989425189383,13.035915236400003,-13.03591524,2.86237367,-15.8982889,LOSS,STOP_LOSS,2591.28475838
BTCUSDT,LONG,106135.8,105623.25462589825,0.025278588875387392,105623.25462589825,107160.89074820353,12.956423791900004,-12.95642379,5.35297008,-18.30939387,LOSS,STOP_LOSS,2572.97536451
BTCUSDT,LONG,106100.0,107185.934290034,0.023693656127475638,105557.032854983,107185.934290034,12.864876822550004,25.72975365,5.05352358,20.67623006,WIN,TAKE_PROFIT,2593.65159457
BTCUSDT,LONG,106741.7,106117.27909434758,0.020768455789128965,106117.27909434758,107990.54181130482,12.968257972850004,-12.96825797,4.4207523,-17.38901027,LOSS,STOP_LOSS,2576.2625843
BTCUSDT,LONG,106047.4,105377.31539257521,0.019223412653820594,105377.31539257521,107387.56921484956,12.881312921500003,-12.88131292,4.06430455,-16.94561747,LOSS,STOP_LOSS,2559.31696683
SOLUSDT,SHORT,165.02,161.27058016919443,6.8259012922543825,166.8947099154028,161.27058016919443,12.796584834150003,25.59316967,2.22722729,23.36594238,WIN,TAKE_PROFIT,2582.68290921
SOLUSDT,SHORT,162.91,159.8119861474006,8.336576374708583,164.45900692629968,159.8119861474006,12.913414546050003,25.82682909,2.69039649,23.13643261,WIN,TAKE_PROFIT,2605.81934182
SOLUSDT,SHORT,160.52,157.35276347368108,8.227422613266475,162.1036182631595,157.35276347368108,13.029096709100005,26.05819342,2.61527356,23.44291986,WIN,TAKE_PROFIT,2629.26226168
BTCUSDT,SHORT,103073.6,103653.76917807544,0.02265944452962747,103653.76917807544,101913.26164384912,13.146311308400005,-13.14631131,4.68432735,-17.83063866,LOSS,STOP_LOSS,2611.43162302
BTCUSDT,LONG,104004.7,104802.85798299631,0.032718229707063305,103605.62100850184,104802.85798299631,13.057158115100004,26.11431623,6.83181365,19.28250258,WIN,TAKE_PROFIT,2630.7141256
ETHUSDT,LONG,3485.24,3529.838684292032,0.5898636175843385,3462.940657853984,3529.838684292032,13.153570628000002,26.30714126,4.13793969,22.16920157,WIN,TAKE_PROFIT,2652.88332717
SOLUSDT,LONG,159.88,158.6268923791052,10.585217434379894,158.6268923791052,162.3862152417896,13.264416635850003,-13.26441664,3.37146471,-16.63588135,LOSS,STOP_LOSS,2636.24744582
BTCUSDT,SHORT,103948.5,102841.48417116592,0.02381399955768047,104502.00791441704,102841.48417116592,13.181237229100002,26.36247446,4.92449659,21.43797787,WIN,TAKE_PROFIT,2657.68542369
SOLUSDT,SHORT,156.33,152.8629982776462,7.665659369461291,158.06350086117692,152.8629982776462,13.288427118450002,26.57685424,2.3701682,24.20668603,WIN,TAKE_PROFIT,2681.89210972
BTCUSDT,SHORT,101473.9,102250.81110106214,0.017259967749550093,102250.81110106214,99920.07779787571,13.409460548600002,-13.40946055,3.51628194,-16.92574249,LOSS,STOP_LOSS,2664.96636723
SOLUSDT,SHORT,152.82,154.4693659001508,8.078760349617772,154.4693659001508,149.52126819969837,13.324831836150002,-13.32483184,2.48251715,-15.80734898,LOSS,STOP_LOSS,2649.15901825
ETHUSDT,LONG,3468.0,3549.7814952143713,0.32393135039972626,3427.1092523928146,3549.7814952143713,13.245795091250002,26.49159018,2.27327944,24.21831075,WIN,TAKE_PROFIT,2673.377329
BTCUSDT,LONG,103555.0,102875.28687119257,0.019665482507969814,102875.28687119257,104914.42625761486,13.366886645000001,-13.36688664,4.0595512,-17.42643784,LOSS,STOP_LOSS,2655.95089116
SOLUSDT,SHORT,154.46,155.9920945891526,8.667711869634113,155.9920945891526,151.39581082169485,13.279754455800003,-13.27975446,2.69090931,-15.97066376,LOSS,STOP_LOSS,2639.9802274
BTCUSDT,SHORT,102835.0,101713.88881602489,0.023547889496913634,103395.55559198756,101713.88881602489,13.199901137000001,26.39980227,4.81669463,21.58310764,WIN,TAKE_PROFIT,2661.56333504
BTCUSDT,SHORT,101775.5,102402.49482402141,0.021224763212312273,102402.49482402141,100521.51035195717,13.307816675200002,-13.30781668,4.33362959,-17.64144627,LOSS,STOP_LOSS,2643.92188877
ETHUSDT,SHORT,3441.72,3361.39463270847,0.3291515467553663,3481.8826836457647,3361.39463270847,13.219609443850002,26.43921889,2.2392557,24.19996318,WIN,TAKE_PROFIT,2668.12185195
SOLUSDT,SHORT,152.02,148.1952013274222,6.975849137052124,153.9323993362889,148.1952013274222,13.340609259750002,26.68121852,2.09425595,24.58696257,WIN,TAKE_PROFIT,2692.70881452
BTCUSDT,SHORT,99984.3,98266.66229613629,0.015676814781504456,100843.11885193185,98266.66229613629,13.463544072600003,26.92708815,3.10794362,23.81914453,WIN,TAKE_PROFIT,2716.52795905
BTCUSDT,SHORT,98639.1,99575.4340868395,0.014506189602791255,99575.4340868395,96766.43182632103,13.582639795250001,-13.5826398,2.87533761,-16.45797741,LOSS,STOP_LOSS,2700.06998164
SOLUSDT,SHORT,144.25,139.94864039125386,6.277247724533024,146.40067980437308,139.94864039125386,13.500349908200002,27.00069982,1.78398527,25.21671455,WIN,TAKE_PROFIT,2725.28669619
BTCUSDT,SHORT,97540.1,95781.6898448376,0.015498583696124607,98419.30507758122,95781.6898448376,13.626433480950002,27.25286696,2.99621394,24.25665302,WIN,TAKE_PROFIT,2749.54334921
BTCUSDT,SHORT,96162.6,94578.44953113249,0.017356579461644137,96954.67523443377,94578.44953113249,13.747716746050003,27.49543349,3.31061218,24.18482131,WIN,TAKE_PROFIT,2773.72817052
BTCUSDT,SHORT,94844.0,95724.72302089397,0.01574688128229325,95724.72302089397,93082.55395821207,13.868640852600004,-13.86864085,3.00086306,-16.86950391,LOSS,STOP_LOSS,2756.85866661
BTCUSDT,SHORT,95308.2,96283.029656543,0.014140207204951672,96283.029656543,93358.54068691398,13.784293333050005,-13.78429333,2.70913969,-16.49343302,LOSS,STOP_LOSS,2740.36523359
BTCUSDT,SHORT,96312.9,94453.65299941415,0.014739113376149146,97242.52350029291,94453.65299941415,13.701826167950005,27.40365234,2.81172985,24.59192248,WIN,TAKE_PROFIT,2764.95715607
BTCUSDT,SHORT,94336.2,95302.31649619337,0.014309646750491898,95302.31649619337,92403.96700761326,13.824785780350005,-13.82478578,2.71366018,-16.53844596,LOSS,STOP_LOSS,2748.41871011
BTCUSDT,SHORT,94701.0,95578.01208894208,0.015669217931906405,95578.01208894208,92946.97582211583,13.742093550550004,-13.74209355,2.98152331,-16.72361686,LOSS,STOP_LOSS,2731.69509325
ETHUSDT,SHORT,3161.56,3190.8805532637407,0.4658328014274154,3190.8805532637407,3102.918893472519,13.658475466250003,-13.65847547,2.95917518,-16.61765065,LOSS,STOP_LOSS,2715.0774426
BTCUSDT,LONG,96325.7,95926.65667803011,0.034019833099786366,95926.65667803011,97123.78664393978,13.575387213000004,-13.57538721,6.54039309,-20.1157803,LOSS,STOP_LOSS,2694.9616623
BTCUSDT,SHORT,95835.0,96272.98974489182,0.03076512285653667,96272.98974489182,94959.02051021636,13.474808311500004,-13.47480831,5.91022591,-19.38503422,LOSS,STOP_LOSS,2675.57662808
ETHUSDT,LONG,3199.01,3176.9160354457867,0.6054994388885555,3176.9160354457867,3243.1979291084276,13.377883140400003,-13.37788314,3.86061964,-17.23850278,LOSS,STOP_LOSS,2658.3381253
BTCUSDT,SHORT,95406.9,95781.3356654674,0.03549792888962103,95781.3356654674,94658.02866906517,13.291690626500003,-13.29169063,6.78678639,-20.07847702,LOSS,STOP_LOSS,2638.25964828
SOLUSDT,LONG,141.95,140.84315324825815,11.917908437316093,140.84315324825815,144.16369350348367,13.191298241400004,-13.19129824,3.37030291,-16.56160115,LOSS,STOP_LOSS,2621.69804713
BTCUSDT,SHORT,95563.6,94780.02999677554,0.0334583768692197,95955.38500161225,94780.02999677554,13.108490235650004,26.21698047,6.36858891,19.84839156,WIN,TAKE_PROFIT,2641.54643869
BTCUSDT,SHORT,94531.3,94999.18311576195,0.028228700178551017,94999.18311576195,93595.53376847613,13.207732193450004,-13.20773219,5.35019918,-18.55793138,LOSS,STOP_LOSS,2622.98850731
ETHUSDT,SHORT,3116.17,3032.279267908092,0.31266725678783436,3158.115366045954,3032.279267908092,13.114942536550004,26.22988507,1.92241877,24.30746631,WIN,TAKE_PROFIT,2647.29597362
BTCUSDT,SHORT,93785.7,94600.34741886234,0.016248108766593574,94600.34741886234,92156.40516227532,13.236479868100005,-13.23647987,3.06091699,-16.29739686,LOSS,STOP_LOSS,2630.99857676
BTCUSDT,LONG,95378.6,94709.25785835482,0.01965361519217358,94709.25785835482,96717.2842832904,13.154992883800006,-13.15499288,3.73591361,-16.89090649,LOSS,STOP_LOSS,2614.10767027
BTCUSDT,SHORT,93817.9,94347.75837530967,0.02466798480577207,94347.75837530967,92758.18324938066,13.070538351350006,-13.07053835,4.6416676,-17.71220595,LOSS,STOP_LOSS,2596.39546432
ETHUSDT,SHORT,3119.54,3148.0959673143398,0.4546152185529652,3148.0959673143398,3062.42806537132,12.981977321600004,-12.98197732,2.8493627,-15.83134002,LOSS,STOP_LOSS,2580.5641243
BTCUSDT,SHORT,94730.2,93097.02273571334,0.01580088200301485,95546.78863214332,93097.02273571334,12.902820621500005,25.80564124,2.96783578,22.83780546,WIN,TAKE_PROFIT,2603.40192976
BTCUSDT,SHORT,93450.5,94362.37618870234,0.014274974837673975,94362.37618870234,91626.74762259531,13.017009648800004,-13.01700965,2.68102408,-15.69803373,LOSS,STOP_LOSS,2587.70389603
BTCUSDT,SHORT,94267.0,92392.77065417657,0.013806762239618612,95204.11467291172,92392.77065417657,12.938519480150003,25.87703896,2.57716707,23.29987189,WIN,TAKE_PROFIT,2611.00376792
BTCUSDT,SHORT,92652.7,90908.62351379098,0.014970695313915814,93524.7382431045,90908.62351379098,13.055018839600002,26.11003768,2.74804065,23.36199703,WIN,TAKE_PROFIT,2634.36576495
BTCUSDT,SHORT,91643.7,90147.08894598106,0.017602207052231676,92392.00552700946,90147.08894598106,13.171828824750003,26.34365765,3.19991911,23.14373854,WIN,TAKE_PROFIT,2657.50950349
ETHUSDT,SHORT,2964.43,3009.9374615049987,0.29198612882396063,3009.9374615049987,2873.4150769900025,13.287547517450003,-13.28754752,1.74443243,-15.03197994,LOSS,STOP_LOSS,2642.47752355
BTCUSDT,SHORT,90600.0,91497.47984320136,0.01472165388207577,91497.47984320136,88805.04031359729,13.212387617750004,-13.21238762,2.68077607,-15.89316369,LOSS,STOP_LOSS,2626.58435986
BTCUSDT,SHORT,91067.9,91639.71472458814,0.0229670927217888,91639.71472458814,89924.27055082371,13.132921799300002,-13.1329218,4.19626273,-17.32918453,LOSS,STOP_LOSS,2609.25517533
ETHUSDT,SHORT,3034.99,3065.1579478343456,0.43245486727462845,3065.1579478343456,2974.6541043313077,13.046275876650002,-13.04627588,2.63803867,-15.68431455,LOSS,STOP_LOSS,2593.57086078
BTCUSDT,LONG,91744.0,91115.45287353957,0.02063147496501425,91115.45287353957,93001.09425292086,12.967854303900001,-12.9678543,3.77266022,-16.74051453,LOSS,STOP_LOSS,2576.83034625
BTCUSDT,LONG,91991.7,93556.79980818773,0.016464319609327534,91209.15009590614,93556.79980818773,12.884151731250002,25.76830346,3.0549298,22.71337366,WIN,TAKE_PROFIT,2599.54371991
SOLUSDT,LONG,141.21,139.08215841305375,6.108405192984067,139.08215841305375,145.46568317389253,12.997718599550002,-12.9977186,1.71213808,-14.70985668,LOSS,STOP_LOSS,2584.83386323
BTCUSDT,SHORT,91406.3,90292.58885398913,0.02320919452488582,91963.15557300544,90292.58885398913,12.924169316150001,25.84833863,4.21708486,21.63125378,WIN,TAKE_PROFIT,2606.46511701
SOLUSDT,SHORT,137.94,139.3839870681646,9.025237048427947,139.3839870681646,135.0520258636708,13.03232558505,-13.03232559,2.50291472,-15.53524031,LOSS,STOP_LOSS,2590.9298767
BTCUSDT,SHORT,91275.0,91834.45353898361,0.02315589853455084,91834.45353898361,90156.09292203277,12.9546493835,-12.95464938,4.24006393,-17.19471331,LOSS,STOP_LOSS,2573.73516339
BTCUSDT,SHORT,91435.4,91992.6989729487,0.023091152938720095,91992.6989729487,90320.8020541026,12.868675816949999,-12.86867582,4.23556629,-17.1042421,LOSS,STOP_LOSS,2556.63092129
BTCUSDT,SHORT,91196.9,89865.62239733551,0.01920434112444333,91862.53880133224,89865.62239733551,12.783154606449997,25.56630921,3.47718644,22.08912277,WIN,TAKE_PROFIT,2578.72004406
BTCUSDT,SHORT,89901.0,90633.48065012832,0.017602649596329047,90633.48065012832,88436.03869974337,12.893600220299998,-12.89360022,3.1778852,-16.07148542,LOSS,STOP_LOSS,2562.64855864
ETHUSDT,LONG,3052.92,3025.008595565594,0.45906836480808827,3025.008595565594,3108.742808868812,12.813242793199997,-12.81324279,2.79018474,-15.60342753,LOSS,STOP_LOSS,2547.04513111
ETHUSDT,SHORT,3012.11,3036.391970784039,0.5244724890255199,3036.391970784039,2963.5460584319217,12.735225655549998,-12.73522566,3.17227288,-15.90749854,LOSS,STOP_LOSS,2531.13763257
ETHUSDT,SHORT,3012.77,3035.118784145965,0.5662808356907868,3035.118784145965,2968.0724317080703,12.65568816285,-12.65568816,3.42480351,-16.08049168,LOSS,STOP_LOSS,2515.05714089
ETHUSDT,LONG,3034.99,3012.4661915531633,0.5583108084998943,3012.4661915531633,3080.0376168936727,12.57528570445,-12.5752857,3.37636016,-15.95164586,LOSS,STOP_LOSS,2499.10549503
ETHUSDT,SHORT,3000.34,2945.888738494741,0.45896190941116016,3027.5656307526297,2945.888738494741,12.49552747515,24.99105495,2.7290925,22.26196245,WIN,TAKE_PROFIT,2521.36745748
BTCUSDT,SHORT,88681.2,86880.19823669328,0.013999805601803826,89581.70088165336,86880.19823669328,12.6068372874,25.21367457,2.45782545,22.75584913,WIN,TAKE_PROFIT,2544.12330661
BTCUSDT,SHORT,87023.6,88091.05199086062,0.011916804354633454,88091.05199086062,84888.69601827876,12.720616533049999,-12.72061653,2.08680705,-14.80742358,LOSS,STOP_LOSS,2529.31588303
ETHUSDT,SHORT,2866.92,2788.0597741356246,0.32073403991765675,2906.3501129321876,2788.0597741356246,12.646579415149999,25.29315883,1.81374451,23.47941432,WIN,TAKE_PROFIT,2552.79529735
BTCUSDT,SHORT,85396.4,86274.27825053337,0.014539574797524402,86274.27825053337,83640.64349893323,12.76397648675,-12.76397649,2.49601867,-15.25999515,LOSS,STOP_LOSS,2537.5353022
ETHUSDT,SHORT,2820.61,2747.4100350267595,0.3466579940478986,2857.2099824866204,2747.4100350267595,12.687676511,25.37535302,1.93019866,23.44515437,WIN,TAKE_PROFIT,2560.98045657
BTCUSDT,SHORT,84321.2,82245.08931689967,0.012335471694339517,85359.25534155016,82245.08931689967,12.804902282850001,25.60980457,2.05467375,23.55513082,WIN,TAKE_PROFIT,2584.53558739
BTCUSDT,SHORT,82188.7,83190.36754106445,0.012901164715008483,83190.36754106445,80185.36491787109,12.922677936950002,-12.92267794,2.13358259,-15.05626053,LOSS,STOP_LOSS,2569.47932686
BTCUSDT,SHORT,83049.3,80984.30148366588,0.012443008101630272,84081.79925816707,80984.30148366588,12.8473966343,25.69479327,2.04107143,23.65372184,WIN,TAKE_PROFIT,2593.1330487
BTCUSDT,SHORT,80920.1,81990.22357446418,0.012116044868922753,81990.22357446418,78779.85285107164,12.9656652435,-12.96566524,1.97382879,-14.93949403,LOSS,STOP_LOSS,2578.19355467
BTCUSDT,SHORT,82968.0,84184.48974771674,0.010596856897105296,84184.48974771674,80535.02050456652,12.89096777335,-12.89096777,1.77129101,-14.66225879,LOSS,STOP_LOSS,2563.53129588
SOLUSDT,SHORT,126.31,128.79680694178944,5.15426278735441,128.79680694178944,121.3363861164211,12.8176564794,-12.81765648,1.31488752,-14.132544,LOSS,STOP_LOSS,2549.39875188
ETHUSDT,SHORT,2728.27,2778.284319407833,0.2548668843308021,2778.284319407833,2628.2413611843335,12.7469937594,-12.74699376,1.40343834,-14.1504321,LOSS,STOP_LOSS,2535.24831978
BTCUSDT,SHORT,83630.3,84964.42760120601,0.00950152113444105,84964.42760120601,80962.044797588,12.676241598899999,-12.6762416,1.60190637,-14.27814797,LOSS,STOP_LOSS,2520.97017181
SOLUSDT,SHORT,128.04,130.5575890364846,5.006715026313661,130.5575890364846,123.00482192703079,12.604850859049998,-12.60485086,1.29472443,-13.89957529,LOSS,STOP_LOSS,2507.07059652
ETHUSDT,LONG,2826.19,2805.6904308354256,0.6114934846661345,2805.6904308354256,2867.1891383291486,12.535352982599997,-12.53535298,3.44385819,-15.97921117,LOSS,STOP_LOSS,2491.09138535
SOLUSDT,SHORT,128.78,129.7962265246279,12.25657530569836,129.7962265246279,126.7475469507442,12.455456926749997,-12.45545693,3.16925899,-15.62471592,LOSS,STOP_LOSS,2475.46666943
SOLUSDT,LONG,130.37,129.33020053710135,11.90357736158635,129.33020053710135,132.4495989257973,12.377333347149998,-12.37733335,3.09136143,-15.46869478,LOSS,STOP_LOSS,2459.99797465
BTCUSDT,LONG,86561.7,87349.7480899994,0.03121634334082181,86167.6759550003,87349.7480899994,12.299989873249997,24.59997975,5.42887947,19.17110027,WIN,TAKE_PROFIT,2479.16907492
BTCUSDT,LONG,87150.1,86675.55876129596,0.026121745305956647,86675.55876129596,88099.18247740807,12.395845374599997,-12.39584537,4.54062959,-16.93647496,LOSS,STOP_LOSS,2462.23259996
ETHUSDT,SHORT,2798.65,2821.5597193072917,0.537377295403251,2821.5597193072917,2752.830561385417,12.311162999799997,-12.311163,3.0201731,-15.3313361,LOSS,STOP_LOSS,2446.90126386
BTCUSDT,LONG,87274.0,86778.93958360683,0.024713158059447033,86778.93958360683,88264.12083278633,12.234506319299996,-12.23450632,4.30139781,-16.53590413,LOSS,STOP_LOSS,2430.36535973
ETHUSDT,SHORT,2800.73,2823.284803099721,0.5387689152028208,2823.284803099721,2755.620393800558,12.151826798649997,-12.1518268,3.03004435,-15.18187115,LOSS,STOP_LOSS,2415.18348858
BTCUSDT,LONG,87871.0,87155.41436949468,0.016875572856839802,87155.41436949468,89302.17126101062,12.075917442899998,-12.07591744,2.95367101,-15.02958845,LOSS,STOP_LOSS,2400.15390013
ETHUSDT,LONG,2856.57,2826.1701776112727,0.3947644610285594,2826.1701776112727,2917.3696447774555,12.000769500649996,-12.0007695,2.24334386,-14.24411336,LOSS,STOP_LOSS,2385.90978677
BTCUSDT,LONG,87535.4,86819.40108819144,0.016661406514874563,86819.40108819144,88967.39782361708,11.929548933849997,-11.92954893,2.90499622,-14.83454515,LOSS,STOP_LOSS,2371.07524162
SOLUSDT,SHORT,130.2,131.69391433308493,7.935780483221311,131.69391433308493,127.21217133383013,11.855376208099997,-11.85537621,2.07833261,-13.93370882,LOSS,STOP_LOSS,2357.1415328
BTCUSDT,LONG,87880.6,87132.91466162859,0.01576292466784391,87132.91466162859,89375.97067674283,11.785707663999997,-11.78570766,2.75872485,-14.54443251,LOSS,STOP_LOSS,2342.59710029
BTCUSDT,SHORT,86978.6,87372.87174411373,0.029707899884582393,87372.87174411373,86190.05651177258,11.712985501449996,-11.7129855,5.17961607,-16.89260157,LOSS,STOP_LOSS,2325.70449872
SOLUSDT,SHORT,136.26,134.20874375768807,11.337952083932459,137.28562812115595,134.20874375768807,11.628522493599997,23.25704499,3.06656166,20.19048333,WIN,TAKE_PROFIT,2345.89498205
BTCUSDT,SHORT,86695.0,87245.67103602018,0.02130033022078198,87245.67103602018,85593.65792795963,11.729474910249996,-11.72947491,3.70499373,-15.43446864,LOSS,STOP_LOSS,2330.46051341
BTCUSDT,SHORT,86946.5,87543.28003851969,0.019525288741147413,87543.28003851969,85752.93992296062,11.652302567049997,-11.65230257,3.40696334,-15.0592659,LOSS,STOP_LOSS,2315.40124751
BTCUSDT,SHORT,86909.9,87511.66444783665,0.019238435037445895,87511.66444783665,85706.37110432668,11.577006237549996,-11.57700624,3.35559794,-14.93260417,LOSS,STOP_LOSS,2300.46864334
ETHUSDT,LONG,2946.4,2916.488768581407,0.3845493037625331,2916.488768581407,3006.2224628371864,11.502343216699996,-11.50234322,2.25456979,-13.75691301,LOSS,STOP_LOSS,2286.71173033
ETHUSDT,SHORT,2918.19,2937.832195406849,0.5820916865363756,2937.832195406849,2878.9056091863013,11.433558651649996,-11.43355865,3.40874184,-14.84230049,LOSS,STOP_LOSS,2271.86942984
SOLUSDT,SHORT,136.64,137.70714516127123,10.644612899399965,137.70714516127123,134.50570967745753,11.359347149199996,-11.35934715,2.92031916,-14.27966631,LOSS,STOP_LOSS,2257.58976353
BTCUSDT,SHORT,86858.1,87335.71683182116,0.023633900787392918,87335.71683182116,85902.8663363577,11.287948817649998,-11.28794882,4.11687938,-15.4048282,LOSS,STOP_LOSS,2242.18493533
SOLUSDT,LONG,137.4,140.24604012882878,7.878261843949224,135.97697993558563,140.24604012882878,11.210924676649997,22.42184935,2.1873682,20.23448115,WIN,TAKE_PROFIT,2262.41941648
SOLUSDT,LONG,140.7,143.8566181938748,7.167225421402143,139.12169090306259,143.8566181938748,11.312097082399998,22.62419416,2.03948143,20.58471274,WIN,TAKE_PROFIT,2283.00412922
SOLUSDT,LONG,144.17,142.4132181766203,6.4976882696451135,142.4132181766203,147.68356364675938,11.415020646099999,-11.41502065,1.86212842,-13.27714906,LOSS,STOP_LOSS,2269.72698016
BTCUSDT,LONG,90157.7,91130.37694552557,0.023334849156248817,89671.36152723721,91130.37694552557,11.3486349008,22.6972698,4.23032993,18.46693987,WIN,TAKE_PROFIT,2288.19392003
ETHUSDT,LONG,3050.58,3027.6378133328867,0.49868697200298395,3027.6378133328867,3096.464373334227,11.44096960015,-11.4409696,3.03112804,-14.47209764,LOSS,STOP_LOSS,2273.72182239
SOLUSDT,LONG,143.46,142.46098919665826,11.379866037405462,142.46098919665826,145.45802160668353,11.36860911195,-11.36860911,3.25374255,-14.62235167,LOSS,STOP_LOSS,2259.09947072
BTCUSDT,LONG,91463.3,91123.3136065734,0.033223380617549945,91123.3136065734,92143.27278685321,11.295497353599998,-11.29549735,6.06614456,-17.36164191,LOSS,STOP_LOSS,2241.73782881
SOLUSDT,SHORT,141.07,141.90444117585676,13.432569566742114,141.90444117585676,139.4011176482865,11.20868914405,-11.20868914,3.80107387,-15.00976301,LOSS,STOP_LOSS,2226.7280658
SOLUSDT,LONG,141.85,140.9510293438367,12.384876250040437,140.9510293438367,143.64794131232657,11.133640329,-11.13364033,3.50245575,-14.63609608,LOSS,STOP_LOSS,2212.09196972
SOLUSDT,SHORT,140.9,139.22890174348774,13.237354303371896,141.73554912825614,139.22890174348774,11.0604598486,22.1209197,3.70816552,18.41275417,WIN,TAKE_PROFIT,2230.50472389
BTCUSDT,SHORT,90754.3,91086.35655784575,0.033586217034240896,91086.35655784575,90090.18688430852,11.152523619450001,-11.15252362,6.10733976,-17.25986338,LOSS,STOP_LOSS,2213.24486051
ETHUSDT,SHORT,3003.31,3019.1497066937154,0.6986382081772052,3019.1497066937154,2971.6305866125685,11.066224302550001,-11.0662243,4.20752046,-15.27374476,LOSS,STOP_LOSS,2197.97111575
BTCUSDT,LONG,91459.2,91153.42894605357,0.035941451739494035,91153.42894605357,92070.74210789286,10.989855578750003,-10.98985558,6.56336299,-17.55321857,LOSS,STOP_LOSS,2180.41789718
BTCUSDT,LONG,91369.5,91068.8659085662,0.03626365005347545,91068.8659085662,91970.76818286761,10.902089485900003,-10.90208949,6.61588106,-17.51797054,LOSS,STOP_LOSS,2162.89992664
ETHUSDT,SHORT,3009.23,3023.7821766768457,0.7431534040132519,3023.7821766768457,2980.125646646309,10.814499633200002,-10.81449963,4.48345354,-15.29795317,LOSS,STOP_LOSS,2147.60197347
ETHUSDT,LONG,3021.67,3053.8524067090475,0.6673217428658726,3005.5787966454764,3053.8524067090475,10.738009867350003,21.47601973,4.0543282,17.42169153,WIN,TAKE_PROFIT,2165.023665
BTCUSDT,LONG,91649.9,91279.49428375912,0.029225030420320264,91279.49428375912,92390.71143248174,10.825118325000004,-10.82511832,5.34611711,-16.17123544,LOSS,STOP_LOSS,2148.85242956
SOLUSDT,LONG,140.89,142.85518280198147,10.934618537233906,139.90740859900924,142.85518280198147,10.744262147800002,21.4885243,3.10264534,18.38587896,WIN,TAKE_PROFIT,2167.23830852
SOLUSDT,LONG,142.44,141.37551097286794,10.179711830186555,141.37551097286794,144.5689780542641,10.836191542600002,-10.83619154,2.88916011,-13.72535166,LOSS,STOP_LOSS,2153.51295686
ETHUSDT,LONG,3071.77,3044.2484849644275,0.39124171654004325,3044.2484849644275,3126.813030071145,10.767564784300003,-10.76756478,2.39284157,-13.16040635,LOSS,STOP_LOSS,2140.35255051
BTCUSDT,SHORT,90217.3,90907.99746532191,0.01549413931548507,90907.99746532191,88835.90506935619,10.701762752550003,-10.70176275,2.80638059,-13.50814335,LOSS,STOP_LOSS,2126.84440716
ETHUSDT,LONG,3041.15,3015.0066499668274,0.4067658514423921,3015.0066499668274,3093.4367000663456,10.634222035800002,-10.63422204,2.46343772,-13.09765975,LOSS,STOP_LOSS,2113.74674741
BTCUSDT,SHORT,90506.4,90767.49485166594,0.04047852215244897,90767.49485166594,89984.21029666813,10.568733737050003,-10.56873374,7.33769937,-17.90643311,LOSS,STOP_LOSS,2095.8403143
ETHUSDT,SHORT,2993.32,3005.267372511944,0.877113487591031,3005.267372511944,2969.425254976113,10.479201571500004,-10.47920157,5.26144189,-15.74064346,LOSS,STOP_LOSS,2080.09967084
BTCUSDT,LONG,91030.0,90815.32935640098,0.0484486289314292,90815.32935640098,91459.34128719804,10.400498354200005,-10.40049835,8.81015688,-19.21065524,LOSS,STOP_LOSS,2060.8890156
ETHUSDT,SHORT,2983.51,2997.5886304388123,0.7319209864045271,2997.5886304388123,2955.3527391223765,10.304445078000006,-10.30444508,4.37769161,-14.68213669,LOSS,STOP_LOSS,2046.20687891
BTCUSDT,SHORT,90419.5,90723.81011605982,0.03362042158512695,90723.81011605982,89810.87976788037,10.231034394550004,-10.23103439,6.09011445,-16.32114885,LOSS,STOP_LOSS,2029.88573006
BTCUSDT,LONG,90921.7,90606.74303025386,0.03222481045102917,90606.74303025386,91551.61393949228,10.149428650300004,-10.14942865,5.84971967,-15.99914832,LOSS,STOP_LOSS,2013.88658174
SOLUSDT,SHORT,135.59,136.29194611458723,14.34502264411156,136.29194611458723,134.18610777082554,10.069432908700005,-10.06943291,3.90015267,-13.96958558,LOSS,STOP_LOSS,1999.91699616
BTCUSDT,LONG,90861.7,91351.19746834818,0.04085653400637093,90616.9512658259,91351.19746834818,9.999584980800005,19.99916996,7.44458744,12.55458252,WIN,TAKE_PROFIT,2012.47157868
BTCUSDT,LONG,91104.9,90885.3210854798,0.04582570195953215,90885.3210854798,91544.05782904038,10.062357893400005,-10.06235789,8.33982963,-18.40218752,LOSS,STOP_LOSS,1994.06939116
BTCUSDT,LONG,91131.4,91601.9965555375,0.04237322538161022,90896.10172223124,91601.9965555375,9.970346955800004,19.94069391,7.7430034,12.19769051,WIN,TAKE_PROFIT,2006.26708167
BTCUSDT,LONG,91808.9,91501.88205847851,0.03267345015290683,91501.88205847851,92422.93588304294,10.031335408350005,-10.03133541,5.9893957,-16.02073111,LOSS,STOP_LOSS,1990.24635056
ETHUSDT,LONG,3037.87,3023.5359601599744,0.6942377629656628,3023.5359601599744,3066.538079680051,9.951231752800004,-9.95123175,4.20805691,-14.15928867,LOSS,STOP_LOSS,1976.08706189
ETHUSDT,LONG,3029.0,3013.8362516295424,0.6515826475134124,3013.8362516295424,3059.327496740915,9.880435309450004,-9.88043531,3.93740724,-13.81784255,LOSS,STOP_LOSS,1962.26921934
SOLUSDT,SHORT,137.04,137.83558733427944,12.332204993667862,137.83558733427944,135.44882533144107,9.811346096700003,-9.8113461,3.38982209,-13.20116819,LOSS,STOP_LOSS,1949.06805115
ETHUSDT,LONG,3032.21,3018.0344485706682,0.6874752142329467,3018.0344485706682,3060.5611028586636,9.745340255750003,-9.74534026,4.1593931,-13.90473335,LOSS,STOP_LOSS,1935.1633178
BTCUSDT,SHORT,90930.0,90296.33876055104,0.030539398614357744,91246.83061972448,90296.33876055104,9.675816589000004,19.35163318,5.5345434,13.81708978,WIN,TAKE_PROFIT,1948.98040758
SOLUSDT,SHORT,130.79,128.01048373615825,7.011941009066778,132.17975813192086,128.01048373615825,9.744902037900003,19.48980408,1.81469373,17.67511035,WIN,TAKE_PROFIT,1966.65551793
SOLUSDT,SHORT,127.49,129.11053156553575,6.067933386042366,129.11053156553575,124.24893686892845,9.833277589650004,-9.83327759,1.55703493,-11.39031252,LOSS,STOP_LOSS,1955.26520541
SOLUSDT,SHORT,128.31,124.89758423543357,5.729856325577111,130.01620788228323,124.89758423543357,9.776326027050004,19.55265205,1.45084308,18.10180898,WIN,TAKE_PROFIT,1973.36701439
BTCUSDT,SHORT,84914.4,85546.92593991495,0.015599099498238152,85546.92593991495,83649.34812017008,9.866835071950003,-9.86683507,2.65904318,-12.52587826,LOSS,STOP_LOSS,1960.84113613
ETHUSDT,SHORT,2747.78,2777.2656713056545,0.3325074602852937,2777.2656713056545,2688.808657388692,9.804205680650005,-9.80420568,1.8371189,-11.64132458,LOSS,STOP_LOSS,1949.19981155
SOLUSDT,SHORT,124.31,125.61062307321936,7.493330895342589,125.61062307321936,121.70875385356129,9.745999057750005,-9.74599906,1.87273793,-11.61873698,LOSS,STOP_LOSS,1937.58107457
BTCUSDT,LONG,86738.3,87998.03483502613,0.015380864454143635,86108.43258248693,87998.03483502613,9.687905372850004,19.37581075,2.68759588,16.68821486,WIN,TAKE_PROFIT,1954.26928943
BTCUSDT,LONG,91852.8,92945.8952320494,0.017878307691142615,91306.25238397531,92945.8952320494,9.771346447150005,19.54269289,3.30388793,16.23880496,WIN,TAKE_PROFIT,1970.50809439
SOLUSDT,LONG,140.15,142.41497601587398,8.699907109743275,139.01751199206302,142.41497601587398,9.852540471950004,19.70508094,2.45828904,17.2467919,WIN,TAKE_PROFIT,1987.75488629
BTCUSDT,LONG,93302.2,92694.90015705962,0.016365514575681854,92694.90015705962,94516.79968588075,9.938774431450005,-9.93877443,3.04393825,-12.98271269,LOSS,STOP_LOSS,1974.7721736
BTCUSDT,LONG,92946.8,92458.04755157088,0.020202171671436293,92458.04755157088,93924.30489685826,9.873860868000005,-9.87386087,3.74558056,-13.61944143,LOSS,STOP_LOSS,1961.15273217
ETHUSDT,LONG,3072.5,3121.2733930717786,0.4020947915770008,3048.1133034641107,3121.2733930717786,9.805763660850005,19.61152732,2.49048402,17.1210433,WIN,TAKE_PROFIT,1978.27377547
BTCUSDT,LONG,93452.6,92774.79902837552,0.014593323543994664,92774.79902837552,94808.20194324898,9.891368877350006,-9.89136888,2.71767669,-12.60904556,LOSS,STOP_LOSS,1965.66472991
ETHUSDT,LONG,3080.09,3158.7411670617153,0.24992187698468663,3040.7644164691424,3158.7411670617153,9.828323649550006,19.6566473,1.5592204,18.0974269,WIN,TAKE_PROFIT,1983.76215681
ETHUSDT,LONG,3136.82,3197.643733253244,0.32614935826948677,3106.408133373378,3197.643733253244,9.918810784050006,19.83762157,2.06598128,17.77164029,WIN,TAKE_PROFIT,2001.5337971
BTCUSDT,LONG,93738.4,93117.15672707943,0.01610909835442128,93117.15672707943,94980.88654584113,10.007668985500006,-10.00766899,3.01007454,-13.01774353,LOSS,STOP_LOSS,1988.51605357
ETHUSDT,LONG,3174.18,3236.1352978541477,0.3209598085140784,3143.202351072926,3236.1352978541477,9.942580267850007,19.88516054,2.05745357,17.82770697,WIN,TAKE_PROFIT,2006.34376054
BTCUSDT,LONG,93659.2,93039.65333552926,0.01619203100910862,93039.65333552926,94898.29332894148,10.031718802700006,-10.0317188,3.02303362,-13.05475243,LOSS,STOP_LOSS,1993.28900811
ETHUSDT,LONG,3202.41,3179.341701339716,0.4320407493990454,3179.341701339716,3248.5465973205673,9.966445040550006,-9.96644504,2.75717679,-12.72362183,LOSS,STOP_LOSS,1980.56538628
BTCUSDT,LONG,93238.6,92822.65816900657,0.02380820151641892,92822.65816900657,94070.48366198687,9.902826931400007,-9.90282693,4.42978393,-14.33261086,LOSS,STOP_LOSS,1966.23277542
BTCUSDT,SHORT,92804.0,92051.53583391802,0.026130583542044714,93180.23208304099,92051.53583391802,9.831163877100007,19.66232775,4.83038302,14.83194473,WIN,TAKE_PROFIT,1981.06472015
ETHUSDT,SHORT,3143.01,3167.5902582894855,0.40297882488025766,3167.5902582894855,3093.8494834210296,9.905323600750007,-9.9053236,2.54303828,-12.44836188,LOSS,STOP_LOSS,1968.61635827
BTCUSDT,SHORT,92536.5,93098.98103255572,0.017499402151618423,93098.98103255572,91411.53793488858,9.843081791350007,-9.84308179,3.24850994,-13.09159173,LOSS,STOP_LOSS,1955.52476654
ETHUSDT,LONG,3213.38,3181.210846405977,0.303944081218123,3181.210846405977,3277.7183071880463,9.777623832700009,-9.77762383,1.94359804,-11.72122187,LOSS,STOP_LOSS,1943.80354467
BTCUSDT,SHORT,92485.8,91229.6273008616,0.015474015205100607,93113.8863495692,91229.6273008616,9.719017723350008,19.43803545,2.84281532,16.59522013,WIN,TAKE_PROFIT,1960.3987648
BTCUSDT,LONG,92431.7,91749.50364512554,0.014368288182665322,91749.50364512554,93796.0927097489,9.801993824000007,-9.80199382,2.64636861,-12.44836244,LOSS,STOP_LOSS,1947.95040236
BTCUSDT,SHORT,91093.0,90327.97749978323,0.025462655043584113,91475.5112501084,90327.97749978323,9.739752011800007,19.47950402,4.61945977,14.86004426,WIN,TAKE_PROFIT,1962.81044662
SOLUSDT,SHORT,136.0,137.03151922492577,9.514172878170204,137.03151922492577,133.93696155014845,9.814052233100007,-9.81405223,2.59766908,-12.41172131,LOSS,STOP_LOSS,1950.39872531
BTCUSDT,SHORT,90414.0,89060.27752990117,0.014407670467105544,91090.86123504941,89060.27752990117,9.751993626550007,19.50398725,2.58580625,16.91818101,WIN,TAKE_PROFIT,1967.31690632
SOLUSDT,SHORT,133.04,133.8447630976646,12.222956743599745,133.8447630976646,131.43047380467075,9.836584531600007,-9.83658453,3.26212091,-13.09870545,LOSS,STOP_LOSS,1954.21820087
SOLUSDT,SHORT,133.21,131.66548644176672,12.652645167487934,133.98225677911665,131.66548644176672,9.771091004350007,19.54218201,3.35137554,16.19080647,WIN,TAKE_PROFIT,1970.40900734
BTCUSDT,SHORT,89128.8,89391.83517822428,0.037455237368667585,89391.83517822428,88602.72964355146,9.852045036700009,-9.85204504,6.68653277,-16.5385778,LOSS,STOP_LOSS,1953.87042954
ETHUSDT,LONG,3046.17,3033.734001943518,0.7855704144797429,3033.734001943518,3071.0419961129646,9.769352147700008,-9.76935215,4.77619271,-14.54554485,LOSS,STOP_LOSS,1939.32488469
BTCUSDT,SHORT,89430.2,89015.53319585652,0.04676826949521047,89637.53340207174,89015.53319585652,9.69662442345001,19.39324885,8.34559814,11.04765071,WIN,TAKE_PROFIT,1950.3725354
BTCUSDT,SHORT,89070.0,89312.7977120807,0.04016455753816276,89312.7977120807,88584.40457583858,9.751862677000009,-9.75186268,7.16466614,-16.91652882,LOSS,STOP_LOSS,1933.45600658
BTCUSDT,SHORT,89260.6,89512.2011200588,0.03842304052796374,89512.2011200588,88757.39775988243,9.667280032900008,-9.66728003,6.86899458,-16.53627462,LOSS,STOP_LOSS,1916.91973196
SOLUSDT,SHORT,132.28,131.1056058255144,16.322626368609548,132.8671970872428,131.1056058255144,9.584598659800008,19.16919732,4.29914483,14.87005248,WIN,TAKE_PROFIT,1931.78978444
BTCUSDT,SHORT,88767.1,88120.75517231491,0.02988791279352782,89090.27241384255,88120.75517231491,9.658948922200008,19.31789784,5.28680879,14.03108905,WIN,TAKE_PROFIT,1945.82087349
BTCUSDT,SHORT,87881.3,88293.44938428237,0.023605771932403315,88293.44938428237,87057.00123143526,9.729104367450008,-9.72910437,4.15874095,-13.88784532,LOSS,STOP_LOSS,1931.93302817
BTCUSDT,SHORT,88200.8,88654.04228540506,0.021312365266663764,88654.04228540506,87294.3154291899,9.659665140850008,-9.65966514,3.769195,-13.42886014,LOSS,STOP_LOSS,1918.50416803
BTCUSDT,SHORT,88831.2,89350.44640935435,0.018473928114548753,89350.44640935435,87792.70718129128,9.592520840150007,-9.59252084,3.29171493,-12.88423577,LOSS,STOP_LOSS,1905.61993226
SOLUSDT,SHORT,130.77,132.2172743944586,6.583478363040009,132.2172743944586,127.87545121108282,9.528099661300008,-9.52809966,1.73137103,-11.25947069,LOSS,STOP_LOSS,1894.36046157
ETHUSDT,LONG,3111.6,3072.5073470693887,0.2422911109323354,3072.5073470693887,3189.7853058612222,9.471802307850007,-9.47180231,1.49835424,-10.97015655,LOSS,STOP_LOSS,1883.39030502
SOLUSDT,SHORT,133.04,130.43672032812952,7.234682947709499,134.3416398359352,130.43672032812952,9.416951525100007,18.83390305,1.90617054,16.92773251,WIN,TAKE_PROFIT,1900.31803753
BTCUSDT,SHORT,89551.8,90277.75123151137,0.013088468997936045,90277.75123151137,88099.89753697727,9.501590187650008,-9.50159019,2.35369351,-11.85528369,LOSS,STOP_LOSS,1888.46275384
SOLUSDT,SHORT,132.16,133.77950626360706,5.830365699339409,133.77950626360706,128.92098747278584,9.442313769200007,-9.44231377,1.55052458,-10.99283834,LOSS,STOP_LOSS,1877.4699155
ETHUSDT,LONG,3115.51,3080.206906641504,0.26590728133008745,3080.206906641504,3186.1161867169926,9.387349577500007,-9.38734958,1.64748624,-11.03483582,LOSS,STOP_LOSS,1866.43507968
SOLUSDT,SHORT,133.54,135.25052180576068,5.455747694633941,135.25052180576068,130.1189563884786,9.332175398400008,-9.3321754,1.46645327,-10.79862867,LOSS,STOP_LOSS,1855.63645101
ETHUSDT,LONG,3212.9,3278.983089702392,0.28080352467884573,3179.8584551488043,3278.983089702392,9.278182255050007,18.55636451,1.82294365,16.73342086,WIN,TAKE_PROFIT,1872.36987187
BTCUSDT,LONG,93414.5,92681.34902316335,0.012769333541290274,92681.34902316335,94880.8019536733,9.361849359350009,-9.36184936,2.37631997,-11.73816933,LOSS,STOP_LOSS,1860.63170254
ETHUSDT,LONG,3318.62,3393.740404862132,0.24768659140679578,3281.059797568934,3393.740404862132,9.303158512700008,18.60631703,1.66256167,16.94375536,WIN,TAKE_PROFIT,1877.5754579
BTCUSDT,LONG,92531.4,92035.74697034011,0.018940421479804067,92035.74697034011,93522.70605931975,9.38787728950001,-9.38787729,3.49577955,-12.88365684,LOSS,STOP_LOSS,1864.69180106
ETHUSDT,LONG,3380.0,3346.748541127214,0.28039247964938496,3346.748541127214,3446.502917745572,9.323459005300009,-9.32345901,1.8861297,-11.20958871,LOSS,STOP_LOSS,1853.48221235
BTCUSDT,LONG,92954.8,92279.63565299734,0.013726155865445261,92279.63565299734,94305.12869400531,9.267411061750009,-9.26741106,2.54255674,-11.8099678,LOSS,STOP_LOSS,1841.67224455
BTCUSDT,LONG,92428.4,93872.24093014777,0.012755368033246525,91706.4795349261,93872.24093014777,9.208361222750009,18.41672245,2.37633324,16.04038921,WIN,TAKE_PROFIT,1857.71263376
BTCUSDT,LONG,94217.5,93326.91138419557,0.010429689987009423,93326.91138419557,95998.67723160885,9.288563168800009,-9.28856317,1.95603007,-11.24459324,LOSS,STOP_LOSS,1846.46804052
BTCUSDT,LONG,93533.8,92562.4284281816,0.009504437303345393,92562.4284281816,95476.5431436368,9.232340202600009,-9.2323402,1.76873994,-11.00108014,LOSS,STOP_LOSS,1835.46696038
BTCUSDT,SHORT,91243.1,89803.66204581133,0.012751275281014477,91962.81897709434,89803.66204581133,9.177334801900008,18.3546696,2.3085771,16.0460925,WIN,TAKE_PROFIT,1851.51305288
SOLUSDT,SHORT,130.95,132.15690009606638,7.670531549854767,132.15690009606638,128.5361998078672,9.257565264400007,-9.25756526,2.01816978,-11.27573504,LOSS,STOP_LOSS,1840.23731784
SOLUSDT,SHORT,131.02,132.2098946781385,7.732773965839167,132.2098946781385,128.640210643723,9.201186589200008,-9.20118659,2.03549728,-11.23668387,LOSS,STOP_LOSS,1829.00063397
BTCUSDT,LONG,91337.8,92660.97197828344,0.01382284891146791,90676.21401085828,92660.97197828344,9.145003169850009,18.29000634,2.54338722,15.74661911,WIN,TAKE_PROFIT,1844.74725308
BTCUSDT,LONG,93254.7,92443.8712387464,0.011375689548973951,92443.8712387464,94876.35752250718,9.223736265400008,-9.22373627,2.1124493,-11.33618556,LOSS,STOP_LOSS,1833.41106752
BTCUSDT,LONG,92301.0,91480.62544121814,0.011174231623189026,91480.62544121814,93941.74911756373,9.167055337600008,-9.16705534,2.05361845,-11.22067379,LOSS,STOP_LOSS,1822.19039373
BTCUSDT,LONG,92051.2,91368.85832419961,0.01335247763953874,91368.85832419961,93415.88335160076,9.110951968650006,-9.11095197,2.44911223,-11.5600642,LOSS,STOP_LOSS,1810.63032953
SOLUSDT,SHORT,131.57,133.059339083053,6.078636994533101,133.059339083053,128.59132183389397,9.053151647650008,-9.05315165,1.60858569,-10.66173734,LOSS,STOP_LOSS,1799.96859219
SOLUSDT,SHORT,132.63,133.30170046710188,13.398595656454908,133.30170046710188,131.28659906579622,8.999842960950009,-8.99984296,3.56311133,-12.56295429,LOSS,STOP_LOSS,1787.4056379
BTCUSDT,SHORT,90136.8,90358.08495651247,0.04038696678866493,90358.08495651247,89694.23008697508,8.937028189500007,-8.93702819,7.28964092,-16.22666911,LOSS,STOP_LOSS,1771.17896879
ETHUSDT,LONG,3117.05,3104.4699572298705,0.7039638104393054,3104.4699572298705,3142.2100855402596,8.855894843950006,-8.85589484,4.3797249,-13.23561974,LOSS,STOP_LOSS,1757.94334905
SOLUSDT,SHORT,132.46,132.96438303247348,17.426670167998413,132.96438303247348,131.45123393505307,8.789716745250008,-8.78971675,4.62546318,-13.41517992,LOSS,STOP_LOSS,1744.52816913
ETHUSDT,LONG,3113.78,3105.2086098779896,1.0176459969137177,3105.2086098779896,3130.922780244022,8.722640845650007,-8.72264085,6.32872886,-15.05136971,LOSS,STOP_LOSS,1729.47679942
BTCUSDT,SHORT,89710.8,89301.92957596583,0.04229889710182291,89915.23521201708,89301.92957596583,8.647383997100007,17.29476799,7.57204103,9.72272697,WIN,TAKE_PROFIT,1739.19952639
BTCUSDT,SHORT,88829.8,89159.017351178,0.026414153448578184,89159.017351178,88171.365297644,8.695997631950007,-8.69599763,4.70142393,-13.39742157,LOSS,STOP_LOSS,1725.80210482
BTCUSDT,SHORT,89308.2,88544.13920495515,0.02258723541388753,89690.23039752242,88544.13920495515,8.629010524100007,17.25802105,4.01719265,13.24082839,WIN,TAKE_PROFIT,1739.04293321
BTCUSDT,SHORT,88780.0,87920.56030864404,0.020234612744801858,89209.71984567799,87920.56030864404,8.695214666050006,17.39042933,3.57546741,13.81496192,WIN,TAKE_PROFIT,1752.85789513
ETHUSDT,SHORT,3062.52,3082.5228537494413,0.4381519549876584,3082.5228537494413,3022.514292501117,8.764289475650008,-8.76428948,2.69246254,-11.45675202,LOSS,STOP_LOSS,1741.40114311
BTCUSDT,SHORT,88017.6,88440.7869845549,0.020574842878752383,88440.7869845549,87171.22603089022,8.707005715550007,-8.70700572,3.63060359,-12.3376093,LOSS,STOP_LOSS,1729.06353381
ETHUSDT,SHORT,3059.54,3086.503126342511,0.3206348388250283,3086.503126342511,3005.6137473149774,8.645317669050007,-8.64531767,1.97063555,-10.61595322,LOSS,STOP_LOSS,1718.44758059
BTCUSDT,LONG,89692.8,89334.75280549552,0.023997500985424736,89334.75280549552,90408.89438900897,8.592237902950007,-8.5922379,4.29621387,-12.88845178,LOSS,STOP_LOSS,1705.55912881
BTCUSDT,SHORT,89418.2,89695.6270707546,0.030738873538382505,89695.6270707546,88863.34585849076,8.527795644050007,-8.52779564,5.50575728,-14.03355292,LOSS,STOP_LOSS,1691.52557589
BTCUSDT,SHORT,89221.2,88469.56238478873,0.022504535984598804,89597.01880760564,88469.56238478873,8.457627879450008,16.91525576,3.99884816,12.9164076,WIN,TAKE_PROFIT,1704.44198349
BTCUSDT,SHORT,88004.3,86982.3936430181,0.01667904276986705,88515.25317849095,86982.3936430181,8.522209917450008,17.04441983,2.91861055,14.12580929,WIN,TAKE_PROFIT,1718.56779278
BTCUSDT,SHORT,86831.5,85601.033294235,0.013966796376758071,87446.7333528825,85601.033294235,8.592838963900007,17.18567793,2.40833008,14.77734785,WIN,TAKE_PROFIT,1733.34514063
BTCUSDT,SHORT,85734.3,86398.9903791737,0.013038741005886072,86398.9903791737,84404.91924165262,8.666725703150009,-8.6667257,2.24440139,-10.91112709,LOSS,STOP_LOSS,1722.43401354
BTCUSDT,SHORT,85937.1,86659.08192392779,0.011928512033718738,86659.08192392779,84493.13615214443,8.612170067700008,-8.61217007,2.05881563,-10.6709857,LOSS,STOP_LOSS,1711.76302784
ETHUSDT,SHORT,2931.23,2956.6307407706004,0.33695139903582055,2956.6307407706004,2880.4285184587993,8.558815139200007,-8.55881514,1.98392291,-10.54273805,LOSS,STOP_LOSS,1701.22028979
BTCUSDT,LONG,87257.2,86598.1279534415,0.012906178457069494,86598.1279534415,88575.34409311699,8.506101448950007,-8.50610145,2.24380789,-10.74990934,LOSS,STOP_LOSS,1690.47038045
ETHUSDT,SHORT,2932.11,2949.092609485924,0.49770631004944815,2949.092609485924,2898.144781028152,8.452351902250008,-8.4523519,2.92711165,-11.37946355,LOSS,STOP_LOSS,1679.0909169
BTCUSDT,SHORT,86763.7,87144.43266612671,0.022050786106453835,87144.43266612671,86002.23466774657,8.395454584500008,-8.39545458,3.83481104,-12.23026562,LOSS,STOP_LOSS,1666.86065128
ETHUSDT,SHORT,2924.62,2939.398386287736,0.5639521862624771,2939.398386287736,2895.063227424528,8.334303256400007,-8.33430326,3.30702599,-11.64132925,LOSS,STOP_LOSS,1655.21932203
BTCUSDT,LONG,87579.0,87140.26319347753,0.018863465492554313,87140.26319347753,88456.47361304493,8.276096610150008,-8.27609661,3.29581079,-11.5719074,LOSS,STOP_LOSS,1643.64741463
BTCUSDT,SHORT,87191.4,88198.95588893308,0.008156606659162456,88198.95588893308,85176.28822213381,8.218237073150007,-8.21823707,1.43059014,-9.64882722,LOSS,STOP_LOSS,1633.99858741
BTCUSDT,LONG,88488.5,87825.96171221364,0.01233135214622409,87825.96171221364,89813.57657557273,8.169992937050008,-8.16999294,2.17419572,-10.34418865,LOSS,STOP_LOSS,1623.65439876
BTCUSDT,LONG,88325.4,87530.15831308217,0.010208559394395543,87530.15831308217,89915.88337383566,8.118271993800008,-8.11827199,1.79523191,-9.91350391,LOSS,STOP_LOSS,1613.74089485
SOLUSDT,SHORT,122.9,118.7445446910545,3.8834273861063484,124.97772765447276,118.7445446910545,8.068704474250008,16.13740895,0.93840904,15.19899991,WIN,TAKE_PROFIT,1628.93989476
ETHUSDT,SHORT,2790.92,2836.621620472993,0.17821467574903688,2836.621620472993,2699.516759054014,8.14469947380001,-8.14469947,1.00291051,-9.14760998,LOSS,STOP_LOSS,1619.79228478
BTCUSDT,SHORT,85346.3,86235.18769328878,0.009111343857101741,86235.18769328878,83568.52461342246,8.09896142390001,-8.09896142,1.56333793,-9.66229936,LOSS,STOP_LOSS,1610.12998542
BTCUSDT,LONG,88237.1,87771.4742118196,0.01728995715327675,87771.4742118196,89168.35157636083,8.05064992710001,-8.05064993,3.04318071,-11.09383063,LOSS,STOP_LOSS,1599.03615479
BTCUSDT,LONG,88479.0,87954.96889917275,0.015257073027399435,87954.96889917275,89527.06220165452,7.99518077395001,-7.99518077,2.69186595,-10.68704672,LOSS,STOP_LOSS,1588.34910807
BTCUSDT,LONG,88724.1,88116.11604061324,0.013062426101439097,88116.11604061324,89940.06791877354,7.94174554035001,-7.94174554,2.30996225,-10.25170779,LOSS,STOP_LOSS,1578.09740028
ETHUSDT,LONG,2968.69,2934.5198188256295,0.23091732997067882,2934.5198188256295,3037.030362348741,7.890487001400011,-7.890487,1.36315345,-9.25364045,LOSS,STOP_LOSS,1568.84375983
SOLUSDT,SHORT,123.61,125.16730540323286,5.037045901764666,125.16730540323286,120.4953891935343,7.844218799150011,-7.8442188,1.25310271,-9.09732151,LOSS,STOP_LOSS,1559.74643832
SOLUSDT,LONG,127.15,125.78898387089615,5.730080654323287,125.78898387089615,129.87203225820772,7.798732191600011,-7.79873219,1.44936078,-9.24809297,LOSS,STOP_LOSS,1550.49834535
BTCUSDT,LONG,88279.0,87973.5476423026,0.025380363030067136,87973.5476423026,88889.9047153948,7.752491726750011,-7.75249173,4.47335364,-12.22584537,LOSS,STOP_LOSS,1538.27249998
BTCUSDT,LONG,88230.9,88033.47587160925,0.03895857392201464,88033.47587160925,88625.74825678147,7.691362499900012,-7.6913625,6.86700872,-14.55837122,LOSS,STOP_LOSS,1523.71412876
ETHUSDT,SHORT,2972.69,2982.0614820916235,0.8129525905629998,2982.0614820916235,2953.947035816753,7.618570643800012,-7.61857064,4.84093064,-12.45950129,LOSS,STOP_LOSS,1511.25462747
SOLUSDT,SHORT,125.69,124.89469406704848,19.002179725498603,126.08765296647576,124.89469406704848,7.556273137350011,15.11254627,4.76165539,10.35089088,WIN,TAKE_PROFIT,1521.60551835
SOLUSDT,SHORT,125.12,125.56329345857496,17.16250814123758,125.56329345857496,124.23341308285009,7.6080275917500115,-7.60802759,4.30235406,-11.91038166,LOSS,STOP_LOSS,1509.69513669
SOLUSDT,SHORT,125.18,124.03605876645612,13.197313746730051,125.75197061677194,124.03605876645612,7.548475683450011,15.09695137,3.28898252,11.80796885,WIN,TAKE_PROFIT,1521.50310554
ETHUSDT,SHORT,2948.91,2964.1873100690023,0.49796171533728706,2964.1873100690023,2918.355379861995,7.607515527700011,-7.60751553,2.94449608,-10.55201161,LOSS,STOP_LOSS,1510.95109393
BTCUSDT,SHORT,87844.2,88213.94983276134,0.02043207271584116,88213.94983276134,87104.7003344773,7.554755469650011,-7.55475547,3.59723292,-11.15198839,LOSS,STOP_LOSS,1499.79910554
BTCUSDT,SHORT,88024.7,88374.48424716554,0.021438917242464675,88374.48424716554,87325.1315056689,7.4989955277000115,-7.49899553,3.78180751,-11.28080304,LOSS,STOP_LOSS,1488.5183025
SOLUSDT,SHORT,124.35,125.22511587981145,8.504692560376698,125.22511587981145,122.59976824037707,7.442591512500012,-7.44259151,2.12255963,-9.56515114,LOSS,STOP_LOSS,1478.95315136
ETHUSDT,LONG,2988.29,2973.5714682583935,0.5024119176165069,2973.5714682583935,3017.7270634832134,7.3947657568000125,-7.39476576,2.99531025,-10.39007601,LOSS,STOP_LOSS,1468.56307535
SOLUSDT,SHORT,124.83,125.47937400339424,11.307529002346161,125.47937400339424,123.53125199321151,7.342815376750012,-7.34281538,2.83038051,-10.17319588,LOSS,STOP_LOSS,1458.38987947
BTCUSDT,LONG,88478.7,89045.12913100084,0.025747084668705546,88195.48543449957,89045.12913100084,7.291949397350012,14.58389879,4.57072106,10.01317774,WIN,TAKE_PROFIT,1468.40305721
BTCUSDT,LONG,89096.0,88651.869895683,0.01653122635616208,88651.869895683,89984.26020863398,7.342015286050011,-7.34201529,2.93839027,-10.28040556,LOSS,STOP_LOSS,1458.12265165
BTCUSDT,LONG,88939.8,88431.14878760424,0.014333226935429667,88431.14878760424,89957.10242479155,7.290613258250012,-7.29061326,2.54229806,-9.83291132,LOSS,STOP_LOSS,1448.28974033
BTCUSDT,LONG,88790.7,89596.8472575612,0.017965572998554086,88387.62637121939,89596.8472575612,7.241448701650012,14.4828974,3.2048345,11.2780629,WIN,TAKE_PROFIT,1459.56780323
BTCUSDT,LONG,89786.6,89401.50615283837,0.01895080658893721,89401.50615283837,90556.78769432328,7.297839016150011,-7.29783902,3.39575914,-10.69359816,LOSS,STOP_LOSS,1448.87420507
BTCUSDT,LONG,89297.6,90151.53683847263,0.016966994978943644,88870.6315807637,90151.53683847263,7.244371025350011,14.48874205,3.0447126,11.44402945,WIN,TAKE_PROFIT,1460.31823452
ETHUSDT,LONG,3053.76,3038.3933790975902,0.47515919205470325,3038.3933790975902,3084.49324180482,7.301591172600012,-7.30159117,2.89474268,-10.19633385,LOSS,STOP_LOSS,1450.12190067
BTCUSDT,LONG,90088.4,89601.56360875456,0.014893318646129356,89601.56360875456,91062.07278249087,7.250609503350011,-7.2506095,2.67617989,-9.92678939,LOSS,STOP_LOSS,1440.19511128
ETHUSDT,LONG,3051.22,3024.774407544455,0.27229397747487877,3024.774407544455,3104.11118491109,7.200975556400011,-7.20097556,1.65445668,-8.85543224,LOSS,STOP_LOSS,1431.33967904
SOLUSDT,SHORT,124.58,125.66353011023958,6.604983403384683,125.66353011023958,122.41293977952084,7.156698395200011,-7.1566984,1.65285436,-8.80955276,LOSS,STOP_LOSS,1422.53012628
SOLUSDT,SHORT,125.43,126.40064606714162,7.327748880027455,126.40064606714162,123.48870786571678,7.112650631400011,-7.11265063,1.84535173,-8.95800237,LOSS,STOP_LOSS,1413.57212391
ETHUSDT,LONG,3023.43,3004.2461620833146,0.36842787403884275,3004.2461620833146,3061.79767583337,7.067860619550011,-7.06786062,2.22076391,-9.28862453,LOSS,STOP_LOSS,1404.28349938
BTCUSDT,SHORT,88228.9,87443.55945301695,0.017881204590475652,88621.57027349152,87443.55945301695,7.0214174969000105,14.04283499,3.14123519,10.90159981,WIN,TAKE_PROFIT,1415.18509919
SOLUSDT,SHORT,124.7,123.11212981871579,8.912473550233443,125.49393509064211,123.11212981871579,7.075925495950011,14.15185099,2.20861905,11.94323194,WIN,TAKE_PROFIT,1427.12833113
SOLUSDT,SHORT,123.73,122.16458631255456,9.116621009356932,124.51270684372273,122.16458631255456,7.13564165565001,14.27128331,2.24172775,12.02955556,WIN,TAKE_PROFIT,1439.15788669
BTCUSDT,SHORT,86837.3,87255.31853512059,0.017214043945142705,87255.31853512059,86001.26292975883,7.195789433450011,-7.19578943,2.99683799,-10.19262742,LOSS,STOP_LOSS,1428.96525927
BTCUSDT,SHORT,87252.4,87716.31368589478,0.015401197493385178,87716.31368589478,86324.5726282104,7.144826296350011,-7.1448263,2.69472771,-9.83955401,LOSS,STOP_LOSS,1419.12570526
SOLUSDT,SHORT,123.64,124.60455130388517,7.356403436208255,124.60455130388517,121.71089739222967,7.095628526300011,-7.09562853,1.82618707,-8.9218156,LOSS,STOP_LOSS,1410.20388966
ETHUSDT,SHORT,2940.56,2964.331335306923,0.2966185684254134,2964.331335306923,2893.017329386154,7.0510194483000115,-7.05101945,1.75150041,-8.80251986,LOSS,STOP_LOSS,1401.4013698
BTCUSDT,SHORT,87674.3,86555.74609916861,0.012528688771800606,88233.57695041569,86555.74609916861,7.00700684900001,14.0140137,2.18287402,11.83113968,WIN,TAKE_PROFIT,1413.23250948
BTCUSDT,SHORT,86950.1,87285.46122441976,0.021070302804463325,87285.46122441976,86279.37755116048,7.066162547400011,-7.06616255,3.67119603,-10.73735858,LOSS,STOP_LOSS,1402.4951509
SOLUSDT,LONG,122.92,122.04962020705457,8.056799814675514,122.04962020705457,124.66075958589084,7.01247575450001,-7.01247575,1.97367119,-8.98614695,LOSS,STOP_LOSS,1393.50900395
SOLUSDT,SHORT,121.99,122.82916809116381,8.302919394953392,122.82916809116381,120.31166381767238,6.967545019750011,-6.96754502,2.03271382,-9.00025884,LOSS,STOP_LOSS,1384.50874511
BTCUSDT,LONG,87773.5,87519.9170218168,0.027298929033592028,87519.9170218168,88280.6659563664,6.92254372555001,-6.92254373,4.78532255,-11.70786628,LOSS,STOP_LOSS,1372.80087883
ETHUSDT,SHORT,2940.69,2951.7874171380786,0.6185226984572468,2951.7874171380786,2918.495165723843,6.864004394150011,-6.86400439,3.64463103,-10.50863543,LOSS,STOP_LOSS,1362.2922434
ETHUSDT,LONG,2954.79,2944.549973155227,0.6651800156634118,2944.549973155227,2975.2700536895463,6.811461217000011,-6.81146122,3.92412306,-10.73558427,LOSS,STOP_LOSS,1351.55665913
ETHUSDT,SHORT,2943.99,2925.354962426407,0.725277131206464,2953.307518786796,2925.354962426407,6.757783295650012,13.51556659,4.25690168,9.25866491,WIN,TAKE_PROFIT,1360.81532404
ETHUSDT,SHORT,2922.06,2930.3636337082535,0.8194095331345326,2930.3636337082535,2905.4527325834933,6.8040766202000125,-6.80407662,4.79553172,-11.59960834,LOSS,STOP_LOSS,1349.2157157
ETHUSDT,SHORT,2929.35,2912.0973561561755,0.7820341785951492,2937.976321921912,2912.0973561561755,6.746078578500012,13.49215716,4.56821148,8.92394567,WIN,TAKE_PROFIT,1358.13966137
BTCUSDT,SHORT,87296.2,87475.0967805948,0.0379587507627118,87475.0967805948,86938.40643881037,6.790698306850012,-6.79069831,6.63410009,-13.4247984,LOSS,STOP_LOSS,1344.71486297
BTCUSDT,SHORT,87458.9,87641.55640775777,0.03680995590237601,87641.55640775777,87093.58718448445,6.723574314850011,-6.72357431,6.44544008,-13.16901439,LOSS,STOP_LOSS,1331.54584858
ETHUSDT,SHORT,2923.0,2932.7031426736467,0.6861415385535022,2932.7031426736467,2903.5937146527067,6.657729242900011,-6.65772924,4.01784116,-10.67557041,LOSS,STOP_LOSS,1320.87027817
BTCUSDT,LONG,87734.2,88097.5493560448,0.03635262471765997,87552.52532197759,88097.5493560448,6.60435139085001,13.20870278,6.3919456,6.81675718,WIN,TAKE_PROFIT,1327.68703535
SOLUSDT,LONG,123.78,123.0226259974365,8.765068716751294,123.0226259974365,125.29474800512699,6.6384351767500105,-6.63843518,2.16324198,-8.80167715,LOSS,STOP_LOSS,1318.8853582
ETHUSDT,SHORT,2945.76,2925.7064308630665,0.6576811086316451,2955.7867845684673,2925.7064308630665,6.594426791000011,13.18885358,3.86155255,9.32730103,WIN,TAKE_PROFIT,1328.21265923
BTCUSDT,SHORT,87607.9,87103.64263387493,0.02633997534704481,87860.02868306253,87103.64263387493,6.641063296150011,13.28212659,4.60189773,8.68022887,WIN,TAKE_PROFIT,1336.8928881
BTCUSDT,SHORT,87015.0,87317.84085885146,0.022072531645338,87317.84085885146,86409.3182822971,6.684464440500011,-6.68446444,3.84796715,-10.53243159,LOSS,STOP_LOSS,1326.36045651
BTCUSDT,SHORT,87302.9,87642.63741130628,0.019520376802339163,87642.63741130628,86623.42517738741,6.631802282550011,-6.63180228,3.41500281,-10.04680509,LOSS,STOP_LOSS,1316.31365142
SOLUSDT,SHORT,121.99,123.00072956355906,6.511700552148128,123.00072956355906,119.96854087288186,6.581568257100011,-6.58156826,1.59530627,-8.17687453,LOSS,STOP_LOSS,1308.13677689
ETHUSDT,LONG,2984.76,2970.356026100783,0.45408884591254284,2970.356026100783,3013.567947798435,6.5406838844500115,-6.54068388,2.70415176,-9.24483565,LOSS,STOP_LOSS,1298.89194124
SOLUSDT,SHORT,122.66,123.47705650937917,7.948605306546908,123.47705650937917,121.02588698124164,6.494459706200011,-6.49445971,1.95644631,-8.45090602,LOSS,STOP_LOSS,1290.44103522
SOLUSDT,LONG,123.65,122.86600019546519,8.22985559279368,122.86600019546519,125.21799960906964,6.452205176100011,-6.45220518,2.02879108,-8.48099626,LOSS,STOP_LOSS,1281.96003896
SOLUSDT,SHORT,122.2,120.43243047422717,7.252671084604113,123.08378476288642,120.43243047422717,6.409800194800011,12.81960039,1.75973321,11.05986718,WIN,TAKE_PROFIT,1293.01990614
ETHUSDT,SHORT,2917.35,2936.3269781692175,0.3406811913388332,2936.3269781692175,2879.3960436615653,6.465099530700012,-6.46509953,1.99423765,-8.45933718,LOSS,STOP_LOSS,1284.56056896
BTCUSDT,SHORT,87458.2,87758.41061988438,0.021394322583503697,87758.41061988438,86857.77876023125,6.422802844800012,-6.42280284,3.74864069,-10.17144353,LOSS,STOP_LOSS,1274.38912543
ETHUSDT,LONG,2939.62,2956.3789549633816,0.760422787825704,2931.2405225183093,2956.3789549633816,6.371945627150012,12.74389125,4.48345196,8.26043929,WIN,TAKE_PROFIT,1282.64956472
BTCUSDT,LONG,87849.9,87672.57196200312,0.03616601128645515,87672.57196200312,88204.55607599375,6.413247823600012,-6.41324782,6.3479477,-12.76119553,LOSS,STOP_LOSS,1269.88836919
ETHUSDT,SHORT,2933.77,2941.4344935292224,0.8284228855751036,2941.4344935292224,2918.4410129415555,6.349441845950013,-6.34944185,4.86715386,-11.21659571,LOSS,STOP_LOSS,1258.67177348
ETHUSDT,LONG,2941.63,2934.365231422113,0.8662848375591717,2934.365231422113,2956.1595371557746,6.293358867400013,-6.29335887,5.09028557,-11.38364444,LOSS,STOP_LOSS,1247.28812904
ETHUSDT,LONG,2945.24,2938.1959636351094,0.8853504329256666,2938.1959636351094,2959.328072729781,6.2364406452000125,-6.23644065,5.20890258,-11.44534322,LOSS,STOP_LOSS,1235.84278582
ETHUSDT,LONG,2944.14,2957.6887891029155,0.9121426102603161,2937.365605448542,2957.6887891029155,6.179213929100013,12.35842786,5.38330952,6.97511834,WIN,TAKE_PROFIT,1242.81790416
BTCUSDT,SHORT,87571.7,87746.82290695596,0.03548416154582484,87746.82290695596,87221.45418608806,6.214089520800013,-6.21408952,6.22103079,-12.43512031,LOSS,STOP_LOSS,1230.38278385
BTCUSDT,LONG,87983.1,88449.12269037057,0.02640177848146539,87750.08865481472,88449.12269037057,6.151913919250013,12.30382784,4.65812446,7.64570338,WIN,TAKE_PROFIT,1238.02848723
BTCUSDT,LONG,88280.7,88922.17654562785,0.019299668797995738,87959.96172718606,88922.17654562785,6.190142436150013,12.38028487,3.41995683,8.96032804,WIN,TAKE_PROFIT,1246.98881527
SOLUSDT,LONG,128.52,127.29082884191845,5.0724783406741425,127.29082884191845,130.97834231616312,6.234944076350013,-6.23494408,1.29759489,-7.53253896,LOSS,STOP_LOSS,1239.45627631
ETHUSDT,LONG,3019.8,3001.0065896360093,0.3297582110708524,3001.0065896360093,3057.3868207279816,6.197281381550012,-6.19728138,1.98541041,-8.18269179,LOSS,STOP_LOSS,1231.27358452
BTCUSDT,SHORT,87399.9,87903.25343728163,0.012230706034009525,87903.25343728163,86393.19312543671,6.156367922600013,-6.15636792,2.14408134,-8.30044926,LOSS,STOP_LOSS,1222.97313526
ETHUSDT,SHORT,2937.69,2957.9327974086705,0.3020761188708456,2957.9327974086705,2897.204405182659,6.114865676300012,-6.11486568,1.78092685,-7.89579253,LOSS,STOP_LOSS,1215.07734273
SOLUSDT,LONG,124.75,124.11608150823997,9.583861005193446,124.11608150823997,126.01783698352007,6.075386713650012,-6.07538671,2.38509793,-8.46048465,LOSS,STOP_LOSS,1206.61685808
SOLUSDT,LONG,124.41,123.8364889010988,10.51955978177047,123.8364889010988,125.55702219780238,6.033084290400012,-6.03308429,2.61144378,-8.64452807,LOSS,STOP_LOSS,1197.97233001
SOLUSDT,LONG,124.4,125.66961332796762,9.435725851489808,123.7651933360162,125.66961332796762,5.989861650050012,11.9797233,2.35958832,9.62013498,WIN,TAKE_PROFIT,1207.59246499
ETHUSDT,LONG,2990.5,2969.108652293347,0.2822618942831807,2969.108652293347,3033.2826954133056,6.037962324950013,-6.03796232,1.68217043,-7.72013275,LOSS,STOP_LOSS,1199.87233224
SOLUSDT,LONG,124.67,123.83439962426432,7.179701966885841,123.83439962426432,126.34120075147136,5.999361661200013,-5.99936166,1.78418753,-7.78354919,LOSS,STOP_LOSS,1192.08878305
BTCUSDT,LONG,88245.5,88921.2675681939,0.017640514862766344,87907.61621590305,88921.2675681939,5.960443915250013,11.92088783,3.125313,8.79557483,WIN,TAKE_PROFIT,1200.88435788
BTCUSDT,LONG,88982.2,88783.99449215108,0.030293919954923133,88783.99449215108,89378.61101569784,6.004421789400014,-6.00442179,5.38523487,-11.38965666,LOSS,STOP_LOSS,1189.49470122
BTCUSDT,LONG,88792.1,88591.12779285524,0.029593512409485236,88591.12779285524,89194.04441428951,5.947473506100014,-5.94747351,5.24939275,-11.19686626,LOSS,STOP_LOSS,1178.29783496
ETHUSDT,LONG,2997.03,2983.134443552887,0.423983681202211,2983.134443552887,3024.8211128942257,5.8914891748000136,-5.89148917,2.53549213,-8.42698131,LOSS,STOP_LOSS,1169.87085365
ETHUSDT,LONG,2992.5,2977.675911870538,0.3945844234846924,2977.675911870538,3022.1481762589237,5.849354268250014,-5.84935427,2.35573842,-8.20509269,LOSS,STOP_LOSS,1161.66576096
SOLUSDT,SHORT,124.15,124.86292968309922,8.147127188687545,124.86292968309922,122.72414063380157,5.808328804800015,-5.8083288,2.02874001,-7.83706881,LOSS,STOP_LOSS,1153.82869215
BTCUSDT,SHORT,87411.0,87733.23998697713,0.017903251284451607,87733.23998697713,86766.52002604573,5.769143460750015,-5.76914346,3.13565134,-8.9047948,LOSS,STOP_LOSS,1144.92389735
ETHUSDT,LONG,2979.49,3007.5081820370615,0.4086360406380149,2965.480908981469,3007.5081820370615,5.724619486750015,11.44923897,2.44650323,9.00273574,WIN,TAKE_PROFIT,1153.92663309
BTCUSDT,LONG,88844.0,88622.85903132435,0.026090295253758496,88622.85903132435,89286.2819373513,5.769633165450014,-5.76963317,4.63016275,-10.39979592,LOSS,STOP_LOSS,1143.52683717
BTCUSDT,LONG,88599.9,88360.55651170312,0.023888822823365224,88360.55651170312,89078.58697659372,5.717634185850014,-5.71763419,4.22737699,-9.94501118,LOSS,STOP_LOSS,1133.58182599
BTCUSDT,LONG,88600.0,89083.27514654567,0.023456240903190526,88358.36242672717,89083.27514654567,5.667909129950015,11.33581826,4.16778171,7.16803655,WIN,TAKE_PROFIT,1140.74986254
BTCUSDT,LONG,88930.0,88649.92173889198,0.020364841205937362,88649.92173889198,89490.15652221606,5.7037493127000145,-5.70374931,3.61638691,-9.32013622,LOSS,STOP_LOSS,1131.42972632
BTCUSDT,LONG,88694.4,89264.90913968974,0.01983192989572956,88409.14543015513,89264.90913968974,5.657148631600014,11.31429726,3.52927654,7.78502072,WIN,TAKE_PROFIT,1139.21474704
ETHUSDT,LONG,3040.07,3066.2856545681293,0.4345551411197503,3026.9621727159356,3066.2856545681293,5.696073735200014,11.39214747,2.65354824,8.73859923,WIN,TAKE_PROFIT,1147.95334627
BTCUSDT,LONG,89805.3,89526.03716883533,0.020553278456041924,89526.03716883533,90363.82566232934,5.739766731350014,-5.73976673,3.68584691,-9.42561364,LOSS,STOP_LOSS,1138.52773263
BTCUSDT,LONG,89485.4,89201.63855110125,0.020061353243165145,89201.63855110125,90052.92289779747,5.6926386631500145,-5.69263866,3.5847038,-9.27734246,LOSS,STOP_LOSS,1129.25039017
BTCUSDT,LONG,89356.4,88953.29262685713,0.014006818845382357,88953.29262685713,90162.61474628572,5.646251950850014,-5.64625195,2.49755156,-8.14380351,LOSS,STOP_LOSS,1121.10658666
ETHUSDT,LONG,3070.3,3124.785684589078,0.20576167760673444,3043.057157705461,3124.785684589078,5.605532933300014,11.21106587,1.27471122,9.93635464,WIN,TAKE_PROFIT,1131.0429413
BTCUSDT,LONG,90091.6,89399.99117951049,0.008176897892217889,89399.99117951049,91474.81764097903,5.655214706500015,-5.65521471,1.46768441,-7.12289912,LOSS,STOP_LOSS,1123.92004218
BTCUSDT,SHORT,89485.2,89754.57664112805,0.020861497817208842,89754.57664112805,88946.44671774388,5.619600210900014,-5.61960021,3.73921021,-9.35881042,LOSS,STOP_LOSS,1114.56123176
BTCUSDT,LONG,89893.0,90451.05220948187,0.019972346902717517,89613.97389525906,90451.05220948187,5.572806158800014,11.14561232,3.60189397,7.54371835,WIN,TAKE_PROFIT,1122.10495011
ETHUSDT,LONG,3120.33,3136.6846738079876,0.6861065914759981,3112.152663096006,3136.6846738079876,5.610524750550014,11.2210495,4.29297901,6.92807049,WIN,TAKE_PROFIT,1129.0330206
BTCUSDT,LONG,91372.7,91095.4133035793,0.020358586170449798,91095.4133035793,91927.27339284138,5.645165103000014,-5.6451651,3.71479281,-9.35995791,LOSS,STOP_LOSS,1119.67306269
ETHUSDT,LONG,3138.34,3162.288382506017,0.4675359859517425,3126.3658087469917,3162.288382506017,5.598365313450014,11.19673063,2.9457705,8.25096012,WIN,TAKE_PROFIT,1127.92402281
ETHUSDT,LONG,3155.9,3141.7620238685795,0.39889868688605407,3141.7620238685795,3184.1759522628413,5.639620114050014,-5.63962011,2.51212911,-8.15174923,LOSS,STOP_LOSS,1119.77227358
BTCUSDT,LONG,91190.0,90870.69325414012,0.017534428697466114,90870.69325414012,91828.61349171976,5.598861367900014,-5.59886137,3.19233024,-8.79119161,LOSS,STOP_LOSS,1110.98108197
ETHUSDT,SHORT,3125.25,3136.5924492629492,0.4897447880146592,3136.5924492629492,3102.565101474102,5.554905409850014,-5.55490541,3.0667047,-8.62161011,LOSS,STOP_LOSS,1102.35947186
ETHUSDT,LONG,3137.08,3159.6358709079072,0.4887239674144182,3125.802064546046,3159.6358709079072,5.511797359300015,11.02359472,3.07735596,7.94623876,WIN,TAKE_PROFIT,1110.30571062
ETHUSDT,LONG,3153.0,3182.098931928166,0.3815623588387739,3138.450534035917,3182.098931928166,5.551528553100014,11.10305711,2.41723529,8.68582181,WIN,TAKE_PROFIT,1118.99153243
BTCUSDT,LONG,92907.9,92496.8988007227,0.013612995952294609,92496.8988007227,93729.90239855458,5.594957662150015,-5.59495766,2.52391478,-8.11887244,LOSS,STOP_LOSS,1110.87265999
BTCUSDT,LONG,92556.8,92158.89648689415,0.013959070772195974,92158.89648689415,93352.60702621171,5.554363299950015,-5.5543633,2.57845948,-8.13282278,LOSS,STOP_LOSS,1102.73983721
BTCUSDT,LONG,92584.3,93255.8983455117,0.016419633022916713,92248.50082724416,93255.8983455117,5.513699186050015,11.02739837,3.05142786,7.97597051,WIN,TAKE_PROFIT,1110.71580772
BTCUSDT,LONG,93250.5,94002.76682147448,0.014764918191432976,92874.36658926276,94002.76682147448,5.553579038600016,11.10715808,2.76477917,8.34237891,WIN,TAKE_PROFIT,1119.05818663
ETHUSDT,LONG,3188.43,3163.943064354716,0.22850106743461554,3163.943064354716,3237.4038712905667,5.595290933150015,-5.59529093,1.45152403,-7.04681496,LOSS,STOP_LOSS,1112.01137167
BTCUSDT,LONG,93394.8,94367.58024863242,0.011431270045144453,92908.40987568379,94367.58024863242,5.560056858350016,11.12011372,2.14636247,8.97375124,WIN,TAKE_PROFIT,1120.98512291
ETHUSDT,LONG,3212.21,3184.1840188667293,0.1999903442415489,3184.1840188667293,3268.261962266542,5.604925614550016,-5.60492561,1.27921704,-6.88414266,LOSS,STOP_LOSS,1114.10098025
ETHUSDT,LONG,3199.78,3257.2539368522735,0.19384455655327792,3171.0430315738636,3257.2539368522735,5.570504901250016,11.1410098,1.25166088,9.88934892,WIN,TAKE_PROFIT,1123.99032917
BTCUSDT,LONG,94686.9,94170.00282701437,0.010872475106390814,94170.00282701437,95720.69434597125,5.619951645850016,-5.61995165,2.05334197,-7.67329362,LOSS,STOP_LOSS,1116.31703555
BTCUSDT,LONG,94130.9,93588.03119651334,0.010281646581828749,93588.03119651334,95216.6376069733,5.581585177750015,-5.58158518,1.93005971,-7.51164489,LOSS,STOP_LOSS,1108.80539066
BTCUSDT,LONG,94070.8,93680.95109098045,0.01422096310912573,93680.95109098045,94850.49781803912,5.5440269533000155,-5.54402695,2.67001073,-8.21403768,LOSS,STOP_LOSS,1100.59135298
SOLUSDT,LONG,137.93,139.93875760238927,5.478965464379258,136.92562119880537,139.93875760238927,5.502956764900015,11.00591353,1.52243333,9.4834802,WIN,TAKE_PROFIT,1110.07483318
SOLUSDT,LONG,139.5,138.50769967786584,5.593441866432903,138.50769967786584,141.4846006442683,5.550374165900015,-5.55037417,1.55501991,-7.10539407,LOSS,STOP_LOSS,1102.96943911
BTCUSDT,SHORT,93359.9,93649.3051672017,0.019055800726965604,93649.3051672017,92781.08966559656,5.514847195550015,-5.5148472,3.56361015,-9.07845734,LOSS,STOP_LOSS,1093.89098177
SOLUSDT,LONG,138.54,140.2742492119357,6.307576640320487,137.67287539403213,140.2742492119357,5.469454908850014,10.93890982,1.75864225,9.18026757,WIN,TAKE_PROFIT,1103.07124934
BTCUSDT,LONG,94063.6,93808.2645430052,0.021600432276871414,93808.2645430052,94574.27091398959,5.515356246700014,-5.51535625,4.05811349,-9.57346973,LOSS,STOP_LOSS,1093.49777961
ETHUSDT,LONG,3276.67,3255.586942398433,0.2593309282446616,3255.586942398433,3318.836115203134,5.467488898050014,-5.4674889,1.69401626,-7.16150515,LOSS,STOP_LOSS,1086.33627446
BTCUSDT,SHORT,92805.9,91796.14446708887,0.010758408734123013,93310.77776645555,91796.14446708887,5.431681372300014,10.86336274,1.98602425,8.8773385,WIN,TAKE_PROFIT,1095.21361296
ETHUSDT,LONG,3244.51,3291.6232481211878,0.23246404284052483,3220.953375939406,3291.6232481211878,5.476068064800014,10.95213613,1.51941596,9.43272017,WIN,TAKE_PROFIT,1104.64633313
SOLUSDT,LONG,141.22,139.84100535624734,4.005259694569695,139.84100535624734,143.97798928750532,5.523231665650014,-5.52323167,1.12572232,-6.64895398,LOSS,STOP_LOSS,1097.99737915
ETHUSDT,LONG,3271.78,3246.5219744509795,0.21735613835274262,3246.5219744509795,3322.296051098041,5.489986895750015,-5.4899869,1.41679295,-6.90677984,LOSS,STOP_LOSS,1091.09059931
BTCUSDT,SHORT,92516.0,93015.11121133195,0.010930335509778063,93015.11121133195,91517.77757733609,5.455452996550015,-5.455453,2.02791729,-7.48337029,LOSS,STOP_LOSS,1083.60722902
ETHUSDT,LONG,3268.83,3247.6148840055534,0.2553856479746952,3247.6148840055534,3311.260231988893,5.4180361451000145,-5.41803615,1.6642065,-7.08224264,LOSS,STOP_LOSS,1076.52498638
SOLUSDT,SHORT,138.43,139.3609303606242,5.781984517392883,139.3609303606242,136.56813927875163,5.382624931900015,-5.38262493,1.60618286,-6.98880779,LOSS,STOP_LOSS,1069.53617859
SOLUSDT,LONG,139.45,138.72214293354236,7.347158033343584,138.72214293354236,140.90571413291522,5.347680892950015,-5.34768089,2.04377469,-7.39145559,LOSS,STOP_LOSS,1062.144723
BTCUSDT,SHORT,92237.3,91650.96052980202,0.018114842629327745,92530.469735099,91650.96052980202,5.310723615000014,10.62144723,3.3311069,7.29034033,WIN,TAKE_PROFIT,1069.43506333
BTCUSDT,SHORT,91659.8,91988.72320622655,0.016256607060333276,91988.72320622655,91001.9535875469,5.347175316650014,-5.34717532,2.98550188,-8.3326772,LOSS,STOP_LOSS,1061.10238613
BTCUSDT,SHORT,91619.1,90753.486373228,0.012258383571051265,92051.90681338601,90753.486373228,5.305511930650014,10.61102386,2.23559312,8.37543074,WIN,TAKE_PROFIT,1069.47781687
BTCUSDT,SHORT,90857.4,91356.83241284487,0.010706932403305718,91356.83241284487,89858.53517431024,5.347389084350014,-5.34738908,1.95095547,-7.29834455,LOSS,STOP_LOSS,1062.17947232
BTCUSDT,SHORT,91015.1,91395.05817035129,0.013977584313268019,91395.05817035129,90255.18365929746,5.310897361600014,-5.31089736,2.54965337,-7.86055073,LOSS,STOP_LOSS,1054.31892159
SOLUSDT,LONG,137.7,136.81217062325896,5.937621288563934,136.81217062325896,139.47565875348207,5.271594607950014,-5.27159461,1.62994931,-6.90154392,LOSS,STOP_LOSS,1047.41737767
ETHUSDT,SHORT,3138.96,3158.3567386907444,0.2699983214626167,3158.3567386907444,3100.166522618511,5.237086888350015,-5.23708689,1.70026495,-6.93735184,LOSS,STOP_LOSS,1040.48002583
SOLUSDT,LONG,137.79,136.79798977409982,5.244300908722157,136.79798977409982,139.77402045180037,5.202400129150014,-5.20240013,1.44002204,-6.64242217,LOSS,STOP_LOSS,1033.83760366
BTCUSDT,SHORT,90491.8,89781.6836672238,0.014558707579900555,90846.8581663881,89781.6836672238,5.169188018300015,10.33837604,2.62454893,7.7138271,WIN,TAKE_PROFIT,1041.55143076
BTCUSDT,SHORT,90401.2,89605.69168341323,0.013092904361187811,90798.95415829337,89605.69168341323,5.2077571538000145,10.41551431,2.35681302,8.05870129,WIN,TAKE_PROFIT,1049.61013205
BTCUSDT,SHORT,89600.4,89991.28937139348,0.013425923149409685,89991.28937139348,88818.62125721302,5.248050660250015,-5.24805066,2.41118422,-7.65923488,LOSS,STOP_LOSS,1041.95089717
SOLUSDT,LONG,138.12,136.8140601714137,3.989276053774749,136.8140601714137,140.7318796571726,5.209754485850015,-5.20975449,1.09678786,-6.30654235,LOSS,STOP_LOSS,1035.64435482
ETHUSDT,SHORT,3095.54,3118.783192512962,0.2227844462937785,3118.783192512962,3049.053614974075,5.178221774100015,-5.17822177,1.38445455,-6.56267633,LOSS,STOP_LOSS,1029.08167849
SOLUSDT,LONG,138.85,137.71068687555754,4.516237267931064,137.71068687555754,141.1286262488849,5.145408392450015,-5.14540839,1.24901368,-6.39442207,LOSS,STOP_LOSS,1022.68725642
ETHUSDT,SHORT,3097.81,3122.6025498260688,0.20624890614209052,3122.6025498260688,3048.224900347862,5.1134362821000146,-5.11343628,1.28295328,-6.39638957,LOSS,STOP_LOSS,1016.29086685
SOLUSDT,LONG,139.15,137.96233570795997,4.2785274999904646,137.96233570795997,141.52532858408009,5.081454334250015,-5.08145433,1.18563275,-6.26708708,LOSS,STOP_LOSS,1010.02377977
ETHUSDT,SHORT,3094.05,3063.3130725017377,0.3286027140569269,3109.418463749131,3063.3130725017377,5.050118898850015,10.1002378,2.02332622,8.07691158,WIN,TAKE_PROFIT,1018.10069135
SOLUSDT,SHORT,136.8,137.91116300749596,4.581239136300715,137.91116300749596,134.57767398500812,5.090503456750015,-5.09050346,1.25851753,-6.34902099,LOSS,STOP_LOSS,1011.75167036
BTCUSDT,LONG,91137.7,90490.3021989316,0.007813987541279335,90490.3021989316,92432.49560213677,5.058758351800015,-5.05875835,1.41923895,-6.4779973,LOSS,STOP_LOSS,1005.27367306
SOLUSDT,SHORT,135.3,136.69457322937149,3.6042340835449824,136.69457322937149,132.5108535412571,5.026368365300015,-5.02636837,0.98033211,-6.00670048,LOSS,STOP_LOSS,999.26697258
SOLUSDT,LONG,136.74,136.3282000420167,12.132917369318074,136.3282000420167,137.56359991596662,4.9963348629000155,-4.99633486,3.31311391,-8.30944877,LOSS,STOP_LOSS,990.95752381
SOLUSDT,SHORT,135.91,136.30396669454052,12.576666220043462,136.30396669454052,135.12206661091895,4.954787619050015,-4.95478762,3.4235442,-8.37833182,LOSS,STOP_LOSS,982.57919199
SOLUSDT,SHORT,136.0,136.3869002051155,12.698096033532616,136.3869002051155,135.226199589769,4.912895959950015,-4.91289596,3.45879502,-8.37169098,LOSS,STOP_LOSS,974.20750101
SOLUSDT,LONG,136.23,135.87475427607313,13.711741414382193,135.87475427607313,136.9404914478537,4.871037505050015,-4.87103751,3.73103003,-8.60206753,LOSS,STOP_LOSS,965.60543348
SOLUSDT,LONG,136.7,136.33147063334783,13.100793598239994,136.33147063334783,137.4370587333043,4.828027167400015,-4.82802717,3.57692894,-8.40495611,LOSS,STOP_LOSS,957.20047737
SOLUSDT,LONG,136.37,137.1728090514102,11.923140075321774,135.96859547429491,137.1728090514102,4.786002386850015,9.57200477,3.26148923,6.31051554,WIN,TAKE_PROFIT,963.51099291
SOLUSDT,LONG,137.01,137.74328187467628,13.139708292058064,136.64335906266183,137.74328187467628,4.817554964550015,9.63510993,3.61017798,6.02493195,WIN,TAKE_PROFIT,969.53592486
SOLUSDT,LONG,137.88,138.75000289290395,11.144054034393253,137.44499855354803,138.75000289290395,4.847679624300015,9.69535925,3.0827797,6.61257955,WIN,TAKE_PROFIT,976.14850441
SOLUSDT,LONG,139.16,138.57568752831438,8.352966535131443,138.57568752831438,140.32862494337127,4.8807425220500145,-4.88074252,2.3199169,-7.20065943,LOSS,STOP_LOSS,968.94784498
SOLUSDT,LONG,138.41,139.75443744741617,7.207087595203402,137.7377812762919,139.75443744741617,4.844739224900015,9.68947845,2.00475547,7.68472298,WIN,TAKE_PROFIT,976.63256796
SOLUSDT,LONG,140.21,139.2681880846118,5.184859906754551,139.2681880846118,142.0936238307764,4.883162839800015,-4.88316284,1.44905525,-6.33221809,LOSS,STOP_LOSS,970.30034987
SOLUSDT,LONG,139.46,138.3531257779206,4.383065078736634,138.3531257779206,141.6737484441588,4.851501749350015,-4.85150175,1.21767301,-6.06917476,LOSS,STOP_LOSS,964.23117511
BTCUSDT,SHORT,90485.1,90695.8946615905,0.022871337628634185,90695.8946615905,90063.510676819,4.821155875550015,-4.82115588,4.1438517,-8.96500758,LOSS,STOP_LOSS,955.26616753
BTCUSDT,SHORT,90654.2,90218.88726725719,0.02194436541084137,90871.8563663714,90218.88726725719,4.776330837650015,9.55266168,3.96914512,5.58351656,WIN,TAKE_PROFIT,960.84968409
SOLUSDT,LONG,138.93,141.01996325737068,4.5974477335971455,137.8850183713147,141.01996325737068,4.804248420450015,9.60849684,1.28705532,8.32144152,WIN,TAKE_PROFIT,969.17112561
SOLUSDT,LONG,140.19,142.5773391162943,4.059629061473194,138.99633044185285,142.5773391162943,4.845855628050015,9.69171126,1.14793051,8.54378075,WIN,TAKE_PROFIT,977.71490636
SOLUSDT,LONG,142.08,140.76013961525481,3.703857308168072,140.76013961525481,144.7197207694904,4.888574531800015,-4.88857453,1.04759952,-5.93617405,LOSS,STOP_LOSS,971.77873231
BTCUSDT,SHORT,90241.8,90572.86377273954,0.014676609347325571,90572.86377273954,89579.67245452091,4.858893661550015,-4.85889366,2.65374618,-7.51263985,LOSS,STOP_LOSS,964.26609246
SOLUSDT,LONG,140.38,142.50830400525712,4.530678371502211,139.31584799737143,142.50830400525712,4.821330462300015,9.64266092,1.28167592,8.360985,WIN,TAKE_PROFIT,972.62707746
BTCUSDT,LONG,91618.7,91157.41361777364,0.010542551383867975,91157.41361777364,92541.27276445273,4.863135387300015,-4.86313539,1.92692657,-6.79006196,LOSS,STOP_LOSS,965.8370155
SOLUSDT,LONG,141.76,140.3704469447293,3.475351343500351,140.3704469447293,144.53910611054138,4.829185077500015,-4.82918508,0.98050243,-5.80968751,LOSS,STOP_LOSS,960.02732799
ETHUSDT,SHORT,3090.72,3108.9114545592556,0.26386766513443616,3108.9114545592556,3054.337090881488,4.800136639950015,-4.80013664,1.63588228,-6.43601892,LOSS,STOP_LOSS,953.59130907
BTCUSDT,LONG,91437.3,91097.01857180176,0.014011803613837534,91097.01857180176,92117.8628563965,4.767956545350015,-4.76795655,2.55763502,-7.32559157,LOSS,STOP_LOSS,946.2657175
ETHUSDT,SHORT,3092.18,3107.736840315233,0.3041317190141175,3107.736840315233,3061.066319369533,4.731328587500014,-4.73132859,1.88559137,-6.61691995,LOSS,STOP_LOSS,939.64879755
SOLUSDT,SHORT,138.04,138.92746586642696,5.293999651688756,138.92746586642696,136.26506826714606,4.698243987750015,-4.69824399,1.46626567,-6.16450966,LOSS,STOP_LOSS,933.48428789
BTCUSDT,LONG,91436.4,92005.5436506933,0.016401558494992762,91151.82817465335,92005.5436506933,4.667421439450014,9.33484288,3.00873377,6.32610911,WIN,TAKE_PROFIT,939.810397
BTCUSDT,LONG,92046.2,91717.4267634911,0.01429268402409286,91717.4267634911,92703.74647301779,4.699051985000014,-4.69905199,2.62647545,-7.32552744,LOSS,STOP_LOSS,932.48486956
ETHUSDT,LONG,3138.94,3167.107116065958,0.3310544350285742,3124.856441967021,3167.107116065958,4.662424347800014,9.3248487,2.08764487,7.23720383,WIN,TAKE_PROFIT,939.72207339
BTCUSDT,LONG,92888.3,93902.19487728894,0.00926843693995896,92381.35256135552,93902.19487728894,4.698610366950014,9.39722073,1.73125592,7.66596481,WIN,TAKE_PROFIT,947.3880382
SOLUSDT,LONG,143.65,145.93743229899366,4.14170963056174,142.50628385050317,145.93743229899366,4.736940191000014,9.47388038,1.19938706,8.27449332,WIN,TAKE_PROFIT,955.66253152
BTCUSDT,LONG,95576.0,94874.67720022364,0.00681328577813776,94874.67720022364,96978.64559955272,4.778312657600014,-4.77831266,1.29759489,-6.07590755,LOSS,STOP_LOSS,949.58662397
ETHUSDT,LONG,3328.1,3308.150860201311,0.23800189721273043,3308.150860201311,3367.9982795973783,4.747933119850014,-4.74793312,1.5794403,-6.32737341,LOSS,STOP_LOSS,943.25925056
BTCUSDT,LONG,95063.7,94718.02908573374,0.013643890932539489,94718.02908573374,95755.04182853251,4.7162962528000145,-4.71629625,2.58936121,-7.30565747,LOSS,STOP_LOSS,935.95359309
SOLUSDT,SHORT,143.7,144.48262112857574,5.979608516277075,144.48262112857574,142.13475774284845,4.679767965450014,-4.67976797,1.72321926,-6.40298722,LOSS,STOP_LOSS,929.55060587
BTCUSDT,LONG,95043.0,95688.18492387449,0.014407506615123971,94720.40753806275,95688.18492387449,4.647753029350015,9.29550606,2.74796081,6.54754525,WIN,TAKE_PROFIT,936.09815112
BTCUSDT,LONG,95583.8,96294.1058824978,0.013178803304123084,95228.6470587511,96294.1058824978,4.680490755600014,9.36098151,2.52872118,6.83226033,WIN,TAKE_PROFIT,942.93041145
BTCUSDT,LONG,96449.0,97408.17650072514,0.009830624611186185,95969.41174963742,97408.17650072514,4.714652057250015,9.42930411,1.90573713,7.52356698,WIN,TAKE_PROFIT,950.45397843
BTCUSDT,LONG,97329.9,96700.40967613593,0.007549393075621277,96700.40967613593,98588.88064772813,4.752269892150014,-4.75226989,1.46481108,-6.21708097,LOSS,STOP_LOSS,944.23689746
BTCUSDT,LONG,97105.2,96415.7285286849,0.00684754146287566,96415.7285286849,98484.14294263019,4.721184487300015,-4.72118449,1.32514258,-6.04632707,LOSS,STOP_LOSS,938.19057039
BTCUSDT,LONG,96764.5,96012.7585911023,0.0062401150135237265,96012.7585911023,98267.9828177954,4.690952851950015,-4.69095285,1.20295227,-5.89390512,LOSS,STOP_LOSS,932.29666527
BTCUSDT,SHORT,95868.3,96353.10698240808,0.00961513240423235,96353.10698240808,94898.68603518384,4.661483326350015,-4.66148333,1.84823428,-6.50971761,LOSS,STOP_LOSS,925.78694766
BTCUSDT,SHORT,96217.7,96647.05259893696,0.01078119650320235,96647.05259893696,95358.99480212608,4.628934738300015,-4.62893474,2.0793128,-6.70824753,LOSS,STOP_LOSS,919.07870013
BTCUSDT,LONG,96549.8,96164.96369812895,0.01194116427766186,96164.96369812895,97319.47260374209,4.595393500650015,-4.5953935,2.30123865,-6.89663215,LOSS,STOP_LOSS,912.18206798
SOLUSDT,SHORT,143.48,144.39167013638854,5.00280765800603,144.39167013638854,141.6566597272229,4.5609103399000155,-4.56091034,1.4401666,-6.00107694,LOSS,STOP_LOSS,906.18099104
SOLUSDT,SHORT,143.43,141.40385456071772,4.472438026763739,144.44307271964115,141.40385456071772,4.530904955200016,9.06180991,1.27390176,7.78790815,WIN,TAKE_PROFIT,913.96889919
ETHUSDT,SHORT,3290.97,3322.1362817564936,0.14662783747046926,3322.1362817564936,3228.637436487012,4.569844495950015,-4.5698445,0.96966547,-5.53950997,LOSS,STOP_LOSS,908.42938922
ETHUSDT,LONG,3317.0,3297.864080847106,0.23736236079431336,3297.864080847106,3355.2718383057877,4.542146946100015,-4.54214695,1.57011975,-6.1122667,LOSS,STOP_LOSS,902.31712252
BTCUSDT,SHORT,95423.4,95764.26904780797,0.013235539106916976,95764.26904780797,94741.66190438405,4.511585612600015,-4.51158561,2.53047187,-7.04205748,LOSS,STOP_LOSS,895.27506504
BTCUSDT,LONG,95570.7,95273.07396930025,0.015040268200586002,95273.07396930025,96165.95206139948,4.476375325200015,-4.47637533,2.87034154,-7.34671687,LOSS,STOP_LOSS,887.92834817
BTCUSDT,SHORT,95272.6,95489.79322707726,0.020440976915320645,95489.79322707726,94838.21354584552,4.439641740850015,-4.43964174,3.89936968,-8.33901142,LOSS,STOP_LOSS,879.58933675
SOLUSDT,LONG,143.74,143.1343006481427,7.260940052625268,143.1343006481427,144.95139870371466,4.397946683750015,-4.39794668,2.0829771,-6.48092378,LOSS,STOP_LOSS,873.10841297
SOLUSDT,LONG,143.23,142.64104737118916,7.412382339925289,142.64104737118916,144.40790525762165,4.365542064850015,-4.36554206,2.1189855,-6.48452757,LOSS,STOP_LOSS,866.6238854
BTCUSDT,SHORT,95371.0,95591.88076107444,0.0196174596914745,95591.88076107444,94929.23847785112,4.333119427000015,-4.33311943,3.74620662,-8.07932604,LOSS,STOP_LOSS,858.54455936
ETHUSDT,LONG,3313.32,3300.3258710244277,0.3303586415734272,3300.3258710244277,3339.308257951145,4.292722796800016,-4.2927228,2.18487507,-6.47759786,LOSS,STOP_LOSS,852.0669615
BTCUSDT,SHORT,95170.0,95454.60934420676,0.01496906160749579,95454.60934420676,94600.78131158647,4.260334807500016,-4.26033481,2.85347152,-7.11380633,LOSS,STOP_LOSS,844.95315517
SOLUSDT,LONG,143.39,142.62162013705444,5.498277583244453,142.62162013705444,144.92675972589112,4.224765775850016,-4.22476578,1.57257128,-5.79733706,LOSS,STOP_LOSS,839.15581811
BTCUSDT,SHORT,94673.2,95094.14806094105,0.009967450808943212,95094.14806094105,93831.30387811788,4.195779090550015,-4.19577909,1.89149671,-6.0872758,LOSS,STOP_LOSS,833.06854231
SOLUSDT,LONG,143.26,145.33410887871094,4.016513071520901,142.22294556064452,145.33410887871094,4.165342711550015,8.33068542,1.15914201,7.17154341,WIN,TAKE_PROFIT,840.24008572
BTCUSDT,LONG,95375.4,95020.75757260025,0.011846299551363416,95020.75757260025,96084.68485479947,4.201200428600015,-4.20120043,2.25548992,-6.45669034,LOSS,STOP_LOSS,833.78339538
ETHUSDT,LONG,3328.13,3319.7980341720654,0.5003521453392048,3319.7980341720654,3344.793931655869,4.168916976900015,-4.16891698,3.32630505,-7.49522203,LOSS,STOP_LOSS,826.28817335
ETHUSDT,LONG,3316.29,3306.2328210918467,0.4107952045479403,3306.2328210918467,3336.4043578163064,4.131440866750015,-4.13144087,2.72050062,-6.85194148,LOSS,STOP_LOSS,819.43623187
SOLUSDT,LONG,144.23,143.87042191811705,11.39441296837414,143.87042191811705,144.94915616376585,4.097181159350015,-4.09718116,3.28273518,-7.37991634,LOSS,STOP_LOSS,812.05631553
SOLUSDT,SHORT,143.64,142.82359367672083,9.946717613213897,144.04820316163958,142.82359367672083,4.060281577650015,8.12056316,2.84937247,5.27119068,WIN,TAKE_PROFIT,817.32750621
ETHUSDT,SHORT,3300.81,3308.556959873513,0.5275149991446793,3308.556959873513,3285.316080252974,4.086637531050015,-4.08663753,3.48654021,-7.57317774,LOSS,STOP_LOSS,809.75432847
ETHUSDT,LONG,3310.24,3302.4785151175693,0.5216491049947203,3302.4785151175693,3325.7629697648613,4.048771642350015,-4.04877164,3.44951869,-7.49829034,LOSS,STOP_LOSS,802.25603813
SOLUSDT,SHORT,142.02,142.49849922880418,8.38304421236924,142.49849922880418,141.06300154239165,4.011280190650015,-4.01128019,2.38513116,-6.39641135,LOSS,STOP_LOSS,795.85962678
ETHUSDT,LONG,3319.4,3334.249344692846,0.5359560595043883,3311.975327653577,3334.249344692846,3.9792981339000146,7.95859627,3.56606368,4.39253258,WIN,TAKE_PROFIT,800.25215936
ETHUSDT,LONG,3336.02,3326.3959906169493,0.41575819780961637,3326.3959906169493,3355.2680187661012,4.001260796800015,-4.0012608,2.76995407,-6.77121486,LOSS,STOP_LOSS,793.4809445
ETHUSDT,LONG,3329.35,3318.5405627157384,0.36703156863462033,3318.5405627157384,3350.9688745685226,3.9674047225000146,-3.96740472,2.4399857,-6.40739042,LOSS,STOP_LOSS,787.07355408
ETHUSDT,LONG,3324.74,3347.35515205143,0.34802930013031674,3313.4324239742846,3347.35515205143,3.9353677704000147,7.87073554,2.32208461,5.54865093,WIN,TAKE_PROFIT,792.62220501
SOLUSDT,SHORT,133.76,134.85676037779947,3.6134702759790582,134.85676037779947,131.56647924440102,3.963111025050015,-3.96311103,0.97063868,-4.9337497,LOSS,STOP_LOSS,787.68845531
BTCUSDT,SHORT,93064.6,92610.86524538192,0.017360108461892308,93291.46737730905,92610.86524538192,3.9384422765500147,7.87688455,3.22334622,4.65353834,WIN,TAKE_PROFIT,792.34199365
