symbol,side,entry_price,exit_price,quantity,stop,target,risk_usdt,gross_pnl,fee_usdt,pnl,result,close_reason,opened_at,closed_at,balance_after
BTCUSDT,SHORT,88028.1,87308.4550600499,0.13895741420336147,88387.92246997506,87308.4550600499,50.0,100.0,24.36431431,75.63568569,WIN,TAKE_PROFIT,2026-07-26T11:59:18.036888+00:00,2026-07-26T11:59:18.038140+00:00,10075.63568569
BTCUSDT,SHORT,86978.7,86245.72127522044,0.13746150256571607,87345.18936238978,86245.72127522044,50.37817842845,100.75635686,23.81168923,76.94466763,WIN,TAKE_PROFIT,2026-07-26T11:59:18.038575+00:00,2026-07-26T11:59:18.038758+00:00,10152.58035332
BTCUSDT,SHORT,85301.1,84248.96975556185,0.09649547104067453,85827.16512221908,84248.96975556185,50.762901766599995,101.52580353,16.36081385,85.16498969,WIN,TAKE_PROFIT,2026-07-26T11:59:18.039194+00:00,2026-07-26T11:59:18.039583+00:00,10237.74534301
SOLUSDT,SHORT,117.92,119.38930274624073,34.838787884946555,119.38930274624073,114.98139450751856,51.188726715049995,-51.18872672,8.26756846,-59.45629518,LOSS,STOP_LOSS,2026-07-26T11:59:18.040054+00:00,2026-07-26T11:59:18.040285+00:00,10178.28904783
ETHUSDT,SHORT,2838.8,2779.1224854338107,1.705548416655502,2868.638757283095,2779.1224854338107,50.891445239149995,101.78289048,9.5816388,92.20125168,WIN,TAKE_PROFIT,2026-07-26T11:59:18.040824+00:00,2026-07-26T11:59:18.041130+00:00,10270.49029951
ETHUSDT,SHORT,2802.8,2739.266317873832,1.6165425890340182,2834.566841063084,2739.266317873832,51.35245149755,102.704903,8.95898623,93.74591676,WIN,TAKE_PROFIT,2026-07-26T11:59:18.041750+00:00,2026-07-26T11:59:18.043037+00:00,10364.23621627
BTCUSDT,SHORT,81988.5,82723.97338183702,0.07045962826270408,82723.97338183702,80517.55323632597,51.821181081350005,-51.82118108,11.60557964,-63.42676073,LOSS,STOP_LOSS,2026-07-26T11:59:18.043673+00:00,2026-07-26T11:59:18.044163+00:00,10300.80945554
BTCUSDT,SHORT,82983.6,83708.31539473559,0.07106796357829795,83708.31539473559,81534.16921052885,51.5040472777,-51.50404728,11.84645497,-63.35050225,LOSS,STOP_LOSS,2026-07-26T11:59:18.044799+00:00,2026-07-26T11:59:18.046588+00:00,10237.45895329
ETHUSDT,SHORT,2736.37,2681.9893645294087,1.8825559621910628,2763.5603177352955,2681.9893645294087,51.18729476645,102.37458953,10.20036473,92.17422481,WIN,TAKE_PROFIT,2026-07-26T11:59:18.047304+00:00,2026-07-26T11:59:18.048044+00:00,10329.6331781
BTCUSDT,SHORT,82468.3,83287.66531857589,0.06303435686082963,83287.66531857589,80829.56936284823,51.6481658905,-51.64816589,10.44832067,-62.09648656,LOSS,STOP_LOSS,2026-07-26T11:59:18.048784+00:00,2026-07-26T11:59:18.048975+00:00,10267.53669154
BTCUSDT,LONG,83897.3,82968.14061816671,0.05525175170314415,82968.14061816671,85755.61876366659,51.3376834577,-51.33768346,9.21960789,-60.55729135,LOSS,STOP_LOSS,2026-07-26T11:59:18.049697+00:00,2026-07-26T11:59:18.052084+00:00,10206.97940019
BTCUSDT,SHORT,82754.4,83094.46935715452,0.1500720248009861,83094.46935715452,82074.26128569094,51.034897000950004,-51.034897,24.88927564,-75.92417264,LOSS,STOP_LOSS,2026-07-26T11:59:18.052899+00:00,2026-07-26T11:59:18.053066+00:00,10131.05522755
BTCUSDT,SHORT,83031.1,82287.38547957016,0.1362223669062508,83402.95726021493,82287.38547957016,50.65527613775001,101.31055228,22.52007539,78.79047689,WIN,TAKE_PROFIT,2026-07-26T11:59:18.053846+00:00,2026-07-26T11:59:18.055011+00:00,10209.84570444
BTCUSDT,SHORT,81568.6,82055.78095294164,0.10478494328228886,82055.78095294164,80594.23809411675,51.04922852220001,-51.04922852,17.14537148,-68.1946,LOSS,STOP_LOSS,2026-07-26T11:59:18.056271+00:00,2026-07-26T11:59:18.056729+00:00,10141.65110444
BTCUSDT,SHORT,81078.5,79583.66722412923,0.06784471994556247,81825.91638793539,79583.66722412923,50.708255522200005,101.41651104,10.90007974,90.5164313,WIN,TAKE_PROFIT,2026-07-26T11:59:18.057544+00:00,2026-07-26T11:59:18.057816+00:00,10232.16753574
BTCUSDT,SHORT,78817.1,76826.24274468365,0.05139578695768465,79812.52862765818,76826.24274468365,51.160837678700005,102.32167536,7.99941209,94.32226327,WIN,TAKE_PROFIT,2026-07-26T11:59:18.058711+00:00,2026-07-26T11:59:18.059071+00:00,10326.48979901
BTCUSDT,SHORT,77518.8,78784.481457395,0.04079418932257949,78784.481457395,74987.43708521,51.632448995050005,-51.632449,6.37626566,-58.00871465,LOSS,STOP_LOSS,2026-07-26T11:59:18.060046+00:00,2026-07-26T11:59:18.060959+00:00,10268.48108436
BTCUSDT,SHORT,78310.9,79146.59529282188,0.06143675315967423,79146.59529282188,76639.50941435622,51.34240542180001,-51.34240542,9.67367727,-61.01608269,LOSS,STOP_LOSS,2026-07-26T11:59:18.061952+00:00,2026-07-26T11:59:18.063582+00:00,10207.46500167
BTCUSDT,SHORT,78334.0,78821.10419132053,0.10477701879343068,78821.10419132053,77359.79161735895,51.03732500835002,-51.03732501,16.46624331,-67.50356831,LOSS,STOP_LOSS,2026-07-26T11:59:18.064629+00:00,2026-07-26T11:59:18.064979+00:00,10139.96143336
ETHUSDT,SHORT,2410.65,2355.771580690397,1.8477138301222298,2438.0892096548014,2355.771580690397,50.69980716680002,101.39961433,8.80698307,92.59263126,WIN,TAKE_PROFIT,2026-07-26T11:59:18.065932+00:00,2026-07-26T11:59:18.066478+00:00,10232.55406462
BTCUSDT,SHORT,77812.9,78278.40578730352,0.10990791461361657,78278.40578730352,76881.88842539294,51.16277032310002,-51.16277032,17.15566991,-68.31844023,LOSS,STOP_LOSS,2026-07-26T11:59:18.067472+00:00,2026-07-26T11:59:18.067675+00:00,10164.23562439
BTCUSDT,SHORT,78179.4,77041.01042801738,0.08928609216516335,78748.5947859913,77041.01042801738,50.82117812195003,101.64235624,13.85902387,87.78333237,WIN,TAKE_PROFIT,2026-07-26T11:59:18.068637+00:00,2026-07-26T11:59:18.068835+00:00,10252.01895676
BTCUSDT,SHORT,76961.7,77609.62713690066,0.07911398036050887,77609.62713690066,75665.84572619866,51.26009478380002,-51.26009478,12.22875294,-63.48884772,LOSS,STOP_LOSS,2026-07-26T11:59:18.069917+00:00,2026-07-26T11:59:18.070132+00:00,10188.53010904
BTCUSDT,SHORT,77563.8,78261.3718680419,0.07302853351611956,78261.3718680419,76168.6562639162,50.942650545200024,-50.94265055,11.37968379,-62.32233433,LOSS,STOP_LOSS,2026-07-26T11:59:18.071205+00:00,2026-07-26T11:59:18.071788+00:00,10126.20777471
BTCUSDT,SHORT,77705.2,76393.3059590874,0.07718769549151919,78361.1470204563,76393.3059590874,50.631038873550025,101.26207775,11.89450855,89.36756919,WIN,TAKE_PROFIT,2026-07-26T11:59:18.072815+00:00,2026-07-26T11:59:18.073417+00:00,10215.5753439
BTCUSDT,SHORT,76489.0,77236.38831861551,0.06834181836574299,77236.38831861551,74994.22336276896,51.077876719500026,-51.07787672,10.50587257,-61.58374929,LOSS,STOP_LOSS,2026-07-26T11:59:18.074464+00:00,2026-07-26T11:59:18.074653+00:00,10153.99159461
BTCUSDT,SHORT,77158.9,78024.34298901031,0.0586635499018924,78024.34298901031,75428.01402197935,50.76995797305003,-50.76995797,9.10359992,-59.87355789,LOSS,STOP_LOSS,2026-07-26T11:59:18.075767+00:00,2026-07-26T11:59:18.076428+00:00,10094.11803672
ETHUSDT,SHORT,2291.44,2190.022271004397,0.9953011309450288,2342.1488644978017,2190.022271004397,50.47059018360003,100.94118037,4.46040447,96.4807759,WIN,TAKE_PROFIT,2026-07-26T11:59:18.077588+00:00,2026-07-26T11:59:18.078097+00:00,10190.59881262
BTCUSDT,SHORT,75045.8,76053.21460105701,0.050577978530029634,76053.21460105701,73030.97079788598,50.95299406310003,-50.95299406,7.64228272,-58.59527678,LOSS,STOP_LOSS,2026-07-26T11:59:18.079301+00:00,2026-07-26T11:59:18.079552+00:00,10132.00353584
BTCUSDT,SHORT,76256.2,77388.7562121359,0.04473068721565703,77388.7562121359,73991.0875757282,50.660017679200024,-50.66001768,6.87264448,-57.53266216,LOSS,STOP_LOSS,2026-07-26T11:59:18.080809+00:00,2026-07-26T11:59:18.081952+00:00,10074.47087368
ETHUSDT,LONG,2307.61,2374.8713491943,1.4978098111855584,2273.97932540285,2374.8713491943,50.37235436840003,100.74470874,7.01346651,93.73124223,WIN,TAKE_PROFIT,2026-07-26T11:59:18.083309+00:00,2026-07-26T11:59:18.083921+00:00,10168.20211591
BTCUSDT,LONG,78567.2,77751.64365173751,0.0623390531970785,77751.64365173751,80198.31269652497,50.84101057955003,-50.84101058,9.74476871,-60.58577929,LOSS,STOP_LOSS,2026-07-26T11:59:18.085187+00:00,2026-07-26T11:59:18.087252+00:00,10107.61633662
BTCUSDT,SHORT,77774.8,78284.89433370302,0.09907595192485294,78284.89433370302,76754.61133259397,50.538081683100025,-50.53808168,15.46176277,-65.99984446,LOSS,STOP_LOSS,2026-07-26T11:59:18.088565+00:00,2026-07-26T11:59:18.088813+00:00,10041.61649216
ETHUSDT,SHORT,2327.23,2352.570691482922,1.9813225102652448,2352.570691482922,2276.548617034156,50.20808246080002,-50.20808246,9.27219445,-59.48027691,LOSS,STOP_LOSS,2026-07-26T11:59:18.090062+00:00,2026-07-26T11:59:18.090418+00:00,9982.13621525
BTCUSDT,LONG,78949.2,78397.40741635277,0.09045188818296786,78397.40741635277,80052.78516729445,49.91068107625002,-49.91068108,14.23229774,-64.14297882,LOSS,STOP_LOSS,2026-07-26T11:59:18.091766+00:00,2026-07-26T11:59:18.092008+00:00,9917.99323643
ETHUSDT,SHORT,2322.11,2272.725557185827,2.0083234053586514,2346.8022214070866,2272.725557185827,49.58996618215002,99.17993236,9.22791579,89.95201657,WIN,TAKE_PROFIT,2026-07-26T11:59:18.093329+00:00,2026-07-26T11:59:18.094129+00:00,10007.945253
ETHUSDT,SHORT,2272.44,2299.5803699611224,1.8437378096422543,2299.5803699611224,2218.1592600777553,50.03972626500002,-50.03972627,8.42960682,-58.46933309,LOSS,STOP_LOSS,2026-07-26T11:59:18.095569+00:00,2026-07-26T11:59:18.096307+00:00,9949.47591991
SOLUSDT,SHORT,103.05,101.45459063943375,62.36315371986204,103.84770468028313,101.45459063943375,49.747379599550015,99.4947592,12.75355122,86.74120798,WIN,TAKE_PROFIT,2026-07-26T11:59:18.097653+00:00,2026-07-26T11:59:18.098088+00:00,10036.21712789
BTCUSDT,SHORT,77164.5,77701.4981390988,0.0934474106812824,77701.4981390988,76090.5037218024,50.18108563945001,-50.18108564,14.47182653,-64.65291217,LOSS,STOP_LOSS,2026-07-26T11:59:18.099599+00:00,2026-07-26T11:59:18.099872+00:00,9971.56421572
BTCUSDT,SHORT,77700.0,76423.60269890104,0.07812273033744804,78338.19865054947,76423.60269890104,49.85782107860001,99.71564216,12.04055665,87.6750855,WIN,TAKE_PROFIT,2026-07-26T11:59:18.101224+00:00,2026-07-26T11:59:18.101708+00:00,10059.23930122
ETHUSDT,SHORT,2221.12,2151.5045080153595,1.4449713726708184,2255.92774599232,2151.5045080153595,50.2961965061,100.59239301,6.31831724,94.27407577,WIN,TAKE_PROFIT,2026-07-26T11:59:18.103231+00:00,2026-07-26T11:59:18.103606+00:00,10153.51337699
BTCUSDT,SHORT,74071.0,74931.32987607007,0.05900941987142564,74931.32987607007,72350.34024785987,50.76756688495,-50.76756688,8.79254105,-59.56010793,LOSS,STOP_LOSS,2026-07-26T11:59:18.105037+00:00,2026-07-26T11:59:18.105430+00:00,10093.95326906
BTCUSDT,SHORT,74898.2,75957.86007237705,0.047628260855469305,75957.86007237705,72778.87985524588,50.4697663453,-50.46976635,7.18501178,-57.65477813,LOSS,STOP_LOSS,2026-07-26T11:59:18.107015+00:00,2026-07-26T11:59:18.107413+00:00,10036.29849093
BTCUSDT,SHORT,75803.5,76780.4899114017,0.051363368105463846,76780.4899114017,73849.5201771966,50.181492454650005,-50.18149245,7.83722764,-58.0187201,LOSS,STOP_LOSS,2026-07-26T11:59:18.108856+00:00,2026-07-26T11:59:18.109621+00:00,9978.27977083
SOLUSDT,SHORT,98.7,96.03715279646767,37.47222055247303,100.03142360176618,96.03715279646767,49.891398854150005,99.78279771,7.29723354,92.48556417,WIN,TAKE_PROFIT,2026-07-26T11:59:18.111269+00:00,2026-07-26T11:59:18.113039+00:00,10070.765335
BTCUSDT,SHORT,75785.0,76203.33682404779,0.12036670878690911,76203.33682404779,74948.32635190443,50.353826675,-50.35382668,18.29433588,-68.64816255,LOSS,STOP_LOSS,2026-07-26T11:59:18.114687+00:00,2026-07-26T11:59:18.114930+00:00,10002.11717245
SOLUSDT,SHORT,96.18,93.75911683923455,41.31598473875717,97.39044158038274,93.75911683923455,50.01058586225,100.02117172,7.84752165,92.17365007,WIN,TAKE_PROFIT,2026-07-26T11:59:18.116505+00:00,2026-07-26T11:59:18.117046+00:00,10094.29082252
BTCUSDT,SHORT,75313.9,74300.54513848676,0.09961259580327363,75820.57743075662,74300.54513848676,50.47145411260001,100.94290823,14.90348325,86.03942498,WIN,TAKE_PROFIT,2026-07-26T11:59:18.118730+00:00,2026-07-26T11:59:18.118997+00:00,10180.3302475
BTCUSDT,SHORT,74328.9,75018.19829277415,0.07384560758541957,75018.19829277415,72950.30341445169,50.9016512375,-50.90165124,11.02862721,-61.93027845,LOSS,STOP_LOSS,2026-07-26T11:59:18.120625+00:00,2026-07-26T11:59:18.120825+00:00,10118.39996905
BTCUSDT,SHORT,74821.5,73270.36745627657,0.06523233626935052,75597.06627186171,73270.36745627657,50.59199984525,101.18399969,9.6603785,91.52362119,WIN,TAKE_PROFIT,2026-07-26T11:59:18.122498+00:00,2026-07-26T11:59:18.122941+00:00,10209.92359024
BTCUSDT,SHORT,73074.7,74047.23725669397,0.05249116946402318,74047.23725669397,71129.62548661203,51.0496179512,-51.04961795,7.72260254,-58.77222049,LOSS,STOP_LOSS,2026-07-26T11:59:18.124591+00:00,2026-07-26T11:59:18.125035+00:00,10151.15136975
BTCUSDT,SHORT,73961.9,71613.76559031205,0.04323070829279762,75135.96720484397,71613.76559031205,50.755756848749996,101.5115137,6.29333913,95.21817456,WIN,TAKE_PROFIT,2026-07-26T11:59:18.126809+00:00,2026-07-26T11:59:18.128283+00:00,10246.36954431
BTCUSDT,SHORT,72294.3,70388.96118542063,0.053777152209918196,73246.96940728968,70388.96118542063,51.23184772155,102.46369544,7.67309945,94.79059599,WIN,TAKE_PROFIT,2026-07-26T11:59:18.130059+00:00,2026-07-26T11:59:18.130848+00:00,10341.1601403
ETHUSDT,SHORT,2093.48,2134.4980114803557,1.2605633192692234,2134.4980114803557,2011.4439770392892,51.705800701499996,-51.7058007,5.329634,-57.0354347,LOSS,STOP_LOSS,2026-07-26T11:59:18.132625+00:00,2026-07-26T11:59:18.133395+00:00,10284.1247056
BTCUSDT,SHORT,71327.4,69886.4790035996,0.07137188458833645,72047.8604982002,69886.4790035996,51.42062352799999,102.84124706,10.07870067,92.76254638,WIN,TAKE_PROFIT,2026-07-26T11:59:18.135213+00:00,2026-07-26T11:59:18.135575+00:00,10376.88725198
BTCUSDT,SHORT,70445.4,68801.8095096264,0.06313547877501616,71267.19524518678,68801.8095096264,51.88443625989999,103.76887252,8.79143924,94.97743328,WIN,TAKE_PROFIT,2026-07-26T11:59:18.137384+00:00,2026-07-26T11:59:18.138096+00:00,10471.86468526
BTCUSDT,SHORT,67963.4,65837.8419005259,0.04926642413515292,69026.17904973704,65837.8419005259,52.359323426299994,104.71864685,6.59190873,98.12673812,WIN,TAKE_PROFIT,2026-07-26T11:59:18.139987+00:00,2026-07-26T11:59:18.140742+00:00,10569.99142338
ETHUSDT,SHORT,1935.63,1829.740519400845,0.9982097715062668,1988.5747402995778,1829.740519400845,52.84995711689999,105.69991423,3.75862965,101.94128459,WIN,TAKE_PROFIT,2026-07-26T11:59:18.142655+00:00,2026-07-26T11:59:18.143235+00:00,10671.93270797
SOLUSDT,SHORT,78.77,81.26647738060616,21.37398237787917,81.26647738060616,73.77704523878768,53.35966353985,-53.35966354,3.42061685,-56.78028039,LOSS,STOP_LOSS,2026-07-26T11:59:18.145122+00:00,2026-07-26T11:59:18.145689+00:00,10615.15242758
BTCUSDT,SHORT,64536.3,61388.58936911531,0.03372340622237096,66110.15531544235,61388.58936911531,53.0757621379,106.15152428,4.2466162,101.90490808,WIN,TAKE_PROFIT,2026-07-26T11:59:18.147645+00:00,2026-07-26T11:59:18.147963+00:00,10717.05733566
BTCUSDT,SHORT,60199.1,61940.65369024231,0.030768667643455927,61940.65369024231,56715.99261951537,53.5852866783,-53.58528668,3.75807749,-57.34336417,LOSS,STOP_LOSS,2026-07-26T11:59:18.149825+00:00,2026-07-26T11:59:18.150055+00:00,10659.71397149
BTCUSDT,SHORT,62915.8,64838.80573291302,0.02771628235174942,64838.80573291302,59069.78853417397,53.298569857450005,-53.29856986,3.54088272,-56.83945258,LOSS,STOP_LOSS,2026-07-26T11:59:18.152068+00:00,2026-07-26T11:59:18.152319+00:00,10602.87451891
SOLUSDT,SHORT,76.42,80.2079840417652,13.995405474265258,80.2079840417652,68.84403191646962,53.014372594550004,-53.01437259,2.19207215,-55.20644474,LOSS,STOP_LOSS,2026-07-26T11:59:18.154388+00:00,2026-07-26T11:59:18.154781+00:00,10547.66807417
SOLUSDT,SHORT,77.94,81.44339929240044,15.053476914621083,81.44339929240044,70.9332014151991,52.738340370850004,-52.73834037,2.39927432,-55.13761469,LOSS,STOP_LOSS,2026-07-26T11:59:18.156699+00:00,2026-07-26T11:59:18.157502+00:00,10492.53045948
BTCUSDT,SHORT,65034.4,66257.85579685326,0.04288070924371328,66257.85579685326,62587.48840629349,52.4626522974,-52.4626523,5.62990505,-58.09255734,LOSS,STOP_LOSS,2026-07-26T11:59:18.159608+00:00,2026-07-26T11:59:18.160647+00:00,10434.43790214
BTCUSDT,LONG,66270.9,67801.91863214955,0.06815356575700227,65505.390683925216,67801.91863214955,52.1721895107,104.34437902,9.13754066,95.20683836,WIN,TAKE_PROFIT,2026-07-26T11:59:18.162763+00:00,2026-07-26T11:59:18.163481+00:00,10529.6447405
ETHUSDT,LONG,1971.92,2034.1434808902418,1.6922301018603632,1940.8082595548792,2034.1434808902418,52.6482237025,105.29644741,6.77918121,98.51726619,WIN,TAKE_PROFIT,2026-07-26T11:59:18.165514+00:00,2026-07-26T11:59:18.165828+00:00,10628.16200669
ETHUSDT,LONG,2067.5,2031.6495721445685,1.482292212738512,2031.6495721445685,2139.200855710863,53.140810033449995,-53.14081003,6.07613749,-59.21694752,LOSS,STOP_LOSS,2026-07-26T11:59:18.167950+00:00,2026-07-26T11:59:18.169860+00:00,10568.94505917
BTCUSDT,SHORT,67977.3,68840.35799093678,0.06122963445189932,68840.35799093678,66251.18401812643,52.84472529585,-52.8447253,8.37729519,-61.22202048,LOSS,STOP_LOSS,2026-07-26T11:59:18.172017+00:00,2026-07-26T11:59:18.172950+00:00,10507.72303869
ETHUSDT,SHORT,2029.48,2054.1682670591645,2.128080317162121,2054.1682670591645,1980.103465881671,52.53861519345,-52.53861519,8.6903315,-61.22894669,LOSS,STOP_LOSS,2026-07-26T11:59:18.175107+00:00,2026-07-26T11:59:18.175499+00:00,10446.494092
ETHUSDT,LONG,2055.9,2129.9194648051566,1.4113171608979636,2018.8902675974218,2129.9194648051566,52.232470459999995,104.46494092,5.90751884,98.55742208,WIN,TAKE_PROFIT,2026-07-26T11:59:18.177596+00:00,2026-07-26T11:59:18.181013+00:00,10545.05151408
ETHUSDT,LONG,2122.9,2102.2431069255194,2.5524292244866147,2102.2431069255194,2164.213786148962,52.7252575704,-52.72525757,10.78437874,-63.50963631,LOSS,STOP_LOSS,2026-07-26T11:59:18.183225+00:00,2026-07-26T11:59:18.183990+00:00,10481.54187777
SOLUSDT,SHORT,86.14,87.08822254596942,55.269419200817254,87.08822254596942,84.24355490806116,52.40770938885,-52.40770939,9.57422325,-61.98193264,LOSS,STOP_LOSS,2026-07-26T11:59:18.186166+00:00,2026-07-26T11:59:18.186564+00:00,10419.55994513
BTCUSDT,LONG,71270.0,70760.95412335162,0.10234401674888022,70760.95412335162,72288.09175329676,52.09779972565,-52.09779973,14.53601835,-66.63381807,LOSS,STOP_LOSS,2026-07-26T11:59:18.188765+00:00,2026-07-26T11:59:18.189279+00:00,10352.92612706
SOLUSDT,SHORT,86.84,87.72759310724308,58.320226027987914,87.72759310724308,85.06481378551386,51.7646306353,-51.76463064,10.18082149,-61.94545212,LOSS,STOP_LOSS,2026-07-26T11:59:18.191600+00:00,2026-07-26T11:59:18.192114+00:00,10290.98067494
BTCUSDT,LONG,71320.9,70764.2839589916,0.09244236526400092,70764.2839589916,72434.13208201677,51.454903374699995,-51.45490337,13.13469047,-64.58959385,LOSS,STOP_LOSS,2026-07-26T11:59:18.194408+00:00,2026-07-26T11:59:18.194618+00:00,10226.39108109
SOLUSDT,SHORT,86.58,87.67302670770339,46.78015188932179,87.67302670770339,84.39394658459321,51.13195540545,-51.13195541,8.15158306,-59.28353846,LOSS,STOP_LOSS,2026-07-26T11:59:18.196902+00:00,2026-07-26T11:59:18.197444+00:00,10167.10754263
SOLUSDT,SHORT,86.19,87.46274566748389,39.94163092587668,87.46274566748389,83.64450866503222,50.835537713149996,-50.83553771,6.93597388,-57.77151159,LOSS,STOP_LOSS,2026-07-26T11:59:18.199784+00:00,2026-07-26T11:59:18.200103+00:00,10109.33603104
ETHUSDT,SHORT,2080.44,2027.8137224223944,1.92096733730259,2106.753138788803,2027.8137224223944,50.5466801552,101.09336031,7.89182121,93.2015391,WIN,TAKE_PROFIT,2026-07-26T11:59:18.202443+00:00,2026-07-26T11:59:18.203937+00:00,10202.53757014
BTCUSDT,SHORT,69000.0,69557.8136687088,0.09145112555018868,69557.8136687088,67884.37266258239,51.012687850700004,-51.01268785,12.67126801,-63.68395586,LOSS,STOP_LOSS,2026-07-26T11:59:18.206400+00:00,2026-07-26T11:59:18.207303+00:00,10138.85361428
BTCUSDT,SHORT,69138.1,69816.97361040606,0.07467408851122996,69816.97361040606,67780.3527791879,50.6942680714,-50.69426807,10.37634347,-61.07061154,LOSS,STOP_LOSS,2026-07-26T11:59:18.209732+00:00,2026-07-26T11:59:18.209993+00:00,10077.78300274
BTCUSDT,SHORT,68884.5,69628.59131634916,0.06771872471369526,69628.59131634916,67396.31736730167,50.3889150137,-50.38891501,9.3799299,-59.76884491,LOSS,STOP_LOSS,2026-07-26T11:59:18.212534+00:00,2026-07-26T11:59:18.212836+00:00,10018.01415783
BTCUSDT,SHORT,69164.3,69949.36706341805,0.06380355656632294,69949.36706341805,67594.16587316392,50.09007078915,-50.09007079,8.87594673,-58.96601751,LOSS,STOP_LOSS,2026-07-26T11:59:18.215377+00:00,2026-07-26T11:59:18.215629+00:00,9959.04814032
BTCUSDT,LONG,70362.4,69704.7369214583,0.07571542682921456,69704.7369214583,71677.7261570834,49.795240701599994,-49.7952407,10.60524306,-60.40048376,LOSS,STOP_LOSS,2026-07-26T11:59:18.218018+00:00,2026-07-26T11:59:18.219199+00:00,9898.64765656
BTCUSDT,SHORT,69508.0,68537.23186586173,0.10196716711706638,69993.38406706914,68537.23186586173,49.49323828279999,98.98647657,14.07608123,84.91039534,WIN,TAKE_PROFIT,2026-07-26T11:59:18.222200+00:00,2026-07-26T11:59:18.223834+00:00,9983.5580519
ETHUSDT,SHORT,2007.91,2024.896917859749,2.938601968387793,2024.896917859749,1973.9361642805022,49.917790259499995,-49.91779026,11.85081435,-61.76860461,LOSS,STOP_LOSS,2026-07-26T11:59:18.226458+00:00,2026-07-26T11:59:18.227138+00:00,9921.78944729
SOLUSDT,SHORT,84.18,84.89469253583111,69.41299195011294,84.89469253583111,82.75061492833781,49.60894723644999,-49.60894724,11.73598027,-61.34492751,LOSS,STOP_LOSS,2026-07-26T11:59:18.231824+00:00,2026-07-26T11:59:18.232571+00:00,9860.44451978
SOLUSDT,SHORT,84.38,82.56353368097251,54.283662826510025,85.28823315951374,82.56353368097251,49.302222598899995,98.6044452,9.06230649,89.5421387,WIN,TAKE_PROFIT,2026-07-26T11:59:18.235110+00:00,2026-07-26T11:59:18.235510+00:00,9949.98665848
BTCUSDT,SHORT,68880.0,67581.90140989827,0.07665046965115567,69529.04929505086,67581.90140989827,49.7499332924,99.49986658,10.45986883,89.03999775,WIN,TAKE_PROFIT,2026-07-26T11:59:18.238074+00:00,2026-07-26T11:59:18.239942+00:00,10039.02665623
SOLUSDT,SHORT,82.52,80.97839159284838,65.12047164285272,83.2908042035758,80.97839159284838,50.19513328115,100.39026656,10.64709237,89.74317419,WIN,TAKE_PROFIT,2026-07-26T11:59:18.242664+00:00,2026-07-26T11:59:18.243136+00:00,10128.76983042
BTCUSDT,SHORT,66883.0,67366.30872235782,0.10478571316701026,67366.30872235782,65916.38255528438,50.6438491521,-50.64384915,14.06740956,-64.71125871,LOSS,STOP_LOSS,2026-07-26T11:59:18.245720+00:00,2026-07-26T11:59:18.247001+00:00,10064.05857171
ETHUSDT,SHORT,1949.04,1964.5287241453043,3.248833950845828,1964.5287241453043,1918.0625517093915,50.320292858550005,-50.32029286,12.71453494,-63.0348278,LOSS,STOP_LOSS,2026-07-26T11:59:18.249693+00:00,2026-07-26T11:59:18.250035+00:00,10001.02374391
SOLUSDT,SHORT,81.08,78.95468276964952,47.056616306925555,82.14265861517524,78.95468276964952,50.00511871955,100.01023744,7.53069066,92.47954678,WIN,TAKE_PROFIT,2026-07-26T11:59:18.252722+00:00,2026-07-26T11:59:18.253009+00:00,10093.50329069
BTCUSDT,SHORT,66087.9,66948.62015557829,0.05863405907991377,66948.62015557829,64366.45968884342,50.467516453449996,-50.46751645,7.80047118,-58.26798764,LOSS,STOP_LOSS,2026-07-26T11:59:18.255719+00:00,2026-07-26T11:59:18.256052+00:00,10035.23530305
BTCUSDT,SHORT,66579.1,67509.76276649078,0.053914455721107674,67509.76276649078,64717.77446701848,50.17617651525,-50.17617652,7.22932805,-57.40550457,LOSS,STOP_LOSS,2026-07-26T11:59:18.258851+00:00,2026-07-26T11:59:18.259516+00:00,9977.82979848
SOLUSDT,SHORT,79.54,80.72512430732465,42.096131759394865,80.72512430732465,77.16975138535071,49.889148992399996,-49.88914899,6.74654179,-56.63569078,LOSS,STOP_LOSS,2026-07-26T11:59:18.262437+00:00,2026-07-26T11:59:18.263007+00:00,9921.1941077
BTCUSDT,LONG,68153.5,67433.23939431318,0.06887225283020605,67433.23939431318,69594.02121137363,49.605970538499996,-49.60597054,9.3381642,-58.94413473,LOSS,STOP_LOSS,2026-07-26T11:59:18.265759+00:00,2026-07-26T11:59:18.266134+00:00,9862.24997297
SOLUSDT,SHORT,79.76,80.79386445110065,47.696049334469144,80.79386445110065,77.69227109779872,49.31124986485,-49.31124986,7.65778504,-56.9690349,LOSS,STOP_LOSS,2026-07-26T11:59:18.268972+00:00,2026-07-26T11:59:18.270174+00:00,9805.28093807
ETHUSDT,LONG,1972.38,1956.7081739924238,3.12831476476632,1956.7081739924238,2003.7236520151528,49.02640469035,-49.02640469,12.29142455,-61.31782924,LOSS,STOP_LOSS,2026-07-26T11:59:18.273069+00:00,2026-07-26T11:59:18.273479+00:00,9743.96310883
BTCUSDT,SHORT,66777.9,67236.92598642675,0.10613737998452975,67236.92598642675,65859.84802714648,48.719815544149995,-48.71981554,14.22398251,-62.94379805,LOSS,STOP_LOSS,2026-07-26T11:59:18.276274+00:00,2026-07-26T11:59:18.276681+00:00,9681.01931078
ETHUSDT,LONG,1978.42,1962.3304553690011,3.008481449539631,1962.3304553690011,2010.5990892619977,48.405096553899995,-48.40509655,11.85567464,-60.2607712,LOSS,STOP_LOSS,2026-07-26T11:59:18.279634+00:00,2026-07-26T11:59:18.280124+00:00,9620.75853958
BTCUSDT,SHORT,66896.3,67301.20021760644,0.11880406728913517,67301.20021760644,66086.49956478714,48.10379269789999,-48.1037927,15.94320885,-64.04700154,LOSS,STOP_LOSS,2026-07-26T11:59:18.283017+00:00,2026-07-26T11:59:18.283475+00:00,9556.71153804
ETHUSDT,LONG,1976.77,1963.1026883865534,3.4961928901355974,1963.1026883865534,2004.1046232268934,47.783557690199984,-47.78355769,13.77455488,-61.55811257,LOSS,STOP_LOSS,2026-07-26T11:59:18.286373+00:00,2026-07-26T11:59:18.287576+00:00,9495.15342547
BTCUSDT,SHORT,67382.0,67947.43915937457,0.0839626445042516,67947.43915937457,66251.12168125086,47.47576712734999,-47.47576713,11.36261759,-58.83838472,LOSS,STOP_LOSS,2026-07-26T11:59:18.290469+00:00,2026-07-26T11:59:18.290848+00:00,9436.31504075
BTCUSDT,SHORT,67374.4,66115.3391027112,0.07494724886675216,68003.93044864439,66115.3391027112,47.181575203749986,94.36315041,10.0046887,84.35846171,WIN,TAKE_PROFIT,2026-07-26T11:59:18.293692+00:00,2026-07-26T11:59:18.293999+00:00,9520.67350246
BTCUSDT,SHORT,66034.5,66745.34987087162,0.06696683710996502,66745.34987087162,64612.80025825674,47.60336751229999,-47.60336751,8.89184658,-56.49521409,LOSS,STOP_LOSS,2026-07-26T11:59:18.297031+00:00,2026-07-26T11:59:18.299132+00:00,9464.17828837
ETHUSDT,LONG,1953.29,1938.949528385929,3.2998141703664903,1938.949528385929,1981.970943228142,47.32089144184999,-47.32089144,12.84366715,-60.16455859,LOSS,STOP_LOSS,2026-07-26T11:59:18.302094+00:00,2026-07-26T11:59:18.302618+00:00,9404.01372978
SOLUSDT,SHORT,78.17,78.83983387860144,70.19661165403289,78.83983387860144,76.83033224279711,47.020068648899986,-47.02006865,11.02155833,-58.04162698,LOSS,STOP_LOSS,2026-07-26T11:59:18.305723+00:00,2026-07-26T11:59:18.306212+00:00,9345.9721028
BTCUSDT,SHORT,66094.0,66459.49520908072,0.12785355143650975,66459.49520908072,65363.00958183855,46.72986051399998,-46.72986051,16.94743512,-63.67729563,LOSS,STOP_LOSS,2026-07-26T11:59:18.309248+00:00,2026-07-26T11:59:18.309547+00:00,9282.29480717
SOLUSDT,LONG,78.96,80.32789682824686,67.85814993859164,78.27605158587656,80.32789682824686,46.411474035849984,92.82294807,10.80898199,82.01396609,WIN,TAKE_PROFIT,2026-07-26T11:59:18.312610+00:00,2026-07-26T11:59:18.313136+00:00,9364.30877326
ETHUSDT,LONG,1957.6,1984.7277244710854,3.451933015333118,1944.0361377644572,1984.7277244710854,46.82154386629999,93.64308773,13.60865123,80.0344365,WIN,TAKE_PROFIT,2026-07-26T11:59:18.316296+00:00,2026-07-26T11:59:18.316977+00:00,9444.34320976
BTCUSDT,LONG,67310.3,68168.12554515543,0.11009631577302638,66881.3872274223,68168.12554515543,47.22171604879999,94.4434321,14.91567552,79.52775658,WIN,TAKE_PROFIT,2026-07-26T11:59:18.320176+00:00,2026-07-26T11:59:18.320476+00:00,9523.87096634
SOLUSDT,LONG,84.89,84.29367442963506,79.85462505415943,84.29367442963506,86.08265114072988,47.619354831699994,-47.61935483,13.51009889,-61.12945372,LOSS,STOP_LOSS,2026-07-26T11:59:18.323743+00:00,2026-07-26T11:59:18.324823+00:00,9462.74151262
BTCUSDT,LONG,69152.4,69500.10473298341,0.272148769199273,68978.54763350828,69500.10473298341,47.313707563099996,94.62741513,37.73410851,56.89330662,WIN,TAKE_PROFIT,2026-07-26T11:59:18.327969+00:00,2026-07-26T11:59:18.328309+00:00,9519.63481924
SOLUSDT,LONG,86.7,86.07634376668635,76.32117110943896,86.07634376668635,87.94731246662732,47.5981740962,-47.5981741,13.1864929,-60.78466699,LOSS,STOP_LOSS,2026-07-26T11:59:18.331621+00:00,2026-07-26T11:59:18.331830+00:00,9458.85015225
ETHUSDT,LONG,2084.01,2070.4425735903956,3.4858674986266767,2070.4425735903956,2111.1448528192095,47.294250761250005,-47.29425076,14.4818712,-61.77612196,LOSS,STOP_LOSS,2026-07-26T11:59:18.335017+00:00,2026-07-26T11:59:18.335511+00:00,9397.07403029
ETHUSDT,LONG,2094.03,2083.278016752076,4.369925907438609,2083.278016752076,2115.5339664958487,46.985370151450006,-46.98537015,18.25452653,-65.23989668,LOSS,STOP_LOSS,2026-07-26T11:59:18.338864+00:00,2026-07-26T11:59:18.339101+00:00,9331.83413361
SOLUSDT,LONG,88.53,87.86302670580017,69.95658008170568,87.86302670580017,89.86394658839967,46.65917066805001,-46.65917067,12.3398529,-58.99902357,LOSS,STOP_LOSS,2026-07-26T11:59:18.342411+00:00,2026-07-26T11:59:18.342981+00:00,9272.83511004
SOLUSDT,LONG,88.38,87.67799458629864,66.04532478708803,87.67799458629864,89.7840108274027,46.36417555020001,-46.36417555,11.62780743,-57.99198298,LOSS,STOP_LOSS,2026-07-26T11:59:18.346314+00:00,2026-07-26T11:59:18.346553+00:00,9214.84312706
ETHUSDT,SHORT,2059.22,2074.0112079999767,3.114973140488075,2074.0112079999767,2029.6375840000462,46.07421563530001,-46.07421564,12.8749042,-58.94911983,LOSS,STOP_LOSS,2026-07-26T11:59:18.349818+00:00,2026-07-26T11:59:18.350311+00:00,9155.89400723
BTCUSDT,LONG,70406.1,70013.94266962374,0.11673750938743072,70013.94266962374,71190.41466075255,45.77947003615,-45.77947004,16.39228605,-62.17175609,LOSS,STOP_LOSS,2026-07-26T11:59:18.353801+00:00,2026-07-26T11:59:18.355486+00:00,9093.72225114
ETHUSDT,SHORT,2009.78,2027.8523773879983,2.515917539764032,2027.8523773879983,1973.6352452240033,45.468611255700004,-45.46861126,10.15835012,-55.62696137,LOSS,STOP_LOSS,2026-07-26T11:59:18.358961+00:00,2026-07-26T11:59:18.359266+00:00,9038.09528977
BTCUSDT,SHORT,69020.0,68134.37755419007,0.10205359329510102,69462.81122290497,68134.37755419007,45.190476448850006,90.3809529,13.99709707,76.38385583,WIN,TAKE_PROFIT,2026-07-26T11:59:18.362696+00:00,2026-07-26T11:59:18.363969+00:00,9114.4791456
BTCUSDT,SHORT,68156.2,68587.12578413445,0.10575462737634797,68587.12578413445,67294.34843173108,45.572395728000004,-45.57239573,14.46123946,-60.03363519,LOSS,STOP_LOSS,2026-07-26T11:59:18.367436+00:00,2026-07-26T11:59:18.367929+00:00,9054.44551041
ETHUSDT,SHORT,1956.02,1976.618330308587,2.1978590921603347,1976.618330308587,1914.8233393828257,45.27222755205,-45.27222755,8.64338491,-53.91561246,LOSS,STOP_LOSS,2026-07-26T11:59:18.371278+00:00,2026-07-26T11:59:18.372033+00:00,9000.52989795
BTCUSDT,SHORT,68716.7,69114.4505328873,0.11314290181604976,69114.4505328873,67921.19893422538,45.00264948975,-45.00264949,15.59461633,-60.59726582,LOSS,STOP_LOSS,2026-07-26T11:59:18.375528+00:00,2026-07-26T11:59:18.377672+00:00,8939.93263213
ETHUSDT,LONG,1991.3,2021.3036616126967,2.979613870977289,1976.2981691936516,2021.3036616126967,44.69966316065,89.39932632,11.95600953,77.44331679,WIN,TAKE_PROFIT,2026-07-26T11:59:18.381188+00:00,2026-07-26T11:59:18.381547+00:00,9017.37594892
SOLUSDT,LONG,86.23,85.46218975632145,58.72138346134851,85.46218975632145,87.76562048735713,45.0868797446,-45.08687974,10.08200291,-55.16888266,LOSS,STOP_LOSS,2026-07-26T11:59:18.384994+00:00,2026-07-26T11:59:18.385245+00:00,8962.20706626
SOLUSDT,SHORT,84.94,83.12620954745411,49.41147999583074,85.84689522627295,83.12620954745411,44.8110353313,89.62207066,8.30440015,81.31767051,WIN,TAKE_PROFIT,2026-07-26T11:59:18.388753+00:00,2026-07-26T11:59:18.389299+00:00,9043.52473677
ETHUSDT,SHORT,1950.09,1973.5221778133277,1.9297234787169921,1973.5221778133277,1903.2256443733443,45.21762368385,-45.21762368,7.57148654,-52.78911022,LOSS,STOP_LOSS,2026-07-26T11:59:18.392912+00:00,2026-07-26T11:59:18.393182+00:00,8990.73562655
BTCUSDT,SHORT,67703.9,68291.05490547328,0.07656187100491585,68291.05490547328,66529.5901890534,44.95367813275,-44.95367813,10.41202819,-55.36570633,LOSS,STOP_LOSS,2026-07-26T11:59:18.396763+00:00,2026-07-26T11:59:18.397749+00:00,8935.36992022
ETHUSDT,LONG,1992.29,1976.2734398424127,2.789416027007275,1976.2734398424127,2024.3231203151745,44.6768496011,-44.6768496,11.06997446,-55.74682406,LOSS,STOP_LOSS,2026-07-26T11:59:18.401386+00:00,2026-07-26T11:59:18.403072+00:00,8879.62309616
BTCUSDT,SHORT,68019.0,68385.61467988433,0.12110293972627773,68385.61467988433,67285.77064023135,44.39811548080001,-44.39811548,16.51899983,-60.91711531,LOSS,STOP_LOSS,2026-07-26T11:59:18.406707+00:00,2026-07-26T11:59:18.407021+00:00,8818.70598085
BTCUSDT,SHORT,68347.3,67620.04380342139,0.12125996343981199,68710.92809828931,67620.04380342139,44.093529904250005,88.18705981,16.48739514,71.69966467,WIN,TAKE_PROFIT,2026-07-26T11:59:18.410660+00:00,2026-07-26T11:59:18.412251+00:00,8890.40564552
BTCUSDT,SHORT,67067.0,67545.32416063697,0.09293285157999351,67545.32416063697,66110.35167872607,44.45202822760001,-44.45202823,12.50990714,-56.96193537,LOSS,STOP_LOSS,2026-07-26T11:59:18.415901+00:00,2026-07-26T11:59:18.416387+00:00,8833.44371015
SOLUSDT,SHORT,84.49,85.44156168470516,46.41550753951905,85.44156168470516,82.58687663058967,44.167218550750015,-44.16721855,7.88745968,-52.05467823,LOSS,STOP_LOSS,2026-07-26T11:59:18.420140+00:00,2026-07-26T11:59:18.420861+00:00,8781.38903192
BTCUSDT,SHORT,67573.0,68145.68973414424,0.0766679452098253,68145.68973414424,66427.62053171152,43.906945159600006,-43.90694516,10.40527307,-54.31221823,LOSS,STOP_LOSS,2026-07-26T11:59:18.424604+00:00,2026-07-26T11:59:18.426949+00:00,8727.07681369
BTCUSDT,LONG,68078.4,67797.0831277331,0.15511115176572685,67797.0831277331,68641.03374453378,43.63538406845001,-43.63538407,21.07580268,-64.71118675,LOSS,STOP_LOSS,2026-07-26T11:59:18.430821+00:00,2026-07-26T11:59:18.431545+00:00,8662.36562694
SOLUSDT,SHORT,84.22,83.178396662577,83.16376604909263,84.7408016687115,83.178396662577,43.31182813470001,86.62365627,13.9214811,72.70217517,WIN,TAKE_PROFIT,2026-07-26T11:59:18.435300+00:00,2026-07-26T11:59:18.435566+00:00,8735.06780211
BTCUSDT,SHORT,67355.3,66696.7847838491,0.13264792654553112,67684.55760807545,66696.7847838491,43.675339010550005,87.35067802,17.7817311,69.56894693,WIN,TAKE_PROFIT,2026-07-26T11:59:18.439275+00:00,2026-07-26T11:59:18.440085+00:00,8804.63674904
BTCUSDT,SHORT,67190.5,67576.64563501865,0.11400668492102393,67576.64563501865,66418.2087299627,44.0231837452,-44.02318375,15.36435551,-59.38753926,LOSS,STOP_LOSS,2026-07-26T11:59:18.443956+00:00,2026-07-26T11:59:18.444266+00:00,8745.24920978
SOLUSDT,SHORT,82.95,81.1726634533626,49.204238928892856,83.8386682733187,81.1726634533626,43.7262460489,87.4524921,8.07553075,79.37696135,WIN,TAKE_PROFIT,2026-07-26T11:59:18.448205+00:00,2026-07-26T11:59:18.448950+00:00,8824.62617113
ETHUSDT,SHORT,1951.15,1970.4760409342678,2.283092072800799,1970.4760409342678,1912.497918131465,44.123130855650004,-44.12313086,8.95343333,-53.07656418,LOSS,STOP_LOSS,2026-07-26T11:59:18.452773+00:00,2026-07-26T11:59:18.454020+00:00,8771.54960695
SOLUSDT,SHORT,81.37,81.92821876033072,78.56731294513715,81.92821876033072,80.25356247933857,43.85774803475,-43.85774803,12.82990226,-56.68765029,LOSS,STOP_LOSS,2026-07-26T11:59:18.457862+00:00,2026-07-26T11:59:18.458386+00:00,8714.86195666
ETHUSDT,LONG,1975.14,1962.6783231820311,3.496665049158422,1962.6783231820311,2000.063353635938,43.5743097833,-43.57430978,13.7692317,-57.34354148,LOSS,STOP_LOSS,2026-07-26T11:59:18.462238+00:00,2026-07-26T11:59:18.463571+00:00,8657.51841518
SOLUSDT,SHORT,81.14,81.69058393592076,78.62124056254756,81.69058393592076,80.03883212815849,43.2875920759,-43.28759208,12.80194251,-56.08953459,LOSS,STOP_LOSS,2026-07-26T11:59:18.467542+00:00,2026-07-26T11:59:18.467808+00:00,8601.42888059
SOLUSDT,SHORT,81.6,80.42659504927951,73.30315826014366,82.18670247536024,80.42659504927951,43.00714440295,86.01428881,11.87706114,74.13722767,WIN,TAKE_PROFIT,2026-07-26T11:59:18.471771+00:00,2026-07-26T11:59:18.472488+00:00,8675.56610826
BTCUSDT,SHORT,66356.8,65772.44948092461,0.14846510484815253,66648.97525953769,65772.44948092461,43.3778305413,86.75566108,19.61658288,67.1390782,WIN,TAKE_PROFIT,2026-07-26T11:59:18.476442+00:00,2026-07-26T11:59:18.476764+00:00,8742.70518646
BTCUSDT,SHORT,65871.2,66196.01743629895,0.13457875423925172,66196.01743629895,65221.5651274021,43.7135259323,-43.71352593,17.7734416,-61.48696753,LOSS,STOP_LOSS,2026-07-26T11:59:18.480715+00:00,2026-07-26T11:59:18.481028+00:00,8681.21821893
BTCUSDT,SHORT,66219.5,66601.75820245947,0.11355175851132195,66601.75820245947,65454.98359508105,43.40609109465,-43.40609109,15.08208744,-58.48817853,LOSS,STOP_LOSS,2026-07-26T11:59:18.485060+00:00,2026-07-26T11:59:18.485273+00:00,8622.7300404
SOLUSDT,SHORT,80.74,81.49463892933237,57.13149497885341,81.49463892933237,79.23072214133524,43.113650202,-43.1136502,9.26870746,-52.38235766,LOSS,STOP_LOSS,2026-07-26T11:59:18.489307+00:00,2026-07-26T11:59:18.489926+00:00,8570.34768274
ETHUSDT,SHORT,1928.34,1949.522610334804,2.0229677899183285,1949.522610334804,1885.9747793303916,42.8517384137,-42.85173841,7.84479115,-50.69652957,LOSS,STOP_LOSS,2026-07-26T11:59:18.494053+00:00,2026-07-26T11:59:18.494931+00:00,8519.65115317
ETHUSDT,SHORT,1938.71,1953.0214234425237,2.9765212340288754,1953.0214234425237,1910.087153114953,42.59825576585,-42.59825577,11.58382122,-54.18207698,LOSS,STOP_LOSS,2026-07-26T11:59:18.499165+00:00,2026-07-26T11:59:18.499762+00:00,8465.46907619
BTCUSDT,LONG,67159.1,67813.89040196167,0.1292851735582642,66831.70479901916,67813.89040196167,42.32734538095,84.65469076,17.45000649,67.20468427,WIN,TAKE_PROFIT,2026-07-26T11:59:18.503872+00:00,2026-07-26T11:59:18.504982+00:00,8532.67376046
ETHUSDT,LONG,1958.86,1945.4151911802146,3.1732224216916367,1945.4151911802146,1985.7496176395705,42.6633688023,-42.6633688,12.38913358,-55.05250238,LOSS,STOP_LOSS,2026-07-26T11:59:18.509105+00:00,2026-07-26T11:59:18.510356+00:00,8477.62125808
ETHUSDT,SHORT,1942.98,1953.9087005869553,3.878604409841277,1953.9087005869553,1921.1225988260894,42.3881062904,-42.38810629,15.1144897,-57.50259599,LOSS,STOP_LOSS,2026-07-26T11:59:18.514477+00:00,2026-07-26T11:59:18.515308+00:00,8420.11866209
BTCUSDT,SHORT,66859.1,67421.84107978507,0.07481343520634721,67421.84107978507,65733.61784042987,42.10059331045,-42.10059331,10.04601848,-52.1466118,LOSS,STOP_LOSS,2026-07-26T11:59:18.519525+00:00,2026-07-26T11:59:18.519751+00:00,8367.97205029
SOLUSDT,LONG,84.01,82.97809812231333,40.54635538143103,82.97809812231333,86.07380375537336,41.83986025145,-41.83986025,6.77075877,-48.61061902,LOSS,STOP_LOSS,2026-07-26T11:59:18.523926+00:00,2026-07-26T11:59:18.524512+00:00,8319.36143127
ETHUSDT,LONG,1965.6,1944.6748999464576,1.9878904784165299,1944.6748999464576,2007.4502001070846,41.596807156349996,-41.59680716,7.77319824,-49.3700054,LOSS,STOP_LOSS,2026-07-26T11:59:18.528775+00:00,2026-07-26T11:59:18.536160+00:00,8269.99142587
BTCUSDT,SHORT,67622.4,67242.98970427478,0.2179696101831552,67812.1051478626,67242.98970427478,41.349957129349995,82.69991426,29.39655642,53.30335784,WIN,TAKE_PROFIT,2026-07-26T11:59:18.540367+00:00,2026-07-26T11:59:18.541134+00:00,8323.29478371
BTCUSDT,SHORT,67232.3,67474.19415301608,0.17204414988808323,67474.19415301608,66748.51169396784,41.61647391855,-41.61647392,23.17546427,-64.79193819,LOSS,STOP_LOSS,2026-07-26T11:59:18.545413+00:00,2026-07-26T11:59:18.546222+00:00,8258.50284552
ETHUSDT,SHORT,1940.39,1947.0545644026058,6.195830925042226,1947.0545644026058,1927.0608711947887,41.2925142276,-41.29251423,24.08594925,-65.37846348,LOSS,STOP_LOSS,2026-07-26T11:59:18.550450+00:00,2026-07-26T11:59:18.550736+00:00,8193.12438204
SOLUSDT,SHORT,83.27,82.45654894637954,100.72055774683174,83.67672552681022,82.45654894637954,40.96562191020001,81.93124382,16.69207044,65.23917338,WIN,TAKE_PROFIT,2026-07-26T11:59:18.555020+00:00,2026-07-26T11:59:18.555569+00:00,8258.36355542
SOLUSDT,SHORT,82.52,81.49400804290268,80.4915038397003,83.03299597854866,81.49400804290268,41.29181777710001,82.58363555,13.20173416,69.3819014,WIN,TAKE_PROFIT,2026-07-26T11:59:18.559876+00:00,2026-07-26T11:59:18.560271+00:00,8327.74545682
ETHUSDT,SHORT,1928.14,1907.146440022458,3.96680956718563,1938.6367799887712,1907.146440022458,41.63872728410001,83.27745457,15.21385094,68.06360363,WIN,TAKE_PROFIT,2026-07-26T11:59:18.564706+00:00,2026-07-26T11:59:18.564930+00:00,8395.80906045
BTCUSDT,SHORT,65444.4,64625.544741381476,0.1025310513925796,65853.82762930926,64625.544741381476,41.97904530225001,83.9580906,13.33620819,70.62188242,WIN,TAKE_PROFIT,2026-07-26T11:59:18.569225+00:00,2026-07-26T11:59:18.569589+00:00,8466.43094287
BTCUSDT,SHORT,64387.2,64906.40608658617,0.08153247006923213,64906.40608658617,63348.787826827654,42.33215471435001,-42.33215471,10.54162707,-52.87378178,LOSS,STOP_LOSS,2026-07-26T11:59:18.573903+00:00,2026-07-26T11:59:18.574306+00:00,8413.55716109
BTCUSDT,SHORT,64725.6,65215.77991959782,0.08582111205201036,65215.77991959782,63745.24016080436,42.067785805450015,-42.06778581,11.15171373,-53.21949953,LOSS,STOP_LOSS,2026-07-26T11:59:18.578793+00:00,2026-07-26T11:59:18.579497+00:00,8360.33766156
SOLUSDT,SHORT,78.39,79.1946547960953,51.94984049141112,79.1946547960953,76.78069040780939,41.80168830780001,-41.80168831,8.18649768,-49.98818599,LOSS,STOP_LOSS,2026-07-26T11:59:18.583930+00:00,2026-07-26T11:59:18.584281+00:00,8310.34947557
ETHUSDT,SHORT,1877.89,1890.4770339238137,3.3011547938420893,1890.4770339238137,1852.7159321523732,41.55174737785001,-41.55174738,12.4399629,-53.99171028,LOSS,STOP_LOSS,2026-07-26T11:59:18.588782+00:00,2026-07-26T11:59:18.589382+00:00,8256.35776529
BTCUSDT,LONG,66391.8,66018.82927786483,0.11068372495867991,66018.82927786483,67137.74144427036,41.28178882645002,-41.28178883,14.65570167,-55.9374905,LOSS,STOP_LOSS,2026-07-26T11:59:18.593855+00:00,2026-07-26T11:59:18.594392+00:00,8200.42027479
BTCUSDT,SHORT,65805.2,66209.13637698663,0.10150633542793394,66209.13637698663,64997.327246026725,41.00210137395002,-41.00210137,13.40029151,-54.40239288,LOSS,STOP_LOSS,2026-07-26T11:59:18.598922+00:00,2026-07-26T11:59:18.599287+00:00,8146.01788191
BTCUSDT,SHORT,65788.7,64861.52939486907,0.0878588885026144,66252.28530256546,64861.52939486907,40.73008940955002,81.46017882,11.47878394,69.98139488,WIN,TAKE_PROFIT,2026-07-26T11:59:18.603847+00:00,2026-07-26T11:59:18.604406+00:00,8215.99927679
SOLUSDT,SHORT,78.21,79.1031737582699,45.993286304696646,79.1031737582699,76.42365248346017,41.07999638395002,-41.07999638,7.23534984,-48.31534622,LOSS,STOP_LOSS,2026-07-26T11:59:18.609127+00:00,2026-07-26T11:59:18.609629+00:00,8167.68393057
BTCUSDT,SHORT,64857.6,63738.54224957499,0.07298715305325391,65417.128875212504,63738.54224957499,40.83841965285002,81.67683931,9.38586632,72.29097299,WIN,TAKE_PROFIT,2026-07-26T11:59:18.614147+00:00,2026-07-26T11:59:18.615550+00:00,8239.97490356
BTCUSDT,SHORT,64409.2,63371.500096350115,0.07940614501916865,64928.04995182494,63371.500096350115,41.19987451780002,82.39974904,10.1465728,72.25317623,WIN,TAKE_PROFIT,2026-07-26T11:59:18.620272+00:00,2026-07-26T11:59:18.620901+00:00,8312.22807979
BTCUSDT,SHORT,63570.5,62556.65655059572,0.08198729384377967,64077.421724702144,62556.65655059572,41.561140398950016,83.1222808,10.34082425,72.78145655,WIN,TAKE_PROFIT,2026-07-26T11:59:18.625529+00:00,2026-07-26T11:59:18.627461+00:00,8385.00953634
ETHUSDT,SHORT,1816.81,1830.4141339455082,3.0817873338819086,1830.4141339455082,1789.6017321089837,41.925047681700015,-41.92504768,11.23996914,-53.16501682,LOSS,STOP_LOSS,2026-07-26T11:59:18.632040+00:00,2026-07-26T11:59:18.632522+00:00,8331.84451952
BTCUSDT,LONG,64009.5,65013.05933360212,0.08302293885917161,63507.72033319894,65013.05933360212,41.65922259760002,83.3184452,10.71183206,72.60661314,WIN,TAKE_PROFIT,2026-07-26T11:59:18.637539+00:00,2026-07-26T11:59:18.639230+00:00,8404.45113266
BTCUSDT,LONG,65403.8,64902.13878536222,0.08376620403800158,64902.13878536222,66407.12242927557,42.02225566330002,-42.02225566,10.91523386,-52.93748952,LOSS,STOP_LOSS,2026-07-26T11:59:18.643895+00:00,2026-07-26T11:59:18.644380+00:00,8351.51364314
SOLUSDT,LONG,82.14,83.64071236432204,55.65032874845966,81.38964381783897,83.64071236432204,41.75756821570002,83.51513643,9.22575114,74.28938529,WIN,TAKE_PROFIT,2026-07-26T11:59:18.649175+00:00,2026-07-26T11:59:18.650242+00:00,8425.80302843
BTCUSDT,LONG,69183.9,68530.93619826733,0.0645196793916585,68530.93619826733,70489.82760346532,42.12901514215002,-42.12901514,8.88531708,-51.01433222,LOSS,STOP_LOSS,2026-07-26T11:59:18.655251+00:00,2026-07-26T11:59:18.655697+00:00,8374.78869621
SOLUSDT,LONG,89.07,87.84171042842218,34.09126353426613,87.84171042842218,91.52657914315562,41.87394348105002,-41.87394348,6.03114374,-47.90508722,LOSS,STOP_LOSS,2026-07-26T11:59:18.660651+00:00,2026-07-26T11:59:18.660973+00:00,8326.88360899
SOLUSDT,LONG,88.92,87.64116879198161,32.55661715471008,87.64116879198161,91.47766241603678,41.63441804495002,-41.63441804,5.74823438,-47.38265242,LOSS,STOP_LOSS,2026-07-26T11:59:18.665750+00:00,2026-07-26T11:59:18.666232+00:00,8279.50095657
ETHUSDT,LONG,2061.45,2041.0227742406892,2.026584778110721,2041.0227742406892,2102.304451518621,41.39750478285002,-41.39750478,8.31400888,-49.71151366,LOSS,STOP_LOSS,2026-07-26T11:59:18.670971+00:00,2026-07-26T11:59:18.672970+00:00,8229.78944291
BTCUSDT,SHORT,67659.8,66778.41906405492,0.0933738081603203,68100.49046797254,66778.41906405492,41.14894721455002,82.29789443,12.55300848,69.74488595,WIN,TAKE_PROFIT,2026-07-26T11:59:18.677765+00:00,2026-07-26T11:59:18.678082+00:00,8299.53432886
BTCUSDT,SHORT,67007.1,67582.47269191065,0.07212311642128591,67582.47269191065,65856.35461617872,41.49767164430002,-41.49767164,9.70701942,-51.20469106,LOSS,STOP_LOSS,2026-07-26T11:59:18.682925+00:00,2026-07-26T11:59:18.683586+00:00,8248.3296378
BTCUSDT,LONG,67466.1,66889.01859642386,0.07146591093289126,66889.01859642386,68620.26280715228,41.24164818900002,-41.24164819,9.60181094,-50.84345913,LOSS,STOP_LOSS,2026-07-26T11:59:18.688387+00:00,2026-07-26T11:59:18.689583+00:00,8197.48617867
BTCUSDT,SHORT,66960.0,67342.7984540414,0.10707313590382578,67342.7984540414,66194.40309191718,40.98743089335002,-40.98743089,14.38022179,-55.36765268,LOSS,STOP_LOSS,2026-07-26T11:59:18.694391+00:00,2026-07-26T11:59:18.694794+00:00,8142.11852599
SOLUSDT,LONG,86.09,87.48248866325345,58.47170422893477,85.39375566837329,87.48248866325345,40.71059262995002,81.42118526,10.14907922,71.27210604,WIN,TAKE_PROFIT,2026-07-26T11:59:18.699695+00:00,2026-07-26T11:59:18.700221+00:00,8213.39063203
BTCUSDT,LONG,67557.4,67185.18530057193,0.11033135774393732,67185.18530057193,68301.82939885612,41.06695316015002,-41.06695316,14.86633238,-55.93328554,LOSS,STOP_LOSS,2026-07-26T11:59:18.705192+00:00,2026-07-26T11:59:18.706445+00:00,8157.45734649
BTCUSDT,SHORT,65869.1,64927.74243265722,0.08665631030636385,66339.7787836714,64927.74243265722,40.78728673245003,81.57457346,11.33437176,70.2402017,WIN,TAKE_PROFIT,2026-07-26T11:59:18.711391+00:00,2026-07-26T11:59:18.712719+00:00,8227.69754819
BTCUSDT,SHORT,65565.1,65960.49427308756,0.10404421748374859,65960.49427308756,64774.3114538249,41.13848774095002,-41.13848774,13.68447754,-54.82296528,LOSS,STOP_LOSS,2026-07-26T11:59:18.717686+00:00,2026-07-26T11:59:18.718130+00:00,8172.87458291
BTCUSDT,SHORT,65732.1,65219.02590635571,0.15929228710144366,65988.63704682216,65219.02590635571,40.864372914550025,81.72874583,20.85950434,60.86924148,WIN,TAKE_PROFIT,2026-07-26T11:59:18.723134+00:00,2026-07-26T11:59:18.723810+00:00,8233.74382439
BTCUSDT,SHORT,64527.8,63868.94290214677,0.12497010127413426,64857.228548926614,63868.94290214677,41.168719121950026,82.33743824,16.04575396,66.29168428,WIN,TAKE_PROFIT,2026-07-26T11:59:18.728893+00:00,2026-07-26T11:59:18.729129+00:00,8300.03550867
BTCUSDT,SHORT,64003.7,63173.825551993425,0.10001555691475272,64418.63722400328,63173.825551993425,41.50017754335003,83.00035509,12.71973105,70.28062404,WIN,TAKE_PROFIT,2026-07-26T11:59:18.734053+00:00,2026-07-26T11:59:18.734280+00:00,8370.31613271
BTCUSDT,SHORT,63173.8,63671.65242228877,0.0840642302615438,63671.65242228877,62178.095155422474,41.85158066355003,-41.85158066,10.66316532,-52.51474598,LOSS,STOP_LOSS,2026-07-26T11:59:18.739372+00:00,2026-07-26T11:59:18.739599+00:00,8317.80138673
BTCUSDT,SHORT,63727.9,64276.95582069671,0.0757464093193234,64276.95582069671,62629.78835860658,41.58900693365003,-41.58900693,9.6959082,-51.28491514,LOSS,STOP_LOSS,2026-07-26T11:59:18.744716+00:00,2026-07-26T11:59:18.745043+00:00,8266.51647159
BTCUSDT,SHORT,64027.2,64648.51598825379,0.06652425358329336,64648.51598825379,62784.56802349241,41.33258235795003,-41.33258236,8.56005596,-49.89263832,LOSS,STOP_LOSS,2026-07-26T11:59:18.750031+00:00,2026-07-26T11:59:18.751357+00:00,8216.62383327
ETHUSDT,SHORT,1874.63,1897.3489788004608,1.808317157526333,1897.3489788004608,1829.192042399079,41.08311916635003,-41.08311917,6.82093431,-47.90405347,LOSS,STOP_LOSS,2026-07-26T11:59:18.756429+00:00,2026-07-26T11:59:18.756662+00:00,8168.7197798
BTCUSDT,LONG,65395.4,66492.4432010712,0.07446124064962721,64846.8783994644,66492.4432010712,40.843598899000035,81.6871978,9.82053243,71.86666537,WIN,TAKE_PROFIT,2026-07-26T11:59:18.761828+00:00,2026-07-26T11:59:18.762308+00:00,8240.58644517
ETHUSDT,LONG,1944.0,1990.6145775142745,1.7678131787521896,1920.6927112428627,1990.6145775142745,41.202932225850034,82.40586445,6.9556635,75.45020095,WIN,TAKE_PROFIT,2026-07-26T11:59:18.767411+00:00,2026-07-26T11:59:18.768666+00:00,8316.03664612
BTCUSDT,LONG,67311.6,66621.79900879652,0.0602785205600468,66621.79900879652,68691.20198240697,41.580183230600035,-41.58018323,8.07330715,-49.65349038,LOSS,STOP_LOSS,2026-07-26T11:59:18.773805+00:00,2026-07-26T11:59:18.775273+00:00,8266.38315574
SOLUSDT,SHORT,84.73,85.42570108686951,59.41045164193147,85.42570108686951,83.338597826261,41.33191577870003,-41.33191578,10.10902705,-51.44094283,LOSS,STOP_LOSS,2026-07-26T11:59:18.780448+00:00,2026-07-26T11:59:18.780737+00:00,8214.94221291
ETHUSDT,LONG,2005.86,1987.423707832642,2.227926889620175,1987.423707832642,2042.7325843347153,41.07471106455003,-41.07471106,8.89674415,-49.97145522,LOSS,STOP_LOSS,2026-07-26T11:59:18.785943+00:00,2026-07-26T11:59:18.786566+00:00,8164.97075769
ETHUSDT,LONG,1997.75,1976.9328606802048,1.9611173831953612,1976.9328606802048,2039.3842786395903,40.82485378845003,-40.82485379,7.79481965,-48.61967344,LOSS,STOP_LOSS,2026-07-26T11:59:18.791759+00:00,2026-07-26T11:59:18.792130+00:00,8116.35108425
BTCUSDT,SHORT,66112.2,66641.38921452164,0.07668666387680126,66641.38921452164,65053.8215709567,40.58175542125003,-40.58175542,10.18042987,-50.7621853,LOSS,STOP_LOSS,2026-07-26T11:59:18.797272+00:00,2026-07-26T11:59:18.797756+00:00,8065.58889895
BTCUSDT,SHORT,66386.5,65336.685950620056,0.07682873842004541,66911.40702468996,65336.685950620056,40.32794449475003,80.65588899,10.1201262,70.53576279,WIN,TAKE_PROFIT,2026-07-26T11:59:18.803050+00:00,2026-07-26T11:59:18.803585+00:00,8136.12466174
BTCUSDT,SHORT,65420.4,65918.7307468247,0.08163378151541326,65918.7307468247,64423.73850635061,40.68062330870003,-40.68062331,10.7217099,-51.40233321,LOSS,STOP_LOSS,2026-07-26T11:59:18.808767+00:00,2026-07-26T11:59:18.809281+00:00,8084.72232853
BTCUSDT,SHORT,65841.6,66404.27174333838,0.07184226348885615,66404.27174333838,64716.25651332324,40.42361164265003,-40.42361164,9.50084276,-49.92445441,LOSS,STOP_LOSS,2026-07-26T11:59:18.814715+00:00,2026-07-26T11:59:18.815270+00:00,8034.79787412
SOLUSDT,LONG,84.95,83.915040192567,38.816956061553256,83.915040192567,87.01991961486598,40.173989370600026,-40.17398937,6.55482685,-46.72881622,LOSS,STOP_LOSS,2026-07-26T11:59:18.820609+00:00,2026-07-26T11:59:18.821015+00:00,7988.0690579
ETHUSDT,SHORT,1944.18,1969.1519142608204,1.5994106367794387,1969.1519142608204,1894.2361714783597,39.94034528950003,-39.94034529,6.25902469,-46.19936998,LOSS,STOP_LOSS,2026-07-26T11:59:18.826435+00:00,2026-07-26T11:59:18.826857+00:00,7941.86968792
SOLUSDT,LONG,84.45,83.3741157765461,36.90857024756972,83.3741157765461,86.60176844690778,39.70934843960003,-39.70934844,6.19414817,-45.90349661,LOSS,STOP_LOSS,2026-07-26T11:59:18.832252+00:00,2026-07-26T11:59:18.832999+00:00,7895.96619131
SOLUSDT,SHORT,83.32,84.22231006547057,43.75417327962605,84.22231006547057,81.51537986905885,39.47983095655003,-39.47983096,7.33067527,-46.81050622,LOSS,STOP_LOSS,2026-07-26T11:59:18.838733+00:00,2026-07-26T11:59:18.839879+00:00,7849.15568509
ETHUSDT,SHORT,1945.44,1962.5176907197736,2.2980729109942994,1962.5176907197736,1911.2846185604533,39.24577842545003,-39.24577843,8.98077171,-48.22655013,LOSS,STOP_LOSS,2026-07-26T11:59:18.845474+00:00,2026-07-26T11:59:18.846103+00:00,7800.92913496
SOLUSDT,LONG,85.61,87.6418809803117,38.39264804655701,84.59405950984416,87.6418809803117,39.00464567480003,78.00929135,6.65159849,71.35769286,WIN,TAKE_PROFIT,2026-07-26T11:59:18.851689+00:00,2026-07-26T11:59:18.851922+00:00,7872.28682782
SOLUSDT,LONG,87.78,90.20246091028943,32.49706442891351,86.56876954485529,90.20246091028943,39.36143413910003,78.72286828,5.7839075,72.93896078,WIN,TAKE_PROFIT,2026-07-26T11:59:18.857306+00:00,2026-07-26T11:59:18.857826+00:00,7945.2257886
ETHUSDT,LONG,2063.35,2028.6426243084952,1.144601922545352,2028.6426243084952,2132.7647513830093,39.72612894300003,-39.72612894,4.68370262,-44.40983157,LOSS,STOP_LOSS,2026-07-26T11:59:18.863369+00:00,2026-07-26T11:59:18.863733+00:00,7900.81595703
ETHUSDT,LONG,2028.1,1994.0651769700307,1.1606959069646052,1994.0651769700307,2096.1696460599383,39.504079785150026,-39.50407979,4.66851066,-44.17259044,LOSS,STOP_LOSS,2026-07-26T11:59:18.869277+00:00,2026-07-26T11:59:18.871484+00:00,7856.64336659
ETHUSDT,SHORT,2006.01,1971.7625819609284,2.2940834131281465,2023.133709019536,1971.7625819609284,39.28321683295003,78.56643367,9.1253421,69.44109156,WIN,TAKE_PROFIT,2026-07-26T11:59:18.876968+00:00,2026-07-26T11:59:18.877778+00:00,7926.08445815
SOLUSDT,SHORT,84.31,85.14585757033143,47.41288910625804,85.14585757033143,82.63828485933716,39.63042229075003,-39.63042229,8.03439178,-47.66481407,LOSS,STOP_LOSS,2026-07-26T11:59:18.883572+00:00,2026-07-26T11:59:18.884236+00:00,7878.41964408
ETHUSDT,SHORT,1949.21,1967.783084328747,2.1209238876619962,1967.783084328747,1912.063831342506,39.39209822040003,-39.39209822,8.3076442,-47.69974242,LOSS,STOP_LOSS,2026-07-26T11:59:18.889908+00:00,2026-07-26T11:59:18.890323+00:00,7830.71990166
BTCUSDT,SHORT,66428.6,67033.25105411747,0.06475404159420088,67033.25105411747,65219.29789176507,39.15359950830003,-39.15359951,8.64219425,-47.79579376,LOSS,STOP_LOSS,2026-07-26T11:59:18.895963+00:00,2026-07-26T11:59:18.896394+00:00,7782.9241079
BTCUSDT,LONG,67692.5,69098.83324558382,0.055341962030265715,66989.3333772081,69098.83324558382,38.91462053950003,77.82924108,7.57030077,70.25894031,WIN,TAKE_PROFIT,2026-07-26T11:59:18.901979+00:00,2026-07-26T11:59:18.904855+00:00,7853.18304821
ETHUSDT,LONG,2005.72,2041.2619774801735,2.209551523291229,1987.9490112599133,2041.2619774801735,39.26591524105003,78.53183048,8.94201519,69.58981529,WIN,TAKE_PROFIT,2026-07-26T11:59:18.910586+00:00,2026-07-26T11:59:18.911028+00:00,7922.7728635
BTCUSDT,LONG,70993.7,72356.8079073293,0.05812285895269158,70312.14604633534,72356.8079073293,39.61386431750003,79.22772863,8.33194135,70.89578728,WIN,TAKE_PROFIT,2026-07-26T11:59:18.916709+00:00,2026-07-26T11:59:18.917841+00:00,7993.66865078
BTCUSDT,LONG,71379.1,72734.82911532151,0.05896213749812677,70701.23544233925,72734.82911532151,39.96834325390003,79.93668651,8.4972653,71.4394212,WIN,TAKE_PROFIT,2026-07-26T11:59:18.923730+00:00,2026-07-26T11:59:18.924051+00:00,8065.10807198
BTCUSDT,LONG,72930.9,72161.5480746426,0.05241494695833469,72161.5480746426,74469.60385071476,40.32554035990003,-40.32554036,7.60501297,-47.93055333,LOSS,STOP_LOSS,2026-07-26T11:59:18.929867+00:00,2026-07-26T11:59:18.932539+00:00,8017.17751865
SOLUSDT,SHORT,89.9,90.64677321462325,53.678796732785365,90.64677321462325,88.40645357075351,40.08588759325003,-40.08588759,9.69153354,-49.77742113,LOSS,STOP_LOSS,2026-07-26T11:59:18.938288+00:00,2026-07-26T11:59:18.938769+00:00,7967.40009752
SOLUSDT,LONG,90.81,90.06075774324809,53.16971931121391,90.06075774324809,92.30848451350384,39.83700048760002,-39.83700049,9.61684742,-49.45384791,LOSS,STOP_LOSS,2026-07-26T11:59:18.944453+00:00,2026-07-26T11:59:18.944819+00:00,7917.94624961
BTCUSDT,SHORT,72025.5,72511.67967587551,0.08143024731907368,72511.67967587551,71053.14064824897,39.58973124805002,-39.58973125,11.76969829,-51.35942954,LOSS,STOP_LOSS,2026-07-26T11:59:18.950529+00:00,2026-07-26T11:59:18.950996+00:00,7866.58682007
BTCUSDT,LONG,72576.6,72071.66228878808,0.07789660630802293,72071.66228878808,73586.47542242387,39.33293410035002,-39.3329341,11.26760874,-50.60054284,LOSS,STOP_LOSS,2026-07-26T11:59:18.956787+00:00,2026-07-26T11:59:18.957896+00:00,7815.98627723
ETHUSDT,SHORT,2098.03,2119.4488398718404,1.8245587352062431,2119.4488398718404,2055.1923202563194,39.07993138615002,-39.07993139,7.69503786,-46.77496924,LOSS,STOP_LOSS,2026-07-26T11:59:18.963867+00:00,2026-07-26T11:59:18.964103+00:00,7769.21130799
BTCUSDT,SHORT,71757.1,70393.94578580855,0.05699436811408927,72438.67710709573,70393.94578580855,38.84605653995002,77.69211308,8.10180903,69.59030405,WIN,TAKE_PROFIT,2026-07-26T11:59:18.970180+00:00,2026-07-26T11:59:18.972084+00:00,7838.80161204
BTCUSDT,SHORT,70423.0,70840.24569215109,0.09393508141003865,70840.24569215109,69588.50861569784,39.19400806020002,-39.19400806,13.26957448,-52.46358254,LOSS,STOP_LOSS,2026-07-26T11:59:18.977981+00:00,2026-07-26T11:59:18.978272+00:00,7786.3380295
BTCUSDT,LONG,71217.0,70761.93917360442,0.08555271710788223,70761.93917360442,72127.12165279116,38.93169014750002,-38.93169015,12.14668402,-51.07837417,LOSS,STOP_LOSS,2026-07-26T11:59:18.984429+00:00,2026-07-26T11:59:18.985094+00:00,7735.25965533
BTCUSDT,SHORT,70487.0,70919.88676187054,0.08934507054345193,70919.88676187054,69621.22647625892,38.67629827665002,-38.67629828,12.63400827,-51.31030655,LOSS,STOP_LOSS,2026-07-26T11:59:18.991284+00:00,2026-07-26T11:59:18.992013+00:00,7683.94934878
ETHUSDT,LONG,2079.32,2066.010206231647,2.8865771635959265,2066.010206231647,2105.9395875367068,38.41974674390002,-38.41974674,11.96581551,-50.38556225,LOSS,STOP_LOSS,2026-07-26T11:59:18.997927+00:00,2026-07-26T11:59:18.998211+00:00,7633.56378653
ETHUSDT,SHORT,2063.74,2036.1138250321253,2.763163483691392,2077.553087483937,2036.1138250321253,38.16781893265002,76.33563787,11.32856638,65.00707149,WIN,TAKE_PROFIT,2026-07-26T11:59:19.004177+00:00,2026-07-26T11:59:19.005118+00:00,7698.57085802
BTCUSDT,SHORT,68078.0,68337.90047159561,0.14810613483608137,68337.90047159561,67558.1990568088,38.49285429010003,-38.49285429,20.20403175,-58.69688604,LOSS,STOP_LOSS,2026-07-26T11:59:19.011151+00:00,2026-07-26T11:59:19.011489+00:00,7639.87397198
BTCUSDT,SHORT,68202.7,67645.05648067253,0.13700282899716668,68481.52175966374,67645.05648067253,38.199369859900024,76.39873972,18.61152695,57.78721277,WIN,TAKE_PROFIT,2026-07-26T11:59:19.017392+00:00,2026-07-26T11:59:19.018133+00:00,7697.66118475
BTCUSDT,SHORT,67665.7,67933.70987064259,0.14360779262147666,67933.70987064259,67129.68025871481,38.488305923750026,-38.48830592,19.47313193,-57.96143786,LOSS,STOP_LOSS,2026-07-26T11:59:19.024209+00:00,2026-07-26T11:59:19.024731+00:00,7639.69974689
SOLUSDT,SHORT,84.24,83.50044281057993,103.30100033076154,84.60977859471004,83.50044281057993,38.19849873445003,76.39699747,17.32775554,59.06924193,WIN,TAKE_PROFIT,2026-07-26T11:59:19.030785+00:00,2026-07-26T11:59:19.031518+00:00,7698.76898882
SOLUSDT,SHORT,83.5,83.98503068415472,79.3637314125482,83.98503068415472,82.52993863169056,38.493844944100026,-38.49384494,13.29223699,-51.78608193,LOSS,STOP_LOSS,2026-07-26T11:59:19.037583+00:00,2026-07-26T11:59:19.038066+00:00,7646.98290689
SOLUSDT,SHORT,83.92,83.08304866620091,91.36711536355092,84.33847566689955,83.08304866620091,38.23491453445003,76.46982907,15.25858681,61.21124226,WIN,TAKE_PROFIT,2026-07-26T11:59:19.044216+00:00,2026-07-26T11:59:19.044543+00:00,7708.19414915
ETHUSDT,SHORT,1970.53,1953.876143067372,4.628473860639581,1978.856928466314,1953.876143067372,38.54097074575003,77.08194149,18.16401125,58.91793024,WIN,TAKE_PROFIT,2026-07-26T11:59:19.050880+00:00,2026-07-26T11:59:19.051443+00:00,7767.11207939
ETHUSDT,SHORT,1954.01,1963.8712042603318,3.9382168112238043,1963.8712042603318,1934.2875914793367,38.83556039695003,-38.8355604,15.42946562,-54.26502602,LOSS,STOP_LOSS,2026-07-26T11:59:19.057671+00:00,2026-07-26T11:59:19.057915+00:00,7712.84705337
ETHUSDT,SHORT,1961.8,1972.1504039560223,3.7258676502584103,1972.1504039560223,1941.0991920879553,38.56423526685003,-38.56423527,14.65737855,-53.22161381,LOSS,STOP_LOSS,2026-07-26T11:59:19.064122+00:00,2026-07-26T11:59:19.064928+00:00,7659.62543956
BTCUSDT,SHORT,67314.1,66835.0780395598,0.15990134215394042,67553.61098022011,66835.0780395598,38.29812719780003,76.5962544,21.45063362,55.14562078,WIN,TAKE_PROFIT,2026-07-26T11:59:19.071106+00:00,2026-07-26T11:59:19.071880+00:00,7714.77106034
BTCUSDT,SHORT,66894.8,67189.8984807416,0.13071519448274702,67189.8984807416,66304.60303851683,38.57385530170003,-38.5738553,17.52690744,-56.10076274,LOSS,STOP_LOSS,2026-07-26T11:59:19.078038+00:00,2026-07-26T11:59:19.078846+00:00,7658.6702976
ETHUSDT,SHORT,1947.86,1958.6817449388432,3.5385560927934394,1958.6817449388432,1926.2165101223136,38.29335148800003,-38.29335149,13.82351709,-52.11686858,LOSS,STOP_LOSS,2026-07-26T11:59:19.085072+00:00,2026-07-26T11:59:19.085562+00:00,7606.55342902
ETHUSDT,SHORT,1950.01,1959.701357072576,3.9244005623033447,1959.701357072576,1930.6272858548477,38.032767145100024,-38.03276715,15.34327345,-53.37604059,LOSS,STOP_LOSS,2026-07-26T11:59:19.091642+00:00,2026-07-26T11:59:19.092006+00:00,7553.17738843
ETHUSDT,SHORT,1955.18,1932.3901043907447,3.3142659000871233,1966.5749478046278,1932.3901043907447,37.765886942150026,75.53177388,12.88444103,62.64733285,WIN,TAKE_PROFIT,2026-07-26T11:59:19.098435+00:00,2026-07-26T11:59:19.098893+00:00,7615.82472128
ETHUSDT,SHORT,1934.21,1948.0328425460218,2.754796886358185,1948.0328425460218,1906.5643149079567,38.079123606400024,-38.07912361,10.69479049,-48.7739141,LOSS,STOP_LOSS,2026-07-26T11:59:19.105070+00:00,2026-07-26T11:59:19.105385+00:00,7567.05080718
ETHUSDT,SHORT,1948.04,1963.6429966498772,2.424870996572157,1963.6429966498772,1916.8340067002453,37.83525403590002,-37.83525404,9.48532665,-47.32058068,LOSS,STOP_LOSS,2026-07-26T11:59:19.111643+00:00,2026-07-26T11:59:19.113038+00:00,7519.7302265
BTCUSDT,SHORT,67070.8,67416.54580897646,0.10874651306347412,67416.54580897646,66379.30838204708,37.598651132500024,-37.59865113,14.62502991,-52.22368104,LOSS,STOP_LOSS,2026-07-26T11:59:19.119365+00:00,2026-07-26T11:59:19.119653+00:00,7467.50654546
BTCUSDT,SHORT,66733.5,65931.41057891626,0.09310067368012721,67134.54471054187,65931.41057891626,37.33753272730002,74.67506545,12.35119255,62.32387291,WIN,TAKE_PROFIT,2026-07-26T11:59:19.125918+00:00,2026-07-26T11:59:19.126304+00:00,7529.83041837
ETHUSDT,SHORT,1927.72,1946.2224221020217,2.034822894227242,1946.2224221020217,1890.7151557959564,37.64915209185003,-37.64915209,7.88278673,-45.53193882,LOSS,STOP_LOSS,2026-07-26T11:59:19.132724+00:00,2026-07-26T11:59:19.133047+00:00,7484.29847955
BTCUSDT,SHORT,66198.4,66730.54806031157,0.07032158000508228,66730.54806031157,65134.10387937684,37.42149239775003,-37.4214924,9.34777366,-46.76926605,LOSS,STOP_LOSS,2026-07-26T11:59:19.139535+00:00,2026-07-26T11:59:19.140508+00:00,7437.5292135
BTCUSDT,LONG,67893.0,67335.90218931547,0.06675245415487494,67335.90218931547,69007.19562136906,37.187646067500026,-37.18764607,9.02686109,-46.21450716,LOSS,STOP_LOSS,2026-07-26T11:59:19.147289+00:00,2026-07-26T11:59:19.147709+00:00,7391.31470634
SOLUSDT,SHORT,82.75,83.63826864403043,41.605176294429356,83.63826864403043,80.97346271193912,36.95657353170003,-36.95657353,6.92261325,-43.87918678,LOSS,STOP_LOSS,2026-07-26T11:59:19.154283+00:00,2026-07-26T11:59:19.154810+00:00,7347.43551956
SOLUSDT,LONG,83.69,85.40075511560657,42.94849363612682,82.83462244219672,85.40075511560657,36.73717759780003,73.4743552,7.26219322,66.21216198,WIN,TAKE_PROFIT,2026-07-26T11:59:19.161326+00:00,2026-07-26T11:59:19.162470+00:00,7413.64768154
ETHUSDT,LONG,2020.06,2000.0358562002293,1.8511771978048182,2000.0358562002293,2060.108287599541,37.06823840770003,-37.06823841,7.44190978,-44.51014819,LOSS,STOP_LOSS,2026-07-26T11:59:19.168948+00:00,2026-07-26T11:59:19.170573+00:00,7369.13753335
BTCUSDT,LONG,68943.4,69780.17577973142,0.08806585601360498,68525.01211013428,69780.17577973142,36.845687666750024,73.69137533,12.21681045,61.47456488,WIN,TAKE_PROFIT,2026-07-26T11:59:19.177229+00:00,2026-07-26T11:59:19.177889+00:00,7430.61209823
SOLUSDT,LONG,86.62,85.81405362352388,46.09867551436374,85.81405362352388,88.23189275295225,37.15306049115003,-37.15306049,7.94898149,-45.10204198,LOSS,STOP_LOSS,2026-07-26T11:59:19.184489+00:00,2026-07-26T11:59:19.184943+00:00,7385.51005625
SOLUSDT,LONG,86.64,85.8854733842685,48.94134880245318,85.8854733842685,88.149053231463,36.92755028125003,-36.92755028,8.44362937,-45.37117965,LOSS,STOP_LOSS,2026-07-26T11:59:19.191571+00:00,2026-07-26T11:59:19.193171+00:00,7340.1388766
BTCUSDT,LONG,70410.0,71626.4500862934,0.0603406498902546,69801.7749568533,71626.4500862934,36.70069438300003,73.40138877,8.57057171,64.83081706,WIN,TAKE_PROFIT,2026-07-26T11:59:19.199708+00:00,2026-07-26T11:59:19.199996+00:00,7404.96969366
BTCUSDT,LONG,71157.8,70444.53861075616,0.05190922854740775,70444.53861075616,72584.32277848768,37.02484846830003,-37.02484847,7.35046816,-44.37531663,LOSS,STOP_LOSS,2026-07-26T11:59:19.206844+00:00,2026-07-26T11:59:19.207596+00:00,7360.59437703
BTCUSDT,SHORT,69697.5,70242.80288696567,0.06749088032513431,70242.80288696567,68606.89422606867,36.80297188515003,-36.80297189,9.44469423,-46.24766612,LOSS,STOP_LOSS,2026-07-26T11:59:19.214271+00:00,2026-07-26T11:59:19.215761+00:00,7314.34671091
BTCUSDT,LONG,70089.7,69729.6478770133,0.10157344234268119,69729.6478770133,70809.80424597341,36.57173355455003,-36.57173355,14.20193247,-50.77366602,LOSS,STOP_LOSS,2026-07-26T11:59:19.222400+00:00,2026-07-26T11:59:19.222792+00:00,7263.57304489
BTCUSDT,SHORT,69494.9,69879.88808826596,0.09433503615145829,69879.88808826596,68724.92382346808,36.31786522445003,-36.31786522,13.14792567,-49.4657909,LOSS,STOP_LOSS,2026-07-26T11:59:19.229396+00:00,2026-07-26T11:59:19.229811+00:00,7214.10725399
BTCUSDT,LONG,69907.0,69547.74523644066,0.1004037800712224,69547.74523644066,70625.50952711866,36.07053626995003,-36.07053627,14.00178357,-50.07231984,LOSS,STOP_LOSS,2026-07-26T11:59:19.236528+00:00,2026-07-26T11:59:19.236852+00:00,7164.03493415
BTCUSDT,SHORT,69500.0,69849.34189706262,0.1025361543288591,69849.34189706262,68801.31620587474,35.82017467075003,-35.82017467,14.28834563,-50.1085203,LOSS,STOP_LOSS,2026-07-26T11:59:19.243558+00:00,2026-07-26T11:59:19.244666+00:00,7113.92641385
ETHUSDT,LONG,2049.88,2030.3137295256415,1.817905569478034,2030.3137295256415,2089.0125409487173,35.56963206925003,-35.56963207,7.41740691,-42.98703897,LOSS,STOP_LOSS,2026-07-26T11:59:19.251828+00:00,2026-07-26T11:59:19.252317+00:00,7070.93937488
BTCUSDT,LONG,70024.8,69319.80626688474,0.05014895198879667,69319.80626688474,71434.78746623054,35.35469687440003,-35.35469687,6.98798597,-42.34268284,LOSS,STOP_LOSS,2026-07-26T11:59:19.259077+00:00,2026-07-26T11:59:19.261045+00:00,7028.59669204
SOLUSDT,SHORT,85.15,85.63971805039391,71.76166659965364,85.63971805039391,84.17056389921218,35.14298346020003,-35.14298346,12.25615481,-47.39913827,LOSS,STOP_LOSS,2026-07-26T11:59:19.268041+00:00,2026-07-26T11:59:19.268329+00:00,6981.19755377
BTCUSDT,LONG,69782.6,70348.15959415516,0.1234387609355057,69499.82020292243,70348.15959415516,34.90598776885003,69.81197554,17.29756733,52.5144082,WIN,TAKE_PROFIT,2026-07-26T11:59:19.275368+00:00,2026-07-26T11:59:19.275956+00:00,7033.71196197
BTCUSDT,LONG,69914.9,70687.59102965861,0.09102877724719483,69528.55448517068,70687.59102965861,35.16855980985003,70.33711962,12.79887284,57.53824678,WIN,TAKE_PROFIT,2026-07-26T11:59:19.282915+00:00,2026-07-26T11:59:19.283456+00:00,7091.25020875
SOLUSDT,LONG,86.94,86.33137092781922,58.255927402066334,86.33137092781922,88.15725814436153,35.45625104375003,-35.45625104,10.09408441,-45.55033545,LOSS,STOP_LOSS,2026-07-26T11:59:19.290255+00:00,2026-07-26T11:59:19.290932+00:00,7045.6998733
ETHUSDT,LONG,2064.54,2047.6260900359082,2.082812279436876,2047.6260900359082,2098.3678199281835,35.22849936650003,-35.22849937,8.56487003,-43.79336939,LOSS,STOP_LOSS,2026-07-26T11:59:19.297776+00:00,2026-07-26T11:59:19.298111+00:00,7001.90650391
ETHUSDT,LONG,2067.5,2044.936344894311,1.5515895964357018,2044.936344894311,2112.627310211378,35.00953251955003,-35.00953252,6.38081345,-41.39034597,LOSS,STOP_LOSS,2026-07-26T11:59:19.304970+00:00,2026-07-26T11:59:19.305848+00:00,6960.51615794
ETHUSDT,LONG,2060.78,2097.343859733691,1.9036601192095788,2042.498070133155,2097.343859733691,34.80258078970003,69.60516158,7.91565456,61.68950702,WIN,TAKE_PROFIT,2026-07-26T11:59:19.312952+00:00,2026-07-26T11:59:19.314006+00:00,7022.20566496
BTCUSDT,LONG,71449.1,70998.65785707023,0.07794792045084738,70998.65785707023,72349.98428585958,35.11102832480003,-35.11102832,11.1035065,-46.21453482,LOSS,STOP_LOSS,2026-07-26T11:59:19.321045+00:00,2026-07-26T11:59:19.321855+00:00,6975.99113014
BTCUSDT,LONG,71117.8,71953.64072925216,0.08346077052719798,70699.87963537393,71953.64072925216,34.87995565070003,69.7599113,11.94085268,57.81905862,WIN,TAKE_PROFIT,2026-07-26T11:59:19.328882+00:00,2026-07-26T11:59:19.329965+00:00,7033.81018876
BTCUSDT,LONG,71890.0,72639.54696254974,0.09384082039146849,71515.22651872513,72639.54696254974,35.16905094380003,70.33810189,13.56277126,56.77533063,WIN,TAKE_PROFIT,2026-07-26T11:59:19.336938+00:00,2026-07-26T11:59:19.337865+00:00,7090.58551939
BTCUSDT,LONG,72735.3,73514.14379544294,0.09103989222071787,72345.87810227853,73514.14379544294,35.45292759695003,70.90585519,13.3145336,57.59132159,WIN,TAKE_PROFIT,2026-07-26T11:59:19.344950+00:00,2026-07-26T11:59:19.345415+00:00,7148.17684098
BTCUSDT,LONG,73344.8,72880.69838554709,0.07701090255208873,72880.69838554709,74273.00322890581,35.74088420490003,-35.7408842,11.26095761,-47.00184181,LOSS,STOP_LOSS,2026-07-26T11:59:19.352426+00:00,2026-07-26T11:59:19.352767+00:00,7101.17499917
BTCUSDT,LONG,72899.9,72335.38371102294,0.06289610360081777,72335.38371102294,74028.93257795411,35.50587499585003,-35.505875,9.13473345,-44.64060845,LOSS,STOP_LOSS,2026-07-26T11:59:19.359819+00:00,2026-07-26T11:59:19.360060+00:00,7056.53439072
ETHUSDT,LONG,2150.39,2124.6833240513615,1.3725100835321744,2124.6833240513615,2201.8033518972766,35.28267195360003,-35.28267195,5.86758125,-41.1502532,LOSS,STOP_LOSS,2026-07-26T11:59:19.367135+00:00,2026-07-26T11:59:19.367583+00:00,7015.38413752
BTCUSDT,SHORT,70810.7,71271.55291538111,0.07611304934154989,71271.55291538111,69888.99416923776,35.07692068760003,-35.07692069,10.81431353,-45.89123421,LOSS,STOP_LOSS,2026-07-26T11:59:19.374711+00:00,2026-07-26T11:59:19.376018+00:00,6969.49290331
BTCUSDT,LONG,71236.6,70962.70304511687,0.12722837510704588,70962.70304511687,71784.3939097663,34.847464516550026,-34.84746452,18.09178627,-52.93925078,LOSS,STOP_LOSS,2026-07-26T11:59:19.383173+00:00,2026-07-26T11:59:19.383506+00:00,6916.55365253
BTCUSDT,LONG,71070.1,70787.60288073852,0.12241812714075684,70787.60288073852,71635.09423852297,34.58276826265003,-34.58276826,17.36595431,-51.94872257,LOSS,STOP_LOSS,2026-07-26T11:59:19.390797+00:00,2026-07-26T11:59:19.391219+00:00,6864.60492996
BTCUSDT,SHORT,70669.9,70935.80072691428,0.12908210161028671,70935.80072691428,70138.0985461714,34.323024649800026,-34.32302465,18.27876145,-52.6017861,LOSS,STOP_LOSS,2026-07-26T11:59:19.398265+00:00,2026-07-26T11:59:19.401139+00:00,6812.00314386
ETHUSDT,LONG,2092.69,2085.8571511406367,4.984745955945838,2085.8571511406367,2106.3556977187263,34.060015719300026,-34.06001572,20.82899601,-54.88901173,LOSS,STOP_LOSS,2026-07-26T11:59:19.408421+00:00,2026-07-26T11:59:19.408915+00:00,6757.11413213
BTCUSDT,LONG,71035.5,70828.6249127685,0.16331386786483007,70828.6249127685,71449.250174463,33.78557066065002,-33.78557066,23.16837895,-56.95394961,LOSS,STOP_LOSS,2026-07-26T11:59:19.416213+00:00,2026-07-26T11:59:19.416636+00:00,6700.16018252
SOLUSDT,LONG,87.59,88.35304291439573,87.80843195203603,87.20847854280214,88.35304291439573,33.50080091260003,67.00160183,15.44928271,51.55231911,WIN,TAKE_PROFIT,2026-07-26T11:59:19.423911+00:00,2026-07-26T11:59:19.424324+00:00,6751.71250163
ETHUSDT,LONG,2100.82,2119.689750996857,3.5780612593958874,2091.3851245015717,2119.689750996857,33.75856250815003,67.51712502,15.10124243,52.41588258,WIN,TAKE_PROFIT,2026-07-26T11:59:19.431807+00:00,2026-07-26T11:59:19.433067+00:00,6804.12838421
BTCUSDT,LONG,71779.8,71557.52013438332,0.1530531873710811,71557.52013438332,72224.35973123339,34.02064192105002,-34.02064192,21.93823372,-55.95887564,LOSS,STOP_LOSS,2026-07-26T11:59:19.440365+00:00,2026-07-26T11:59:19.441112+00:00,6748.16950857
BTCUSDT,LONG,71588.0,71326.70272926596,0.1291282050059892,71326.70272926596,72110.59454146808,33.74084754285003,-33.74084754,18.45431903,-52.19516658,LOSS,STOP_LOSS,2026-07-26T11:59:19.448437+00:00,2026-07-26T11:59:19.448930+00:00,6695.97434199
SOLUSDT,SHORT,87.66,88.09644519594954,76.71036826768196,88.09644519594954,86.7871096081009,33.479871709950025,-33.47987171,13.48234164,-46.96221335,LOSS,STOP_LOSS,2026-07-26T11:59:19.456151+00:00,2026-07-26T11:59:19.456651+00:00,6649.01212864
BTCUSDT,LONG,71788.0,71525.4891424337,0.12664261185769657,71525.4891424337,72313.0217151326,33.24506064320003,-33.24506064,18.14959458,-51.39465522,LOSS,STOP_LOSS,2026-07-26T11:59:19.464023+00:00,2026-07-26T11:59:19.464446+00:00,6597.61747342
ETHUSDT,SHORT,2098.05,2108.9875106185327,3.0160507740403526,2108.9875106185327,2076.1749787629346,32.98808736710003,-32.98808737,12.68863874,-45.67672611,LOSS,STOP_LOSS,2026-07-26T11:59:19.471740+00:00,2026-07-26T11:59:19.472030+00:00,6551.94074731
ETHUSDT,LONG,2110.28,2133.9482340058466,2.768242339369962,2098.4458829970768,2133.9482340058466,32.75970373655003,65.51940747,11.7490523,53.77035518,WIN,TAKE_PROFIT,2026-07-26T11:59:19.479470+00:00,2026-07-26T11:59:19.479909+00:00,6605.71110249
BTCUSDT,LONG,71810.0,72364.23993934579,0.11918504303907115,71532.8800303271,72364.23993934579,33.028555512450026,66.05711102,17.18341299,48.87369803,WIN,TAKE_PROFIT,2026-07-26T11:59:19.487288+00:00,2026-07-26T11:59:19.487847+00:00,6654.58480052
BTCUSDT,LONG,72350.1,73112.23918244657,0.0873145608280874,71969.03040877671,73112.23918244657,33.27292400260003,66.54584801,12.70098026,53.84486774,WIN,TAKE_PROFIT,2026-07-26T11:59:19.495480+00:00,2026-07-26T11:59:19.495765+00:00,6708.42966826
BTCUSDT,LONG,72715.6,72278.16752243553,0.07667960213666528,72278.16752243553,73590.46495512896,33.54214834130003,-33.54214834,11.11806441,-44.66021275,LOSS,STOP_LOSS,2026-07-26T11:59:19.503163+00:00,2026-07-26T11:59:19.503782+00:00,6663.76945551
BTCUSDT,LONG,72288.3,73237.19445471039,0.07022666664801908,71813.85277264481,73237.19445471039,33.31884727755003,66.63769456,10.21977039,56.41792417,WIN,TAKE_PROFIT,2026-07-26T11:59:19.511254+00:00,2026-07-26T11:59:19.511930+00:00,6720.18737968
BTCUSDT,LONG,73747.1,73193.87573290693,0.06073655639684239,73193.87573290693,74853.54853418615,33.60093689840003,-33.6009369,8.92468886,-42.52562576,LOSS,STOP_LOSS,2026-07-26T11:59:19.519452+00:00,2026-07-26T11:59:19.520525+00:00,6677.66175392
ETHUSDT,LONG,2242.6,2283.9502512173203,1.6149023421465758,2221.9248743913395,2283.9502512173203,33.38830876960002,66.77661754,7.3099366,59.46668094,WIN,TAKE_PROFIT,2026-07-26T11:59:19.528056+00:00,2026-07-26T11:59:19.528857+00:00,6737.12843486
BTCUSDT,LONG,73560.1,74379.95583337365,0.08217455021497126,73150.17208331318,74379.95583337365,33.68564217430002,67.37128435,12.15690755,55.2143768,WIN,TAKE_PROFIT,2026-07-26T11:59:19.536321+00:00,2026-07-26T11:59:19.536812+00:00,6792.34281166
BTCUSDT,LONG,74045.7,73600.54709491192,0.07629224401350548,73600.54709491192,74936.00581017614,33.961714058300025,-33.96171406,11.26426351,-45.22597757,LOSS,STOP_LOSS,2026-07-26T11:59:19.544322+00:00,2026-07-26T11:59:19.544690+00:00,6747.11683409
ETHUSDT,LONG,2279.64,2254.930181615306,1.3652704218719345,2254.930181615306,2329.059636769388,33.73558417045002,-33.73558417,6.19091454,-39.92649872,LOSS,STOP_LOSS,2026-07-26T11:59:19.552222+00:00,2026-07-26T11:59:19.552569+00:00,6707.19033537
ETHUSDT,LONG,2286.84,2342.2719317042174,1.2099867583831179,2259.1240341478915,2342.2719317042174,33.53595167685002,67.07190335,5.60116414,61.47073921,WIN,TAKE_PROFIT,2026-07-26T11:59:19.560124+00:00,2026-07-26T11:59:19.560939+00:00,6768.66107458
BTCUSDT,LONG,74217.7,75286.09392113563,0.06335360900767137,73683.50303943218,75286.09392113563,33.84330537290002,67.68661075,9.47160491,58.21500584,WIN,TAKE_PROFIT,2026-07-26T11:59:19.568497+00:00,2026-07-26T11:59:19.569639+00:00,6826.87608042
ETHUSDT,LONG,2366.2,2339.520739911796,1.2794350476455938,2339.520739911796,2419.558520176407,34.13438040210002,-34.1343804,6.02066404,-40.15504444,LOSS,STOP_LOSS,2026-07-26T11:59:19.577443+00:00,2026-07-26T11:59:19.578145+00:00,6786.72103598
ETHUSDT,LONG,2334.25,2311.9766956193876,1.5235101447020645,2311.9766956193876,2378.796608761225,33.93360517990002,-33.93360518,7.07857351,-41.01217869,LOSS,STOP_LOSS,2026-07-26T11:59:19.586019+00:00,2026-07-26T11:59:19.586565+00:00,6745.70885729
ETHUSDT,SHORT,2309.6,2331.2895091212226,1.5550625926083081,2331.2895091212226,2266.2209817575545,33.72854428645002,-33.72854429,7.21687367,-40.94541796,LOSS,STOP_LOSS,2026-07-26T11:59:19.594271+00:00,2026-07-26T11:59:19.594947+00:00,6704.76343933
ETHUSDT,LONG,2327.24,2307.8981302374877,1.7332252573443043,2307.8981302374877,2365.923739525024,33.52381719665002,-33.5238172,8.03373848,-41.55755568,LOSS,STOP_LOSS,2026-07-26T11:59:19.602589+00:00,2026-07-26T11:59:19.603517+00:00,6663.20588365
BTCUSDT,SHORT,73857.3,74397.0399109793,0.061726080915160984,74397.0399109793,72777.82017804141,33.31602941825002,-33.31602942,9.15115938,-42.4671888,LOSS,STOP_LOSS,2026-07-26T11:59:19.611291+00:00,2026-07-26T11:59:19.611819+00:00,6620.73869485
ETHUSDT,LONG,2328.17,2306.377454192187,1.5190374619922382,2306.377454192187,2371.7550916156265,33.103693474250015,-33.10369347,7.0400512,-40.14374468,LOSS,STOP_LOSS,2026-07-26T11:59:19.619945+00:00,2026-07-26T11:59:19.621386+00:00,6580.59495017
BTCUSDT,SHORT,73691.8,74084.55338187992,0.08377515323575396,74084.55338187992,72906.29323624018,32.902974750850014,-32.90297475,12.37998665,-45.2829614,LOSS,STOP_LOSS,2026-07-26T11:59:19.629202+00:00,2026-07-26T11:59:19.629625+00:00,6535.31198877
ETHUSDT,LONG,2329.21,2315.4695726899195,2.3781327324425763,2315.4695726899195,2356.6908546201607,32.676559943850016,-32.67655994,11.04566452,-43.72222447,LOSS,STOP_LOSS,2026-07-26T11:59:19.637519+00:00,2026-07-26T11:59:19.638423+00:00,6491.5897643
BTCUSDT,SHORT,73911.2,74208.97527624076,0.10900149008763624,74208.97527624076,73315.64944751849,32.45794882150002,-32.45794882,16.14531982,-48.60326864,LOSS,STOP_LOSS,2026-07-26T11:59:19.646284+00:00,2026-07-26T11:59:19.647195+00:00,6442.98649566
BTCUSDT,LONG,74204.0,73948.72681040522,0.12619786875949904,73948.72681040522,74714.54637918955,32.214932478300014,-32.21493248,18.69655837,-50.91149085,LOSS,STOP_LOSS,2026-07-26T11:59:19.655217+00:00,2026-07-26T11:59:19.655665+00:00,6392.07500481
BTCUSDT,SHORT,73837.6,73308.87193523448,0.12089532277134944,74101.96403238278,73308.87193523448,31.960375024050016,63.92075005,17.78932022,46.13142983,WIN,TAKE_PROFIT,2026-07-26T11:59:19.663671+00:00,2026-07-26T11:59:19.664046+00:00,6438.20643464
ETHUSDT,SHORT,2180.26,2204.179295406179,1.3458185797933184,2204.179295406179,2132.4214091876433,32.19103217320002,-32.19103217,5.90065987,-38.09169204,LOSS,STOP_LOSS,2026-07-26T11:59:19.671968+00:00,2026-07-26T11:59:19.672732+00:00,6400.1147426
BTCUSDT,SHORT,70835.9,70122.14930023103,0.089668770127605,71192.77534988447,70122.14930023103,32.00057371300002,64.00114743,12.63953492,51.36161251,WIN,TAKE_PROFIT,2026-07-26T11:59:19.680692+00:00,2026-07-26T11:59:19.681430+00:00,6451.47635511
SOLUSDT,SHORT,89.41,90.0138747976479,53.41733402551778,90.0138747976479,88.20225040470419,32.25738177555002,-32.25738178,9.58434505,-41.84172683,LOSS,STOP_LOSS,2026-07-26T11:59:19.689400+00:00,2026-07-26T11:59:19.689946+00:00,6409.63462828
BTCUSDT,SHORT,69773.1,70136.77277123374,0.08812365312002568,70136.77277123374,69045.75445753254,32.04817314140002,-32.04817314,12.3293691,-44.37754224,LOSS,STOP_LOSS,2026-07-26T11:59:19.697881+00:00,2026-07-26T11:59:19.698512+00:00,6365.25708604
BTCUSDT,SHORT,69478.4,70004.75534525722,0.060465397980611034,70004.75534525722,68425.68930948555,31.82628543020002,-31.82628543,8.4339045,-40.26018993,LOSS,STOP_LOSS,2026-07-26T11:59:19.706513+00:00,2026-07-26T11:59:19.707620+00:00,6324.99689611
BTCUSDT,SHORT,70036.9,70466.3823535384,0.07363511962714805,70466.3823535384,69177.93529292317,31.62498448055002,-31.62498448,10.345976,-41.97096048,LOSS,STOP_LOSS,2026-07-26T11:59:19.715704+00:00,2026-07-26T11:59:19.716495+00:00,6283.02593563
BTCUSDT,LONG,70540.4,70170.06845631095,0.08482974300598287,70170.06845631095,71281.06308737808,31.41512967815002,-31.41512968,11.93643288,-43.35156256,LOSS,STOP_LOSS,2026-07-26T11:59:19.724727+00:00,2026-07-26T11:59:19.725044+00:00,6239.67437307
BTCUSDT,LONG,70696.1,70343.86864906052,0.08857352357232164,70343.86864906052,71400.562701879,31.19837186535002,-31.19837187,12.49240699,-43.69077885,LOSS,STOP_LOSS,2026-07-26T11:59:19.733118+00:00,2026-07-26T11:59:19.733797+00:00,6195.98359422
BTCUSDT,SHORT,70244.0,70566.55203755232,0.09604626343764752,70566.55203755232,69598.89592489536,30.97991797110002,-30.97991797,13.52432738,-44.50424535,LOSS,STOP_LOSS,2026-07-26T11:59:19.741852+00:00,2026-07-26T11:59:19.742143+00:00,6151.47934887
BTCUSDT,LONG,70819.5,70465.27528394724,0.08683018250981772,70465.27528394724,71527.94943210552,30.757396744350018,-30.75739674,12.26778282,-43.02517957,LOSS,STOP_LOSS,2026-07-26T11:59:19.750176+00:00,2026-07-26T11:59:19.750794+00:00,6108.4541693
BTCUSDT,SHORT,70471.1,69729.9293730838,0.08241630128699876,70841.6853134581,69729.9293730838,30.542270846500017,61.08454169,11.55485028,49.52969142,WIN,TAKE_PROFIT,2026-07-26T11:59:19.758905+00:00,2026-07-26T11:59:19.759890+00:00,6157.98386072
BTCUSDT,SHORT,69781.2,70243.06973773114,0.06666364298914583,70243.06973773114,68857.46052453769,30.78991930360002,-30.7899193,9.33452793,-40.12444723,LOSS,STOP_LOSS,2026-07-26T11:59:19.767922+00:00,2026-07-26T11:59:19.769296+00:00,6117.85941349
ETHUSDT,LONG,2159.65,2143.073150151167,1.845302174200646,2143.073150151167,2192.803699697667,30.589297067450016,-30.58929707,7.93982438,-38.52912145,LOSS,STOP_LOSS,2026-07-26T11:59:19.777392+00:00,2026-07-26T11:59:19.777807+00:00,6079.33029204
SOLUSDT,LONG,89.83,89.3499584920807,63.3208815461649,89.3499584920807,90.79008301583859,30.396651460200015,-30.39665146,11.34583293,-41.74248439,LOSS,STOP_LOSS,2026-07-26T11:59:19.785967+00:00,2026-07-26T11:59:19.788380+00:00,6037.58780765
SOLUSDT,SHORT,89.64,89.99921343610397,84.03900301076753,89.99921343610397,88.92157312779206,30.187939038250015,-30.18793904,15.0967004,-45.28463944,LOSS,STOP_LOSS,2026-07-26T11:59:19.796505+00:00,2026-07-26T11:59:19.797599+00:00,5992.30316821
ETHUSDT,SHORT,2145.2,2134.29979330557,5.497421595933591,2150.650103347215,2134.29979330557,29.961515841050012,59.92303168,23.52621458,36.3968171,WIN,TAKE_PROFIT,2026-07-26T11:59:19.806088+00:00,2026-07-26T11:59:19.806424+00:00,6028.69998531
BTCUSDT,SHORT,68881.5,68243.2134285639,0.09445130533994832,69200.64328571805,68243.2134285639,30.14349992655001,60.28699985,12.95160818,47.33539168,WIN,TAKE_PROFIT,2026-07-26T11:59:19.814753+00:00,2026-07-26T11:59:19.814984+00:00,6076.03537699
BTCUSDT,SHORT,68652.2,69026.65447959532,0.0811318292086701,69026.65447959532,67903.29104080933,30.38017688495001,-30.38017688,11.17013731,-41.55031419,LOSS,STOP_LOSS,2026-07-26T11:59:19.823380+00:00,2026-07-26T11:59:19.823632+00:00,6034.4850628
BTCUSDT,SHORT,68860.3,69252.43987390996,0.07694301783992663,69252.43987390996,68076.0202521801,30.172425314000012,-30.17242531,10.62681101,-40.79923632,LOSS,STOP_LOSS,2026-07-26T11:59:19.831847+00:00,2026-07-26T11:59:19.832471+00:00,5993.68582648
BTCUSDT,SHORT,69314.7,68518.85307711062,0.07531204373724866,69712.62346144469,68518.85307711062,29.96842913240001,59.93685826,10.38052658,49.55633169,WIN,TAKE_PROFIT,2026-07-26T11:59:19.840702+00:00,2026-07-26T11:59:19.841863+00:00,6043.24215817
BTCUSDT,SHORT,68581.1,68883.99968764924,0.09975649372686388,68883.99968764924,67975.30062470153,30.21621079085001,-30.21621079,13.71303635,-43.92924715,LOSS,STOP_LOSS,2026-07-26T11:59:19.850174+00:00,2026-07-26T11:59:19.851269+00:00,5999.31291102
ETHUSDT,SHORT,2075.27,2047.8000200531383,2.183952417375306,2089.004989973431,2047.8000200531383,29.996564555100008,59.99312911,9.00458874,50.98854037,WIN,TAKE_PROFIT,2026-07-26T11:59:19.859613+00:00,2026-07-26T11:59:19.861009+00:00,6050.30145139
BTCUSDT,SHORT,67751.6,68100.59730271234,0.08668120647879422,68100.59730271234,67053.60539457534,30.251507256950006,-30.25150726,11.77583236,-42.02733962,LOSS,STOP_LOSS,2026-07-26T11:59:19.869410+00:00,2026-07-26T11:59:19.869824+00:00,6008.27411177
SOLUSDT,SHORT,86.46,87.19920036543742,40.64036215819862,87.19920036543742,84.98159926912513,30.04137055885001,-30.04137056,7.05757279,-37.09894335,LOSS,STOP_LOSS,2026-07-26T11:59:19.878154+00:00,2026-07-26T11:59:19.879586+00:00,5971.17516842
BTCUSDT,LONG,68864.2,68483.00749352583,0.07832230522643709,68483.00749352583,69626.58501294833,29.85587584210001,-29.85587584,10.75734991,-40.61322575,LOSS,STOP_LOSS,2026-07-26T11:59:19.888023+00:00,2026-07-26T11:59:19.888404+00:00,5930.56194267
ETHUSDT,SHORT,2032.61,2049.236347726074,1.783483071681878,2049.236347726074,1999.3573045478513,29.652809713350006,-29.65280971,7.27990386,-36.93271358,LOSS,STOP_LOSS,2026-07-26T11:59:19.896915+00:00,2026-07-26T11:59:19.897275+00:00,5893.62922909
ETHUSDT,SHORT,2046.73,2065.0652847096108,1.6071823597047101,2065.0652847096108,2010.0594305807783,29.468146145450007,-29.46814615,6.60840485,-36.07655099,LOSS,STOP_LOSS,2026-07-26T11:59:19.905773+00:00,2026-07-26T11:59:19.906703+00:00,5857.5526781
SOLUSDT,LONG,89.06,91.9789974296919,20.067001836031945,87.60050128515405,91.9789974296919,29.287763390500004,58.57552678,3.63290989,54.94261689,WIN,TAKE_PROFIT,2026-07-26T11:59:19.915112+00:00,2026-07-26T11:59:19.915869+00:00,5912.49529499
SOLUSDT,LONG,90.88,89.72421752567953,25.577889552557078,89.72421752567953,93.19156494864093,29.562476474950003,-29.56247647,4.61947473,-34.1819512,LOSS,STOP_LOSS,2026-07-26T11:59:19.924391+00:00,2026-07-26T11:59:19.927841+00:00,5878.31334379
BTCUSDT,SHORT,69829.8,68900.38118823268,0.06324719565996548,70294.50940588365,68900.38118823268,29.391566718950003,58.78313344,8.77429491,50.00883852,WIN,TAKE_PROFIT,2026-07-26T11:59:19.936520+00:00,2026-07-26T11:59:19.937261+00:00,5928.32218231
ETHUSDT,SHORT,2103.66,2121.534503413654,1.6583180089303606,2121.534503413654,2067.9109931726916,29.64161091155,-29.64161091,7.00671614,-36.64832705,LOSS,STOP_LOSS,2026-07-26T11:59:19.946010+00:00,2026-07-26T11:59:19.946436+00:00,5891.67385526
BTCUSDT,SHORT,69493.5,69980.18872719916,0.06052815204048342,69980.18872719916,68520.12254560168,29.4583692763,-29.45836928,8.44208464,-37.90045391,LOSS,STOP_LOSS,2026-07-26T11:59:19.955151+00:00,2026-07-26T11:59:19.955704+00:00,5853.77340135
SOLUSDT,LONG,89.98,91.55809083644631,37.0940206112095,89.19095458177685,91.55809083644631,29.26886700675,58.53773401,6.73397768,51.80375633,WIN,TAKE_PROFIT,2026-07-26T11:59:19.964492+00:00,2026-07-26T11:59:19.965287+00:00,5905.57715768
SOLUSDT,LONG,91.41,92.81614955866577,41.998215063862226,90.70692522066712,92.81614955866577,29.527885788400003,59.05577158,7.73716945,51.31860213,WIN,TAKE_PROFIT,2026-07-26T11:59:19.974134+00:00,2026-07-26T11:59:19.975194+00:00,5956.89575981
SOLUSDT,LONG,92.55,91.88978414856066,45.1132440006056,91.88978414856066,93.87043170287865,29.784478799050003,-29.7844788,8.32067699,-38.10515578,LOSS,STOP_LOSS,2026-07-26T11:59:19.984300+00:00,2026-07-26T11:59:19.985099+00:00,5918.79060403
SOLUSDT,LONG,92.14,93.28676826087803,51.612787046427314,91.56661586956098,93.28676826087803,29.593953020150003,59.18790604,9.5703923,49.61751374,WIN,TAKE_PROFIT,2026-07-26T11:59:19.993969+00:00,2026-07-26T11:59:19.994815+00:00,5968.40811777
SOLUSDT,LONG,93.07,92.50017225002259,52.37028310754098,92.50017225002259,94.2096554999548,29.84204058885,-29.84204059,9.71836246,-39.56040305,LOSS,STOP_LOSS,2026-07-26T11:59:20.003958+00:00,2026-07-26T11:59:20.004298+00:00,5928.84771472
SOLUSDT,LONG,92.55,91.93418674682931,48.13835756370672,91.93418674682931,93.78162650634137,29.6442385736,-29.64423857,8.88076575,-38.52500432,LOSS,STOP_LOSS,2026-07-26T11:59:20.013534+00:00,2026-07-26T11:59:20.014144+00:00,5890.3227104
BTCUSDT,LONG,71475.3,70951.0966716933,0.05618356840109223,70951.0966716933,72523.70665661342,29.451613551999998,-29.45161355,8.0020232,-37.45363675,LOSS,STOP_LOSS,2026-07-26T11:59:20.023509+00:00,2026-07-26T11:59:20.023914+00:00,5852.86907365
BTCUSDT,LONG,71128.4,70739.55404471181,0.0752594825026824,70739.55404471181,71906.09191057636,29.264345368249998,-29.26434537,10.67690881,-39.94125417,LOSS,STOP_LOSS,2026-07-26T11:59:20.032822+00:00,2026-07-26T11:59:20.033924+00:00,5812.92781948
SOLUSDT,SHORT,90.82,89.76831384771546,55.2724575373828,91.34584307614226,89.76831384771546,29.064639097399994,58.12927819,9.98155991,48.14771829,WIN,TAKE_PROFIT,2026-07-26T11:59:20.042977+00:00,2026-07-26T11:59:20.043815+00:00,5861.07553777
ETHUSDT,SHORT,2067.33,2081.0103630483136,2.142149121726875,2081.0103630483136,2039.9692739033726,29.305377688849994,-29.30537769,8.88636367,-38.19174135,LOSS,STOP_LOSS,2026-07-26T11:59:20.052638+00:00,2026-07-26T11:59:20.053119+00:00,5822.88379642
BTCUSDT,SHORT,69518.9,69823.71910779232,0.0955137595965119,69823.71910779232,68909.26178441533,29.114418982099995,-29.11441898,13.30913742,-42.42355641,LOSS,STOP_LOSS,2026-07-26T11:59:20.062135+00:00,2026-07-26T11:59:20.062418+00:00,5780.46024001
ETHUSDT,SHORT,2080.07,2052.84752752515,2.123414853426817,2093.6812362374253,2052.84752752515,28.902301200049997,57.8046024,8.77589847,49.02870393,WIN,TAKE_PROFIT,2026-07-26T11:59:20.071458+00:00,2026-07-26T11:59:20.071952+00:00,5829.48894394
ETHUSDT,SHORT,2064.7,2033.0239864177736,1.840348037737617,2080.538006791113,2033.0239864177736,29.147444719699998,58.29488944,7.5412383,50.75365114,WIN,TAKE_PROFIT,2026-07-26T11:59:20.081129+00:00,2026-07-26T11:59:20.084197+00:00,5880.24259508
BTCUSDT,SHORT,67780.5,67044.31714386152,0.07987475592577399,68148.59142806924,67044.31714386152,29.4012129754,58.80242595,10.76909936,48.03332659,WIN,TAKE_PROFIT,2026-07-26T11:59:20.093144+00:00,2026-07-26T11:59:20.093724+00:00,5928.27592167
BTCUSDT,SHORT,66846.6,65965.21216571369,0.06726069604160481,67287.29391714316,65965.21216571369,29.641379608349997,59.28275922,8.93301493,50.34974429,WIN,TAKE_PROFIT,2026-07-26T11:59:20.102588+00:00,2026-07-26T11:59:20.103378+00:00,5978.62566596
BTCUSDT,SHORT,66153.9,66624.3195298223,0.06354567877122726,66624.3195298223,65213.06094035538,29.893128329799996,-29.89312833,8.43748209,-38.33061042,LOSS,STOP_LOSS,2026-07-26T11:59:20.112300+00:00,2026-07-26T11:59:20.116277+00:00,5940.29505554
SOLUSDT,LONG,83.76,83.17557029177259,50.821296144894646,83.17557029177259,84.92885941645484,29.7014752777,-29.70147528,8.48388205,-38.18535733,LOSS,STOP_LOSS,2026-07-26T11:59:20.125541+00:00,2026-07-26T11:59:20.126133+00:00,5902.10969821
SOLUSDT,SHORT,83.19,82.22919679321072,61.42891339770935,83.67040160339464,82.22919679321072,29.510548491049995,59.02109698,10.16152151,48.85957547,WIN,TAKE_PROFIT,2026-07-26T11:59:20.135136+00:00,2026-07-26T11:59:20.136230+00:00,5950.96927368
BTCUSDT,SHORT,66359.5,66590.98777375687,0.12853744232578942,66590.98777375687,65896.52445248625,29.754846368399996,-29.75484637,17.08911565,-46.84396202,LOSS,STOP_LOSS,2026-07-26T11:59:20.145552+00:00,2026-07-26T11:59:20.146513+00:00,5904.12531166
BTCUSDT,LONG,66935.3,66698.77631036485,0.12481044331684642,66698.77631036485,67408.34737927032,29.520626558299995,-29.52062656,16.67892831,-46.19955486,LOSS,STOP_LOSS,2026-07-26T11:59:20.155869+00:00,2026-07-26T11:59:20.156375+00:00,5857.9257568
ETHUSDT,SHORT,2004.96,1989.4473722891087,3.7762304787906054,2012.7163138554458,1989.4473722891087,29.289628783999998,58.57925757,15.08380286,43.4954547,WIN,TAKE_PROFIT,2026-07-26T11:59:20.165779+00:00,2026-07-26T11:59:20.167414+00:00,5901.4212115
ETHUSDT,SHORT,1988.52,1997.205865948829,3.3971403923725263,1997.205865948829,1971.148268102342,29.507106057499996,-29.50710606,13.54007033,-43.04717639,LOSS,STOP_LOSS,2026-07-26T11:59:20.177189+00:00,2026-07-26T11:59:20.177622+00:00,5858.37403511
ETHUSDT,SHORT,1994.14,2004.219878107156,2.9059746421690247,2004.219878107156,1973.9802437856881,29.29187017555,-29.29187018,11.61913242,-40.91100259,LOSS,STOP_LOSS,2026-07-26T11:59:20.187155+00:00,2026-07-26T11:59:20.188414+00:00,5817.46303252
BTCUSDT,SHORT,66274.5,65767.70651384785,0.11478961729933247,66527.89674307608,65767.70651384785,29.0873151626,58.17463033,15.15707435,43.01755597,WIN,TAKE_PROFIT,2026-07-26T11:59:20.197804+00:00,2026-07-26T11:59:20.198110+00:00,5860.48058849
BTCUSDT,SHORT,65645.9,64993.02398387901,0.08976406612865925,65972.33800806048,64993.02398387901,29.302402942449998,58.60480588,11.72668101,46.87812487,WIN,TAKE_PROFIT,2026-07-26T11:59:20.208240+00:00,2026-07-26T11:59:20.208615+00:00,5907.35871336
BTCUSDT,SHORT,65820.3,66232.5138646276,0.07165405169834321,66232.5138646276,64995.8722707448,29.536793566799997,-29.53679357,9.46211915,-38.99891272,LOSS,STOP_LOSS,2026-07-26T11:59:20.218731+00:00,2026-07-26T11:59:20.219033+00:00,5868.35980064
BTCUSDT,SHORT,66061.3,66501.00573143992,0.06673053568602279,66501.00573143992,65181.888537120176,29.3417990032,-29.341799,8.84595367,-38.18775268,LOSS,STOP_LOSS,2026-07-26T11:59:20.229157+00:00,2026-07-26T11:59:20.229638+00:00,5830.17204796
BTCUSDT,LONG,67087.0,66553.2245120719,0.054612586937912315,66553.2245120719,68154.5509758562,29.1508602398,-29.15086024,7.29843838,-36.44929862,LOSS,STOP_LOSS,2026-07-26T11:59:20.243238+00:00,2026-07-26T11:59:20.246363+00:00,5793.72274934
SOLUSDT,SHORT,82.78,83.45983408749404,42.61129925609104,83.45983408749404,81.42033182501193,28.968613746699997,-28.96861375,7.08369532,-36.05230907,LOSS,STOP_LOSS,2026-07-26T11:59:20.256367+00:00,2026-07-26T11:59:20.257023+00:00,5757.67044027
BTCUSDT,SHORT,66749.2,67104.02026143111,0.08113502900098246,67104.02026143111,66039.55947713777,28.788352201349998,-28.7883522,10.86018491,-39.64853711,LOSS,STOP_LOSS,2026-07-26T11:59:20.266461+00:00,2026-07-26T11:59:20.267511+00:00,5718.02190316
SOLUSDT,SHORT,82.68,83.245190121075,50.58494203936442,83.245190121075,81.54961975785001,28.5901095158,-28.59010952,8.39331613,-36.98342564,LOSS,STOP_LOSS,2026-07-26T11:59:20.281847+00:00,2026-07-26T11:59:20.282223+00:00,5681.03847752
SOLUSDT,SHORT,82.82,81.6724051128593,49.50386709786259,83.39379744357035,81.6724051128593,28.4051923876,56.81038478,8.14301016,48.66737461,WIN,TAKE_PROFIT,2026-07-26T11:59:20.291894+00:00,2026-07-26T11:59:20.292622+00:00,5729.70585213
BTCUSDT,SHORT,66403.9,66781.59583281325,0.07585079519480652,66781.59583281325,65648.50833437349,28.648529260649997,-28.64852926,10.10222577,-38.75075503,LOSS,STOP_LOSS,2026-07-26T11:59:20.302399+00:00,2026-07-26T11:59:20.303099+00:00,5690.9550971
BTCUSDT,SHORT,66610.0,67009.93949353693,0.0711477009530986,67009.93949353693,65810.12101292612,28.4547754855,-28.45477549,9.5067515,-37.96152698,LOSS,STOP_LOSS,2026-07-26T11:59:20.312567+00:00,2026-07-26T11:59:20.313225+00:00,5652.99357012
SOLUSDT,SHORT,81.24,81.95502164322228,39.53022697777702,81.95502164322228,79.80995671355542,28.2649678506,-28.26496785,6.45113625,-34.7161041,LOSS,STOP_LOSS,2026-07-26T11:59:20.323121+00:00,2026-07-26T11:59:20.323431+00:00,5618.27746602
ETHUSDT,LONG,2074.36,2057.860020367969,1.7025104246532616,2057.860020367969,2107.359959264063,28.0913873301,-28.09138733,7.03514766,-35.12653499,LOSS,STOP_LOSS,2026-07-26T11:59:20.332976+00:00,2026-07-26T11:59:20.333401+00:00,5583.15093103
BTCUSDT,SHORT,66555.9,67098.80235387658,0.05141947618354938,67098.80235387658,65470.09529224682,27.91575465515,-27.91575466,6.87245478,-34.78820944,LOSS,STOP_LOSS,2026-07-26T11:59:20.343032+00:00,2026-07-26T11:59:20.343290+00:00,5548.36272159
ETHUSDT,LONG,2074.71,2120.847773240004,1.2025640450240238,2051.6411133799984,2120.847773240004,27.741813607949997,55.48362722,5.04542693,50.43820029,WIN,TAKE_PROFIT,2026-07-26T11:59:20.352964+00:00,2026-07-26T11:59:20.353653+00:00,5598.80092188
ETHUSDT,LONG,2096.38,2129.8059907867155,1.6749842832198516,2079.6670046066424,2129.8059907867155,27.994004609399997,55.98800922,7.07879511,48.90921411,WIN,TAKE_PROFIT,2026-07-26T11:59:20.363275+00:00,2026-07-26T11:59:20.364645+00:00,5647.71013599
BTCUSDT,LONG,68552.9,68172.7855194842,0.07428959465482925,68172.7855194842,69313.1289610316,28.23855067995,-28.23855068,10.15729576,-38.39584644,LOSS,STOP_LOSS,2026-07-26T11:59:20.374270+00:00,2026-07-26T11:59:20.375880+00:00,5609.31428955
ETHUSDT,LONG,2132.21,2116.7296634946256,1.8117546371174156,2116.7296634946256,2163.170673010749,28.046571447749997,-28.04657145,7.69803614,-35.74460759,LOSS,STOP_LOSS,2026-07-26T11:59:20.385904+00:00,2026-07-26T11:59:20.386199+00:00,5573.56968196
SOLUSDT,SHORT,82.72,83.37713148909103,42.40832903677802,83.37713148909103,81.40573702181796,27.8678484098,-27.86784841,7.0439018,-34.91175021,LOSS,STOP_LOSS,2026-07-26T11:59:20.397271+00:00,2026-07-26T11:59:20.397750+00:00,5538.65793175
ETHUSDT,LONG,2130.47,2165.5642839199186,1.5782222382393005,2112.9228580400404,2165.5642839199186,27.69328965875,55.38657932,6.78009684,48.60648247,WIN,TAKE_PROFIT,2026-07-26T11:59:20.407325+00:00,2026-07-26T11:59:20.407869+00:00,5587.26441422
ETHUSDT,LONG,2151.58,2133.1484791766247,1.5156818766507234,2133.1484791766247,2188.44304164675,27.936322071099998,-27.93632207,6.4942853,-34.43060737,LOSS,STOP_LOSS,2026-07-26T11:59:20.418522+00:00,2026-07-26T11:59:20.419008+00:00,5552.83380685
ETHUSDT,LONG,2139.28,2120.437183575764,1.4734617378396948,2120.437183575764,2176.9656328484734,27.76416903425,-27.76416903,6.27653028,-34.04069932,LOSS,STOP_LOSS,2026-07-26T11:59:20.430737+00:00,2026-07-26T11:59:20.432849+00:00,5518.79310753
SOLUSDT,SHORT,80.81,79.14194309639431,33.0851609174753,81.64402845180285,79.14194309639431,27.593965537649996,55.18793108,5.29203578,49.8958953,WIN,TAKE_PROFIT,2026-07-26T11:59:20.442976+00:00,2026-07-26T11:59:20.443359+00:00,5568.68900283
SOLUSDT,SHORT,79.1,77.19259379229916,29.195086921429557,80.05370310385041,77.19259379229916,27.843445014149996,55.68689003,4.56297586,51.12391417,WIN,TAKE_PROFIT,2026-07-26T11:59:20.453220+00:00,2026-07-26T11:59:20.455799+00:00,5619.812917
BTCUSDT,SHORT,65826.6,66174.28840865652,0.08081680000082857,66174.28840865652,65131.223182686976,28.099064584999997,-28.09906458,10.6678894,-38.76695398,LOSS,STOP_LOSS,2026-07-26T11:59:20.465911+00:00,2026-07-26T11:59:20.466207+00:00,5581.04596302
BTCUSDT,SHORT,66227.3,66598.3678080382,0.07520250803386254,66598.3678080382,65485.16438392361,27.905229815099997,-27.90522982,9.98882335,-37.89405317,LOSS,STOP_LOSS,2026-07-26T11:59:20.476047+00:00,2026-07-26T11:59:20.476471+00:00,5543.15190985
BTCUSDT,LONG,67201.9,66769.03878893472,0.06402920576099058,66769.03878893472,68067.62242213055,27.715759549249995,-27.71575955,8.57805281,-36.29381235,LOSS,STOP_LOSS,2026-07-26T11:59:20.487130+00:00,2026-07-26T11:59:20.487498+00:00,5506.8580975
SOLUSDT,SHORT,78.56,79.35408122029874,34.674400783765265,79.35408122029874,76.97183755940252,27.534290487499998,-27.53429049,5.47557614,-33.00986663,LOSS,STOP_LOSS,2026-07-26T11:59:20.497464+00:00,2026-07-26T11:59:20.498901+00:00,5473.84823087
BTCUSDT,SHORT,66793.9,66265.44247391602,0.10358161177933706,67058.12876304198,66265.44247391602,27.369241154349996,54.73848231,13.78250116,40.95598115,WIN,TAKE_PROFIT,2026-07-26T11:59:20.509102+00:00,2026-07-26T11:59:20.509782+00:00,5514.80421202
ETHUSDT,SHORT,2043.07,2055.005907906664,2.310173744278354,2055.005907906664,2019.1981841866716,27.574021060099998,-27.57402106,9.46726736,-37.04128842,LOSS,STOP_LOSS,2026-07-26T11:59:20.520181+00:00,2026-07-26T11:59:20.520811+00:00,5477.7629236
BTCUSDT,SHORT,66602.1,66891.80578320024,0.0945401031192727,66891.80578320024,66022.68843359953,27.388814617999998,-27.38881462,12.62052762,-40.00934224,LOSS,STOP_LOSS,2026-07-26T11:59:20.530980+00:00,2026-07-26T11:59:20.531895+00:00,5437.75358136
ETHUSDT,LONG,2068.28,2058.295860548279,2.7231959287300405,2058.295860548279,2088.2482789034425,27.1887679068,-27.18876791,11.23747458,-38.42624249,LOSS,STOP_LOSS,2026-07-26T11:59:20.541908+00:00,2026-07-26T11:59:20.542324+00:00,5399.32733887
SOLUSDT,LONG,80.01,79.5452659902443,58.09051226644962,79.5452659902443,80.93946801951141,26.99663669435,-26.99663669,9.26864714,-36.26528383,LOSS,STOP_LOSS,2026-07-26T11:59:20.552395+00:00,2026-07-26T11:59:20.553322+00:00,5363.06205504
BTCUSDT,SHORT,66690.4,66968.42471424706,0.09644937626433929,66968.42471424706,66134.35057150587,26.815310275199998,-26.81531028,12.89131028,-39.70662055,LOSS,STOP_LOSS,2026-07-26T11:59:20.563420+00:00,2026-07-26T11:59:20.563988+00:00,5323.35543449
SOLUSDT,LONG,80.42,79.85204322618915,46.864089662771406,79.85204322618915,81.5559135476217,26.61677717245,-26.61677717,7.5110034,-34.12778058,LOSS,STOP_LOSS,2026-07-26T11:59:20.579931+00:00,2026-07-26T11:59:20.580766+00:00,5289.22765391
ETHUSDT,SHORT,2046.55,2055.896246994628,2.829599761781369,2055.896246994628,2027.8575060107435,26.44613826955,-26.44613827,11.60828092,-38.05441919,LOSS,STOP_LOSS,2026-07-26T11:59:20.591194+00:00,2026-07-26T11:59:20.592104+00:00,5251.17323472
SOLUSDT,LONG,80.32,79.95295940166865,71.53395644232805,79.95295940166865,81.05408119666266,26.2558661736,-26.25586617,11.4649589,-37.72082507,LOSS,STOP_LOSS,2026-07-26T11:59:20.602043+00:00,2026-07-26T11:59:20.602692+00:00,5213.45240965
ETHUSDT,SHORT,2051.09,2057.3830135598064,4.142254231699641,2057.3830135598064,2038.503972880388,26.067262048250004,-26.06726205,17.01833973,-43.08560177,LOSS,STOP_LOSS,2026-07-26T11:59:20.612741+00:00,2026-07-26T11:59:20.614281+00:00,5170.36680788
SOLUSDT,SHORT,80.0,80.22230098107008,116.2920375562797,80.22230098107008,79.55539803785983,25.851834039400003,-25.85183404,18.63257784,-44.48441188,LOSS,STOP_LOSS,2026-07-26T11:59:20.624871+00:00,2026-07-26T11:59:20.625254+00:00,5125.882396
SOLUSDT,SHORT,80.09,79.67334188962123,123.02370380694367,80.2983290551894,79.67334188962123,25.629411980000004,51.25882396,19.65467805,31.60414591,WIN,TAKE_PROFIT,2026-07-26T11:59:20.635597+00:00,2026-07-26T11:59:20.635908+00:00,5157.48654191
ETHUSDT,LONG,2055.69,2066.0160158638646,4.994652932849393,2050.526992068068,2066.0160158638646,25.787432709550004,51.57486542,20.58649104,30.98837438,WIN,TAKE_PROFIT,2026-07-26T11:59:20.646495+00:00,2026-07-26T11:59:20.647533+00:00,5188.47491629
SOLUSDT,LONG,81.17,80.75651531262044,62.74083508595759,80.75651531262044,81.99696937475913,25.942374581450004,-25.94237458,10.15940479,-36.10177937,LOSS,STOP_LOSS,2026-07-26T11:59:20.657694+00:00,2026-07-26T11:59:20.657961+00:00,5152.37313692
SOLUSDT,SHORT,80.27,79.79684192783685,108.89327351776596,80.50657903608156,79.79684192783685,25.761865684600004,51.52373137,17.4302024,34.09352897,WIN,TAKE_PROFIT,2026-07-26T11:59:20.668630+00:00,2026-07-26T11:59:20.668988+00:00,5186.46666589
ETHUSDT,SHORT,2040.64,2047.582139834224,3.7354956754985196,2047.582139834224,2026.7557203315519,25.932333329450003,-25.93233333,15.27153612,-41.20386945,LOSS,STOP_LOSS,2026-07-26T11:59:20.679309+00:00,2026-07-26T11:59:20.680044+00:00,5145.26279644
SOLUSDT,SHORT,79.79,79.20302080753854,87.65664716092623,80.08348959623073,79.20302080753854,25.726313982200004,51.45262796,13.93679513,37.51583284,WIN,TAKE_PROFIT,2026-07-26T11:59:20.690259+00:00,2026-07-26T11:59:20.690869+00:00,5182.77862928
SOLUSDT,SHORT,79.16,79.55929931857078,64.89841565258256,79.55929931857078,78.36140136285842,25.913893146400007,-25.91389315,10.30063106,-36.21452421,LOSS,STOP_LOSS,2026-07-26T11:59:20.701263+00:00,2026-07-26T11:59:20.701733+00:00,5146.56410507
SOLUSDT,SHORT,79.41,79.89189740149642,53.39896095194282,79.89189740149642,78.44620519700716,25.732820525350007,-25.73282053,8.5065558,-34.23937632,LOSS,STOP_LOSS,2026-07-26T11:59:20.711983+00:00,2026-07-26T11:59:20.712586+00:00,5112.32472875
SOLUSDT,SHORT,79.64,80.06651185346607,59.93180127591358,80.06651185346607,78.78697629306787,25.561623643750007,-25.56162364,9.57149893,-35.13312257,LOSS,STOP_LOSS,2026-07-26T11:59:20.722921+00:00,2026-07-26T11:59:20.723289+00:00,5077.19160618
BTCUSDT,LONG,67524.4,67316.10303942593,0.12187387641632862,67316.10303942593,67940.99392114811,25.38595803090001,-25.38595803,16.4335348,-41.81949283,LOSS,STOP_LOSS,2026-07-26T11:59:20.733667+00:00,2026-07-26T11:59:20.734161+00:00,5035.37211335
SOLUSDT,SHORT,79.42,79.9069656782314,51.7015093511091,79.9069656782314,78.4460686435372,25.176860566750012,-25.17686057,8.23744461,-33.41430517,LOSS,STOP_LOSS,2026-07-26T11:59:20.744495+00:00,2026-07-26T11:59:20.744782+00:00,5001.95780818
ETHUSDT,LONG,2069.38,2092.794955346064,2.136223509399452,2057.672522326968,2092.794955346064,25.00978904090001,50.01957808,8.89133599,41.12824209,WIN,TAKE_PROFIT,2026-07-26T11:59:20.755281+00:00,2026-07-26T11:59:20.755657+00:00,5043.08605027
BTCUSDT,LONG,69092.4,69754.71276643236,0.07614357303476509,68761.24361678382,69754.71276643236,25.215430251350007,50.4308605,10.57231527,39.85854523,WIN,TAKE_PROFIT,2026-07-26T11:59:20.766084+00:00,2026-07-26T11:59:20.767257+00:00,5082.9445955
BTCUSDT,LONG,69604.0,70241.83570341945,0.07969049973606433,69285.08214829027,70241.83570341945,25.41472297750001,50.82944595,11.14438453,39.68506142,WIN,TAKE_PROFIT,2026-07-26T11:59:20.777498+00:00,2026-07-26T11:59:20.777746+00:00,5122.62965692
BTCUSDT,LONG,69899.9,69532.64056626953,0.06974129438809261,69532.64056626953,70634.4188674609,25.613148284600012,-25.61314828,9.72420586,-35.33735414,LOSS,STOP_LOSS,2026-07-26T11:59:20.788018+00:00,2026-07-26T11:59:20.788651+00:00,5087.29230278
BTCUSDT,LONG,69612.1,69297.87293584025,0.08094930200209739,69297.87293584025,70240.5541283195,25.436461513900014,-25.43646151,11.24466535,-36.68112686,LOSS,STOP_LOSS,2026-07-26T11:59:20.799003+00:00,2026-07-26T11:59:20.799472+00:00,5050.61117592
ETHUSDT,LONG,2145.0,2168.3333319570643,2.1645477744943094,2133.333334021468,2168.3333319570643,25.253055879600012,50.50611176,9.33641606,41.16969569,WIN,TAKE_PROFIT,2026-07-26T11:59:20.809807+00:00,2026-07-26T11:59:20.810309+00:00,5091.78087161
BTCUSDT,LONG,69787.1,69402.77742634456,0.06624358313356547,69402.77742634456,70555.74514731088,25.45890435805001,-25.45890436,9.22043622,-34.67934057,LOSS,STOP_LOSS,2026-07-26T11:59:20.820634+00:00,2026-07-26T11:59:20.821075+00:00,5057.10153104
BTCUSDT,LONG,69710.5,69285.55984904172,0.059503691515567336,69285.55984904172,70560.38030191655,25.285507655200007,-25.28550766,8.27077867,-33.55628632,LOSS,STOP_LOSS,2026-07-26T11:59:20.831572+00:00,2026-07-26T11:59:20.832541+00:00,5023.54524472
SOLUSDT,SHORT,81.15,80.2941500735406,58.6965668794542,81.5779249632297,80.2941500735406,25.117726223600005,50.23545245,9.47621735,40.7592351,WIN,TAKE_PROFIT,2026-07-26T11:59:20.842992+00:00,2026-07-26T11:59:20.843305+00:00,5064.30447982
SOLUSDT,SHORT,80.11,79.14720082871614,52.59980098515141,80.59139958564194,79.14720082871614,25.321522399100008,50.6430448,8.37689707,42.26614773,WIN,TAKE_PROFIT,2026-07-26T11:59:20.853831+00:00,2026-07-26T11:59:20.856193+00:00,5106.57062755
SOLUSDT,SHORT,79.25,79.75961133304915,50.10260071136837,79.75961133304915,78.23077733390168,25.532853137750006,-25.53285314,7.96679507,-33.4996482,LOSS,STOP_LOSS,2026-07-26T11:59:20.866756+00:00,2026-07-26T11:59:20.867977+00:00,5073.07097935
BTCUSDT,LONG,68670.0,69461.49196568642,0.06409504074940779,68274.2540171568,69461.49196568642,25.36535489675001,50.73070979,8.85354361,41.87716619,WIN,TAKE_PROFIT,2026-07-26T11:59:20.878522+00:00,2026-07-26T11:59:20.879144+00:00,5114.94814554
BTCUSDT,LONG,69399.8,70249.67540812373,0.060184682326934566,68974.86229593815,70249.67540812373,25.57474072770001,51.14948146,8.40475931,42.74472214,WIN,TAKE_PROFIT,2026-07-26T11:59:20.889744+00:00,2026-07-26T11:59:20.890257+00:00,5157.69286768
BTCUSDT,LONG,70261.8,71318.85829996875,0.04879288935939028,69733.27085001563,71318.85829996875,25.788464338400008,51.57692868,6.9081294,44.66879928,WIN,TAKE_PROFIT,2026-07-26T11:59:20.900952+00:00,2026-07-26T11:59:20.901289+00:00,5202.36166696
BTCUSDT,LONG,71479.9,72730.80524235834,0.04158877499907112,70854.44737882081,72730.80524235834,26.01180833480001,52.02361667,5.99754657,46.0260701,WIN,TAKE_PROFIT,2026-07-26T11:59:20.911921+00:00,2026-07-26T11:59:20.912262+00:00,5248.38773706
BTCUSDT,LONG,72738.2,71988.41687255469,0.03499937211805841,71988.41687255469,74237.76625489062,26.241938685300006,-26.24193869,5.06534072,-31.3072794,LOSS,STOP_LOSS,2026-07-26T11:59:20.922855+00:00,2026-07-26T11:59:20.923140+00:00,5217.08045766
BTCUSDT,LONG,71989.3,71198.74423880079,0.032996283840535615,71198.74423880079,73570.41152239844,26.085402288300006,-26.08540229,4.72467335,-30.81007564,LOSS,STOP_LOSS,2026-07-26T11:59:20.933785+00:00,2026-07-26T11:59:20.934521+00:00,5186.27038202
BTCUSDT,LONG,71276.7,72398.15253984356,0.04624600861614192,70715.97373007821,72398.15253984356,25.931351910100005,51.86270382,6.64438847,45.21831535,WIN,TAKE_PROFIT,2026-07-26T11:59:20.945430+00:00,2026-07-26T11:59:20.947511+00:00,5231.48869737
ETHUSDT,LONG,2260.68,2246.92440362624,1.9015855638762302,2246.92440362624,2288.1911927475194,26.157443486850006,-26.15744349,8.57159546,-34.72903895,LOSS,STOP_LOSS,2026-07-26T11:59:20.958232+00:00,2026-07-26T11:59:20.958557+00:00,5196.75965842
BTCUSDT,LONG,71560.9,71115.84152383788,0.05838288603368973,71115.84152383788,72451.01695232421,25.983798292100005,-25.98379829,8.32987994,-34.31367823,LOSS,STOP_LOSS,2026-07-26T11:59:20.969219+00:00,2026-07-26T11:59:20.969818+00:00,5162.44598019
BTCUSDT,LONG,71476.4,71116.04159931283,0.07162932750208757,71116.04159931283,72197.11680137434,25.812229900950005,-25.8122299,10.2138007,-36.0260306,LOSS,STOP_LOSS,2026-07-26T11:59:20.980624+00:00,2026-07-26T11:59:20.981022+00:00,5126.41994959
ETHUSDT,SHORT,2192.51,2163.1301931375774,1.7448787099232925,2207.1999034312116,2163.1301931375774,25.632099747950004,51.2641995,7.60006384,43.66413565,WIN,TAKE_PROFIT,2026-07-26T11:59:20.991826+00:00,2026-07-26T11:59:20.992575+00:00,5170.08408524
SOLUSDT,SHORT,81.93,82.43380750695022,51.31011362392209,82.43380750695022,80.92238498609959,25.850420426200007,-25.85042043,8.43352564,-34.28394607,LOSS,STOP_LOSS,2026-07-26T11:59:21.003527+00:00,2026-07-26T11:59:21.004484+00:00,5135.80013917
ETHUSDT,SHORT,2177.83,2186.767170171108,2.873280938396517,2186.767170171108,2159.9556596577845,25.679000695850007,-25.6790007,12.54071385,-38.21971455,LOSS,STOP_LOSS,2026-07-26T11:59:21.015529+00:00,2026-07-26T11:59:21.015874+00:00,5097.58042462
BTCUSDT,LONG,71294.3,71039.27358071141,0.09994220282823935,71039.27358071141,71804.35283857718,25.487902123100007,-25.48790212,14.22513088,-39.713033,LOSS,STOP_LOSS,2026-07-26T11:59:21.026968+00:00,2026-07-26T11:59:21.027708+00:00,5057.86739162
ETHUSDT,SHORT,2179.22,2159.144047029564,2.5193660291335744,2189.257976485218,2159.144047029564,25.28933695810001,50.57867392,10.929927,39.64874691,WIN,TAKE_PROFIT,2026-07-26T11:59:21.038739+00:00,2026-07-26T11:59:21.039415+00:00,5097.51613853
BTCUSDT,SHORT,70765.2,71061.88906166478,0.08590670835532009,71061.88906166478,70171.82187667044,25.48758069265001,-25.48758069,12.18389838,-37.67147907,LOSS,STOP_LOSS,2026-07-26T11:59:21.050366+00:00,2026-07-26T11:59:21.050852+00:00,5059.84465946
BTCUSDT,LONG,71300.5,72027.91772818878,0.06955899565520143,70936.7911359056,72027.91772818878,25.29922329730001,50.59844659,9.96978079,40.62866581,WIN,TAKE_PROFIT,2026-07-26T11:59:21.061703+00:00,2026-07-26T11:59:21.061979+00:00,5100.47332527
BTCUSDT,LONG,72045.3,72947.61528604032,0.05652650912800832,71594.14235697984,72947.61528604032,25.502366626350007,51.00473325,8.19594335,42.8087899,WIN,TAKE_PROFIT,2026-07-26T11:59:21.073125+00:00,2026-07-26T11:59:21.074457+00:00,5143.28211517
BTCUSDT,LONG,72592.1,72115.67943792715,0.05397838091613904,72115.67943792715,73544.94112414573,25.71641057585001,-25.71641058,7.81109164,-33.52750222,LOSS,STOP_LOSS,2026-07-26T11:59:21.085476+00:00,2026-07-26T11:59:21.085766+00:00,5109.75461295
ETHUSDT,SHORT,2185.12,2202.098932240282,1.504733790275474,2202.098932240282,2151.1621355194357,25.54877306475001,-25.54877306,6.60159657,-32.15036964,LOSS,STOP_LOSS,2026-07-26T11:59:21.096874+00:00,2026-07-26T11:59:21.097098+00:00,5077.60424331
BTCUSDT,LONG,72263.3,71801.55344762716,0.05498258966111297,71801.55344762716,73186.79310474571,25.38802121655001,-25.38802122,7.92105872,-33.30907994,LOSS,STOP_LOSS,2026-07-26T11:59:21.108142+00:00,2026-07-26T11:59:21.108688+00:00,5044.29516337
SOLUSDT,SHORT,82.75,83.3553520102076,41.66414811805278,83.3553520102076,81.53929597958482,25.22147581685001,-25.22147582,6.92063799,-32.14211381,LOSS,STOP_LOSS,2026-07-26T11:59:21.119632+00:00,2026-07-26T11:59:21.120072+00:00,5012.15304956
BTCUSDT,LONG,72088.8,71762.45698498707,0.07679271225341526,71762.45698498707,72741.48603002586,25.06076524780001,-25.06076525,11.04672818,-36.10749343,LOSS,STOP_LOSS,2026-07-26T11:59:21.131537+00:00,2026-07-26T11:59:21.132074+00:00,4976.04555613
ETHUSDT,SHORT,2185.26,2196.019915108288,2.3123070702933317,2196.019915108288,2163.7401697834243,24.880227780650007,-24.88022778,10.13086452,-35.01109231,LOSS,STOP_LOSS,2026-07-26T11:59:21.143099+00:00,2026-07-26T11:59:21.143773+00:00,4941.03446382
SOLUSDT,LONG,83.49,83.10404373592218,64.01028981387175,83.10404373592218,84.26191252815562,24.705172319100008,-24.70517232,10.66373302,-35.36890534,LOSS,STOP_LOSS,2026-07-26T11:59:21.154947+00:00,2026-07-26T11:59:21.155308+00:00,4905.66555848
BTCUSDT,LONG,71872.4,72358.61218637183,0.100895569794057,71629.29390681408,72358.61218637183,24.528327792400006,49.05665558,14.55227016,34.50438543,WIN,TAKE_PROFIT,2026-07-26T11:59:21.166323+00:00,2026-07-26T11:59:21.166902+00:00,4940.16994391
BTCUSDT,LONG,72277.6,71983.24724716313,0.0839158101342426,71983.24724716313,72866.30550567374,24.700849719550007,-24.70084972,12.10576587,-36.80661559,LOSS,STOP_LOSS,2026-07-26T11:59:21.177861+00:00,2026-07-26T11:59:21.178276+00:00,4903.36332832
ETHUSDT,LONG,2214.53,2239.544524154268,1.960206517653635,2202.0227379228663,2239.544524154268,24.51681664160001,49.03363328,8.73090591,40.30272737,WIN,TAKE_PROFIT,2026-07-26T11:59:21.189292+00:00,2026-07-26T11:59:21.189653+00:00,4943.66605569
BTCUSDT,LONG,72933.0,72550.15196470435,0.06456433884886231,72550.15196470435,73698.69607059131,24.718330278450008,-24.71833028,9.39302352,-34.1113538,LOSS,STOP_LOSS,2026-07-26T11:59:21.200625+00:00,2026-07-26T11:59:21.201022+00:00,4909.55470189
ETHUSDT,LONG,2231.8,2266.2129400948024,1.4266594741294816,2214.593529952599,2266.2129400948024,24.547773509450007,49.09554702,6.41713278,42.67841424,WIN,TAKE_PROFIT,2026-07-26T11:59:21.212180+00:00,2026-07-26T11:59:21.216313+00:00,4952.23311613
BTCUSDT,LONG,73074.1,73461.4687244598,0.12784287433210204,72880.41563777011,73461.4687244598,24.761165580650008,49.52233116,18.7335283,30.78880286,WIN,TAKE_PROFIT,2026-07-26T11:59:21.227708+00:00,2026-07-26T11:59:21.228223+00:00,4983.02191899
BTCUSDT,LONG,73427.1,73193.62755886045,0.10671541991569286,73193.62755886045,73894.04488227912,24.91510959495001,-24.91510959,15.64669251,-40.5618021,LOSS,STOP_LOSS,2026-07-26T11:59:21.239675+00:00,2026-07-26T11:59:21.240211+00:00,4942.46011689
SOLUSDT,LONG,85.32,84.81837923810447,49.26490779820883,84.81837923810447,86.32324152379103,24.71230058445001,-24.71230058,8.38185157,-33.09415215,LOSS,STOP_LOSS,2026-07-26T11:59:21.251525+00:00,2026-07-26T11:59:21.252110+00:00,4909.36596474
SOLUSDT,SHORT,82.2,81.54493906329017,74.94517974767695,82.52753046835493,81.54493906329017,24.54682982370001,49.09365965,12.27189389,36.82176576,WIN,TAKE_PROFIT,2026-07-26T11:59:21.263443+00:00,2026-07-26T11:59:21.264558+00:00,4946.1877305
ETHUSDT,SHORT,2194.45,2203.404004417358,2.7619975934518504,2203.404004417358,2176.541991165284,24.730938652500008,-24.73093865,12.14686218,-36.87780083,LOSS,STOP_LOSS,2026-07-26T11:59:21.276407+00:00,2026-07-26T11:59:21.276693+00:00,4909.30992967
BTCUSDT,SHORT,70922.9,71207.35858296807,0.0862921743904825,71207.35858296807,70353.98283406386,24.54654964835001,-24.54654965,12.26472906,-36.81127871,LOSS,STOP_LOSS,2026-07-26T11:59:21.287980+00:00,2026-07-26T11:59:21.288718+00:00,4872.49865096
SOLUSDT,SHORT,81.89,82.43353678336025,44.822161076543864,82.43353678336025,80.80292643327948,24.36249325480001,-24.36249325,7.36533603,-31.72782929,LOSS,STOP_LOSS,2026-07-26T11:59:21.300591+00:00,2026-07-26T11:59:21.301541+00:00,4840.77082167
ETHUSDT,SHORT,2191.91,2201.570276261892,2.5055033057211475,2201.570276261892,2172.589447476216,24.20385410835001,-24.20385411,11.00787936,-35.21173346,LOSS,STOP_LOSS,2026-07-26T11:59:21.312794+00:00,2026-07-26T11:59:21.314049+00:00,4805.55908821
BTCUSDT,LONG,71623.0,72273.61768219883,0.0738614891616387,71297.69115890058,72273.61768219883,24.02779544105001,48.05559088,10.62841847,37.42717241,WIN,TAKE_PROFIT,2026-07-26T11:59:21.325447+00:00,2026-07-26T11:59:21.325818+00:00,4842.98626062
BTCUSDT,LONG,72347.2,71944.49987347354,0.06013142213778014,71944.49987347354,73152.60025305292,24.214931303100013,-24.2149313,8.67646512,-32.89139642,LOSS,STOP_LOSS,2026-07-26T11:59:21.337149+00:00,2026-07-26T11:59:21.337429+00:00,4810.0948642
BTCUSDT,LONG,71904.0,72778.514520692,0.05500303025721989,71466.742739654,72778.514520692,24.05047432100001,48.10094864,7.95797672,40.14297192,WIN,TAKE_PROFIT,2026-07-26T11:59:21.348738+00:00,2026-07-26T11:59:21.349665+00:00,4850.23783612
ETHUSDT,LONG,2240.73,2275.1308160783797,1.4099194115247373,2223.52959196081,2275.1308160783797,24.251189180600008,48.50237836,6.36699982,42.13537854,WIN,TAKE_PROFIT,2026-07-26T11:59:21.361052+00:00,2026-07-26T11:59:21.361777+00:00,4892.37321466
BTCUSDT,LONG,73720.5,74610.89468746466,0.05494611865430964,73275.30265626767,74610.89468746466,24.46186607330001,48.92373215,8.15023441,40.77349773,WIN,TAKE_PROFIT,2026-07-26T11:59:21.373200+00:00,2026-07-26T11:59:21.373566+00:00,4933.14671239
BTCUSDT,LONG,74599.9,74075.18703929303,0.047008050894562836,74075.18703929303,75649.32592141394,24.665733561950006,-24.66573356,6.98892606,-31.65465962,LOSS,STOP_LOSS,2026-07-26T11:59:21.384959+00:00,2026-07-26T11:59:21.385594+00:00,4901.49205277
SOLUSDT,LONG,85.88,87.40847481201237,32.06786277568258,85.11576259399381,87.40847481201237,24.507460263850007,49.01492053,5.55699103,43.4579295,WIN,TAKE_PROFIT,2026-07-26T11:59:21.396994+00:00,2026-07-26T11:59:21.399494+00:00,4944.94998227
BTCUSDT,LONG,75325.6,74895.8079917505,0.057527244427020875,74895.8079917505,76185.18401649903,24.72474991135001,-24.72474991,8.64182366,-33.36657357,LOSS,STOP_LOSS,2026-07-26T11:59:21.411093+00:00,2026-07-26T11:59:21.411454+00:00,4911.5834087
BTCUSDT,LONG,75235.8,74746.4395460846,0.05018369761391705,74746.4395460846,76214.52090783083,24.557917043500012,-24.55791704,7.52666336,-32.0845804,LOSS,STOP_LOSS,2026-07-26T11:59:21.422882+00:00,2026-07-26T11:59:21.423284+00:00,4879.4988283
SOLUSDT,SHORT,83.66,84.21691953984052,43.80793345567761,84.21691953984052,82.54616092031895,24.39749414150001,-24.39749414,7.35434092,-31.75183506,LOSS,STOP_LOSS,2026-07-26T11:59:21.434831+00:00,2026-07-26T11:59:21.437315+00:00,4847.74699324
ETHUSDT,LONG,2338.87,2324.6887947725704,1.7092154423741992,2324.6887947725704,2367.232410454859,24.23873496620001,-24.23873497,7.97102671,-32.20976167,LOSS,STOP_LOSS,2026-07-26T11:59:21.448931+00:00,2026-07-26T11:59:21.449432+00:00,4815.53723157
BTCUSDT,SHORT,73803.0,74247.3852200806,0.0541820138695957,74247.3852200806,72914.22955983882,24.077686157850007,-24.07768616,8.02166803,-32.09935418,LOSS,STOP_LOSS,2026-07-26T11:59:21.461109+00:00,2026-07-26T11:59:21.461776+00:00,4783.43787739
ETHUSDT,LONG,2352.9,2335.5994383406373,1.3824516138761707,2335.5994383406373,2387.501123318725,23.917189386950007,-23.91718939,6.48162362,-30.398813,LOSS,STOP_LOSS,2026-07-26T11:59:21.473432+00:00,2026-07-26T11:59:21.475926+00:00,4753.03906439
ETHUSDT,SHORT,2337.84,2348.711541864455,2.1860004420947714,2348.711541864455,2316.0969162710903,23.76519532195001,-23.76519532,10.24480374,-34.00999906,LOSS,STOP_LOSS,2026-07-26T11:59:21.487516+00:00,2026-07-26T11:59:21.488697+00:00,4719.02906533
BTCUSDT,LONG,74933.5,74669.56508123188,0.08939758875702197,74669.56508123188,75461.36983753623,23.59514532665001,-23.59514533,13.37415329,-36.96929862,LOSS,STOP_LOSS,2026-07-26T11:59:21.500442+00:00,2026-07-26T11:59:21.500675+00:00,4682.05976671
SOLUSDT,LONG,85.7,85.21891425606663,48.66138547807782,85.21891425606663,86.66217148786676,23.41029883355001,-23.41029883,8.31715117,-31.72745001,LOSS,STOP_LOSS,2026-07-26T11:59:21.512423+00:00,2026-07-26T11:59:21.512700+00:00,4650.3323167
SOLUSDT,LONG,85.35,86.8601502503505,30.793838663541223,84.59492487482474,86.8601502503505,23.25166158350001,46.50332317,5.30301158,41.20031158,WIN,TAKE_PROFIT,2026-07-26T11:59:21.524749+00:00,2026-07-26T11:59:21.525069+00:00,4691.53262828
SOLUSDT,LONG,86.69,85.82445333454444,27.101557983651652,85.82445333454444,88.4210933309111,23.45766314140001,-23.45766314,4.67541046,-28.1330736,LOSS,STOP_LOSS,2026-07-26T11:59:21.536885+00:00,2026-07-26T11:59:21.537305+00:00,4663.39955468
SOLUSDT,LONG,85.9,87.68242519135252,26.163227367435166,85.00878740432374,87.68242519135252,23.316997773400008,46.63399555,4.54147646,42.09251909,WIN,TAKE_PROFIT,2026-07-26T11:59:21.549162+00:00,2026-07-26T11:59:21.549715+00:00,4705.49207377
SOLUSDT,LONG,87.81,89.68495458922239,25.096565542537014,86.87252270538882,89.68495458922239,23.527460368850008,47.05492074,4.45451376,42.60040698,WIN,TAKE_PROFIT,2026-07-26T11:59:21.561513+00:00,2026-07-26T11:59:21.561938+00:00,4748.09248075
BTCUSDT,LONG,75191.2,74690.53938429267,0.047418274293874074,74690.53938429267,76192.52123141465,23.74046240375001,-23.7404624,7.10713343,-30.84759583,LOSS,STOP_LOSS,2026-07-26T11:59:21.573722+00:00,2026-07-26T11:59:21.574975+00:00,4717.24488492
SOLUSDT,LONG,88.15,87.61505165951182,44.09065818033085,87.61505165951182,89.21989668097639,23.586224424600008,-23.58622442,7.74959681,-31.33582124,LOSS,STOP_LOSS,2026-07-26T11:59:21.587042+00:00,2026-07-26T11:59:21.587309+00:00,4685.90906368
BTCUSDT,SHORT,74587.3,74845.65387067558,0.09068780451066337,74845.65387067558,74070.59225864885,23.42954531840001,-23.42954532,13.55174651,-36.98129183,LOSS,STOP_LOSS,2026-07-26T11:59:21.599244+00:00,2026-07-26T11:59:21.599811+00:00,4648.92777185
BTCUSDT,LONG,74895.1,75348.32546789646,0.10257428368769736,74668.48726605179,75348.32546789646,23.244638859250006,46.48927772,15.41111175,31.07816597,WIN,TAKE_PROFIT,2026-07-26T11:59:21.611658+00:00,2026-07-26T11:59:21.612151+00:00,4680.00593782
SOLUSDT,LONG,88.53,88.0359510528812,47.36378819460003,88.0359510528812,89.5180978942376,23.400029689100005,-23.40002969,8.36283231,-31.762862,LOSS,STOP_LOSS,2026-07-26T11:59:21.624038+00:00,2026-07-26T11:59:21.624606+00:00,4648.24307582
ETHUSDT,LONG,2345.34,2375.543878079587,1.5389557140880832,2330.238060960207,2375.543878079587,23.24121537910001,46.48243076,7.26523122,39.21719954,WIN,TAKE_PROFIT,2026-07-26T11:59:21.636526+00:00,2026-07-26T11:59:21.637017+00:00,4687.46027536
ETHUSDT,LONG,2370.72,2403.577696081167,1.426594324745341,2354.2911519594163,2403.577696081167,23.43730137680001,46.87460275,6.810986,40.06361676,WIN,TAKE_PROFIT,2026-07-26T11:59:21.649459+00:00,2026-07-26T11:59:21.649741+00:00,4727.52389212
BTCUSDT,LONG,76877.4,76377.73695315636,0.04730711948765982,76377.73695315636,77876.72609368726,23.637619460600007,-23.63761946,7.25005908,-30.88767854,LOSS,STOP_LOSS,2026-07-26T11:59:21.661560+00:00,2026-07-26T11:59:21.661853+00:00,4696.63621358
BTCUSDT,LONG,76848.5,78010.76841751607,0.04040922168062855,76267.36579124197,78010.76841751607,23.48318106790001,46.96636214,6.25774251,40.70861963,WIN,TAKE_PROFIT,2026-07-26T11:59:21.673860+00:00,2026-07-26T11:59:21.674563+00:00,4737.34483321
SOLUSDT,LONG,90.25,89.33037087504977,25.756822531400054,89.33037087504977,92.08925824990048,23.68672416605001,-23.68672417,4.62541974,-28.31214391,LOSS,STOP_LOSS,2026-07-26T11:59:21.686778+00:00,2026-07-26T11:59:21.687149+00:00,4709.0326893
ETHUSDT,LONG,2427.23,2402.374381972853,0.947277328641918,2402.374381972853,2476.9412360542947,23.54516344650001,-23.54516345,4.57497474,-28.12013818,LOSS,STOP_LOSS,2026-07-26T11:59:21.699005+00:00,2026-07-26T11:59:21.701007+00:00,4680.91255112
SOLUSDT,SHORT,88.27,87.36304512370485,51.611305848437134,88.72347743814757,87.36304512370485,23.404562755600008,46.80912551,9.06465081,37.7444747,WIN,TAKE_PROFIT,2026-07-26T11:59:21.713170+00:00,2026-07-26T11:59:21.714162+00:00,4718.65702582
BTCUSDT,SHORT,75908.8,76203.40836640501,0.08008355437084201,76203.40836640501,75319.58326719,23.59328512910001,-23.59328513,12.18168631,-35.77497144,LOSS,STOP_LOSS,2026-07-26T11:59:21.726263+00:00,2026-07-26T11:59:21.726754+00:00,4682.88205438
BTCUSDT,SHORT,76041.2,75399.69928848761,0.07299885986626121,76361.9503557562,75399.69928848761,23.41441027190001,46.82882054,11.05501299,35.77380756,WIN,TAKE_PROFIT,2026-07-26T11:59:21.738855+00:00,2026-07-26T11:59:21.739514+00:00,4718.65586194
BTCUSDT,SHORT,75570.0,75159.38312905552,0.1149162685665232,75775.30843547224,75159.38312905552,23.59327930970001,47.18655862,17.32125827,29.86530035,WIN,TAKE_PROFIT,2026-07-26T11:59:21.751729+00:00,2026-07-26T11:59:21.753082+00:00,4748.52116229
BTCUSDT,SHORT,75048.0,75292.31736644606,0.097179362060174,75292.31736644606,74559.36526710787,23.742605811450012,-23.74260581,14.60997613,-38.35258195,LOSS,STOP_LOSS,2026-07-26T11:59:21.765071+00:00,2026-07-26T11:59:21.765618+00:00,4710.16858034
BTCUSDT,LONG,75877.9,75584.11983422404,0.08016484992952415,75584.11983422404,76465.4603315519,23.550842901700012,-23.5508429,12.14193009,-35.69277299,LOSS,STOP_LOSS,2026-07-26T11:59:21.777802+00:00,2026-07-26T11:59:21.778379+00:00,4674.47580735
ETHUSDT,SHORT,2323.57,2295.9779549981745,1.6941389473091726,2337.366022500913,2295.9779549981745,23.37237903675001,46.74475807,7.82615611,38.91860196,WIN,TAKE_PROFIT,2026-07-26T11:59:21.790519+00:00,2026-07-26T11:59:21.791023+00:00,4713.39440931
ETHUSDT,SHORT,2306.17,2275.1914315751706,1.5215016861567474,2321.6592842124146,2275.1914315751706,23.566972046550013,47.13394409,6.97054914,40.16339495,WIN,TAKE_PROFIT,2026-07-26T11:59:21.803375+00:00,2026-07-26T11:59:21.804159+00:00,4753.55780426
SOLUSDT,SHORT,84.65,83.52429351218645,42.22732884388682,85.21285324390678,83.52429351218645,23.767789021300015,47.53557804,7.1015512,40.43402685,WIN,TAKE_PROFIT,2026-07-26T11:59:21.816547+00:00,2026-07-26T11:59:21.816840+00:00,4793.99183111
BTCUSDT,SHORT,74322.1,74611.20725707474,0.0829102645090427,74611.20725707474,73743.88548585054,23.969959155550015,-23.96995916,12.3480999,-36.31805905,LOSS,STOP_LOSS,2026-07-26T11:59:21.829017+00:00,2026-07-26T11:59:21.829534+00:00,4757.67377206
BTCUSDT,LONG,74996.5,75823.63679282418,0.05751979374312876,74582.9316035879,75823.63679282418,23.788368860300015,47.57673772,8.67514316,38.90159456,WIN,TAKE_PROFIT,2026-07-26T11:59:21.841717+00:00,2026-07-26T11:59:21.843369+00:00,4796.57536662
BTCUSDT,LONG,75668.6,76676.48034465991,0.047590722371300555,75164.65982767005,76676.48034465991,23.98287683310002,47.96575367,7.25021242,40.71554124,WIN,TAKE_PROFIT,2026-07-26T11:59:21.855560+00:00,2026-07-26T11:59:21.858162+00:00,4837.29090786
ETHUSDT,LONG,2322.09,2309.6197476630646,1.939532086905915,2309.6197476630646,2347.0305046738713,24.186454539300016,-24.18645454,8.98334967,-33.16980421,LOSS,STOP_LOSS,2026-07-26T11:59:21.870438+00:00,2026-07-26T11:59:21.871319+00:00,4804.12110365
SOLUSDT,LONG,85.77,86.71602217432277,50.78233083795399,85.2969889128386,86.71602217432277,24.02060551825002,48.04121104,8.75924224,39.28196879,WIN,TAKE_PROFIT,2026-07-26T11:59:21.883536+00:00,2026-07-26T11:59:21.883867+00:00,4843.40307244
BTCUSDT,LONG,76425.6,75958.67480749915,0.051864872041906866,75958.67480749915,77359.45038500174,24.21701536220002,-24.21701536,7.90339091,-32.12040628,LOSS,STOP_LOSS,2026-07-26T11:59:21.896155+00:00,2026-07-26T11:59:21.896470+00:00,4811.28266616
ETHUSDT,SHORT,2297.93,2315.8020178422344,1.346037898079471,2315.8020178422344,2262.185964315531,24.05641333080002,-24.05641333,6.21025815,-30.26667148,LOSS,STOP_LOSS,2026-07-26T11:59:21.908756+00:00,2026-07-26T11:59:21.909167+00:00,4781.01599468
SOLUSDT,LONG,86.05,85.37749125758671,35.546125225996114,85.37749125758671,87.39501748482658,23.90507997340002,-23.90507997,6.09358307,-29.99866304,LOSS,STOP_LOSS,2026-07-26T11:59:21.921606+00:00,2026-07-26T11:59:21.922024+00:00,4751.01733164
ETHUSDT,SHORT,2299.65,2317.6543388922955,1.3194089935935147,2317.6543388922955,2263.641322215409,23.75508665820002,-23.75508666,6.09211287,-29.84719953,LOSS,STOP_LOSS,2026-07-26T11:59:21.934694+00:00,2026-07-26T11:59:21.934979+00:00,4721.17013211
BTCUSDT,SHORT,74824.7,75385.2154392501,0.0421145413802189,75385.2154392501,73703.66912149978,23.605850660550022,-23.60585066,6.3260217,-29.93187236,LOSS,STOP_LOSS,2026-07-26T11:59:21.947558+00:00,2026-07-26T11:59:21.947838+00:00,4691.23825975
ETHUSDT,LONG,2326.13,2357.788113080048,1.4818439266699774,2310.300943459976,2357.788113080048,23.456191298750024,46.9123826,6.94083561,39.97154699,WIN,TAKE_PROFIT,2026-07-26T11:59:21.960294+00:00,2026-07-26T11:59:21.960937+00:00,4731.20980674
BTCUSDT,LONG,77195.8,78054.58864405623,0.055091667076471715,76766.4056779719,78054.58864405623,23.656049033700025,47.31209807,8.55300272,38.75909534,WIN,TAKE_PROFIT,2026-07-26T11:59:21.973556+00:00,2026-07-26T11:59:21.974262+00:00,4769.96890208
BTCUSDT,LONG,78226.3,77785.82500031346,0.054145739320896946,77785.82500031346,79107.2499993731,23.849844510400025,-23.84984451,8.44739185,-32.29723636,LOSS,STOP_LOSS,2026-07-26T11:59:21.987144+00:00,2026-07-26T11:59:21.987721+00:00,4737.67166572
BTCUSDT,LONG,77855.1,78598.29809744142,0.06374709087698438,77483.50095127929,78598.29809744142,23.688358328600025,47.37671666,9.97344899,37.40326767,WIN,TAKE_PROFIT,2026-07-26T11:59:22.000246+00:00,2026-07-26T11:59:22.001548+00:00,4775.07493339
BTCUSDT,LONG,78564.8,79208.38107725275,0.07419539048247571,78243.00946137363,79208.38107725275,23.875374666950023,47.75074933,11.70604278,36.04470656,WIN,TAKE_PROFIT,2026-07-26T11:59:22.014206+00:00,2026-07-26T11:59:22.014849+00:00,4811.11963995
ETHUSDT,LONG,2410.86,2394.4340895354317,1.4644910095935932,2394.4340895354317,2443.7118209291375,24.055598199750026,-24.0555982,7.03730999,-31.09290819,LOSS,STOP_LOSS,2026-07-26T11:59:22.027521+00:00,2026-07-26T11:59:22.027842+00:00,4780.02673176
BTCUSDT,LONG,78888.3,78461.95861641744,0.05605867640144665,78461.95861641744,79740.98276716513,23.900133658800023,-23.90013366,8.82084723,-32.72098089,LOSS,STOP_LOSS,2026-07-26T11:59:22.040546+00:00,2026-07-26T11:59:22.041462+00:00,4747.30575087
ETHUSDT,LONG,2405.19,2392.3403591446113,1.8472523101215947,2392.3403591446113,2430.889281710778,23.736528754350026,-23.73652875,8.86224904,-32.59877779,LOSS,STOP_LOSS,2026-07-26T11:59:22.056423+00:00,2026-07-26T11:59:22.056917+00:00,4714.70697308
SOLUSDT,SHORT,86.97,86.09168705302518,53.679124158637684,87.4091564734874,86.09168705302518,23.573534865400024,47.14706973,9.28979979,37.85726994,WIN,TAKE_PROFIT,2026-07-26T11:59:22.069680+00:00,2026-07-26T11:59:22.070046+00:00,4752.56424302
SOLUSDT,SHORT,86.82,85.7286622366538,43.54806002907862,87.36566888167309,85.7286622366538,23.762821215100026,47.52564243,7.5141595,40.01148293,WIN,TAKE_PROFIT,2026-07-26T11:59:22.082795+00:00,2026-07-26T11:59:22.083329+00:00,4792.57572595
BTCUSDT,SHORT,77829.7,78231.22740454772,0.059679310448912434,78231.22740454772,77026.64519090454,23.962878629750026,-23.96287863,9.31360854,-33.27648717,LOSS,STOP_LOSS,2026-07-26T11:59:22.095952+00:00,2026-07-26T11:59:22.096809+00:00,4759.29923878
BTCUSDT,LONG,78156.4,77824.53265206104,0.07170484334083307,77824.53265206104,78820.13469587789,23.796496193900026,-23.79649619,11.18458834,-34.98108453,LOSS,STOP_LOSS,2026-07-26T11:59:22.109487+00:00,2026-07-26T11:59:22.110064+00:00,4724.31815425
BTCUSDT,SHORT,77704.3,77095.86598183907,0.07764717312371709,78008.51700908046,77095.86598183907,23.621590771250027,47.24318154,12.01979529,35.22338625,WIN,TAKE_PROFIT,2026-07-26T11:59:22.122678+00:00,2026-07-26T11:59:22.123180+00:00,4759.5415405
BTCUSDT,LONG,77826.8,77479.45649569346,0.06851346694970167,77479.45649569346,78521.4870086131,23.797707702500023,-23.7977077,10.64057007,-34.43827777,LOSS,STOP_LOSS,2026-07-26T11:59:22.135947+00:00,2026-07-26T11:59:22.136330+00:00,4725.10326273
SOLUSDT,SHORT,85.54,85.92996404143477,60.583832875273316,85.92996404143477,84.76007191713047,23.625516313650024,-23.62551631,10.38830764,-34.01382396,LOSS,STOP_LOSS,2026-07-26T11:59:22.150150+00:00,2026-07-26T11:59:22.150453+00:00,4691.08943877
BTCUSDT,LONG,78132.8,77744.03282547215,0.06033289004488631,77744.03282547215,78910.3343490557,23.455447193850024,-23.45544719,9.40449982,-32.85994701,LOSS,STOP_LOSS,2026-07-26T11:59:22.163860+00:00,2026-07-26T11:59:22.164500+00:00,4658.22949176
ETHUSDT,SHORT,2317.4,2289.443360654479,1.6662337107790817,2331.3783196727604,2289.443360654479,23.291147458800022,46.58229492,7.67607771,38.90621721,WIN,TAKE_PROFIT,2026-07-26T11:59:22.177296+00:00,2026-07-26T11:59:22.177654+00:00,4697.13570897
BTCUSDT,LONG,77982.5,77456.7183182633,0.044668118651975695,77456.7183182633,79034.0633634734,23.485678544850025,-23.48567854,6.94317745,-30.42885599,LOSS,STOP_LOSS,2026-07-26T11:59:22.191272+00:00,2026-07-26T11:59:22.193151+00:00,4666.70685298
SOLUSDT,SHORT,85.29,85.68345863001728,59.30365350958284,85.68345863001728,84.50308273996544,23.333534264900027,-23.33353426,10.13935075,-33.47288501,LOSS,STOP_LOSS,2026-07-26T11:59:22.206616+00:00,2026-07-26T11:59:22.207090+00:00,4633.23396797
SOLUSDT,SHORT,85.58,84.8142578725125,60.506452520409844,85.96287106374375,84.8142578725125,23.166169839850028,46.33233968,10.30995207,36.02238761,WIN,TAKE_PROFIT,2026-07-26T11:59:22.220497+00:00,2026-07-26T11:59:22.221138+00:00,4669.25635558
BTCUSDT,SHORT,77477.8,77779.7712477138,0.07731292947475557,77779.7712477138,76873.85750457243,23.346281777900025,-23.34628178,12.00341766,-35.34969943,LOSS,STOP_LOSS,2026-07-26T11:59:22.234297+00:00,2026-07-26T11:59:22.234978+00:00,4633.90665615
BTCUSDT,LONG,78194.8,77891.4292625889,0.0763736591026354,77891.4292625889,78801.5414748222,23.169533280750024,-23.16953328,11.92087646,-35.09040975,LOSS,STOP_LOSS,2026-07-26T11:59:22.248185+00:00,2026-07-26T11:59:22.248751+00:00,4598.8162464
BTCUSDT,LONG,78050.1,77727.45136634608,0.07126663135559477,77727.45136634608,78695.39726730784,22.994081232000028,-22.99408123,11.10174133,-34.09582256,LOSS,STOP_LOSS,2026-07-26T11:59:22.261765+00:00,2026-07-26T11:59:22.262050+00:00,4564.72042384
SOLUSDT,LONG,86.13,85.65205863778185,47.753979721016165,85.65205863778185,87.08588272443627,22.82360211920003,-22.82360212,8.20327694,-31.02687906,LOSS,STOP_LOSS,2026-07-26T11:59:22.275601+00:00,2026-07-26T11:59:22.275897+00:00,4533.69354478
ETHUSDT,SHORT,2307.3,2319.5611970716864,1.8487972741459664,2319.5611970716864,2282.777605856628,22.668467723900026,-22.66846772,8.55412837,-31.22259609,LOSS,STOP_LOSS,2026-07-26T11:59:22.289002+00:00,2026-07-26T11:59:22.289380+00:00,4502.47094869
BTCUSDT,LONG,77944.4,77565.78996136291,0.05946053312397667,77565.78996136291,78701.62007727414,22.51235474345003,-22.51235474,9.2467188,-31.75907354,LOSS,STOP_LOSS,2026-07-26T11:59:22.302518+00:00,2026-07-26T11:59:22.302949+00:00,4470.71187515
SOLUSDT,LONG,86.25,85.74532367245178,44.29286288173343,85.74532367245178,87.25935265509644,22.353559375750027,-22.35355938,7.61816529,-29.97172466,LOSS,STOP_LOSS,2026-07-26T11:59:22.316044+00:00,2026-07-26T11:59:22.320071+00:00,4440.74015049
ETHUSDT,SHORT,2307.16,2313.582766802137,3.457030503592547,2313.582766802137,2294.3144663957255,22.203700752450025,-22.20370075,15.97404869,-38.17774945,LOSS,STOP_LOSS,2026-07-26T11:59:22.334037+00:00,2026-07-26T11:59:22.335076+00:00,4402.56240104
SOLUSDT,LONG,86.34,86.12290410581939,101.3967218877304,86.12290410581939,86.77419178836124,22.012812005200026,-22.01281201,17.48717312,-39.49998513,LOSS,STOP_LOSS,2026-07-26T11:59:22.354747+00:00,2026-07-26T11:59:22.354996+00:00,4363.06241591
SOLUSDT,LONG,86.52,86.19380760652464,66.87866583007376,86.19380760652464,87.1723847869507,21.815312079550026,-21.81531208,11.55086902,-33.3661811,LOSS,STOP_LOSS,2026-07-26T11:59:22.368563+00:00,2026-07-26T11:59:22.369892+00:00,4329.69623481
SOLUSDT,LONG,86.42,86.91664187861845,87.17944299933542,86.17167906069078,86.91664187861845,21.648481174050026,43.29696235,15.11139189,28.18557046,WIN,TAKE_PROFIT,2026-07-26T11:59:22.383500+00:00,2026-07-26T11:59:22.384022+00:00,4357.88180527
BTCUSDT,LONG,78159.0,77923.12146961325,0.09237555020638694,77923.12146961325,78630.7570607735,21.789409026350025,-21.78940903,14.41817185,-36.20758087,LOSS,STOP_LOSS,2026-07-26T11:59:22.397682+00:00,2026-07-26T11:59:22.398186+00:00,4321.6742244
BTCUSDT,LONG,78369.7,78029.45614200221,0.06350848256058925,78029.45614200221,79050.18771599558,21.608371122000026,-21.60837112,9.93267308,-31.5410442,LOSS,STOP_LOSS,2026-07-26T11:59:22.411749+00:00,2026-07-26T11:59:22.412148+00:00,4290.1331802
BTCUSDT,LONG,78241.3,79023.82894024864,0.05482395550555406,77850.03552987568,79023.82894024864,21.450665901000026,42.9013318,8.62189643,34.27943537,WIN,TAKE_PROFIT,2026-07-26T11:59:22.425909+00:00,2026-07-26T11:59:22.426697+00:00,4324.41261557
SOLUSDT,LONG,87.31,86.78562917128913,41.2342981225831,86.78562917128913,88.35874165742175,21.622063077850026,-21.62206308,7.17871108,-28.80077415,LOSS,STOP_LOSS,2026-07-26T11:59:22.440207+00:00,2026-07-26T11:59:22.441153+00:00,4295.61184142
SOLUSDT,SHORT,85.27,85.7451191550247,45.205626798993734,85.7451191550247,84.31976168995058,21.478059207100028,-21.47805921,7.73084565,-29.20890486,LOSS,STOP_LOSS,2026-07-26T11:59:22.454769+00:00,2026-07-26T11:59:22.455892+00:00,4266.40293656
BTCUSDT,SHORT,77776.0,77140.6759264046,0.06715317605416316,78093.6620367977,77140.6759264046,21.332014682800025,42.66402937,10.40314681,32.26088255,WIN,TAKE_PROFIT,2026-07-26T11:59:22.469902+00:00,2026-07-26T11:59:22.470206+00:00,4298.66381911
SOLUSDT,SHORT,84.28,84.75904637720365,44.866885793007704,84.75904637720365,83.32190724559271,21.493319095550028,-21.4933191,7.58425559,-29.07757468,LOSS,STOP_LOSS,2026-07-26T11:59:22.483943+00:00,2026-07-26T11:59:22.485290+00:00,4269.58624443
SOLUSDT,SHORT,84.43,83.7897468901901,66.6859118528561,84.75012655490495,83.7897468901901,21.347931222150027,42.69586244,11.21788721,31.47797523,WIN,TAKE_PROFIT,2026-07-26T11:59:22.498867+00:00,2026-07-26T11:59:22.499671+00:00,4301.06421966
ETHUSDT,SHORT,2284.85,2294.6363057449494,2.197491235076017,2294.6363057449494,2265.2773885101014,21.50532109830003,-21.5053211,10.06338102,-31.56870212,LOSS,STOP_LOSS,2026-07-26T11:59:22.513305+00:00,2026-07-26T11:59:22.513770+00:00,4269.49551754
ETHUSDT,SHORT,2286.88,2266.783313671538,2.1244773629637,2296.928343164231,2266.783313671538,21.347477587700027,42.69495518,9.67415463,33.02080055,WIN,TAKE_PROFIT,2026-07-26T11:59:22.527902+00:00,2026-07-26T11:59:22.528447+00:00,4302.51631809
ETHUSDT,SHORT,2270.58,2281.2748693022077,2.0114861605657635,2281.2748693022077,2249.190261395585,21.512581590450026,-21.51258159,9.15599307,-30.66857466,LOSS,STOP_LOSS,2026-07-26T11:59:22.542062+00:00,2026-07-26T11:59:22.542549+00:00,4271.84774343
ETHUSDT,SHORT,2281.42,2259.6406152571662,1.9614180078413948,2292.309692371417,2259.6406152571662,21.359238717150028,42.71847743,8.90691807,33.81155937,WIN,TAKE_PROFIT,2026-07-26T11:59:22.557035+00:00,2026-07-26T11:59:22.558204+00:00,4305.6593028
ETHUSDT,SHORT,2266.52,2276.977033355016,2.0587384378642484,2276.977033355016,2245.605933289968,21.52829651400003,-21.52829651,9.35387198,-30.8821685,LOSS,STOP_LOSS,2026-07-26T11:59:22.571988+00:00,2026-07-26T11:59:22.572287+00:00,4274.7771343
ETHUSDT,SHORT,2275.77,2287.2927481479473,1.8549295182944114,2287.2927481479473,2252.7245037041052,21.37388567150003,-21.37388567,8.46415979,-29.83804546,LOSS,STOP_LOSS,2026-07-26T11:59:22.586178+00:00,2026-07-26T11:59:22.587139+00:00,4244.93908884
ETHUSDT,LONG,2295.91,2284.1073637790987,1.7983012478698097,2284.1073637790987,2319.515272441802,21.22469544420003,-21.22469544,8.23625094,-29.46094638,LOSS,STOP_LOSS,2026-07-26T11:59:22.601014+00:00,2026-07-26T11:59:22.602008+00:00,4215.47814246
BTCUSDT,SHORT,76240.8,76436.5084577787,0.10769790407388884,76436.5084577787,75849.38308444258,21.07739071230003,-21.07739071,16.44302612,-37.52041683,LOSS,STOP_LOSS,2026-07-26T11:59:22.616025+00:00,2026-07-26T11:59:22.616662+00:00,4177.95772563
ETHUSDT,LONG,2291.61,2284.150589480463,2.800461051638989,2284.150589480463,2306.5288210390745,20.889788628150033,-20.88978863,12.81423931,-33.70402794,LOSS,STOP_LOSS,2026-07-26T11:59:22.630552+00:00,2026-07-26T11:59:22.630896+00:00,4144.25369769
ETHUSDT,SHORT,2283.38,2291.4648097681415,2.5629877613326855,2291.4648097681415,2267.210380463717,20.721268488450033,-20.72126849,11.72527126,-32.44653975,LOSS,STOP_LOSS,2026-07-26T11:59:22.644925+00:00,2026-07-26T11:59:22.645313+00:00,4111.80715794
BTCUSDT,LONG,76534.9,76994.61511415732,0.08944250539765401,76305.04244292133,76994.61511415732,20.559035789700033,41.11807158,13.73206448,27.3860071,WIN,TAKE_PROFIT,2026-07-26T11:59:22.659129+00:00,2026-07-26T11:59:22.659914+00:00,4139.19316504
BTCUSDT,LONG,76978.5,77432.35704760197,0.09120037216366075,76751.57147619901,77432.35704760197,20.695965825200034,41.39193165,14.08232763,27.30960402,WIN,TAKE_PROFIT,2026-07-26T11:59:22.674017+00:00,2026-07-26T11:59:22.674911+00:00,4166.50276906
BTCUSDT,LONG,77552.5,77295.72361813512,0.0811309579720689,77295.72361813512,78066.05276372978,20.83251384530003,-20.83251385,12.56298472,-33.39549857,LOSS,STOP_LOSS,2026-07-26T11:59:22.688900+00:00,2026-07-26T11:59:22.689237+00:00,4133.10727049
SOLUSDT,SHORT,84.19,83.35629645291483,49.575263112893964,84.60685177354259,83.35629645291483,20.66553635245003,41.3310727,8.30615173,33.02492097,WIN,TAKE_PROFIT,2026-07-26T11:59:22.703611+00:00,2026-07-26T11:59:22.704218+00:00,4166.13219146
BTCUSDT,SHORT,76226.6,75458.57150864079,0.054244500540429244,76610.61424567961,75458.57150864079,20.83066095730003,41.66132191,8.22808637,33.43323555,WIN,TAKE_PROFIT,2026-07-26T11:59:22.718428+00:00,2026-07-26T11:59:22.719211+00:00,4199.56542701
BTCUSDT,SHORT,75146.9,75653.5312135298,0.04144597998365273,75653.5312135298,74133.63757294038,20.99782713505003,-20.99782714,6.25007165,-27.24789879,LOSS,STOP_LOSS,2026-07-26T11:59:22.733436+00:00,2026-07-26T11:59:22.733981+00:00,4172.31752822
BTCUSDT,SHORT,75484.4,75925.69155666538,0.0472739333576661,75925.69155666538,74601.81688666923,20.861587641100027,-20.86158764,7.15775058,-28.01933822,LOSS,STOP_LOSS,2026-07-26T11:59:22.748456+00:00,2026-07-26T11:59:22.748978+00:00,4144.29819
ETHUSDT,SHORT,2251.52,2267.557125770788,1.2920950578154442,2267.557125770788,2219.4457484584236,20.721490950000028,-20.72149095,5.83907722,-26.56056817,LOSS,STOP_LOSS,2026-07-26T11:59:22.763721+00:00,2026-07-26T11:59:22.764313+00:00,4117.73762183
BTCUSDT,SHORT,75575.5,75939.71157321679,0.05652947249124174,75939.71157321679,74847.07685356644,20.58868810915003,-20.58868811,8.56507498,-29.15376309,LOSS,STOP_LOSS,2026-07-26T11:59:22.779766+00:00,2026-07-26T11:59:22.780222+00:00,4088.58385874
ETHUSDT,SHORT,2252.98,2267.509855713,1.4069595526272085,2267.509855713,2223.9202885740006,20.44291929370003,-20.44291929,6.36014639,-26.80306568,LOSS,STOP_LOSS,2026-07-26T11:59:22.794514+00:00,2026-07-26T11:59:22.795913+00:00,4061.78079306
SOLUSDT,SHORT,82.97,83.32271320223195,57.579086455472854,83.32271320223195,82.2645735955361,20.30890396530003,-20.30890397,9.57498251,-29.88388648,LOSS,STOP_LOSS,2026-07-26T11:59:22.810119+00:00,2026-07-26T11:59:22.810678+00:00,4031.89690658
BTCUSDT,LONG,76117.4,75876.10200150814,0.08354600808502473,75876.10200150814,76599.9959969837,20.159484532900027,-20.15948453,12.69845035,-32.85793488,LOSS,STOP_LOSS,2026-07-26T11:59:22.825001+00:00,2026-07-26T11:59:22.825415+00:00,3999.0389717
SOLUSDT,SHORT,82.9,83.25049946888521,57.047717995399196,83.25049946888521,82.19900106222961,19.995194858500028,-19.99519486,9.47850684,-29.4737017,LOSS,STOP_LOSS,2026-07-26T11:59:22.839845+00:00,2026-07-26T11:59:22.840276+00:00,3969.56527
BTCUSDT,LONG,76298.8,76808.67611766687,0.07785352426711523,76043.86194116657,76808.67611766687,19.847826350000027,39.6956527,11.91995661,27.77569609,WIN,TAKE_PROFIT,2026-07-26T11:59:22.854555+00:00,2026-07-26T11:59:22.857223+00:00,3997.34096609
SOLUSDT,LONG,83.86,84.58063788908967,55.46948095026658,83.49968105545516,84.58063788908967,19.986704830450027,39.97340966,9.34331475,30.63009491,WIN,TAKE_PROFIT,2026-07-26T11:59:22.871920+00:00,2026-07-26T11:59:22.873804+00:00,4027.971061
SOLUSDT,LONG,84.56,84.16596257425152,51.111528979116855,84.16596257425152,85.34807485149696,20.13985530500003,-20.1398553,8.62384193,-28.76369723,LOSS,STOP_LOSS,2026-07-26T11:59:22.888013+00:00,2026-07-26T11:59:22.888414+00:00,3999.20736377
BTCUSDT,LONG,78312.9,77891.9570439008,0.0475029609811019,77891.9570439008,79154.7859121984,19.996036818850026,-19.99603682,7.42019323,-27.41623005,LOSS,STOP_LOSS,2026-07-26T11:59:22.902882+00:00,2026-07-26T11:59:22.904093+00:00,3971.79113372
SOLUSDT,SHORT,83.46,83.8267912943743,54.142385528742224,83.8267912943743,82.72641741125139,19.858955668600025,-19.85895567,9.05730595,-28.91626162,LOSS,STOP_LOSS,2026-07-26T11:59:22.918582+00:00,2026-07-26T11:59:22.919358+00:00,3942.8748721
BTCUSDT,LONG,78300.0,78021.43321244032,0.07077072802972317,78021.43321244032,78857.13357511937,19.714374360500027,-19.71437436,11.06298164,-30.777356,LOSS,STOP_LOSS,2026-07-26T11:59:22.933859+00:00,2026-07-26T11:59:22.934286+00:00,3912.0975161
SOLUSDT,SHORT,83.54,83.86264927293907,60.624613848718404,83.86264927293907,82.8947014541219,19.560487580500027,-19.56048758,10.14872097,-29.70920855,LOSS,STOP_LOSS,2026-07-26T11:59:22.948722+00:00,2026-07-26T11:59:22.949262+00:00,3882.38830755
BTCUSDT,LONG,78335.0,78107.31614860409,0.08525831506598974,78107.31614860409,78790.3677027918,19.411941537750025,-19.41194154,13.33800828,-32.74994982,LOSS,STOP_LOSS,2026-07-26T11:59:22.964228+00:00,2026-07-26T11:59:22.965077+00:00,3849.63835773
SOLUSDT,SHORT,83.58,83.83631816281344,75.09491944454741,83.83631816281344,83.06736367437311,19.248191788650026,-19.24819179,12.57211493,-31.82030671,LOSS,STOP_LOSS,2026-07-26T11:59:22.979617+00:00,2026-07-26T11:59:22.980700+00:00,3817.81805102
BTCUSDT,LONG,78697.7,78499.35792875393,0.09624327372994977,78499.35792875393,79094.38414249213,19.08909025510003,-19.08909026,15.12915948,-34.21824973,LOSS,STOP_LOSS,2026-07-26T11:59:22.996446+00:00,2026-07-26T11:59:22.996819+00:00,3783.59980129
BTCUSDT,LONG,78595.4,78392.86089843672,0.0934041815157367,78392.86089843672,79000.47820312653,18.917999006450028,-18.91799901,14.66336002,-33.58135902,LOSS,STOP_LOSS,2026-07-26T11:59:23.011392+00:00,2026-07-26T11:59:23.011743+00:00,3750.01844227
SOLUSDT,SHORT,83.7,84.00262280499201,61.958622754306894,84.00262280499201,83.09475439001599,18.750092211350026,-18.75009221,10.39062354,-29.14071575,LOSS,STOP_LOSS,2026-07-26T11:59:23.026377+00:00,2026-07-26T11:59:23.028034+00:00,3720.87772652
ETHUSDT,LONG,2320.75,2334.523748218791,2.7014271405395602,2313.8631258906044,2334.523748218791,18.604388632600028,37.20877727,12.57588285,24.63289442,WIN,TAKE_PROFIT,2026-07-26T11:59:23.043038+00:00,2026-07-26T11:59:23.044636+00:00,3745.51062094
ETHUSDT,LONG,2334.6,2327.7050713290446,2.7161344226213386,2327.7050713290446,2348.38985734191,18.72755310470003,-18.7275531,12.66344729,-31.3910004,LOSS,STOP_LOSS,2026-07-26T11:59:23.059399+00:00,2026-07-26T11:59:23.059747+00:00,3714.11962054
BTCUSDT,LONG,78889.0,78679.26784737856,0.08854435464752054,78679.26784737856,79308.46430524286,18.57059810270003,-18.5705981,13.95178059,-32.52237869,LOSS,STOP_LOSS,2026-07-26T11:59:23.074550+00:00,2026-07-26T11:59:23.074986+00:00,3681.59724185
BTCUSDT,LONG,78794.5,79259.66246413061,0.07914648162187687,78561.9187679347,79259.66246413061,18.407986209250026,36.81597242,12.50943086,24.30654155,WIN,TAKE_PROFIT,2026-07-26T11:59:23.089397+00:00,2026-07-26T11:59:23.089719+00:00,3705.9037834
BTCUSDT,LONG,79230.8,78953.9209987965,0.06692280323339327,78953.9209987965,79784.558002407,18.52951891700003,-18.52951892,10.58616496,-29.11568387,LOSS,STOP_LOSS,2026-07-26T11:59:23.104556+00:00,2026-07-26T11:59:23.104882+00:00,3676.78809953
BTCUSDT,LONG,79049.7,78738.89807031104,0.05915002045208672,78738.89807031104,79671.30385937792,18.383940497650027,-18.3839405,9.3331988,-27.7171393,LOSS,STOP_LOSS,2026-07-26T11:59:23.119627+00:00,2026-07-26T11:59:23.120142+00:00,3649.07096023
SOLUSDT,SHORT,83.87,84.28416895081104,44.052927592523474,84.28416895081104,83.04166209837793,18.24535480115003,-18.2453548,7.40768343,-25.65303823,LOSS,STOP_LOSS,2026-07-26T11:59:23.135077+00:00,2026-07-26T11:59:23.135675+00:00,3623.417922
BTCUSDT,LONG,78749.9,79453.87782665434,0.05147062570450999,78397.91108667283,79453.87782665434,18.11708961000003,36.23417922,8.14284743,28.09133179,WIN,TAKE_PROFIT,2026-07-26T11:59:23.151113+00:00,2026-07-26T11:59:23.151459+00:00,3651.50925379
ETHUSDT,LONG,2350.48,2384.4613690717997,1.0745621361148407,2333.4893154641,2384.4613690717997,18.257546268950026,36.51509254,5.08798871,31.42710383,WIN,TAKE_PROFIT,2026-07-26T11:59:23.166376+00:00,2026-07-26T11:59:23.166888+00:00,3682.93635762
BTCUSDT,LONG,80136.6,79609.9511225866,0.03496576671451841,79609.9511225866,81189.89775482682,18.414681788100026,-18.41468179,5.58566064,-24.00034243,LOSS,STOP_LOSS,2026-07-26T11:59:23.183426+00:00,2026-07-26T11:59:23.184231+00:00,3658.93601519
BTCUSDT,LONG,79824.7,79414.58387686494,0.044608536567887234,79414.58387686494,80644.9322462701,18.294680075950026,-18.29468008,7.10343142,-25.39811149,LOSS,STOP_LOSS,2026-07-26T11:59:23.198908+00:00,2026-07-26T11:59:23.199719+00:00,3633.5379037
SOLUSDT,SHORT,84.0,84.58661275210514,30.970498771639157,84.58661275210514,82.82677449578972,18.16768951850003,-18.16768952,5.22121148,-23.388901,LOSS,STOP_LOSS,2026-07-26T11:59:23.214214+00:00,2026-07-26T11:59:23.215086+00:00,3610.1490027
ETHUSDT,LONG,2351.6,2336.037236826185,1.1598676155318839,2336.037236826185,2382.7255263476295,18.05074501350003,-18.05074501,5.43703862,-23.48778364,LOSS,STOP_LOSS,2026-07-26T11:59:23.229918+00:00,2026-07-26T11:59:23.230397+00:00,3586.66121906
BTCUSDT,LONG,79976.7,81247.12694941665,0.02823193589137033,79341.48652529168,81247.12694941665,17.93330609530003,35.86661219,4.55166075,31.31495144,WIN,TAKE_PROFIT,2026-07-26T11:59:23.246263+00:00,2026-07-26T11:59:23.249014+00:00,3617.9761705
BTCUSDT,LONG,80988.1,80653.95374959696,0.054137614384958045,80653.95374959696,81656.3925008061,18.08988085250003,-18.08988085,8.75091517,-26.84079603,LOSS,STOP_LOSS,2026-07-26T11:59:23.264025+00:00,2026-07-26T11:59:23.264854+00:00,3591.13537447
SOLUSDT,LONG,84.74,85.34145180140169,59.7077831690054,84.43927409929915,85.34145180140169,17.95567687235003,35.91135374,10.15518645,25.7561673,WIN,TAKE_PROFIT,2026-07-26T11:59:23.280407+00:00,2026-07-26T11:59:23.281182+00:00,3616.89154177
BTCUSDT,LONG,81579.9,81316.3822080266,0.06862708424133916,81316.3822080266,82106.93558394679,18.084457708850028,-18.08445771,11.17909688,-29.26355459,LOSS,STOP_LOSS,2026-07-26T11:59:23.295812+00:00,2026-07-26T11:59:23.296146+00:00,3587.62798718
BTCUSDT,LONG,81362.9,81069.58516916579,0.06115660733854765,81069.58516916579,81949.5296616684,17.93813993590003,-17.93813994,9.93381971,-27.87195965,LOSS,STOP_LOSS,2026-07-26T11:59:23.310508+00:00,2026-07-26T11:59:23.310849+00:00,3559.75602753
SOLUSDT,LONG,85.34,86.19643831094729,41.564651908117916,84.91178084452636,86.19643831094729,17.79878013765003,35.59756028,7.12985235,28.46770793,WIN,TAKE_PROFIT,2026-07-26T11:59:23.326521+00:00,2026-07-26T11:59:23.327671+00:00,3588.22373546
BTCUSDT,LONG,81490.0,81177.32039614531,0.05737860242920795,81177.32039614531,82115.35920770936,17.94111867730003,-17.94111868,9.33362351,-27.27474218,LOSS,STOP_LOSS,2026-07-26T11:59:23.343924+00:00,2026-07-26T11:59:23.344743+00:00,3560.94899328
SOLUSDT,LONG,86.35,87.35252378894542,35.519845339788375,85.84873810552729,87.35252378894542,17.80474496640003,35.60948993,6.16988678,29.43960315,WIN,TAKE_PROFIT,2026-07-26T11:59:23.360051+00:00,2026-07-26T11:59:23.361101+00:00,3590.38859643
BTCUSDT,LONG,81576.7,81225.98545347199,0.05118676473465361,81225.98545347199,82278.12909305602,17.95194298215003,-17.95194298,8.33334276,-26.28528574,LOSS,STOP_LOSS,2026-07-26T11:59:23.377062+00:00,2026-07-26T11:59:23.377588+00:00,3564.10331069
ETHUSDT,SHORT,2364.56,2375.781973203742,1.5880020589879649,2375.781973203742,2342.116053592516,17.82051655345003,-17.82051655,7.52767281,-25.34818937,LOSS,STOP_LOSS,2026-07-26T11:59:23.392661+00:00,2026-07-26T11:59:23.393531+00:00,3538.75512132
BTCUSDT,LONG,81507.4,82058.80944144244,0.06417654206396768,81231.69527927878,82058.80944144244,17.69377560660003,35.38755121,10.49711372,24.89043749,WIN,TAKE_PROFIT,2026-07-26T11:59:23.408722+00:00,2026-07-26T11:59:23.409309+00:00,3563.64555881
BTCUSDT,LONG,81996.7,82632.54594966379,0.05604573813349424,81678.77702516809,82632.54594966379,17.81822779405003,35.63645559,9.22676761,26.40968798,WIN,TAKE_PROFIT,2026-07-26T11:59:23.424989+00:00,2026-07-26T11:59:23.425759+00:00,3590.05524679
BTCUSDT,LONG,82643.0,82290.86162593291,0.05097506422441216,82290.86162593291,83347.27674813419,17.95027623395003,-17.95027623,8.40751419,-26.35779042,LOSS,STOP_LOSS,2026-07-26T11:59:23.442516+00:00,2026-07-26T11:59:23.443006+00:00,3563.69745637
BTCUSDT,LONG,82150.0,81791.18614875167,0.04965941872048414,81791.18614875167,82867.62770249665,17.81848728185003,-17.81848728,8.14122401,-25.95971129,LOSS,STOP_LOSS,2026-07-26T11:59:23.459228+00:00,2026-07-26T11:59:23.459786+00:00,3537.73774508
SOLUSDT,LONG,88.71,87.95479779199893,23.422453666045165,87.95479779199893,90.22040441600213,17.68868872540003,-17.68868873,4.13792304,-21.82661177,LOSS,STOP_LOSS,2026-07-26T11:59:23.475127+00:00,2026-07-26T11:59:23.476937+00:00,3515.91113331
SOLUSDT,SHORT,88.29,88.80478227157933,34.149497053612755,88.80478227157933,87.26043545684136,17.57955566655003,-17.57955567,6.04769775,-23.62725341,LOSS,STOP_LOSS,2026-07-26T11:59:23.491695+00:00,2026-07-26T11:59:23.492519+00:00,3492.2838799
SOLUSDT,LONG,88.53,89.58135990842946,33.21682567406277,88.00432004578526,89.58135990842946,17.46141939950003,34.9228388,5.91629399,29.00654481,WIN,TAKE_PROFIT,2026-07-26T11:59:23.507553+00:00,2026-07-26T11:59:23.508157+00:00,3521.29042471
SOLUSDT,LONG,90.14,89.55643947250488,30.170738584948598,89.55643947250488,91.30712105499025,17.606452123550028,-17.60645212,5.4215743,-23.02802642,LOSS,STOP_LOSS,2026-07-26T11:59:23.525705+00:00,2026-07-26T11:59:23.526165+00:00,3498.26239829
SOLUSDT,LONG,89.56,88.95814446517628,29.062309772681573,88.95814446517628,90.76371106964746,17.49131199145003,-17.49131199,5.18814961,-22.67946161,LOSS,STOP_LOSS,2026-07-26T11:59:23.544587+00:00,2026-07-26T11:59:23.545154+00:00,3475.58293668
ETHUSDT,SHORT,2317.29,2328.0858276362146,1.6096880451393702,2328.0858276362146,2295.6983447275707,17.37791468340003,-17.37791468,7.47760593,-24.85552062,LOSS,STOP_LOSS,2026-07-26T11:59:23.560533+00:00,2026-07-26T11:59:23.560857+00:00,3450.72741606
SOLUSDT,LONG,89.41,88.81873525312136,29.180899371024903,88.81873525312136,90.59252949375727,17.25363708030003,-17.25363708,5.20087479,-22.45451187,LOSS,STOP_LOSS,2026-07-26T11:59:23.576569+00:00,2026-07-26T11:59:23.577280+00:00,3428.27290419
BTCUSDT,SHORT,80457.5,79775.01362217695,0.05023210741766407,80798.74318891153,79775.01362217695,17.14136452095003,34.28272904,8.04881684,26.23391221,WIN,TAKE_PROFIT,2026-07-26T11:59:23.592489+00:00,2026-07-26T11:59:23.592998+00:00,3454.5068164
SOLUSDT,SHORT,88.03,88.72071078638645,25.006897854257772,88.72071078638645,86.6485784272271,17.272534082000032,-17.27253408,4.41998697,-21.69252105,LOSS,STOP_LOSS,2026-07-26T11:59:23.608269+00:00,2026-07-26T11:59:23.608801+00:00,3432.81429535
SOLUSDT,LONG,88.81,88.1497555017275,25.996538436380586,88.1497555017275,90.13048899654501,17.16407147675003,-17.16407148,4.60034109,-21.76441256,LOSS,STOP_LOSS,2026-07-26T11:59:23.624696+00:00,2026-07-26T11:59:23.625361+00:00,3411.04988279
ETHUSDT,SHORT,2288.99,2264.9496580754517,1.4188857602341018,2301.0101709622736,2264.9496580754517,17.055249413950033,34.11049883,6.46152013,27.64897869,WIN,TAKE_PROFIT,2026-07-26T11:59:23.641887+00:00,2026-07-26T11:59:23.643272+00:00,3438.69886148
ETHUSDT,SHORT,2271.7,2282.44749283929,1.599767923970542,2282.44749283929,2250.2050143214187,17.193494307400034,-17.19349431,7.28557908,-24.47907339,LOSS,STOP_LOSS,2026-07-26T11:59:23.658753+00:00,2026-07-26T11:59:23.659244+00:00,3414.21978809
ETHUSDT,SHORT,2281.49,2290.8484088173427,1.8241454582336694,2290.8484088173427,2262.773182365314,17.07109894045003,-17.07109894,8.34061034,-25.41170928,LOSS,STOP_LOSS,2026-07-26T11:59:23.674790+00:00,2026-07-26T11:59:23.675846+00:00,3388.80807881
SOLUSDT,LONG,88.53,88.12442744591742,41.77807453558629,88.12442744591742,89.34114510816515,16.94404039405003,-16.94404039,7.38028184,-24.32432223,LOSS,STOP_LOSS,2026-07-26T11:59:23.691950+00:00,2026-07-26T11:59:23.692824+00:00,3364.48375658
ETHUSDT,SHORT,2275.01,2285.236398771871,1.6449992962500877,2285.236398771871,2254.557202456259,16.822418782900034,-16.82241878,7.50160212,-24.3240209,LOSS,STOP_LOSS,2026-07-26T11:59:23.708239+00:00,2026-07-26T11:59:23.708697+00:00,3340.15973568
SOLUSDT,LONG,88.99,88.4982762158943,33.96378051709224,88.4982762158943,89.9734475682114,16.700798678400034,-16.70079868,6.02817286,-22.72897154,LOSS,STOP_LOSS,2026-07-26T11:59:23.724044+00:00,2026-07-26T11:59:23.724603+00:00,3317.43076414
ETHUSDT,SHORT,2276.84,2289.0325965542206,1.3604283342713037,2289.0325965542206,2252.4548068915597,16.58715382070003,-16.58715382,6.21154245,-22.79869627,LOSS,STOP_LOSS,2026-07-26T11:59:23.741407+00:00,2026-07-26T11:59:23.741703+00:00,3294.63206787
SOLUSDT,LONG,89.55,90.76618034541184,27.08999598866499,88.94190982729407,90.76618034541184,16.47316033935003,32.94632068,4.8847646,28.06155608,WIN,TAKE_PROFIT,2026-07-26T11:59:23.757458+00:00,2026-07-26T11:59:23.757988+00:00,3322.69362395
SOLUSDT,LONG,91.47,92.92793586568511,22.790396355251307,90.74103206715745,92.92793586568511,16.61346811975003,33.22693624,4.20250205,29.02443419,WIN,TAKE_PROFIT,2026-07-26T11:59:23.773211+00:00,2026-07-26T11:59:23.774889+00:00,3351.71805814
SOLUSDT,LONG,93.15,92.62005623384565,31.623336967075154,92.62005623384565,94.20988753230871,16.758590290700035,-16.75859029,5.87466909,-22.63325938,LOSS,STOP_LOSS,2026-07-26T11:59:23.790239+00:00,2026-07-26T11:59:23.792830+00:00,3329.08479876
ETHUSDT,SHORT,2303.15,2309.449124247526,2.642498121915603,2309.449124247526,2290.5517515049482,16.645423993800033,-16.64542399,12.18878452,-28.83420852,LOSS,STOP_LOSS,2026-07-26T11:59:23.808580+00:00,2026-07-26T11:59:23.808806+00:00,3300.25059024
ETHUSDT,LONG,2319.68,2334.1783038662875,2.276301159554226,2312.430848066856,2334.1783038662875,16.501252951200033,33.0025059,10.59358305,22.40892285,WIN,TAKE_PROFIT,2026-07-26T11:59:23.824201+00:00,2026-07-26T11:59:23.824990+00:00,3322.65951309
SOLUSDT,LONG,93.51,93.04992994508187,36.11036490607101,93.04992994508187,94.43014010983627,16.613297565450033,-16.61329757,6.73674715,-23.35004471,LOSS,STOP_LOSS,2026-07-26T11:59:23.841737+00:00,2026-07-26T11:59:23.843002+00:00,3299.30946838
SOLUSDT,SHORT,92.79,93.10340013096842,52.63733391216217,93.10340013096842,92.16319973806317,16.496547341900033,-16.49654734,9.78493297,-26.28148032,LOSS,STOP_LOSS,2026-07-26T11:59:23.860738+00:00,2026-07-26T11:59:23.861390+00:00,3273.02798806
SOLUSDT,LONG,93.33,93.99404961873786,49.28890696874317,92.99797519063107,93.99404961873786,16.365139940300036,32.73027988,9.23299765,23.49728223,WIN,TAKE_PROFIT,2026-07-26T11:59:23.880559+00:00,2026-07-26T11:59:23.881301+00:00,3296.52527029
SOLUSDT,LONG,94.46,94.06710698074498,41.95194504270813,94.06710698074498,95.24578603851002,16.482626351450037,-16.48262635,7.90907883,-24.39170518,LOSS,STOP_LOSS,2026-07-26T11:59:23.897512+00:00,2026-07-26T11:59:23.897804+00:00,3272.13356511
SOLUSDT,LONG,93.78,93.3393819375717,37.131178271231626,93.3393819375717,94.66123612485661,16.360667825550035,-16.36066783,6.94796313,-23.30863095,LOSS,STOP_LOSS,2026-07-26T11:59:23.914833+00:00,2026-07-26T11:59:23.915382+00:00,3248.82493416
SOLUSDT,LONG,93.71,94.63180169465053,35.2442933552175,93.24909915267473,94.63180169465053,16.244124670800037,32.48824934,6.63797371,25.85027563,WIN,TAKE_PROFIT,2026-07-26T11:59:23.933024+00:00,2026-07-26T11:59:23.933551+00:00,3274.67520979
BTCUSDT,LONG,81229.5,81021.17265241162,0.07859446317773816,81021.17265241162,81646.15469517674,16.373376048950036,-16.37337605,12.75200452,-29.12538057,LOSS,STOP_LOSS,2026-07-26T11:59:23.951178+00:00,2026-07-26T11:59:23.952028+00:00,3245.54982922
SOLUSDT,LONG,95.77,95.02750688380203,21.855757032733734,95.02750688380203,97.25498623239592,16.227749146100038,-16.22774915,4.17002395,-20.3977731,LOSS,STOP_LOSS,2026-07-26T11:59:23.968204+00:00,2026-07-26T11:59:23.968524+00:00,3225.15205612
SOLUSDT,LONG,95.45,94.4943823949811,16.874699875669393,94.4943823949811,97.36123521003782,16.125760280600037,-16.12576028,3.20525445,-19.33101473,LOSS,STOP_LOSS,2026-07-26T11:59:23.985398+00:00,2026-07-26T11:59:23.986584+00:00,3205.82104139
SOLUSDT,LONG,95.54,94.83636455399224,22.780411785527086,94.83636455399224,96.94727089201555,16.029105206950035,-16.02910521,4.33685198,-20.36595719,LOSS,STOP_LOSS,2026-07-26T11:59:24.002378+00:00,2026-07-26T11:59:24.003200+00:00,3185.4550842
SOLUSDT,SHORT,94.58,95.21565336653074,25.05654222823941,95.21565336653074,93.30869326693852,15.927275421000038,-15.92727542,4.7556228,-20.68289822,LOSS,STOP_LOSS,2026-07-26T11:59:24.020823+00:00,2026-07-26T11:59:24.021209+00:00,3164.77218598
BTCUSDT,LONG,80923.3,80674.62972635921,0.06363390645058603,80674.62972635921,81420.6405472816,15.823860929900038,-15.82386093,10.28310754,-26.10696847,LOSS,STOP_LOSS,2026-07-26T11:59:24.037835+00:00,2026-07-26T11:59:24.039076+00:00,3138.66521751
SOLUSDT,SHORT,94.6,95.39318825399621,19.785121638506897,95.39318825399621,93.01362349200757,15.693326087550037,-15.69332609,3.75903834,-19.45236443,LOSS,STOP_LOSS,2026-07-26T11:59:24.055985+00:00,2026-07-26T11:59:24.056388+00:00,3119.21285308
SOLUSDT,LONG,95.28,96.94585525434042,18.72439304046883,94.4470723728298,96.94585525434042,15.596064265400036,31.19212853,3.59931247,27.59281606,WIN,TAKE_PROFIT,2026-07-26T11:59:24.072186+00:00,2026-07-26T11:59:24.072693+00:00,3146.80566914
BTCUSDT,LONG,81751.6,81343.67088148383,0.03857049578351303,81343.67088148383,82567.45823703235,15.734028345700038,-15.73402835,6.29066546,-22.0246938,LOSS,STOP_LOSS,2026-07-26T11:59:24.088676+00:00,2026-07-26T11:59:24.089122+00:00,3124.78097534
BTCUSDT,LONG,81478.0,81073.11061136141,0.0385880818690608,81073.11061136141,82287.77877727718,15.623904876700037,-15.62390488,6.27253556,-21.89644044,LOSS,STOP_LOSS,2026-07-26T11:59:24.104984+00:00,2026-07-26T11:59:24.107102+00:00,3102.8845349
SOLUSDT,LONG,96.68,96.18332580540724,31.23661918296488,96.18332580540724,97.67334838918553,15.514422674500038,-15.51442267,6.02439826,-21.53882094,LOSS,STOP_LOSS,2026-07-26T11:59:24.123598+00:00,2026-07-26T11:59:24.123998+00:00,3081.34571396
BTCUSDT,SHORT,80989.9,80562.16820964034,0.07203920268281028,81203.76589517982,80562.16820964034,15.40672856980004,30.81345714,11.63808219,19.17537495,WIN,TAKE_PROFIT,2026-07-26T11:59:24.140320+00:00,2026-07-26T11:59:24.141186+00:00,3100.52108891
ETHUSDT,SHORT,2285.37,2266.969273005074,1.6849992338699158,2294.570363497463,2266.969273005074,15.502605444550039,31.00521089,7.67068819,23.3345227,WIN,TAKE_PROFIT,2026-07-26T11:59:24.157216+00:00,2026-07-26T11:59:24.158092+00:00,3123.85561161
ETHUSDT,SHORT,2276.64,2289.5570778420442,1.2091959380480175,2289.5570778420442,2250.805844315911,15.619278058050037,-15.61927806,5.52142696,-21.14070502,LOSS,STOP_LOSS,2026-07-26T11:59:24.174846+00:00,2026-07-26T11:59:24.176684+00:00,3102.71490659
ETHUSDT,SHORT,2281.18,2288.430450853183,2.1396703249341127,2288.430450853183,2266.6790982936327,15.513574532950038,-15.51357453,9.77745988,-25.29103441,LOSS,STOP_LOSS,2026-07-26T11:59:24.192588+00:00,2026-07-26T11:59:24.193257+00:00,3077.42387218
BTCUSDT,LONG,81020.1,80761.59304737422,0.05952303876010152,80761.59304737422,81537.11390525156,15.387119360900037,-15.38711936,9.62973799,-25.01685735,LOSS,STOP_LOSS,2026-07-26T11:59:24.208952+00:00,2026-07-26T11:59:24.210876+00:00,3052.40701483
ETHUSDT,SHORT,2300.74,2282.1789603792554,1.6445237320750765,2310.020519810372,2282.1789603792554,15.262035074150038,30.52407015,7.53671899,22.98735116,WIN,TAKE_PROFIT,2026-07-26T11:59:24.227472+00:00,2026-07-26T11:59:24.227864+00:00,3075.39436599
ETHUSDT,SHORT,2283.08,2258.4081850633047,1.2465213337085623,2295.4159074683475,2258.4081850633047,15.376971829950037,30.75394366,5.66106191,25.09288175,WIN,TAKE_PROFIT,2026-07-26T11:59:24.243843+00:00,2026-07-26T11:59:24.244214+00:00,3100.48724774
ETHUSDT,SHORT,2261.13,2234.2649553205188,1.1540971864111855,2274.5625223397406,2234.2649553205188,15.502436238700035,31.00487248,5.18812267,25.81674981,WIN,TAKE_PROFIT,2026-07-26T11:59:24.281913+00:00,2026-07-26T11:59:24.282672+00:00,3126.30399755
ETHUSDT,SHORT,2235.38,2250.1047178080107,1.0615836711822235,2250.1047178080107,2205.9305643839793,15.631519987750037,-15.63151999,4.76171733,-20.39323732,LOSS,STOP_LOSS,2026-07-26T11:59:24.300534+00:00,2026-07-26T11:59:24.300884+00:00,3105.91076023
ETHUSDT,SHORT,2251.26,2265.569236524854,1.0852817880378607,2265.569236524854,2222.6415269502927,15.529553801150037,-15.5295538,4.90203251,-20.43158631,LOSS,STOP_LOSS,2026-07-26T11:59:24.318960+00:00,2026-07-26T11:59:24.319609+00:00,3085.47917392
ETHUSDT,SHORT,2261.21,2237.9688905916664,1.3275954773543042,2272.830554704167,2237.9688905916664,15.427395869600037,30.85479174,5.97308955,24.88170219,WIN,TAKE_PROFIT,2026-07-26T11:59:24.340020+00:00,2026-07-26T11:59:24.341820+00:00,3110.36087611
BTCUSDT,SHORT,79281.6,79579.4237958287,0.05221813904183714,79579.4237958287,78685.95240834264,15.551804380550037,-15.55180438,8.29542703,-23.84723141,LOSS,STOP_LOSS,2026-07-26T11:59:24.359788+00:00,2026-07-26T11:59:24.360466+00:00,3086.5136447
BTCUSDT,LONG,79797.9,79527.57679713686,0.05708932144945713,79527.57679713686,80338.54640572626,15.432568223500036,-15.43256822,9.09578336,-24.52835158,LOSS,STOP_LOSS,2026-07-26T11:59:24.376888+00:00,2026-07-26T11:59:24.377623+00:00,3061.98529312
ETHUSDT,SHORT,2259.98,2268.7056675868757,1.7545851149117373,2268.7056675868757,2242.5286648262486,15.309926465600036,-15.30992647,7.94596446,-23.25589093,LOSS,STOP_LOSS,2026-07-26T11:59:24.393989+00:00,2026-07-26T11:59:24.395102+00:00,3038.72940219
SOLUSDT,LONG,91.57,92.69975301778271,26.89728953460907,91.00512349110863,92.69975301778271,15.193647010950036,30.38729402,4.9563569,25.43093712,WIN,TAKE_PROFIT,2026-07-26T11:59:24.413727+00:00,2026-07-26T11:59:24.414324+00:00,3064.16033931
SOLUSDT,LONG,93.1,92.41977885216018,22.52326577202806,92.41977885216018,94.46044229567961,15.320801696550037,-15.3208017,4.17851129,-19.49931298,LOSS,STOP_LOSS,2026-07-26T11:59:24.432530+00:00,2026-07-26T11:59:24.433052+00:00,3044.66102633
SOLUSDT,LONG,93.27,92.51105864214252,20.058605284901162,92.51105864214252,94.78788271571494,15.223305131650037,-15.22330513,3.72650892,-18.94981406,LOSS,STOP_LOSS,2026-07-26T11:59:24.450208+00:00,2026-07-26T11:59:24.450661+00:00,3025.71121227
SOLUSDT,LONG,92.38,91.58563219654125,19.044774971340832,91.58563219654125,93.96873560691748,15.128556061350036,-15.12855606,3.50358407,-18.63214013,LOSS,STOP_LOSS,2026-07-26T11:59:24.469418+00:00,2026-07-26T11:59:24.471202+00:00,3007.07907214
ETHUSDT,SHORT,2267.87,2242.8728641532325,1.2029694484093783,2280.3685679233836,2242.8728641532325,15.035395360700036,30.07079072,5.42628586,24.64450487,WIN,TAKE_PROFIT,2026-07-26T11:59:24.488251+00:00,2026-07-26T11:59:24.489165+00:00,3031.72357701
ETHUSDT,SHORT,2245.51,2258.314157320181,1.1838825083129976,2258.314157320181,2219.901685359638,15.158617885050036,-15.15861789,5.33199864,-20.49061653,LOSS,STOP_LOSS,2026-07-26T11:59:24.505603+00:00,2026-07-26T11:59:24.506302+00:00,3011.23296048
ETHUSDT,SHORT,2261.05,2238.0464155226923,1.309027714115805,2272.551792238654,2238.0464155226923,15.056164802400037,30.1123296,5.8894419,24.22288771,WIN,TAKE_PROFIT,2026-07-26T11:59:24.522886+00:00,2026-07-26T11:59:24.524235+00:00,3035.45584819
ETHUSDT,SHORT,2223.44,2200.4167771032494,1.318432202912135,2234.9516114483754,2200.4167771032494,15.177279240950037,30.35455848,5.83255524,24.52200325,WIN,TAKE_PROFIT,2026-07-26T11:59:24.540807+00:00,2026-07-26T11:59:24.543949+00:00,3059.97785144
BTCUSDT,SHORT,78219.8,78449.95715460773,0.0664758359707562,78449.95715460773,77759.48569078452,15.29988925720004,-15.29988926,10.41475308,-25.71464234,LOSS,STOP_LOSS,2026-07-26T11:59:24.560889+00:00,2026-07-26T11:59:24.561166+00:00,3034.2632091
BTCUSDT,SHORT,78430.1,77899.42242715706,0.05717715170899083,78695.43878642148,77899.42242715706,15.171316045500038,30.34263209,8.93847682,21.40415527,WIN,TAKE_PROFIT,2026-07-26T11:59:24.577634+00:00,2026-07-26T11:59:24.578162+00:00,3055.66736437
BTCUSDT,SHORT,78025.3,78301.4012087402,0.055336001213332216,78301.4012087402,77473.09758251961,15.27833682185004,-15.27833682,8.65049453,-23.92883135,LOSS,STOP_LOSS,2026-07-26T11:59:24.594922+00:00,2026-07-26T11:59:24.596049+00:00,3031.73853302
SOLUSDT,SHORT,86.33,86.76950735561414,34.490191054751335,86.76950735561414,85.45098528877173,15.15869266510004,-15.15869267,5.97023508,-21.12892775,LOSS,STOP_LOSS,2026-07-26T11:59:24.612946+00:00,2026-07-26T11:59:24.613673+00:00,3010.60960527
ETHUSDT,SHORT,2177.42,2184.7995594596637,2.0398301698942545,2184.7995594596637,2162.6608810806733,15.053048026350039,-15.05304803,8.89818707,-23.95123509,LOSS,STOP_LOSS,2026-07-26T11:59:24.630405+00:00,2026-07-26T11:59:24.632307+00:00,2986.65837018
SOLUSDT,LONG,86.89,86.56381827927734,45.782123589928496,86.56381827927734,87.5423634414453,14.933291850900039,-14.93329185,7.94108415,-22.874376,LOSS,STOP_LOSS,2026-07-26T11:59:24.649113+00:00,2026-07-26T11:59:24.649451+00:00,2963.78399418
SOLUSDT,LONG,87.07,86.73200074199349,43.84305474012243,86.73200074199349,87.745998516013,14.818919970900037,-14.81891997,7.62001063,-22.4389306,LOSS,STOP_LOSS,2026-07-26T11:59:24.665950+00:00,2026-07-26T11:59:24.666392+00:00,2941.34506358
ETHUSDT,LONG,2191.68,2185.7664008330776,2.4869330677943275,2185.7664008330776,2203.5071983338444,14.70672531790004,-14.70672532,10.88641621,-25.59314152,LOSS,STOP_LOSS,2026-07-26T11:59:24.682851+00:00,2026-07-26T11:59:24.683605+00:00,2915.75192206
SOLUSDT,SHORT,86.28,86.62989610977279,41.66596656295265,86.62989610977279,85.58020778045443,14.57875961030004,-14.57875961,7.20445795,-21.78321756,LOSS,STOP_LOSS,2026-07-26T11:59:24.700383+00:00,2026-07-26T11:59:24.701028+00:00,2893.9687045
SOLUSDT,SHORT,86.25,86.5874901486368,42.874861920997624,86.5874901486368,85.5750197027264,14.469843522500039,-14.46984352,7.41038352,-21.88022705,LOSS,STOP_LOSS,2026-07-26T11:59:24.718241+00:00,2026-07-26T11:59:24.719025+00:00,2872.08847745
BTCUSDT,SHORT,78087.6,77656.9441182681,0.06669103103618919,78302.92794086596,77656.9441182681,14.360442387250039,28.72088477,10.38676423,18.33412055,WIN,TAKE_PROFIT,2026-07-26T11:59:24.736385+00:00,2026-07-26T11:59:24.736761+00:00,2890.422598
BTCUSDT,SHORT,77795.8,77274.68697530069,0.0554663280517272,78056.35651234967,77274.68697530069,14.452112990000039,28.90422598,8.6011905,20.30303548,WIN,TAKE_PROFIT,2026-07-26T11:59:24.753460+00:00,2026-07-26T11:59:24.753756+00:00,2910.72563348
BTCUSDT,SHORT,77216.0,77586.1096186104,0.03932248024799436,77586.1096186104,76475.7807627792,14.553628167400039,-14.55362817,6.0872029,-20.64083107,LOSS,STOP_LOSS,2026-07-26T11:59:24.770900+00:00,2026-07-26T11:59:24.773137+00:00,2890.08480241
BTCUSDT,SHORT,76785.0,76079.87188518734,0.0409866624475452,77137.56405740633,76079.87188518734,14.45042401205004,28.90084802,6.2654209,22.63542712,WIN,TAKE_PROFIT,2026-07-26T11:59:24.789657+00:00,2026-07-26T11:59:24.790110+00:00,2912.72022953
BTCUSDT,SHORT,76251.7,76673.73152814667,0.0345083250334527,76673.73152814667,75407.63694370666,14.563601147650038,-14.56360115,5.2772005,-19.84080164,LOSS,STOP_LOSS,2026-07-26T11:59:24.807300+00:00,2026-07-26T11:59:24.807991+00:00,2892.87942789
ETHUSDT,SHORT,2107.01,2077.896413910834,0.9936527293580338,2121.5667930445834,2077.896413910834,14.464397139450039,28.92879428,4.15834368,24.7704506,WIN,TAKE_PROFIT,2026-07-26T11:59:24.824993+00:00,2026-07-26T11:59:24.825390+00:00,2917.64987849
ETHUSDT,SHORT,2087.53,2103.735704206809,0.9001922536831681,2103.735704206809,2055.1185915863825,14.588249392450038,-14.58824939,3.77294492,-18.36119431,LOSS,STOP_LOSS,2026-07-26T11:59:24.842399+00:00,2026-07-26T11:59:24.842856+00:00,2899.28868418
SOLUSDT,LONG,85.47,84.99857796202701,30.75045766471124,84.99857796202701,86.41284407594596,14.49644342090004,-14.49644342,5.24198679,-19.73843021,LOSS,STOP_LOSS,2026-07-26T11:59:24.860584+00:00,2026-07-26T11:59:24.860999+00:00,2879.55025397
BTCUSDT,SHORT,76735.1,77046.83042734038,0.04618654454969029,77046.83042734038,76111.63914531926,14.397751269850039,-14.39775127,7.10265598,-21.50040725,LOSS,STOP_LOSS,2026-07-26T11:59:24.877642+00:00,2026-07-26T11:59:24.878828+00:00,2858.04984672
SOLUSDT,LONG,85.52,85.05743160084683,30.893267373563162,85.05743160084683,86.44513679830634,14.290249233600038,-14.29024923,5.2696942,-19.55994344,LOSS,STOP_LOSS,2026-07-26T11:59:24.895526+00:00,2026-07-26T11:59:24.896058+00:00,2838.48990328
BTCUSDT,LONG,77145.5,76877.45787574492,0.052948578720013816,76877.45787574492,77681.58424851017,14.192449516400039,-14.19244952,8.15529671,-22.34774623,LOSS,STOP_LOSS,2026-07-26T11:59:24.913599+00:00,2026-07-26T11:59:24.914009+00:00,2816.14215705
BTCUSDT,SHORT,76734.1,77003.97949963136,0.05217406584969995,77003.97949963136,76194.3410007373,14.080710785250037,-14.08071079,8.02114068,-22.10185147,LOSS,STOP_LOSS,2026-07-26T11:59:24.931926+00:00,2026-07-26T11:59:24.932457+00:00,2794.04030558
ETHUSDT,SHORT,2117.4,2094.0809876315857,1.1981812357390091,2129.0595061842073,2094.0809876315857,13.970201527900038,27.94040306,5.04611749,22.89428556,WIN,TAKE_PROFIT,2026-07-26T11:59:24.955840+00:00,2026-07-26T11:59:24.956743+00:00,2816.93459114
BTCUSDT,SHORT,76365.7,76735.40185383867,0.038097382551524374,76735.40185383867,75626.29629232263,14.084672955700036,-14.08467296,5.83275125,-19.9174242,LOSS,STOP_LOSS,2026-07-26T11:59:24.973401+00:00,2026-07-26T11:59:24.973886+00:00,2797.01716694
ETHUSDT,SHORT,2111.8,2122.8393953317,1.266834406640173,2122.8393953317,2089.721209336601,13.985085834700037,-13.98508583,5.36458689,-19.34967272,LOSS,STOP_LOSS,2026-07-26T11:59:24.996311+00:00,2026-07-26T11:59:24.998307+00:00,2777.66749422
BTCUSDT,LONG,77199.8,77692.99000427504,0.056320433709987246,76953.20499786249,77692.99000427504,13.888337471100037,27.77667494,8.72362911,19.05304583,WIN,TAKE_PROFIT,2026-07-26T11:59:25.015618+00:00,2026-07-26T11:59:25.017108+00:00,2796.72054005
ETHUSDT,SHORT,2119.74,2128.65567234057,1.5684294090326794,2128.65567234057,2101.9086553188586,13.983602700250037,-13.9836027,6.66330871,-20.64691141,LOSS,STOP_LOSS,2026-07-26T11:59:25.034091+00:00,2026-07-26T11:59:25.034394+00:00,2776.07362864
BTCUSDT,LONG,77384.1,77079.69218890615,0.04559793683783093,77079.69218890615,77992.91562218772,13.880368143200037,-13.88036814,7.04323024,-20.92359838,LOSS,STOP_LOSS,2026-07-26T11:59:25.051665+00:00,2026-07-26T11:59:25.052196+00:00,2755.15003026
SOLUSDT,LONG,86.43,85.73528596605891,19.829382275683432,85.73528596605891,87.81942806788219,13.775750151300038,-13.77575015,3.41393127,-17.18968142,LOSS,STOP_LOSS,2026-07-26T11:59:25.069168+00:00,2026-07-26T11:59:25.069817+00:00,2737.96034884
ETHUSDT,SHORT,2124.11,2133.064595475936,1.5288018069592446,2133.064595475936,2106.200809048128,13.689801744200038,-13.68980174,6.50837621,-20.19817796,LOSS,STOP_LOSS,2026-07-26T11:59:25.088833+00:00,2026-07-26T11:59:25.089330+00:00,2717.76217088
ETHUSDT,LONG,2141.83,2133.438570154874,1.6193677484288427,2133.438570154874,2158.6128596902518,13.588810854400037,-13.58881085,6.92323204,-20.51204289,LOSS,STOP_LOSS,2026-07-26T11:59:25.107024+00:00,2026-07-26T11:59:25.108139+00:00,2697.25012799
ETHUSDT,SHORT,2128.14,2135.430794326937,1.8497642417538471,2135.430794326937,2113.5584113461255,13.486250639950038,-13.48625064,7.8866008,-21.37285144,LOSS,STOP_LOSS,2026-07-26T11:59:25.125425+00:00,2026-07-26T11:59:25.125789+00:00,2675.87727655
BTCUSDT,LONG,77846.2,77633.17096018336,0.06280545785807289,77633.17096018336,78272.25807963329,13.379386382750038,-13.37938638,9.76495308,-23.14433946,LOSS,STOP_LOSS,2026-07-26T11:59:25.142876+00:00,2026-07-26T11:59:25.143474+00:00,2652.73293709
ETHUSDT,SHORT,2127.08,2110.7051172612682,1.6200011807202064,2135.2674413693658,2110.7051172612682,13.263664685450037,26.52732937,6.86521689,19.66211248,WIN,TAKE_PROFIT,2026-07-26T11:59:25.160936+00:00,2026-07-26T11:59:25.161232+00:00,2672.39504957
ETHUSDT,SHORT,2115.88,2125.264349956239,1.42385730606378,2125.264349956239,2097.1113000875225,13.361975247850037,-13.36197525,6.03878437,-19.40075962,LOSS,STOP_LOSS,2026-07-26T11:59:25.178733+00:00,2026-07-26T11:59:25.179760+00:00,2652.99428995
BTCUSDT,SHORT,77117.7,77452.15417964966,0.039661550839774705,77452.15417964966,76448.79164070069,13.264971449750037,-13.26497145,6.13048013,-19.39545158,LOSS,STOP_LOSS,2026-07-26T11:59:25.197200+00:00,2026-07-26T11:59:25.197787+00:00,2633.59883837
SOLUSDT,LONG,86.67,87.9094336876561,21.248404530220707,86.05028315617196,87.9094336876561,13.167994191850037,26.33598838,3.70953443,22.62645395,WIN,TAKE_PROFIT,2026-07-26T11:59:25.214855+00:00,2026-07-26T11:59:25.215103+00:00,2656.22529232
ETHUSDT,LONG,2146.66,2133.718074602226,1.0262094745102004,2133.718074602226,2172.543850795548,13.281126461600035,-13.28112646,4.39256453,-17.673691,LOSS,STOP_LOSS,2026-07-26T11:59:25.232736+00:00,2026-07-26T11:59:25.233251+00:00,2638.55160132
BTCUSDT,SHORT,77354.5,77750.10243797398,0.03334852554034953,77750.10243797398,76563.29512405202,13.192758006600036,-13.19275801,5.1725098,-18.3652678,LOSS,STOP_LOSS,2026-07-26T11:59:25.250425+00:00,2026-07-26T11:59:25.250902+00:00,2620.18633352
BTCUSDT,SHORT,77344.7,77582.90069016394,0.05499955377368371,77582.90069016394,76868.29861967212,13.100931667600037,-13.10093167,8.52094891,-21.62188057,LOSS,STOP_LOSS,2026-07-26T11:59:25.268197+00:00,2026-07-26T11:59:25.268625+00:00,2598.56445295
BTCUSDT,LONG,77580.0,77343.34162167399,0.05490117170857736,77343.34162167399,78053.31675665203,12.992822264750037,-12.99282226,8.50547298,-21.49829524,LOSS,STOP_LOSS,2026-07-26T11:59:25.285954+00:00,2026-07-26T11:59:25.287143+00:00,2577.06615771
ETHUSDT,SHORT,2130.17,2137.1760754196785,1.8391652982150455,2137.1760754196785,2116.1578491606433,12.885330788550036,-12.88533079,7.84835482,-20.73368561,LOSS,STOP_LOSS,2026-07-26T11:59:25.305116+00:00,2026-07-26T11:59:25.306112+00:00,2556.3324721
BTCUSDT,SHORT,77169.8,76778.26133800334,0.06528940102782951,77365.56933099833,76778.26133800334,12.781662360500036,25.56332472,10.05117671,15.51214801,WIN,TAKE_PROFIT,2026-07-26T11:59:25.323416+00:00,2026-07-26T11:59:25.323756+00:00,2571.84462011
ETHUSDT,SHORT,2117.11,2125.9523232604633,1.4542810437667868,2125.9523232604633,2099.4253534790732,12.859223100550036,-12.8592231,6.1706051,-19.0298282,LOSS,STOP_LOSS,2026-07-26T11:59:25.343110+00:00,2026-07-26T11:59:25.343851+00:00,2552.81479191
BTCUSDT,SHORT,76922.5,76418.35173543736,0.050636191203090056,77174.57413228133,76418.35173543736,12.764073959550037,25.52814792,7.76459669,17.76355123,WIN,TAKE_PROFIT,2026-07-26T11:59:25.362876+00:00,2026-07-26T11:59:25.363509+00:00,2570.57834314
BTCUSDT,SHORT,76498.6,75895.31314221155,0.042609553149613184,76800.24342889423,75895.31314221155,12.852891715700036,25.70578343,6.49343654,19.21234689,WIN,TAKE_PROFIT,2026-07-26T11:59:25.382451+00:00,2026-07-26T11:59:25.382968+00:00,2589.79069003
BTCUSDT,SHORT,75782.4,75050.66208944561,0.035392326305301314,76148.26895527719,75050.66208944561,12.948953450150036,25.8979069,5.33833295,20.55957395,WIN,TAKE_PROFIT,2026-07-26T11:59:25.400009+00:00,2026-07-26T11:59:25.402354+00:00,2610.35026398
BTCUSDT,SHORT,74573.1,74836.08369083442,0.04962950850103517,74836.08369083442,74047.13261833118,13.051751319900037,-13.05175132,7.41510435,-20.46685567,LOSS,STOP_LOSS,2026-07-26T11:59:25.420915+00:00,2026-07-26T11:59:25.421915+00:00,2589.88340831
BTCUSDT,SHORT,74820.9,75019.30579767603,0.0652673318684699,75019.30579767603,74424.08840464793,12.949417041550037,-12.94941704,9.77967044,-22.72908748,LOSS,STOP_LOSS,2026-07-26T11:59:25.439662+00:00,2026-07-26T11:59:25.440238+00:00,2567.15432083
BTCUSDT,LONG,76890.7,76620.73542495762,0.047546133051475856,76620.73542495762,77430.62915008476,12.835771604150036,-12.8357716,7.29887513,-20.13464674,LOSS,STOP_LOSS,2026-07-26T11:59:25.457423+00:00,2026-07-26T11:59:25.458022+00:00,2547.01967409
BTCUSDT,LONG,76780.4,77201.1706601445,0.06053225463047428,76570.01466992774,77201.1706601445,12.735098370450038,25.47019674,9.32085164,16.1493451,WIN,TAKE_PROFIT,2026-07-26T11:59:25.477305+00:00,2026-07-26T11:59:25.478233+00:00,2563.16901919
BTCUSDT,LONG,77201.0,76972.45836033225,0.056076630563174294,76972.45836033225,77658.08327933548,12.815845095950037,-12.8158451,8.64552807,-21.46137316,LOSS,STOP_LOSS,2026-07-26T11:59:25.495482+00:00,2026-07-26T11:59:25.496168+00:00,2541.70764603
SOLUSDT,SHORT,85.22,85.75274502357325,23.854822978749766,85.75274502357325,84.15450995285347,12.708538230150037,-12.70853823,4.07852457,-16.7870628,LOSS,STOP_LOSS,2026-07-26T11:59:25.513377+00:00,2026-07-26T11:59:25.513877+00:00,2524.92058323
SOLUSDT,SHORT,85.47,84.46790647803832,25.19645649726643,85.97104676098084,84.46790647803832,12.624602916150035,25.24920583,4.28183307,20.96737276,WIN,TAKE_PROFIT,2026-07-26T11:59:25.531233+00:00,2026-07-26T11:59:25.532241+00:00,2545.88795599
ETHUSDT,SHORT,2087.8,2070.2094302346836,1.4473027252418893,2096.5952848826582,2070.2094302346836,12.729439779950036,25.45887956,6.01789838,19.44098118,WIN,TAKE_PROFIT,2026-07-26T11:59:25.549629+00:00,2026-07-26T11:59:25.549868+00:00,2565.32893717
ETHUSDT,SHORT,2068.56,2079.2545502481826,1.1993627023286648,2079.2545502481826,2047.1708995036347,12.826644685850038,-12.82664469,4.97473407,-17.80137875,LOSS,STOP_LOSS,2026-07-26T11:59:25.567225+00:00,2026-07-26T11:59:25.567609+00:00,2547.52755842
ETHUSDT,SHORT,2090.52,2104.2853096271956,0.9253433549315001,2104.2853096271956,2062.9893807456087,12.737637792100038,-12.73763779,3.88163522,-16.61927301,LOSS,STOP_LOSS,2026-07-26T11:59:25.585006+00:00,2026-07-26T11:59:25.585535+00:00,2530.90828541
BTCUSDT,LONG,77159.5,77844.30703567748,0.03695797726298406,76817.09648216126,77844.30703567748,12.654541427050038,25.30908285,5.72862718,19.58045568,WIN,TAKE_PROFIT,2026-07-26T11:59:25.603103+00:00,2026-07-26T11:59:25.605814+00:00,2550.48874109
SOLUSDT,LONG,86.21,85.86084099338852,36.523313057882106,85.86084099338852,86.90831801322294,12.752443705450037,-12.75244371,6.28459719,-19.0370409,LOSS,STOP_LOSS,2026-07-26T11:59:25.623181+00:00,2026-07-26T11:59:25.623793+00:00,2531.45170019
SOLUSDT,SHORT,85.6,84.94741023790849,38.79085831927369,85.92629488104575,84.94741023790849,12.657258500950036,25.314517,6.61568043,18.69883657,WIN,TAKE_PROFIT,2026-07-26T11:59:25.641169+00:00,2026-07-26T11:59:25.641884+00:00,2550.15053676
SOLUSDT,SHORT,84.79,83.98935111626706,31.85104717651223,85.19032444186648,83.98935111626706,12.750752683800036,25.50150537,5.37579907,20.12570629,WIN,TAKE_PROFIT,2026-07-26T11:59:25.659236+00:00,2026-07-26T11:59:25.659890+00:00,2570.27624305
BTCUSDT,SHORT,76750.1,77000.39193090788,0.051345567428541725,77000.39193090788,76249.51613818426,12.851381215250035,-12.85138122,7.89440625,-20.74578747,LOSS,STOP_LOSS,2026-07-26T11:59:25.677482+00:00,2026-07-26T11:59:25.678738+00:00,2549.53045558
BTCUSDT,SHORT,76650.0,76867.27129992525,0.05867158838873633,76867.27129992525,76215.45740014949,12.747652277900036,-12.74765228,9.00710215,-21.75475443,LOSS,STOP_LOSS,2026-07-26T11:59:25.696111+00:00,2026-07-26T11:59:25.696936+00:00,2527.77570115
SOLUSDT,LONG,85.28,84.83055818398853,28.12127856262404,84.83055818398853,86.17888363202293,12.638878505750036,-12.63887851,4.78372639,-17.4226049,LOSS,STOP_LOSS,2026-07-26T11:59:25.714307+00:00,2026-07-26T11:59:25.714782+00:00,2510.35309625
ETHUSDT,LONG,2116.78,2138.5137594953153,1.15504779409708,2105.9131202523427,2138.5137594953153,12.551765481250037,25.10353096,4.91506767,20.18846329,WIN,TAKE_PROFIT,2026-07-26T11:59:25.732407+00:00,2026-07-26T11:59:25.732737+00:00,2530.54155954
BTCUSDT,SHORT,76873.6,75842.41685548317,0.02454017574856396,77389.19157225842,75842.41685548317,12.652707797700037,25.3054156,3.74767789,21.5577377,WIN,TAKE_PROFIT,2026-07-26T11:59:25.750537+00:00,2026-07-26T11:59:25.751316+00:00,2552.09929724
BTCUSDT,SHORT,76005.5,75066.24870553079,0.02717163460160278,76475.12564723461,75066.24870553079,12.760496486200037,25.52099297,4.10486635,21.41612662,WIN,TAKE_PROFIT,2026-07-26T11:59:25.768923+00:00,2026-07-26T11:59:25.772415+00:00,2573.51542386
SOLUSDT,SHORT,83.03,83.58581536516303,23.150812168579943,83.58581536516303,81.91836926967393,12.867577119300035,-12.86757712,3.85729145,-16.72486857,LOSS,STOP_LOSS,2026-07-26T11:59:25.790039+00:00,2026-07-26T11:59:25.790276+00:00,2556.79055529
BTCUSDT,SHORT,75054.3,75371.56604984016,0.04029410894386974,75371.56604984016,74419.76790031971,12.783952776450034,-12.78395278,6.06127623,-18.84522901,LOSS,STOP_LOSS,2026-07-26T11:59:25.807918+00:00,2026-07-26T11:59:25.808485+00:00,2537.94532628
BTCUSDT,SHORT,75328.1,74613.87806037109,0.035534407240397,75685.21096981446,74613.87806037109,12.689726631400035,25.37945326,5.32809931,20.05135395,WIN,TAKE_PROFIT,2026-07-26T11:59:25.826090+00:00,2026-07-26T11:59:25.827468+00:00,2557.99668023
BTCUSDT,SHORT,74600.0,73972.32217605581,0.040753338458830835,74913.8389119721,73972.32217605581,12.789983401150034,25.5799668,6.05481813,19.52514867,WIN,TAKE_PROFIT,2026-07-26T11:59:25.845004+00:00,2026-07-26T11:59:25.846181+00:00,2577.5218289
BTCUSDT,SHORT,73712.4,72967.85115181628,0.03461857251122939,74084.67442409185,72967.85115181628,12.887609144500034,25.77521829,5.07786091,20.69735738,WIN,TAKE_PROFIT,2026-07-26T11:59:25.863996+00:00,2026-07-26T11:59:25.864434+00:00,2598.21918628
BTCUSDT,SHORT,73053.6,73504.79351666539,0.02879273626849255,73504.79351666539,72151.21296666925,12.991095931400034,-12.99109593,4.21981717,-17.2109131,LOSS,STOP_LOSS,2026-07-26T11:59:25.882276+00:00,2026-07-26T11:59:25.883559+00:00,2581.00827318
SOLUSDT,SHORT,80.99,80.09677070824502,28.895248924371383,81.43661464587748,80.09677070824502,12.905041365900033,25.81008273,4.65464234,21.15544039,WIN,TAKE_PROFIT,2026-07-26T11:59:25.901241+00:00,2026-07-26T11:59:25.902122+00:00,2602.16371357
BTCUSDT,SHORT,72938.5,73357.16162390173,0.03107717026126081,73357.16162390173,72101.17675219654,13.010818567850032,-13.01081857,4.54645518,-17.55727375,LOSS,STOP_LOSS,2026-07-26T11:59:25.919973+00:00,2026-07-26T11:59:25.920684+00:00,2584.60643982
BTCUSDT,LONG,73877.8,73575.83844921901,0.04279694605381287,73575.83844921901,74481.723101562,12.923032199100032,-12.9230322,6.31056541,-19.23359761,LOSS,STOP_LOSS,2026-07-26T11:59:25.938500+00:00,2026-07-26T11:59:25.938933+00:00,2565.37284221
SOLUSDT,SHORT,82.04,82.57850343278801,23.819466005334633,82.57850343278801,80.96299313442398,12.826864211050033,-12.82686421,3.92112485,-16.74798906,LOSS,STOP_LOSS,2026-07-26T11:59:25.956707+00:00,2026-07-26T11:59:25.958764+00:00,2548.62485315
BTCUSDT,SHORT,73576.5,73154.45133863241,0.06038699056387427,73787.5243306838,73154.45133863241,12.743124265750033,25.48624853,8.86064057,16.62560796,WIN,TAKE_PROFIT,2026-07-26T11:59:25.976743+00:00,2026-07-26T11:59:25.977461+00:00,2565.25046111
BTCUSDT,SHORT,73099.3,73314.10780845086,0.059710363408339975,73314.10780845086,72669.68438309828,12.826252305550033,-12.82625231,8.74239779,-21.56865009,LOSS,STOP_LOSS,2026-07-26T11:59:25.995224+00:00,2026-07-26T11:59:25.995594+00:00,2543.68181102
BTCUSDT,SHORT,73114.6,72593.15130818766,0.04878105652502796,73375.32434590618,72593.15130818766,12.718409055100032,25.43681811,7.10777805,18.32904006,WIN,TAKE_PROFIT,2026-07-26T11:59:26.013535+00:00,2026-07-26T11:59:26.013819+00:00,2562.01085108
BTCUSDT,SHORT,72690.3,73011.95390029665,0.03982558347212884,73011.95390029665,72046.9921994067,12.810054255400033,-12.81005426,5.80267727,-18.61273153,LOSS,STOP_LOSS,2026-07-26T11:59:26.031687+00:00,2026-07-26T11:59:26.032041+00:00,2543.39811955
BTCUSDT,SHORT,73065.8,73442.997750766,0.03371438607978234,73442.997750766,72311.40449846802,12.716990597750032,-12.7169906,4.93945417,-17.65644477,LOSS,STOP_LOSS,2026-07-26T11:59:26.049930+00:00,2026-07-26T11:59:26.050231+00:00,2525.74167478
BTCUSDT,SHORT,73343.0,73795.65812344334,0.027898998647884945,73795.65812344334,72437.6837531133,12.628708373900032,-12.62870837,4.10502122,-16.7337296,LOSS,STOP_LOSS,2026-07-26T11:59:26.068154+00:00,2026-07-26T11:59:26.068788+00:00,2509.00794518
BTCUSDT,SHORT,73499.9,73879.5074148724,0.033047404329856735,73879.5074148724,72740.68517025518,12.545039725900033,-12.54503973,4.87050687,-17.41554659,LOSS,STOP_LOSS,2026-07-26T11:59:26.086825+00:00,2026-07-26T11:59:26.089734+00:00,2491.59239859
SOLUSDT,LONG,82.62,83.12483641404869,49.354450852861035,82.36758179297567,83.12483641404869,12.457961992950034,24.91592399,8.18024538,16.7356786,WIN,TAKE_PROFIT,2026-07-26T11:59:26.107973+00:00,2026-07-26T11:59:26.109391+00:00,2508.32807719
ETHUSDT,LONG,2029.29,2023.9433980435747,2.345721729084094,2023.9433980435747,2039.9832039128503,12.541640385950034,-12.54164039,9.50775765,-22.04939804,LOSS,STOP_LOSS,2026-07-26T11:59:26.127602+00:00,2026-07-26T11:59:26.128776+00:00,2486.27867915
SOLUSDT,SHORT,82.69,82.95451895840665,46.996228439093265,82.95451895840665,82.16096208318669,12.431393395750034,-12.4313934,7.78466765,-20.21606105,LOSS,STOP_LOSS,2026-07-26T11:59:26.150286+00:00,2026-07-26T11:59:26.150825+00:00,2466.0626181
ETHUSDT,SHORT,2019.08,2024.8631877286161,2.132096288261161,2024.8631877286161,2007.5136245427675,12.330313090500033,-12.33031309,8.62207626,-20.95238935,LOSS,STOP_LOSS,2026-07-26T11:59:26.169009+00:00,2026-07-26T11:59:26.169723+00:00,2445.11022875
ETHUSDT,SHORT,2021.6,2011.1463069534016,2.3389917973013916,2026.826846523299,2011.1463069534016,12.225551143750033,24.45110229,9.43256053,15.01854175,WIN,TAKE_PROFIT,2026-07-26T11:59:26.187689+00:00,2026-07-26T11:59:26.188010+00:00,2460.1287705
ETHUSDT,SHORT,2007.94,1993.681037924201,1.7253210699504273,2015.0694810378995,1993.681037924201,12.300643852500034,24.60128771,6.90408109,17.69720661,WIN,TAKE_PROFIT,2026-07-26T11:59:26.206135+00:00,2026-07-26T11:59:26.207159+00:00,2477.82597711
ETHUSDT,SHORT,2000.75,2007.700868750547,1.782385818258339,2007.700868750547,1986.848262498906,12.389129885550036,-12.38912989,7.14460598,-19.53373587,LOSS,STOP_LOSS,2026-07-26T11:59:26.225438+00:00,2026-07-26T11:59:26.225746+00:00,2458.29224124
ETHUSDT,SHORT,2002.33,2010.6602576148662,1.4755199388149336,2010.6602576148662,1985.6694847702674,12.291461206200035,-12.29146121,5.92124714,-18.21270835,LOSS,STOP_LOSS,2026-07-26T11:59:26.244269+00:00,2026-07-26T11:59:26.244546+00:00,2440.07953289
SOLUSDT,LONG,82.71,82.26738387219692,27.564286292518844,82.26738387219692,83.59523225560613,12.200397664450035,-12.20039766,4.54748384,-16.74788151,LOSS,STOP_LOSS,2026-07-26T11:59:26.262812+00:00,2026-07-26T11:59:26.263239+00:00,2423.33165138
ETHUSDT,SHORT,2003.58,2013.5495646839593,1.2153648269512924,2013.5495646839593,1983.640870632081,12.116658256900037,-12.11665826,4.88227798,-16.99893624,LOSS,STOP_LOSS,2026-07-26T11:59:26.281369+00:00,2026-07-26T11:59:26.281842+00:00,2406.33271514
SOLUSDT,LONG,82.62,82.04177376586253,20.807882564594138,82.04177376586253,83.77645246827495,12.031663575700035,-12.03166358,3.42626285,-15.45792643,LOSS,STOP_LOSS,2026-07-26T11:59:26.300098+00:00,2026-07-26T11:59:26.300704+00:00,2390.87478871
BTCUSDT,SHORT,73368.4,72736.06492186237,0.037810250789054825,73684.56753906881,72736.06492186237,11.954373943550035,23.90874789,5.52424646,18.38450143,WIN,TAKE_PROFIT,2026-07-26T11:59:26.318842+00:00,2026-07-26T11:59:26.319686+00:00,2409.25929014
BTCUSDT,SHORT,72776.1,73072.03921786671,0.04070530610149144,73072.03921786671,72184.2215642666,12.046296450700035,-12.04629645,5.93679315,-17.9830896,LOSS,STOP_LOSS,2026-07-26T11:59:26.337937+00:00,2026-07-26T11:59:26.338505+00:00,2391.27620054
BTCUSDT,SHORT,72976.2,72406.10067962967,0.041944905301530035,73261.24966018516,72406.10067962967,11.956381002700036,23.91276201,6.09804683,17.81471517,WIN,TAKE_PROFIT,2026-07-26T11:59:26.357295+00:00,2026-07-26T11:59:26.357925+00:00,2409.09091571
ETHUSDT,SHORT,1980.73,1989.4311422751894,1.3843532489862744,1989.4311422751894,1963.3277154496216,12.045454578550036,-12.04545458,5.49610548,-17.54156005,LOSS,STOP_LOSS,2026-07-26T11:59:26.376013+00:00,2026-07-26T11:59:26.376445+00:00,2391.54935566
SOLUSDT,SHORT,81.0,80.02551877358553,24.54176941365561,81.48724061320723,80.02551877358553,11.957746778300036,23.91549356,3.95185115,19.96364241,WIN,TAKE_PROFIT,2026-07-26T11:59:26.394735+00:00,2026-07-26T11:59:26.395139+00:00,2411.51299807
ETHUSDT,SHORT,1970.61,1984.9450301134355,0.8411258919539364,1984.9450301134355,1941.9399397731288,12.057564990350036,-12.05756499,3.32711975,-15.38468474,LOSS,STOP_LOSS,2026-07-26T11:59:26.413458+00:00,2026-07-26T11:59:26.414207+00:00,2396.12831333
BTCUSDT,SHORT,71617.9,70728.81840567046,0.02695060080663328,72062.44079716476,70728.81840567046,11.980641566650036,23.96128313,3.83632958,20.12495355,WIN,TAKE_PROFIT,2026-07-26T11:59:26.432588+00:00,2026-07-26T11:59:26.434116+00:00,2416.25326688
BTCUSDT,SHORT,70615.2,70974.44269736586,0.033629817454844835,70974.44269736586,69896.71460526827,12.081266334400036,-12.08126633,4.76163384,-16.84290017,LOSS,STOP_LOSS,2026-07-26T11:59:26.452632+00:00,2026-07-26T11:59:26.453081+00:00,2399.41036671
BTCUSDT,SHORT,70881.6,69999.7837466046,0.02720986778675464,71322.5081266977,69999.7837466046,11.997051833550035,23.99410367,3.83336383,20.16073984,WIN,TAKE_PROFIT,2026-07-26T11:59:26.471571+00:00,2026-07-26T11:59:26.472453+00:00,2419.57110655
ETHUSDT,SHORT,1981.51,1956.8639447012556,0.9817275329546443,1993.8330276493723,1956.8639447012556,12.097855532750037,24.19571107,3.86641014,20.32930093,WIN,TAKE_PROFIT,2026-07-26T11:59:26.490811+00:00,2026-07-26T11:59:26.492263+00:00,2439.90040748
BTCUSDT,SHORT,67858.7,66890.09268229692,0.025189778797726797,68343.00365885154,66890.09268229692,12.199502037400036,24.39900407,3.39429228,21.00471179,WIN,TAKE_PROFIT,2026-07-26T11:59:26.510790+00:00,2026-07-26T11:59:26.511847+00:00,2460.90511927
BTCUSDT,SHORT,66950.0,67438.89598569635,0.025167982467322113,67438.89598569635,65972.20802860729,12.304525596350036,-12.3045256,3.38229738,-15.68682297,LOSS,STOP_LOSS,2026-07-26T11:59:26.530594+00:00,2026-07-26T11:59:26.531002+00:00,2445.2182963
BTCUSDT,SHORT,67286.7,67836.8217937892,0.022224335809871272,67836.8217937892,66186.45641242158,12.226091481500037,-12.22609148,3.00303052,-15.22912201,LOSS,STOP_LOSS,2026-07-26T11:59:26.549583+00:00,2026-07-26T11:59:26.550033+00:00,2429.98917429
ETHUSDT,SHORT,1908.69,1871.8877916377915,0.6602835216772791,1927.0911041811044,1871.8877916377915,12.149945871450036,24.29989174,2.49625322,21.80363852,WIN,TAKE_PROFIT,2026-07-26T11:59:26.568701+00:00,2026-07-26T11:59:26.569249+00:00,2451.79281281
BTCUSDT,SHORT,66354.2,66973.02082689076,0.019810199546199305,66973.02082689076,65116.55834621847,12.258964064050035,-12.25896406,2.64123885,-14.90020291,LOSS,STOP_LOSS,2026-07-26T11:59:26.588056+00:00,2026-07-26T11:59:26.588568+00:00,2436.8926099
BTCUSDT,SHORT,66747.9,65532.20760270652,0.02004530599455355,67355.74619864674,65532.20760270652,12.184463049500033,24.3689261,2.65159523,21.71733087,WIN,TAKE_PROFIT,2026-07-26T11:59:26.607228+00:00,2026-07-26T11:59:26.608183+00:00,2458.60994077
BTCUSDT,SHORT,65818.4,66415.41422055816,0.020590882562825718,66415.41422055816,64624.37155888367,12.293049703850034,-12.2930497,2.72281094,-15.01586064,LOSS,STOP_LOSS,2026-07-26T11:59:26.627497+00:00,2026-07-26T11:59:26.627801+00:00,2443.59408013
BTCUSDT,SHORT,66314.5,66954.93820480401,0.01907751647075628,66954.93820480401,65033.62359039199,12.217970400650033,-12.2179704,2.5424499,-14.7604203,LOSS,STOP_LOSS,2026-07-26T11:59:26.646807+00:00,2026-07-26T11:59:26.647179+00:00,2428.83365983
BTCUSDT,SHORT,66928.7,67379.30426560597,0.026950850726675656,67379.30426560597,66027.49146878804,12.144168299150033,-12.1441683,3.61971497,-15.76388327,LOSS,STOP_LOSS,2026-07-26T11:59:26.666248+00:00,2026-07-26T11:59:26.666816+00:00,2413.06977656
BTCUSDT,SHORT,67040.1,66293.25520365576,0.03231019066306446,67413.52239817212,66293.25520365576,12.065348882800032,24.13069777,4.30802613,19.82267164,WIN,TAKE_PROFIT,2026-07-26T11:59:26.685662+00:00,2026-07-26T11:59:26.686498+00:00,2432.8924482
BTCUSDT,SHORT,66579.7,65675.76491639623,0.026914459813869106,67031.66754180189,65675.76491639623,12.164462241000033,24.32892448,3.5595844,20.76934009,WIN,TAKE_PROFIT,2026-07-26T11:59:26.705527+00:00,2026-07-26T11:59:26.705963+00:00,2453.66178829
BTCUSDT,SHORT,65574.5,66107.61028507401,0.023012703534216417,66107.61028507401,64508.27942985196,12.268308941450032,-12.26830894,3.03036136,-15.29867031,LOSS,STOP_LOSS,2026-07-26T11:59:26.724831+00:00,2026-07-26T11:59:26.725240+00:00,2438.36311798
SOLUSDT,SHORT,73.66,71.92996763307812,14.094320803479578,74.52501618346093,71.92996763307812,12.191815589900031,24.38363118,2.05199171,22.33163947,WIN,TAKE_PROFIT,2026-07-26T11:59:26.744216+00:00,2026-07-26T11:59:26.744773+00:00,2460.69475745
ETHUSDT,SHORT,1814.84,1782.7843692214835,0.7676326117092511,1830.867815389258,1782.7843692214835,12.303473787250033,24.60694757,2.76165379,21.84529378,WIN,TAKE_PROFIT,2026-07-26T11:59:26.763875+00:00,2026-07-26T11:59:26.764495+00:00,2482.54005123
BTCUSDT,SHORT,64971.7,65496.98970019795,0.023630199205262277,65496.98970019795,63921.1205996041,12.41270025615003,-12.41270026,3.08300113,-15.49570138,LOSS,STOP_LOSS,2026-07-26T11:59:26.784740+00:00,2026-07-26T11:59:26.785032+00:00,2467.04434985
BTCUSDT,SHORT,65371.2,64260.42627106095,0.022210143124346285,65926.58686446951,64260.42627106095,12.335221749250032,24.6704435,2.87913697,21.79130653,WIN,TAKE_PROFIT,2026-07-26T11:59:26.803933+00:00,2026-07-26T11:59:26.804642+00:00,2488.83565638
ETHUSDT,SHORT,1815.72,1771.169859651333,0.5586594423499864,1837.9950701743337,1771.169859651333,12.444178281900031,24.88835656,2.00384989,22.88450668,WIN,TAKE_PROFIT,2026-07-26T11:59:26.823716+00:00,2026-07-26T11:59:26.824262+00:00,2511.72016306
ETHUSDT,SHORT,1773.04,1722.8137698771427,0.5000813632470812,1798.1531150614285,1722.8137698771427,12.55860081530003,25.11720163,1.74821132,23.36899031,WIN,TAKE_PROFIT,2026-07-26T11:59:26.843472+00:00,2026-07-26T11:59:26.843860+00:00,2535.08915337
ETHUSDT,SHORT,1744.9,1774.5493818476527,0.427511299627772,1774.5493818476527,1685.601236304695,12.67544576685003,-12.67544577,1.50460438,-14.18005015,LOSS,STOP_LOSS,2026-07-26T11:59:26.863110+00:00,2026-07-26T11:59:26.863460+00:00,2520.90910322
BTCUSDT,SHORT,63371.8,64223.87196066384,0.014792818092828664,64223.87196066384,61667.65607867233,12.604545516100028,-12.60454552,1.88749956,-14.49204508,LOSS,STOP_LOSS,2026-07-26T11:59:26.882853+00:00,2026-07-26T11:59:26.883287+00:00,2506.41705814
SOLUSDT,SHORT,70.85,68.67223983034151,11.509150975669945,71.93888008482924,68.67223983034151,12.53208529070003,25.06417058,1.60578252,23.45838806,WIN,TAKE_PROFIT,2026-07-26T11:59:26.903849+00:00,2026-07-26T11:59:26.904738+00:00,2529.8754462
ETHUSDT,SHORT,1766.93,1787.7274296057617,0.608218297683083,1787.7274296057617,1725.335140788477,12.649377231000027,-12.64937723,2.16200769,-14.81138492,LOSS,STOP_LOSS,2026-07-26T11:59:26.925639+00:00,2026-07-26T11:59:26.926895+00:00,2515.06406128
SOLUSDT,SHORT,69.26,67.26959791956213,12.635959769127242,70.25520104021894,67.26959791956213,12.575320306400029,25.15064061,1.72518251,23.42545811,WIN,TAKE_PROFIT,2026-07-26T11:59:26.947905+00:00,2026-07-26T11:59:26.949969+00:00,2538.48951939
BTCUSDT,SHORT,62585.5,63090.310970812345,0.0251429709947178,63090.310970812345,61575.87805837532,12.692447596950029,-12.6924476,3.15986327,-15.85231087,LOSS,STOP_LOSS,2026-07-26T11:59:26.969148+00:00,2026-07-26T11:59:26.969699+00:00,2522.63720852
ETHUSDT,SHORT,1735.69,1699.379179507847,0.6947342897594845,1753.8454102460767,1699.379179507847,12.613186042600027,25.22637209,2.38646035,22.83991174,WIN,TAKE_PROFIT,2026-07-26T11:59:26.989037+00:00,2026-07-26T11:59:26.989559+00:00,2545.47712026
BTCUSDT,SHORT,62858.7,61649.58654384707,0.021052425703366382,63463.25672807646,61649.58654384707,12.727385601300027,25.4547712,2.62120145,22.83356975,WIN,TAKE_PROFIT,2026-07-26T11:59:27.008714+00:00,2026-07-26T11:59:27.009109+00:00,2568.31069001
BTCUSDT,SHORT,61642.4,62384.838987457726,0.017296442760936337,62384.838987457726,60157.52202508456,12.841553450050029,-12.84155345,2.14523004,-14.98678349,LOSS,STOP_LOSS,2026-07-26T11:59:27.028672+00:00,2026-07-26T11:59:27.029098+00:00,2553.32390652
ETHUSDT,SHORT,1673.41,1614.3688041716691,0.4324648020246899,1702.9305979141654,1614.3688041716691,12.766619532600027,25.53323907,1.42184861,24.11139046,WIN,TAKE_PROFIT,2026-07-26T11:59:27.048546+00:00,2026-07-26T11:59:27.049840+00:00,2577.43529698
SOLUSDT,SHORT,64.28,65.43941196298461,11.115269547267134,65.43941196298461,61.96117607403078,12.887176484900028,-12.88717648,1.44186623,-14.32904271,LOSS,STOP_LOSS,2026-07-26T11:59:27.069103+00:00,2026-07-26T11:59:27.069510+00:00,2563.10625427
BTCUSDT,SHORT,60809.7,59157.895899122035,0.015517011084472239,61635.60205043898,59157.895899122035,12.815531271350029,25.63106254,1.86153852,23.76952403,WIN,TAKE_PROFIT,2026-07-26T11:59:27.088695+00:00,2026-07-26T11:59:27.089711+00:00,2586.8757783
SOLUSDT,SHORT,62.86,64.18288885355435,9.777373856275123,64.18288885355435,60.21422229289131,12.934378891500028,-12.93437889,1.24214582,-14.17652471,LOSS,STOP_LOSS,2026-07-26T11:59:27.109279+00:00,2026-07-26T11:59:27.109760+00:00,2572.69925359
SOLUSDT,SHORT,64.0,60.90765608785493,8.31957675692482,65.54617195607253,60.90765608785493,12.863496267950026,25.72699254,1.03917883,24.6878137,WIN,TAKE_PROFIT,2026-07-26T11:59:27.129087+00:00,2026-07-26T11:59:27.130986+00:00,2597.38706729
BTCUSDT,SHORT,59927.0,60502.16418782131,0.022579527048865372,60502.16418782131,58776.671624357376,12.986935336450026,-12.98693534,2.71923357,-15.70616891,LOSS,STOP_LOSS,2026-07-26T11:59:27.151525+00:00,2026-07-26T11:59:27.152033+00:00,2581.68089838
ETHUSDT,SHORT,1548.78,1576.1328897739534,0.4719210510690532,1576.1328897739534,1494.0742204520932,12.908404491900026,-12.90840449,1.47471218,-14.38311667,LOSS,STOP_LOSS,2026-07-26T11:59:27.171471+00:00,2026-07-26T11:59:27.171830+00:00,2567.29778171
ETHUSDT,SHORT,1559.49,1583.8719333073016,0.5264754335418487,1583.8719333073016,1510.726133385397,12.836488908550026,-12.83648891,1.65490284,-14.49139175,LOSS,STOP_LOSS,2026-07-26T11:59:27.191589+00:00,2026-07-26T11:59:27.192111+00:00,2552.80638996
SOLUSDT,SHORT,62.66,63.57977772157774,13.87730062422601,63.57977772157774,60.82044455684451,12.764031949800026,-12.76403195,1.75186735,-14.5158993,LOSS,STOP_LOSS,2026-07-26T11:59:27.211517+00:00,2026-07-26T11:59:27.214173+00:00,2538.29049066
BTCUSDT,LONG,61452.5,62160.18753110729,0.035867390325338394,61098.65623444636,62160.18753110729,12.691452453300025,25.38290491,4.43366451,20.94924039,WIN,TAKE_PROFIT,2026-07-26T11:59:27.233620+00:00,2026-07-26T11:59:27.234772+00:00,2559.23973105
BTCUSDT,LONG,62104.2,62823.371489538855,0.03558594533121738,61744.61425523057,62823.371489538855,12.796198655250025,25.59239731,4.44566573,21.14673158,WIN,TAKE_PROFIT,2026-07-26T11:59:27.254125+00:00,2026-07-26T11:59:27.254762+00:00,2580.38646263
SOLUSDT,SHORT,64.28,64.92195507568789,20.097874137570944,64.92195507568789,62.99608984862422,12.901932313150025,-12.90193231,2.59668463,-15.49861694,LOSS,STOP_LOSS,2026-07-26T11:59:27.274108+00:00,2026-07-26T11:59:27.274536+00:00,2564.88784569
ETHUSDT,LONG,1629.85,1616.703069164426,0.9754701982419168,1616.703069164426,1656.1438616711478,12.824439228450025,-12.82443923,3.16691577,-15.99135499,LOSS,STOP_LOSS,2026-07-26T11:59:27.293947+00:00,2026-07-26T11:59:27.295058+00:00,2548.8964907
BTCUSDT,SHORT,61303.8,61682.149091120154,0.03368445372967137,61682.149091120154,60547.10181775969,12.744482453500025,-12.74448245,4.14271451,-16.88719697,LOSS,STOP_LOSS,2026-07-26T11:59:27.314397+00:00,2026-07-26T11:59:27.314710+00:00,2532.00929373
BTCUSDT,SHORT,61555.7,61960.092013183,0.03130637118424235,61960.092013183,60746.91597363399,12.660046468650025,-12.66004647,3.86683123,-16.5268777,LOSS,STOP_LOSS,2026-07-26T11:59:27.333895+00:00,2026-07-26T11:59:27.334267+00:00,2515.48241603
BTCUSDT,SHORT,61755.0,62145.154583141244,0.0322369968818149,62145.154583141244,60974.69083371751,12.577412080150024,-12.57741208,3.9941689,-16.57158098,LOSS,STOP_LOSS,2026-07-26T11:59:27.354059+00:00,2026-07-26T11:59:27.354610+00:00,2498.91083505
BTCUSDT,LONG,63133.3,62421.91744928524,0.017563762511037282,62421.91744928524,64556.06510142953,12.494554175250025,-12.49455418,2.20522202,-14.6997762,LOSS,STOP_LOSS,2026-07-26T11:59:27.374368+00:00,2026-07-26T11:59:27.375856+00:00,2484.21105885
BTCUSDT,LONG,63040.1,63976.88952689563,0.02651834790555643,62571.70523655218,63976.88952689563,12.421055294250024,24.84211059,3.36828072,21.47382987,WIN,TAKE_PROFIT,2026-07-26T11:59:27.395408+00:00,2026-07-26T11:59:27.396960+00:00,2505.68488872
BTCUSDT,LONG,63933.7,63426.62907494102,0.024707439974285157,63426.62907494102,64947.84185011796,12.528424443600024,-12.52842444,3.14674769,-15.67517213,LOSS,STOP_LOSS,2026-07-26T11:59:27.416541+00:00,2026-07-26T11:59:27.417166+00:00,2490.00971659
BTCUSDT,LONG,63691.7,63328.11092197823,0.03424208628787423,63328.11092197823,64418.87815604353,12.450048582950023,-12.45004858,4.34942333,-16.79947191,LOSS,STOP_LOSS,2026-07-26T11:59:27.436610+00:00,2026-07-26T11:59:27.436986+00:00,2473.21024468
ETHUSDT,LONG,1694.2,1679.719537266363,0.8539817719135807,1679.719537266363,1723.1609254672744,12.366051223400023,-12.36605122,2.88126578,-15.24731701,LOSS,STOP_LOSS,2026-07-26T11:59:27.456420+00:00,2026-07-26T11:59:27.457001+00:00,2457.96292767
BTCUSDT,SHORT,62698.3,63085.887667448864,0.0317084769988753,63085.887667448864,61923.124665102274,12.289814638350022,-12.28981464,3.98842502,-16.27823966,LOSS,STOP_LOSS,2026-07-26T11:59:27.476480+00:00,2026-07-26T11:59:27.477369+00:00,2441.68468801
BTCUSDT,SHORT,62999.9,62346.90502295551,0.037392089891123685,63326.39748852225,62346.90502295551,12.208423440050021,24.41684688,4.686979,19.72986788,WIN,TAKE_PROFIT,2026-07-26T11:59:27.496967+00:00,2026-07-26T11:59:27.498238+00:00,2461.41455589
BTCUSDT,SHORT,62314.4,61702.57320404268,0.040230577871939344,62620.31339797866,61702.57320404268,12.30707277945002,24.61414556,4.9892745,19.62487106,WIN,TAKE_PROFIT,2026-07-26T11:59:27.517892+00:00,2026-07-26T11:59:27.518280+00:00,2481.03942695
BTCUSDT,SHORT,61572.2,60795.03561226215,0.03192425522960173,61960.782193868916,60795.03561226215,12.405197134750019,24.81039427,3.90648286,20.90391141,WIN,TAKE_PROFIT,2026-07-26T11:59:27.537942+00:00,2026-07-26T11:59:27.538687+00:00,2501.94333836
BTCUSDT,SHORT,61217.2,61688.639347818294,0.026535156112216574,61688.639347818294,60274.32130436341,12.509716691800019,-12.50971669,3.26132563,-15.77104233,LOSS,STOP_LOSS,2026-07-26T11:59:27.558447+00:00,2026-07-26T11:59:27.558897+00:00,2486.17229603
ETHUSDT,SHORT,1644.15,1660.8779418096565,0.7431196032122835,1660.8779418096565,1610.6941163806873,12.43086148015002,-12.43086148,2.45603105,-14.88689253,LOSS,STOP_LOSS,2026-07-26T11:59:27.578481+00:00,2026-07-26T11:59:27.579250+00:00,2471.2854035
BTCUSDT,SHORT,61777.0,60985.56158266156,0.031225239378836124,62172.71920866922,60985.56158266156,12.356427017500021,24.71285403,3.83329037,20.87956366,WIN,TAKE_PROFIT,2026-07-26T11:59:27.599249+00:00,2026-07-26T11:59:27.601394+00:00,2492.16496716
BTCUSDT,SHORT,61176.6,61527.24064247706,0.035537308931936226,61527.24064247706,60475.31871504587,12.46082483580002,-12.46082484,4.36056429,-16.82138913,LOSS,STOP_LOSS,2026-07-26T11:59:27.621713+00:00,2026-07-26T11:59:27.622531+00:00,2475.34357803
BTCUSDT,LONG,62604.8,62052.74795028851,0.022419476382015486,62052.74795028851,63708.90409942299,12.376717890150019,-12.37671789,2.79475695,-15.17147484,LOSS,STOP_LOSS,2026-07-26T11:59:27.642609+00:00,2026-07-26T11:59:27.643131+00:00,2460.17210319
ETHUSDT,SHORT,1627.14,1644.846184142717,0.6947211447029766,1644.846184142717,1591.727631714566,12.300860515950019,-12.30086052,2.27311799,-14.5739785,LOSS,STOP_LOSS,2026-07-26T11:59:27.663380+00:00,2026-07-26T11:59:27.664986+00:00,2445.59812469
ETHUSDT,LONG,1640.08,1664.4580070095187,1.003198548484734,1627.8909964952404,1664.4580070095187,12.227990623450019,24.45598125,3.31510773,21.14087351,WIN,TAKE_PROFIT,2026-07-26T11:59:27.684912+00:00,2026-07-26T11:59:27.686550+00:00,2466.7389982
ETHUSDT,LONG,1665.76,1657.326624344484,1.4624861377938063,1657.326624344484,1682.6267513110322,12.333694991000018,-12.33369499,4.85996812,-17.19366311,LOSS,STOP_LOSS,2026-07-26T11:59:27.707274+00:00,2026-07-26T11:59:27.707697+00:00,2449.54533509
BTCUSDT,LONG,62978.3,62655.94773846086,0.03799485264030914,62655.94773846086,63623.004523078285,12.247726675450018,-12.24772668,4.77345473,-17.0211814,LOSS,STOP_LOSS,2026-07-26T11:59:27.727762+00:00,2026-07-26T11:59:27.728114+00:00,2432.52415369
BTCUSDT,LONG,62940.0,62609.570437827446,0.03680851279916205,62609.570437827446,63600.85912434511,12.162620768450017,-12.16262077,4.62129297,-16.78391374,LOSS,STOP_LOSS,2026-07-26T11:59:27.748070+00:00,2026-07-26T11:59:27.748632+00:00,2415.74023995
SOLUSDT,LONG,65.53,66.71327573601205,20.415699962645135,64.93836213199398,66.71327573601205,12.078701199750016,24.1574024,2.69983904,21.45756336,WIN,TAKE_PROFIT,2026-07-26T11:59:27.769523+00:00,2026-07-26T11:59:27.770755+00:00,2437.19780331
BTCUSDT,LONG,63302.4,62874.14349483968,0.02845488362631641,62874.14349483968,64158.91301032065,12.185989016550018,-12.18598902,3.59033886,-15.77632788,LOSS,STOP_LOSS,2026-07-26T11:59:27.794330+00:00,2026-07-26T11:59:27.796771+00:00,2421.42147543
ETHUSDT,SHORT,1653.94,1662.7334925159212,1.3768258010374599,1662.7334925159212,1636.3530149681578,12.107107377150019,-12.10710738,4.56648164,-16.67358902,LOSS,STOP_LOSS,2026-07-26T11:59:27.817639+00:00,2026-07-26T11:59:27.818593+00:00,2404.74788641
SOLUSDT,LONG,66.91,66.484680357357,28.269889811185323,66.484680357357,67.76063928528598,12.02373943205002,-12.02373943,3.77105292,-15.79479235,LOSS,STOP_LOSS,2026-07-26T11:59:27.839163+00:00,2026-07-26T11:59:27.840229+00:00,2388.95309406
ETHUSDT,SHORT,1656.77,1665.3941932119928,1.385029900963908,1665.3941932119928,1639.5216135760143,11.94476547030002,-11.94476547,4.60129674,-16.54606221,LOSS,STOP_LOSS,2026-07-26T11:59:27.860714+00:00,2026-07-26T11:59:27.861010+00:00,2372.40703185
ETHUSDT,SHORT,1665.53,1674.9256794111361,1.2624989253241856,1674.9256794111361,1646.7386411777277,11.86203515925002,-11.86203516,4.21732171,-16.07935686,LOSS,STOP_LOSS,2026-07-26T11:59:27.883913+00:00,2026-07-26T11:59:27.884285+00:00,2356.32767499
SOLUSDT,LONG,67.18,68.19178028567563,23.288926542154854,66.6741098571622,68.19178028567563,11.781638374950019,23.56327675,3.15266345,20.4106133,WIN,TAKE_PROFIT,2026-07-26T11:59:27.905434+00:00,2026-07-26T11:59:27.905788+00:00,2376.73828829
ETHUSDT,SHORT,1658.98,1672.2329255432135,0.89668438886955,1672.2329255432135,1632.4741489135731,11.883691441450019,-11.88369144,2.98704663,-14.87073807,LOSS,STOP_LOSS,2026-07-26T11:59:27.926109+00:00,2026-07-26T11:59:27.926407+00:00,2361.86755022
BTCUSDT,LONG,63827.6,63388.932082503605,0.026920905952045375,63388.932082503605,64704.935834992786,11.80933775110002,-11.80933775,3.4247843,-15.23412205,LOSS,STOP_LOSS,2026-07-26T11:59:27.946439+00:00,2026-07-26T11:59:27.947526+00:00,2346.63342817
ETHUSDT,SHORT,1661.73,1668.765303141584,1.6677557320164642,1668.765303141584,1647.6593937168323,11.73316714085002,-11.73316714,5.55445263,-17.28761977,LOSS,STOP_LOSS,2026-07-26T11:59:27.968016+00:00,2026-07-26T11:59:27.968730+00:00,2329.3458084
BTCUSDT,LONG,63801.0,63609.05901140445,0.0606786967558119,63609.05901140445,64184.88197719109,11.646729042000018,-11.64672904,7.73107633,-19.37780538,LOSS,STOP_LOSS,2026-07-26T11:59:27.989213+00:00,2026-07-26T11:59:27.989596+00:00,2309.96800302
ETHUSDT,SHORT,1663.89,1669.6695088264548,1.9984120384473765,1669.6695088264548,1652.3309823470906,11.549840015100017,-11.54984002,6.66182545,-18.21166547,LOSS,STOP_LOSS,2026-07-26T11:59:28.009615+00:00,2026-07-26T11:59:28.010535+00:00,2291.75633755
ETHUSDT,LONG,1676.5,1685.4333527511476,2.5653933090860943,1672.0333236244262,1685.4333527511476,11.458781687750017,22.91756338,8.62468133,14.29288205,WIN,TAKE_PROFIT,2026-07-26T11:59:28.030968+00:00,2026-07-26T11:59:28.031898+00:00,2306.0492196
ETHUSDT,LONG,1681.44,1676.3635328463974,2.271313050812772,1676.3635328463974,1691.5929343072053,11.530246098000019,-11.5302461,7.62662299,-19.15686908,LOSS,STOP_LOSS,2026-07-26T11:59:28.052229+00:00,2026-07-26T11:59:28.052510+00:00,2286.89235052
BTCUSDT,LONG,64255.6,64644.698483001965,0.058774126613812615,64061.05075849901,64644.698483001965,11.434461752600019,22.86892351,7.57600246,15.29292104,WIN,TAKE_PROFIT,2026-07-26T11:59:28.072772+00:00,2026-07-26T11:59:28.073388+00:00,2302.18527156
ETHUSDT,LONG,1687.13,1680.4450282810687,1.7219110030341747,1680.4450282810687,1700.4999434378626,11.510926357800017,-11.51092636,5.79866449,-17.30959085,LOSS,STOP_LOSS,2026-07-26T11:59:28.093779+00:00,2026-07-26T11:59:28.094242+00:00,2284.87568071
ETHUSDT,LONG,1685.99,1680.1867761059596,1.9686261657562705,1680.1867761059596,1697.596447788081,11.424378403550017,-11.4243784,6.62674368,-18.05112208,LOSS,STOP_LOSS,2026-07-26T11:59:28.114521+00:00,2026-07-26T11:59:28.115156+00:00,2266.82455863
SOLUSDT,LONG,68.83,68.48256916326238,32.62267362211596,68.48256916326238,69.52486167347524,11.334122793150017,-11.33412279,4.47950313,-15.81362592,LOSS,STOP_LOSS,2026-07-26T11:59:28.135744+00:00,2026-07-26T11:59:28.136110+00:00,2251.01093271
ETHUSDT,SHORT,1675.56,1666.0539683199052,2.367981728299418,1680.3130158400475,1666.0539683199052,11.255054663550018,22.51010933,7.91288082,14.59722851,WIN,TAKE_PROFIT,2026-07-26T11:59:28.156550+00:00,2026-07-26T11:59:28.157696+00:00,2265.60816122
ETHUSDT,SHORT,1667.76,1658.2466597907328,2.3815065070552484,1672.5166701046335,1658.2466597907328,11.328040806100018,22.65608161,7.9209065,14.73517511,WIN,TAKE_PROFIT,2026-07-26T11:59:28.178012+00:00,2026-07-26T11:59:28.178708+00:00,2280.34333633
ETHUSDT,SHORT,1655.29,1661.4907229425592,1.8387721540327886,1661.4907229425592,1642.8885541148816,11.401716681650019,-11.40171668,6.09880403,-17.50052072,LOSS,STOP_LOSS,2026-07-26T11:59:28.199374+00:00,2026-07-26T11:59:28.199707+00:00,2262.84281561
ETHUSDT,SHORT,1661.87,1668.1216692719004,1.8097908871962072,1668.1216692719004,1649.366661456199,11.314214078050018,-11.31421408,6.02658858,-17.34080266,LOSS,STOP_LOSS,2026-07-26T11:59:28.220196+00:00,2026-07-26T11:59:28.221413+00:00,2245.50201295
BTCUSDT,LONG,64076.0,64427.72232912214,0.06384303261480516,63900.13883543893,64427.72232912214,11.227510064750017,22.45502013,8.20406734,14.25095279,WIN,TAKE_PROFIT,2026-07-26T11:59:28.242019+00:00,2026-07-26T11:59:28.242316+00:00,2259.75296574
SOLUSDT,LONG,70.21,69.65085163528553,20.207096258736083,69.65085163528553,71.32829672942891,11.298764828700019,-11.29876483,2.82618169,-14.12494652,LOSS,STOP_LOSS,2026-07-26T11:59:28.262782+00:00,2026-07-26T11:59:28.263074+00:00,2245.62801922
SOLUSDT,LONG,70.13,71.3856742207831,17.883842656413787,69.50216288960844,71.3856742207831,11.228140096100018,22.45628019,2.53084405,19.92543614,WIN,TAKE_PROFIT,2026-07-26T11:59:28.284063+00:00,2026-07-26T11:59:28.284694+00:00,2265.55345536
SOLUSDT,LONG,71.64,70.95319389975863,16.4933993347161,70.95319389975863,73.01361220048274,11.327767276800019,-11.32776728,2.35184649,-13.67961377,LOSS,STOP_LOSS,2026-07-26T11:59:28.305131+00:00,2026-07-26T11:59:28.305523+00:00,2251.87384159
BTCUSDT,LONG,65507.9,66306.8793493897,0.028184381026995442,65108.41032530516,66306.8793493897,11.25936920795002,22.51873842,3.71511797,18.80362045,WIN,TAKE_PROFIT,2026-07-26T11:59:28.326002+00:00,2026-07-26T11:59:28.328006+00:00,2270.67746204
BTCUSDT,LONG,66222.0,66744.44932715202,0.04346215688357646,65960.77533642399,66744.44932715202,11.353387310200018,22.70677462,5.77900868,16.92776594,WIN,TAKE_PROFIT,2026-07-26T11:59:28.348931+00:00,2026-07-26T11:59:28.349541+00:00,2287.60522798
BTCUSDT,LONG,66801.8,66503.84378454133,0.038388278365974915,66503.84378454133,67397.71243091735,11.43802613990002,-11.43802614,5.11737416,-16.5554003,LOSS,STOP_LOSS,2026-07-26T11:59:28.370219+00:00,2026-07-26T11:59:28.370526+00:00,2271.04982768
BTCUSDT,LONG,66541.3,67190.09011442326,0.03500438396319989,66216.90494278837,67190.09011442326,11.355249138400017,22.71049828,4.68118493,18.02931335,WIN,TAKE_PROFIT,2026-07-26T11:59:28.391435+00:00,2026-07-26T11:59:28.392078+00:00,2289.07914103
BTCUSDT,LONG,67248.5,66927.21897358457,0.03562425031085063,66927.21897358457,67891.06205283085,11.445395705150018,-11.44539571,4.7799094,-16.2253051,LOSS,STOP_LOSS,2026-07-26T11:59:28.416184+00:00,2026-07-26T11:59:28.416683+00:00,2272.85383593
BTCUSDT,LONG,66869.8,66548.48625379146,0.03536813881680115,66548.48625379146,67512.42749241707,11.364269179650018,-11.36426918,4.71875647,-16.08302565,LOSS,STOP_LOSS,2026-07-26T11:59:28.437224+00:00,2026-07-26T11:59:28.437829+00:00,2256.77081028
SOLUSDT,LONG,74.89,74.0915743430582,14.132629573328526,74.0915743430582,76.48685131388362,11.28385405140002,-11.28385405,2.1055014,-13.38935545,LOSS,STOP_LOSS,2026-07-26T11:59:28.459486+00:00,2026-07-26T11:59:28.460215+00:00,2243.38145483
BTCUSDT,SHORT,66028.2,66283.60296026825,0.04391847010061524,66283.60296026825,65517.394079463484,11.216907274150019,-11.21690727,5.81093196,-17.02783924,LOSS,STOP_LOSS,2026-07-26T11:59:28.480750+00:00,2026-07-26T11:59:28.481757+00:00,2226.35361559
BTCUSDT,LONG,66306.6,66822.77859651738,0.04313145935556137,66048.51070174131,66822.77859651738,11.131768077950019,22.26353616,5.74206438,16.52147177,WIN,TAKE_PROFIT,2026-07-26T11:59:28.502282+00:00,2026-07-26T11:59:28.503023+00:00,2242.87508736
BTCUSDT,LONG,66863.9,66583.0865320474,0.039935319052050534,66583.0865320474,67425.5269359052,11.214375436800019,-11.21437544,5.32924798,-16.54362342,LOSS,STOP_LOSS,2026-07-26T11:59:28.523678+00:00,2026-07-26T11:59:28.524027+00:00,2226.33146394
SOLUSDT,LONG,74.9,74.35703663834113,20.501673051548597,74.35703663834113,75.98592672331776,11.131657319700018,-11.13165732,3.06001897,-14.19167629,LOSS,STOP_LOSS,2026-07-26T11:59:28.547433+00:00,2026-07-26T11:59:28.548053+00:00,2212.13978765
ETHUSDT,LONG,1795.11,1817.0703142542793,1.0073352148040966,1784.12984287286,1817.0703142542793,11.060698938250018,22.12139788,3.63867643,18.48272144,WIN,TAKE_PROFIT,2026-07-26T11:59:28.568656+00:00,2026-07-26T11:59:28.569061+00:00,2230.62250909
BTCUSDT,LONG,66552.5,66293.61992147475,0.04308215838385624,66293.61992147475,67070.2601570505,11.15311254545002,-11.15311255,5.72329758,-16.87641012,LOSS,STOP_LOSS,2026-07-26T11:59:28.589793+00:00,2026-07-26T11:59:28.590126+00:00,2213.74609897
ETHUSDT,LONG,1802.02,1786.2043771883564,0.699860550967433,1786.2043771883564,1833.6512456232872,11.06873049485002,-11.06873049,2.51125669,-13.57998718,LOSS,STOP_LOSS,2026-07-26T11:59:28.610774+00:00,2026-07-26T11:59:28.611232+00:00,2200.16611179
ETHUSDT,LONG,1794.24,1779.3187814529053,0.737260869427583,1779.3187814529053,1824.0824370941893,11.00083055895002,-11.00083056,2.63464505,-13.63547561,LOSS,STOP_LOSS,2026-07-26T11:59:28.631822+00:00,2026-07-26T11:59:28.633255+00:00,2186.53063618
BTCUSDT,SHORT,65556.9,65792.87355857264,0.04632999242385109,65792.87355857264,65084.9528828547,10.93265318090002,-10.93265318,6.08543401,-17.01808719,LOSS,STOP_LOSS,2026-07-26T11:59:28.656882+00:00,2026-07-26T11:59:28.657259+00:00,2169.51254899
ETHUSDT,LONG,1796.95,1786.213725214226,1.0103656027250356,1786.213725214226,1818.4225495715477,10.847562744950018,-10.84756274,3.62030538,-14.46786812,LOSS,STOP_LOSS,2026-07-26T11:59:28.678936+00:00,2026-07-26T11:59:28.679951+00:00,2155.04468087
BTCUSDT,SHORT,65606.6,65148.72805102458,0.047066536521669276,65835.53597448772,65148.72805102458,10.77522340435002,21.55044681,6.15420042,15.39624639,WIN,TAKE_PROFIT,2026-07-26T11:59:28.701147+00:00,2026-07-26T11:59:28.701744+00:00,2170.44092726
ETHUSDT,SHORT,1760.14,1773.020982168924,0.842498226764216,1773.020982168924,1734.378035662152,10.852204636300021,-10.85220464,2.97668186,-13.8288865,LOSS,STOP_LOSS,2026-07-26T11:59:28.722316+00:00,2026-07-26T11:59:28.722989+00:00,2156.61204076
BTCUSDT,LONG,65712.7,65332.21283473398,0.02834014176604629,65332.21283473398,66473.67433053203,10.783060203800021,-10.7830602,3.71383141,-14.49689161,LOSS,STOP_LOSS,2026-07-26T11:59:28.745774+00:00,2026-07-26T11:59:28.746498+00:00,2142.11514915
ETHUSDT,SHORT,1764.15,1783.3630080240657,0.5574648036546007,1783.3630080240657,1725.7239839518688,10.71057574575002,-10.71057575,1.97761364,-12.68818939,LOSS,STOP_LOSS,2026-07-26T11:59:28.770605+00:00,2026-07-26T11:59:28.771054+00:00,2129.42695976
BTCUSDT,LONG,66006.1,65445.08482851348,0.01897833666527804,65445.08482851348,67128.13034297306,10.647134798800021,-10.6471348,2.49472484,-13.14185964,LOSS,STOP_LOSS,2026-07-26T11:59:28.794502+00:00,2026-07-26T11:59:28.794856+00:00,2116.28510012
SOLUSDT,LONG,73.45,72.4504869729123,10.586580878721795,72.4504869729123,75.4490260541754,10.581425500600021,-10.5814255,1.54458731,-12.12601281,LOSS,STOP_LOSS,2026-07-26T11:59:28.817553+00:00,2026-07-26T11:59:28.817945+00:00,2104.15908731
ETHUSDT,SHORT,1740.0,1692.7940026541046,0.44573978003092957,1763.6029986729477,1692.7940026541046,10.520795436550022,21.04159087,1.53013284,19.51145803,WIN,TAKE_PROFIT,2026-07-26T11:59:28.842299+00:00,2026-07-26T11:59:28.845912+00:00,2123.67054534
BTCUSDT,SHORT,62664.2,63126.57192239109,0.022964960051615142,63126.57192239109,61739.456155217806,10.618352726700023,-10.61835273,2.88878005,-13.50713278,LOSS,STOP_LOSS,2026-07-26T11:59:28.868973+00:00,2026-07-26T11:59:28.869833+00:00,2110.16341256
BTCUSDT,SHORT,62895.1,63242.564046048865,0.03036520521411336,63242.564046048865,62200.17190790226,10.550817062800022,-10.55081706,3.83019605,-14.38101312,LOSS,STOP_LOSS,2026-07-26T11:59:28.893322+00:00,2026-07-26T11:59:28.896289+00:00,2095.78239944
ETHUSDT,LONG,1708.02,1696.8543117111951,0.938492256469908,1696.8543117111951,1730.3513765776095,10.478911997200022,-10.478912,3.19544818,-13.67436017,LOSS,STOP_LOSS,2026-07-26T11:59:28.919375+00:00,2026-07-26T11:59:28.919881+00:00,2082.10803927
ETHUSDT,SHORT,1695.82,1706.3635776421565,0.9873821343834398,1706.3635776421565,1674.732844715687,10.410540196350023,-10.4105402,3.35925528,-13.76979548,LOSS,STOP_LOSS,2026-07-26T11:59:28.943107+00:00,2026-07-26T11:59:28.944219+00:00,2068.33824379
ETHUSDT,LONG,1708.0,1700.00441115956,1.293424590149501,1700.00441115956,1723.99117768088,10.341691218950023,-10.34169122,4.40799671,-14.74968793,LOSS,STOP_LOSS,2026-07-26T11:59:28.968848+00:00,2026-07-26T11:59:28.969409+00:00,2053.58855586
BTCUSDT,LONG,63233.6,63656.83441587419,0.048521303533842236,63021.9827920629,63656.83441587419,10.267942779300022,20.53588556,6.15688928,14.37899627,WIN,TAKE_PROFIT,2026-07-26T11:59:28.992534+00:00,2026-07-26T11:59:28.993195+00:00,2067.96755213
ETHUSDT,SHORT,1703.77,1710.2723465550296,1.5901702059623357,1710.2723465550296,1690.7653068899406,10.33983776065002,-10.33983776,5.42890842,-15.76874618,LOSS,STOP_LOSS,2026-07-26T11:59:29.014906+00:00,2026-07-26T11:59:29.015528+00:00,2052.19880595
ETHUSDT,LONG,1714.19,1725.7308143690975,1.77820970021416,1708.4195928154513,1725.7308143690975,10.26099402975002,20.52198806,6.11690056,14.4050875,WIN,TAKE_PROFIT,2026-07-26T11:59:29.038821+00:00,2026-07-26T11:59:29.039115+00:00,2066.60389345
BTCUSDT,LONG,63609.6,63406.197382105915,0.05080081846650864,63406.197382105915,64016.40523578817,10.333019467250018,-10.33301947,6.45250647,-16.78552593,LOSS,STOP_LOSS,2026-07-26T11:59:29.062442+00:00,2026-07-26T11:59:29.063231+00:00,2049.81836752
BTCUSDT,SHORT,63390.8,63567.2340228965,0.05809022358240265,63567.2340228965,63037.931954207015,10.24909183760002,-10.24909184,7.37502058,-17.62411242,LOSS,STOP_LOSS,2026-07-26T11:59:29.086445+00:00,2026-07-26T11:59:29.086881+00:00,2032.1942551
SOLUSDT,LONG,71.74,71.30884033732502,23.56660920564808,71.30884033732502,72.60231932534992,10.16097127550002,-10.16097128,3.37117612,-13.53214739,LOSS,STOP_LOSS,2026-07-26T11:59:29.110058+00:00,2026-07-26T11:59:29.110573+00:00,2018.66210771
ETHUSDT,SHORT,1716.56,1723.0077265199297,1.565406117544178,1723.0077265199297,1703.6645469601403,10.09331053855002,-10.09331054,5.38432036,-15.4776309,LOSS,STOP_LOSS,2026-07-26T11:59:29.133012+00:00,2026-07-26T11:59:29.133466+00:00,2003.18447681
SOLUSDT,LONG,71.89,71.29923705830907,16.954215772881092,71.29923705830907,73.07152588338187,10.01592238405002,-10.01592238,2.42766122,-12.44358361,LOSS,STOP_LOSS,2026-07-26T11:59:29.160069+00:00,2026-07-26T11:59:29.161566+00:00,1990.7408932
SOLUSDT,LONG,71.64,71.04616560103044,16.761751227736045,71.04616560103044,72.82766879793913,9.95370446600002,-9.95370447,2.39167001,-12.34537448,LOSS,STOP_LOSS,2026-07-26T11:59:29.185227+00:00,2026-07-26T11:59:29.185666+00:00,1978.39551872
SOLUSDT,LONG,71.63,72.7645015488212,17.43845586438943,71.0627492255894,72.7645015488212,9.89197759360002,19.78395519,2.51801714,17.26593804,WIN,TAKE_PROFIT,2026-07-26T11:59:29.208698+00:00,2026-07-26T11:59:29.209650+00:00,1995.66145676
SOLUSDT,LONG,73.35,72.84968542400783,19.94406671844875,72.84968542400783,74.35062915198431,9.97830728380002,-9.97830728,2.91581628,-12.89412356,LOSS,STOP_LOSS,2026-07-26T11:59:29.234797+00:00,2026-07-26T11:59:29.235859+00:00,1982.7673332
SOLUSDT,LONG,73.09,74.03136888721102,21.06259682189328,72.6193155563945,74.03136888721102,9.91383666600002,19.82767333,3.09875808,16.72891526,WIN,TAKE_PROFIT,2026-07-26T11:59:29.258572+00:00,2026-07-26T11:59:29.260514+00:00,1999.49624846
SOLUSDT,LONG,74.01,73.58560304878667,23.556911079868772,73.58560304878667,74.85879390242668,9.997481242300019,-9.99748124,3.4768965,-13.47437774,LOSS,STOP_LOSS,2026-07-26T11:59:29.283069+00:00,2026-07-26T11:59:29.283626+00:00,1986.02187072
ETHUSDT,SHORT,1726.76,1733.2697136764295,1.5254295115244554,1733.2697136764295,1713.7405726471409,9.93010935360002,-9.93010935,5.27803144,-15.20814079,LOSS,STOP_LOSS,2026-07-26T11:59:29.307872+00:00,2026-07-26T11:59:29.309391+00:00,1970.81372993
SOLUSDT,LONG,74.27,73.748220223488,18.885493637800153,73.748220223488,75.31355955302398,9.85406864965002,-9.85406865,2.79539716,-12.64946581,LOSS,STOP_LOSS,2026-07-26T11:59:29.331016+00:00,2026-07-26T11:59:29.331701+00:00,1958.16426412
BTCUSDT,SHORT,63824.8,63427.13258231059,0.04924125480275963,64023.63370884471,63427.13258231059,9.79082132060002,19.58164264,6.26604484,13.3155978,WIN,TAKE_PROFIT,2026-07-26T11:59:29.356169+00:00,2026-07-26T11:59:29.359870+00:00,1971.47986192
BTCUSDT,SHORT,63295.1,63579.07520632869,0.03471218292976761,63579.07520632869,62727.14958734262,9.85739930960002,-9.85739931,4.40407958,-14.26147889,LOSS,STOP_LOSS,2026-07-26T11:59:29.383268+00:00,2026-07-26T11:59:29.383761+00:00,1957.21838303
BTCUSDT,SHORT,63698.9,63996.07111089801,0.03293083195596582,63996.07111089801,63104.55777820398,9.786091915150019,-9.78609192,4.20510164,-13.99119355,LOSS,STOP_LOSS,2026-07-26T11:59:29.405506+00:00,2026-07-26T11:59:29.405746+00:00,1943.22718948
ETHUSDT,LONG,1726.19,1749.4362757501556,0.8359305423222498,1714.5668621249224,1749.4362757501556,9.71613594740002,19.43227189,2.90538216,16.52688974,WIN,TAKE_PROFIT,2026-07-26T11:59:29.428059+00:00,2026-07-26T11:59:29.428455+00:00,1959.75407922
ETHUSDT,LONG,1743.74,1728.9997762713026,0.6647640209844976,1728.9997762713026,1773.2204474573948,9.79877039610002,-9.7987704,2.30855246,-12.10732285,LOSS,STOP_LOSS,2026-07-26T11:59:29.450560+00:00,2026-07-26T11:59:29.451123+00:00,1947.64675637
ETHUSDT,LONG,1730.95,1757.098575952274,0.7448385563805942,1717.8757120238631,1757.098575952274,9.73823378185002,19.47646756,2.59803307,16.8784345,WIN,TAKE_PROFIT,2026-07-26T11:59:29.473144+00:00,2026-07-26T11:59:29.474976+00:00,1964.52519087
SOLUSDT,LONG,74.17,73.65965809848419,19.247147696818335,73.65965809848419,75.19068380303163,9.82262595435002,-9.82262595,2.84529926,-12.66792522,LOSS,STOP_LOSS,2026-07-26T11:59:29.497291+00:00,2026-07-26T11:59:29.498052+00:00,1951.85726565
SOLUSDT,SHORT,73.09,71.82676158717427,15.451218438520357,73.72161920641287,71.82676158717427,9.75928632825002,19.51857266,2.23914054,17.27943212,WIN,TAKE_PROFIT,2026-07-26T11:59:29.524166+00:00,2026-07-26T11:59:29.525476+00:00,1969.13669777
BTCUSDT,SHORT,64007.0,63435.49912006047,0.03445553221157543,64292.750439969765,63435.49912006047,9.84568348885002,19.69136698,4.39109913,15.30026784,WIN,TAKE_PROFIT,2026-07-26T11:59:29.547169+00:00,2026-07-26T11:59:29.548574+00:00,1984.43696561
BTCUSDT,SHORT,63372.1,62874.65028929036,0.03989221267772189,63620.82485535482,62874.65028929036,9.92218482805002,19.84436966,5.03626221,14.80810744,WIN,TAKE_PROFIT,2026-07-26T11:59:29.570475+00:00,2026-07-26T11:59:29.570864+00:00,1999.24507305
BTCUSDT,SHORT,62740.0,63061.04745181104,0.031136286268154092,63061.04745181104,62097.905096377915,9.99622536525002,-9.99622537,3.91697743,-13.91320279,LOSS,STOP_LOSS,2026-07-26T11:59:29.592904+00:00,2026-07-26T11:59:29.593365+00:00,1985.33187026
BTCUSDT,SHORT,62966.3,62337.90151128826,0.031593517583564844,63280.49924435587,62337.90151128826,9.92665935130002,19.8533187,3.95880049,15.89451821,WIN,TAKE_PROFIT,2026-07-26T11:59:29.615025+00:00,2026-07-26T11:59:29.615455+00:00,2001.22638847
BTCUSDT,SHORT,61999.7,62374.792675396915,0.026676425850655786,62374.792675396915,61249.51464920616,10.006131942350018,-10.00613194,3.31786693,-13.32399887,LOSS,STOP_LOSS,2026-07-26T11:59:29.637241+00:00,2026-07-26T11:59:29.637528+00:00,1987.9023896
BTCUSDT,SHORT,62350.1,62745.01819858285,0.025168533594216516,62745.01819858285,61560.26360283429,9.93951194800002,-9.93951195,3.14846068,-13.08797263,LOSS,STOP_LOSS,2026-07-26T11:59:29.659926+00:00,2026-07-26T11:59:29.661142+00:00,1974.81441697
ETHUSDT,SHORT,1661.2,1672.766661157552,0.8536665810775552,1672.766661157552,1638.066677684896,9.874072084850019,-9.87407208,2.84609592,-12.72016801,LOSS,STOP_LOSS,2026-07-26T11:59:29.684991+00:00,2026-07-26T11:59:29.685577+00:00,1962.09424896
ETHUSDT,SHORT,1658.55,1670.2915272564462,0.8355362152239539,1670.2915272564462,1635.0669454871074,9.81047124480002,-9.81047124,2.78136765,-12.5918389,LOSS,STOP_LOSS,2026-07-26T11:59:29.711769+00:00,2026-07-26T11:59:29.713006+00:00,1949.50241006
ETHUSDT,SHORT,1662.88,1670.9053842196993,1.2145850944274827,1670.9053842196993,1646.829231560602,9.747512050300019,-9.74751205,4.04916604,-13.79667809,LOSS,STOP_LOSS,2026-07-26T11:59:29.737920+00:00,2026-07-26T11:59:29.738527+00:00,1935.70573197
BTCUSDT,LONG,62925.0,62686.30694099308,0.040548010487265855,62686.30694099308,63402.386118013834,9.67852865985002,-9.67852866,5.09328859,-14.77181725,LOSS,STOP_LOSS,2026-07-26T11:59:29.760571+00:00,2026-07-26T11:59:29.761161+00:00,1920.93391472
BTCUSDT,SHORT,62598.0,62854.75751953713,0.03740754931312182,62854.75751953713,62084.48496092574,9.60466957360002,-9.60466957,4.69288021,-14.29754979,LOSS,STOP_LOSS,2026-07-26T11:59:29.787731+00:00,2026-07-26T11:59:29.788457+00:00,1906.63636493
BTCUSDT,LONG,62900.9,62653.16297122539,0.038481053364547456,62653.16297122539,63396.37405754921,9.53318182465002,-9.53318182,4.8314526,-14.36463442,LOSS,STOP_LOSS,2026-07-26T11:59:29.815540+00:00,2026-07-26T11:59:29.816095+00:00,1892.27173051
BTCUSDT,SHORT,62640.5,62863.43094402395,0.04244075982351467,62863.43094402395,62194.638111952096,9.46135865255002,-9.46135865,5.32648219,-14.78784084,LOSS,STOP_LOSS,2026-07-26T11:59:29.841328+00:00,2026-07-26T11:59:29.842447+00:00,1877.48388967
BTCUSDT,SHORT,62589.5,62047.13129421445,0.03461637571715567,62860.68435289277,62047.13129421445,9.387419448350022,18.7748389,4.31446846,14.46037044,WIN,TAKE_PROFIT,2026-07-26T11:59:29.865252+00:00,2026-07-26T11:59:29.865604+00:00,1891.94426011
SOLUSDT,SHORT,68.71,69.25089098967456,17.489145652512217,69.25089098967456,67.62821802065085,9.45972130055002,-9.4597213,2.41281812,-11.87253942,LOSS,STOP_LOSS,2026-07-26T11:59:29.891297+00:00,2026-07-26T11:59:29.891659+00:00,1880.07172069
SOLUSDT,SHORT,68.74,69.36411008803572,15.062019960350215,69.36411008803572,67.49177982392854,9.40035860345002,-9.4003586,2.08012686,-11.48048547,LOSS,STOP_LOSS,2026-07-26T11:59:29.915568+00:00,2026-07-26T11:59:29.916056+00:00,1868.59123522
SOLUSDT,SHORT,69.03,67.65172645645625,13.557477352540428,69.71913677177187,67.65172645645625,9.342956176100019,18.68591235,1.85305941,16.83285294,WIN,TAKE_PROFIT,2026-07-26T11:59:29.940482+00:00,2026-07-26T11:59:29.940985+00:00,1885.42408816
BTCUSDT,SHORT,60549.9,59627.28922913106,0.020435747638023687,61011.20538543447,59627.28922913106,9.427120440800019,18.85424088,2.45591071,16.39833017,WIN,TAKE_PROFIT,2026-07-26T11:59:29.963176+00:00,2026-07-26T11:59:29.963674+00:00,1901.82241833
BTCUSDT,SHORT,59808.2,60351.82697002015,0.01749198000845592,60351.82697002015,58720.946059959686,9.50911209165002,-9.50911209,2.10183679,-11.61094888,LOSS,STOP_LOSS,2026-07-26T11:59:29.985895+00:00,2026-07-26T11:59:29.986795+00:00,1890.21146945
BTCUSDT,SHORT,60786.9,61143.06111756752,0.026535904345196464,61143.06111756752,60074.57776486496,9.45105734725002,-9.45105735,3.23552179,-12.68657913,LOSS,STOP_LOSS,2026-07-26T11:59:30.008817+00:00,2026-07-26T11:59:30.009768+00:00,1877.52489032
SOLUSDT,SHORT,68.53,67.68604066213977,22.246627368094344,68.95197966893011,67.68604066213977,9.38762445160002,18.7752489,3.0303475,15.74490141,WIN,TAKE_PROFIT,2026-07-26T11:59:30.032382+00:00,2026-07-26T11:59:30.033522+00:00,1893.26979173
BTCUSDT,SHORT,60054.1,59199.200746670285,0.022146115865185043,60481.549626664855,59199.200746670285,9.46634895865002,18.93269792,2.64099742,16.2917005,WIN,TAKE_PROFIT,2026-07-26T11:59:30.055972+00:00,2026-07-26T11:59:30.056269+00:00,1909.56149223
BTCUSDT,SHORT,58248.4,58880.77465333165,0.015098339901587755,58880.77465333165,56983.6506933367,9.54780746115002,-9.54780746,1.76845609,-11.31626355,LOSS,STOP_LOSS,2026-07-26T11:59:30.079533+00:00,2026-07-26T11:59:30.079853+00:00,1898.24522868
SOLUSDT,SHORT,65.82,66.91825121338373,8.642126708112004,66.91825121338373,63.62349757323252,9.49122614340002,-9.49122614,1.14714079,-10.63836693,LOSS,STOP_LOSS,2026-07-26T11:59:30.102042+00:00,2026-07-26T11:59:30.102374+00:00,1887.60686175
BTCUSDT,SHORT,59459.9,60320.18098154871,0.010970874064610133,60320.18098154871,57739.3380369026,9.43803430875002,-9.43803431,1.31409218,-10.75212649,LOSS,STOP_LOSS,2026-07-26T11:59:30.124931+00:00,2026-07-26T11:59:30.127853+00:00,1876.85473526
ETHUSDT,SHORT,1561.9,1536.6155046492245,0.7422947182540574,1574.542247675388,1536.6155046492245,9.384273676300019,18.76854735,2.30001169,16.46853566,WIN,TAKE_PROFIT,2026-07-26T11:59:30.150142+00:00,2026-07-26T11:59:30.151035+00:00,1893.32327092
BTCUSDT,SHORT,59118.9,59573.01914587896,0.02084610710758987,59573.01914587896,58210.661708242085,9.46661635460002,-9.46661635,2.47426446,-11.94088081,LOSS,STOP_LOSS,2026-07-26T11:59:30.173227+00:00,2026-07-26T11:59:30.173530+00:00,1881.38239011
BTCUSDT,SHORT,59167.6,59646.78563545903,0.019631039109798645,59646.78563545903,58209.22872908193,9.40691195055002,-9.40691195,2.33244985,-11.7393618,LOSS,STOP_LOSS,2026-07-26T11:59:30.196188+00:00,2026-07-26T11:59:30.196629+00:00,1869.64302831
BTCUSDT,SHORT,59578.1,60218.61672426388,0.01459480258270166,60218.61672426388,58297.06655147225,9.34821514155002,-9.34821514,1.74840943,-11.09662457,LOSS,STOP_LOSS,2026-07-26T11:59:30.220988+00:00,2026-07-26T11:59:30.221438+00:00,1858.54640374
BTCUSDT,SHORT,59807.6,60326.83158285304,0.01789708547318896,60326.83158285304,58769.136834293924,9.29273201870002,-9.29273202,2.15005619,-11.44278821,LOSS,STOP_LOSS,2026-07-26T11:59:30.245809+00:00,2026-07-26T11:59:30.247422+00:00,1847.10361553
BTCUSDT,LONG,60275.4,60780.295616007395,0.03658387114026656,60022.9521919963,60780.295616007395,9.23551807765002,18.47103616,4.42868597,14.04235019,WIN,TAKE_PROFIT,2026-07-26T11:59:30.270822+00:00,2026-07-26T11:59:30.273033+00:00,1861.14596572
SOLUSDT,LONG,73.0,72.55515824822592,20.919191581023167,72.55515824822592,73.88968350354817,9.30572982860002,-9.30572983,3.04489624,-12.35062607,LOSS,STOP_LOSS,2026-07-26T11:59:30.299065+00:00,2026-07-26T11:59:30.300088+00:00,1848.79533965
ETHUSDT,SHORT,1580.56,1564.626872931954,1.1603468244207866,1588.526563534023,1564.626872931954,9.24397669825002,18.4879534,3.6495076,14.8384458,WIN,TAKE_PROFIT,2026-07-26T11:59:30.328095+00:00,2026-07-26T11:59:30.328758+00:00,1863.63378545
BTCUSDT,SHORT,60105.2,60331.11521531544,0.04124630965753732,60331.11521531544,59653.36956936911,9.31816892725002,-9.31816893,4.96755355,-14.28572248,LOSS,STOP_LOSS,2026-07-26T11:59:30.355508+00:00,2026-07-26T11:59:30.357312+00:00,1849.34806297
SOLUSDT,LONG,71.7,71.23333531565301,19.81452770052431,71.23333531565301,72.63332936869399,9.24674031485002,-9.24674031,2.83215653,-12.07889685,LOSS,STOP_LOSS,2026-07-26T11:59:30.381579+00:00,2026-07-26T11:59:30.381990+00:00,1837.26916612
ETHUSDT,SHORT,1573.03,1580.142349190034,1.2916050077338768,1580.142349190034,1558.8053016199317,9.18634583060002,-9.18634583,4.0726532,-13.25899903,LOSS,STOP_LOSS,2026-07-26T11:59:30.405879+00:00,2026-07-26T11:59:30.406239+00:00,1824.01016709
BTCUSDT,SHORT,60100.9,60297.78610239575,0.046321455524160185,60297.78610239575,59707.1277952085,9.12005083545002,-9.12005084,5.57704238,-14.69709322,LOSS,STOP_LOSS,2026-07-26T11:59:30.428600+00:00,2026-07-26T11:59:30.428847+00:00,1809.31307387
SOLUSDT,LONG,71.83,71.33480116310069,18.268551327776066,71.33480116310069,72.82039767379861,9.04656536935002,-9.04656537,2.61541352,-11.66197889,LOSS,STOP_LOSS,2026-07-26T11:59:30.454299+00:00,2026-07-26T11:59:30.454957+00:00,1797.65109498
SOLUSDT,LONG,71.64,71.11841721263433,17.23265355495426,71.11841721263433,72.68316557473135,8.98825547490002,-8.98825547,2.46010635,-11.44836182,LOSS,STOP_LOSS,2026-07-26T11:59:30.479528+00:00,2026-07-26T11:59:30.480548+00:00,1786.20273316
BTCUSDT,SHORT,59589.9,59833.247261331984,0.036700695199590086,59833.247261331984,59103.20547733604,8.93101366580002,-8.93101367,4.38291253,-13.31392619,LOSS,STOP_LOSS,2026-07-26T11:59:30.508199+00:00,2026-07-26T11:59:30.509570+00:00,1772.88880697
BTCUSDT,SHORT,59606.7,59063.99321291442,0.03266752598563772,59878.05339354279,59063.99321291442,8.86444403485002,17.72888807,3.87667795,13.85221012,WIN,TAKE_PROFIT,2026-07-26T11:59:30.532531+00:00,2026-07-26T11:59:30.532833+00:00,1786.74101709
ETHUSDT,SHORT,1560.35,1571.2690136170695,0.8181787658441965,1571.2690136170695,1538.5119727658607,8.93370508545002,-8.93370509,2.56222418,-11.49592927,LOSS,STOP_LOSS,2026-07-26T11:59:30.555523+00:00,2026-07-26T11:59:30.555935+00:00,1775.24508782
SOLUSDT,LONG,71.39,70.58592998055117,11.039120007464588,70.58592998055117,72.99814003889766,8.87622543910002,-8.87622544,1.56728933,-10.44351477,LOSS,STOP_LOSS,2026-07-26T11:59:30.578585+00:00,2026-07-26T11:59:30.579010+00:00,1764.80157305
BTCUSDT,SHORT,59355.5,59772.81283995319,0.02114482714272523,59772.81283995319,58520.874320093615,8.82400786525002,-8.82400787,2.51894758,-11.34295545,LOSS,STOP_LOSS,2026-07-26T11:59:30.601792+00:00,2026-07-26T11:59:30.602435+00:00,1753.4586176
SOLUSDT,LONG,72.07,71.09953474984292,9.034113366327118,71.09953474984292,74.01093050031415,8.76729308800002,-8.76729309,1.29340981,-10.0607029,LOSS,STOP_LOSS,2026-07-26T11:59:30.624911+00:00,2026-07-26T11:59:30.625664+00:00,1743.3979147
BTCUSDT,SHORT,59504.8,59942.94622597927,0.019895160694394367,59942.94622597927,58628.50754804146,8.716989573500019,-8.71698957,2.37643211,-11.09342168,LOSS,STOP_LOSS,2026-07-26T11:59:30.648515+00:00,2026-07-26T11:59:30.648917+00:00,1732.30449302
SOLUSDT,LONG,72.29,73.98489173611351,10.22073832864565,71.44255413194325,73.98489173611351,8.66152246510002,17.32304493,1.49503739,15.82800754,WIN,TAKE_PROFIT,2026-07-26T11:59:30.671844+00:00,2026-07-26T11:59:30.673124+00:00,1748.13250056
SOLUSDT,LONG,73.94,73.07462977010938,10.100489017174562,73.07462977010938,75.67074045978123,8.74066250280002,-8.7406625,1.48491965,-10.22558216,LOSS,STOP_LOSS,2026-07-26T11:59:30.695920+00:00,2026-07-26T11:59:30.696324+00:00,1737.9069184
SOLUSDT,LONG,73.47,72.53435371899792,9.287200482102671,72.53435371899792,75.34129256200414,8.68953459200002,-8.68953459,1.3559717,-10.0455063,LOSS,STOP_LOSS,2026-07-26T11:59:30.719018+00:00,2026-07-26T11:59:30.719512+00:00,1727.8614121
BTCUSDT,SHORT,59070.2,59605.38211822934,0.016142742379142355,59605.38211822934,57999.835763541305,8.639307060500022,-8.63930706,1.91574935,-10.55505641,LOSS,STOP_LOSS,2026-07-26T11:59:30.742516+00:00,2026-07-26T11:59:30.742902+00:00,1717.30635569
BTCUSDT,SHORT,59289.2,59849.47820398346,0.015325478873533709,59849.47820398346,58168.64359203306,8.586531778450022,-8.58653178,1.8258573,-10.41238907,LOSS,STOP_LOSS,2026-07-26T11:59:30.765644+00:00,2026-07-26T11:59:30.766047+00:00,1706.89396662
SOLUSDT,LONG,73.99,76.38565022694894,7.124971531398699,72.79217488652553,76.38565022694894,8.53446983310002,17.06893967,1.07142223,15.99751744,WIN,TAKE_PROFIT,2026-07-26T11:59:30.788810+00:00,2026-07-26T11:59:30.789380+00:00,1722.89148406
SOLUSDT,LONG,75.89,74.61536856685952,6.758390854268699,74.61536856685952,78.43926286628096,8.61445742030002,-8.61445742,1.01717411,-9.63163153,LOSS,STOP_LOSS,2026-07-26T11:59:30.812192+00:00,2026-07-26T11:59:30.813616+00:00,1713.25985253
BTCUSDT,SHORT,59806.1,59272.10528013383,0.03208383507910703,60073.09735993308,59272.10528013383,8.56629926265002,17.13259853,3.8204855,13.31211303,WIN,TAKE_PROFIT,2026-07-26T11:59:30.836593+00:00,2026-07-26T11:59:30.838077+00:00,1726.57196556
BTCUSDT,SHORT,59250.2,58795.648688610614,0.03798409381511983,59477.47565569469,58795.648688610614,8.63285982780002,17.26571966,4.48386459,12.78185506,WIN,TAKE_PROFIT,2026-07-26T11:59:30.861010+00:00,2026-07-26T11:59:30.861980+00:00,1739.35382062
BTCUSDT,SHORT,58832.8,58359.17688456371,0.03672442843119563,59069.61155771815,58359.17688456371,8.69676910310002,17.39353821,4.30380837,13.08972984,WIN,TAKE_PROFIT,2026-07-26T11:59:30.885190+00:00,2026-07-26T11:59:30.885563+00:00,1752.44355046
BTCUSDT,SHORT,58374.8,58641.792873746774,0.03281817087227053,58641.792873746774,57840.81425250646,8.762217752300021,-8.76221775,3.84027054,-12.60248829,LOSS,STOP_LOSS,2026-07-26T11:59:30.908677+00:00,2026-07-26T11:59:30.909017+00:00,1739.84106217
ETHUSDT,SHORT,1559.12,1569.4946997905772,0.8385018830859102,1569.4946997905772,1538.3706004188455,8.69920531085002,-8.69920531,2.62334932,-11.32255463,LOSS,STOP_LOSS,2026-07-26T11:59:30.932056+00:00,2026-07-26T11:59:30.932418+00:00,1728.51850754
ETHUSDT,SHORT,1571.34,1582.8356084928955,0.7518168823373873,1582.8356084928955,1548.3487830142085,8.64259253770002,-8.64259254,2.37136247,-11.01395501,LOSS,STOP_LOSS,2026-07-26T11:59:30.955467+00:00,2026-07-26T11:59:30.957508+00:00,1717.50455253
SOLUSDT,LONG,74.17,75.59750930652334,12.031477095676157,73.45624534673834,75.59750930652334,8.58752276265002,17.17504553,1.80192436,15.37312117,WIN,TAKE_PROFIT,2026-07-26T11:59:30.980728+00:00,2026-07-26T11:59:30.981409+00:00,1732.8776737
SOLUSDT,LONG,75.44,74.66251932951873,11.144184926342522,74.66251932951873,76.99496134096253,8.66438836850002,-8.66438837,1.67277023,-10.3371586,LOSS,STOP_LOSS,2026-07-26T11:59:31.004420+00:00,2026-07-26T11:59:31.005089+00:00,1722.5405151
BTCUSDT,SHORT,58759.9,59079.13711073072,0.026979014300016445,59079.13711073072,58121.42577853856,8.61270257550002,-8.61270258,3.17918107,-11.79188364,LOSS,STOP_LOSS,2026-07-26T11:59:31.028120+00:00,2026-07-26T11:59:31.029602+00:00,1710.74863146
SOLUSDT,LONG,76.0,77.45874000819981,11.727577373922752,75.2706299959001,77.45874000819981,8.55374315730002,17.10748631,1.79969925,15.30778707,WIN,TAKE_PROFIT,2026-07-26T11:59:31.052710+00:00,2026-07-26T11:59:31.053206+00:00,1726.05641853
SOLUSDT,LONG,77.51,76.6089135904099,9.577640946305921,76.6089135904099,79.31217281918022,8.63028209265002,-8.63028209,1.47609562,-10.10637771,LOSS,STOP_LOSS,2026-07-26T11:59:31.076536+00:00,2026-07-26T11:59:31.077654+00:00,1715.95004082
SOLUSDT,LONG,77.18,78.60205049301194,12.066730747271649,76.46897475349404,78.60205049301194,8.57975020410002,17.15950041,1.87978006,15.27972035,WIN,TAKE_PROFIT,2026-07-26T11:59:31.101422+00:00,2026-07-26T11:59:31.101942+00:00,1731.22976117
SOLUSDT,LONG,78.18,77.44510563136566,11.778766004066313,77.44510563136566,79.6497887372687,8.65614880585002,-8.65614881,1.8330717,-10.48922051,LOSS,STOP_LOSS,2026-07-26T11:59:31.125301+00:00,2026-07-26T11:59:31.125925+00:00,1720.74054066
SOLUSDT,LONG,77.64,76.94154461682199,12.318185113203224,76.94154461682199,79.03691076635602,8.60370270330002,-8.6037027,1.90416408,-10.50786678,LOSS,STOP_LOSS,2026-07-26T11:59:31.149654+00:00,2026-07-26T11:59:31.150098+00:00,1710.23267388
SOLUSDT,LONG,77.58,78.85702268392647,13.39234373364098,76.94148865803676,78.85702268392647,8.551163369400019,17.10232674,2.09505838,15.00726836,WIN,TAKE_PROFIT,2026-07-26T11:59:31.174298+00:00,2026-07-26T11:59:31.175089+00:00,1725.23994224
SOLUSDT,LONG,78.67,78.00607325386028,12.992698006753617,78.00607325386028,79.99785349227945,8.62619971120002,-8.62619971,2.0356449,-10.66184462,LOSS,STOP_LOSS,2026-07-26T11:59:31.198573+00:00,2026-07-26T11:59:31.199117+00:00,1714.57809762
SOLUSDT,LONG,78.19,77.63140243191725,15.347167581707303,77.63140243191725,79.30719513616549,8.572890488100018,-8.57289049,2.39141718,-10.96430766,LOSS,STOP_LOSS,2026-07-26T11:59:31.222489+00:00,2026-07-26T11:59:31.222904+00:00,1703.61378996
SOLUSDT,LONG,78.1,79.23312376945555,15.03466643170474,77.53343811527222,79.23312376945555,8.518068949800018,17.0361379,2.36545103,14.67068687,WIN,TAKE_PROFIT,2026-07-26T11:59:31.246400+00:00,2026-07-26T11:59:31.246964+00:00,1718.28447683
SOLUSDT,LONG,79.44,80.68198496673924,13.83498611373094,78.81900751663038,80.68198496673924,8.591422384150018,17.18284477,2.21528544,14.96755933,WIN,TAKE_PROFIT,2026-07-26T11:59:31.270909+00:00,2026-07-26T11:59:31.271289+00:00,1733.25203616
SOLUSDT,LONG,80.21,81.65705939210135,11.977753267217663,79.48647030394932,81.65705939210135,8.66626018080002,17.33252036,1.9388037,15.39371666,WIN,TAKE_PROFIT,2026-07-26T11:59:31.297009+00:00,2026-07-26T11:59:31.297409+00:00,1748.64575282
SOLUSDT,LONG,82.07,81.18608919065018,9.89152827594823,81.18608919065018,83.83782161869964,8.743228764100019,-8.74322876,1.61485222,-10.35808099,LOSS,STOP_LOSS,2026-07-26T11:59:31.321044+00:00,2026-07-26T11:59:31.321681+00:00,1738.28767183
SOLUSDT,LONG,81.18,80.16121471356297,8.53117774162831,80.16121471356297,83.21757057287407,8.69143835915002,-8.69143836,1.37643058,-10.06786894,LOSS,STOP_LOSS,2026-07-26T11:59:31.346098+00:00,2026-07-26T11:59:31.346844+00:00,1728.21980289
ETHUSDT,LONG,1700.97,1738.688088820007,0.4581938950133918,1682.1109555899966,1738.688088820007,8.64109901445002,17.28219803,1.57603034,15.70616769,WIN,TAKE_PROFIT,2026-07-26T11:59:31.370446+00:00,2026-07-26T11:59:31.373799+00:00,1743.92597058
ETHUSDT,LONG,1733.4,1757.535478037764,0.7225570456285715,1721.332260981118,1757.535478037764,8.71962985290002,17.43925971,2.52240003,14.91685968,WIN,TAKE_PROFIT,2026-07-26T11:59:31.397127+00:00,2026-07-26T11:59:31.399148+00:00,1758.84283026
SOLUSDT,LONG,82.53,81.95515151006084,15.298316522029506,81.95515151006084,83.67969697987833,8.79421415130002,-8.79421415,2.51634591,-11.31056006,LOSS,STOP_LOSS,2026-07-26T11:59:31.422762+00:00,2026-07-26T11:59:31.423775+00:00,1747.5322702
SOLUSDT,LONG,82.23,83.13060202293634,19.40404557944838,81.77969898853183,83.13060202293634,8.737661351000021,17.4753227,3.20866466,14.26665804,WIN,TAKE_PROFIT,2026-07-26T11:59:31.447461+00:00,2026-07-26T11:59:31.447974+00:00,1761.79892824
ETHUSDT,LONG,1757.23,1772.4614806384195,1.1566826430492179,1749.6142596807904,1772.4614806384195,8.808994641200021,17.61798928,4.08273287,13.53525641,WIN,TAKE_PROFIT,2026-07-26T11:59:31.471780+00:00,2026-07-26T11:59:31.473471+00:00,1775.33418465
ETHUSDT,LONG,1763.17,1776.7684053209373,1.3055458656733432,1756.3707973395315,1776.7684053209373,8.876670923250021,17.75334185,4.62155195,13.1317899,WIN,TAKE_PROFIT,2026-07-26T11:59:31.497324+00:00,2026-07-26T11:59:31.497739+00:00,1788.46597455
BTCUSDT,LONG,62804.0,63143.63663143926,0.052658217901028995,62634.18168428037,63143.63663143926,8.942329872750022,17.88465975,6.63217809,11.25248165,WIN,TAKE_PROFIT,2026-07-26T11:59:31.521505+00:00,2026-07-26T11:59:31.522213+00:00,1799.7184562
ETHUSDT,LONG,1790.88,1780.515524700746,0.8682149381597438,1780.515524700746,1811.608950598508,8.998592281000022,-8.99859228,3.10073894,-12.09933123,LOSS,STOP_LOSS,2026-07-26T11:59:31.545914+00:00,2026-07-26T11:59:31.547213+00:00,1787.61912497
SOLUSDT,SHORT,81.5,80.69572006754912,22.226330072945935,81.90213996622545,80.69572006754912,8.938095624850021,17.87619125,3.60501561,14.27117564,WIN,TAKE_PROFIT,2026-07-26T11:59:31.570828+00:00,2026-07-26T11:59:31.571514+00:00,1801.89030061
BTCUSDT,LONG,62912.9,62727.37642466072,0.04856229989408955,62727.37642466072,63283.94715067857,9.009451503050022,-9.0094515,6.10138078,-15.11083229,LOSS,STOP_LOSS,2026-07-26T11:59:31.595955+00:00,2026-07-26T11:59:31.596256+00:00,1786.77946832
BTCUSDT,LONG,62895.1,62729.28576997599,0.05387895441969439,62729.28576997599,63226.728460048005,8.933897341600021,-8.93389734,6.76851055,-15.7024079,LOSS,STOP_LOSS,2026-07-26T11:59:31.620546+00:00,2026-07-26T11:59:31.620999+00:00,1771.07706042
BTCUSDT,SHORT,62709.7,62882.64922800738,0.051202225093031545,62882.64922800738,62363.80154398523,8.855385302100022,-8.8553853,6.43060774,-15.28599304,LOSS,STOP_LOSS,2026-07-26T11:59:31.644711+00:00,2026-07-26T11:59:31.645936+00:00,1755.79106738
SOLUSDT,LONG,81.27,80.81510341921766,19.29879385288382,80.81510341921766,82.17979316156467,8.77895533690002,-8.77895534,3.128047,-11.90700233,LOSS,STOP_LOSS,2026-07-26T11:59:31.669815+00:00,2026-07-26T11:59:31.670829+00:00,1743.88406505
ETHUSDT,LONG,1779.46,1771.820204753266,1.1413159703432472,1771.820204753266,1794.739590493468,8.71942032525002,-8.71942033,4.05313281,-12.77255314,LOSS,STOP_LOSS,2026-07-26T11:59:31.695027+00:00,2026-07-26T11:59:31.695622+00:00,1731.11151191
BTCUSDT,LONG,62889.6,63217.218066981244,0.05283931768052036,62725.790966509376,63217.218066981244,8.655557559550022,17.31111512,6.66339822,10.6477169,WIN,TAKE_PROFIT,2026-07-26T11:59:31.719832+00:00,2026-07-26T11:59:31.720230+00:00,1741.75922881
ETHUSDT,LONG,1786.11,1803.7363642613466,0.9881556984667266,1777.2968178693266,1803.7363642613466,8.708796144050021,17.41759229,3.54732714,13.87026515,WIN,TAKE_PROFIT,2026-07-26T11:59:31.749840+00:00,2026-07-26T11:59:31.750218+00:00,1755.62949396
BTCUSDT,LONG,63698.4,63451.86080264667,0.03560548409354721,63451.86080264667,64191.47839470667,8.778147469800022,-8.77814747,4.52724659,-13.30539406,LOSS,STOP_LOSS,2026-07-26T11:59:31.776644+00:00,2026-07-26T11:59:31.777234+00:00,1742.3240999
BTCUSDT,LONG,63382.8,63077.442403498084,0.028529241123514213,63077.442403498084,63993.51519300384,8.711620499500022,-8.7116205,3.60781475,-12.31943525,LOSS,STOP_LOSS,2026-07-26T11:59:31.807284+00:00,2026-07-26T11:59:31.808410+00:00,1730.00466465
ETHUSDT,SHORT,1766.9,1744.1309834585888,0.7598064947177422,1778.2845082707058,1744.1309834585888,8.650023323250021,17.30004665,2.66770414,14.6323425,WIN,TAKE_PROFIT,2026-07-26T11:59:31.833314+00:00,2026-07-26T11:59:31.834740+00:00,1744.63700715
SOLUSDT,SHORT,80.19,80.72064570667635,16.438812047282546,80.72064570667635,79.12870858664729,8.723185035750022,-8.72318504,2.64517986,-11.3683649,LOSS,STOP_LOSS,2026-07-26T11:59:31.865890+00:00,2026-07-26T11:59:31.866542+00:00,1733.26864225
SOLUSDT,SHORT,80.12,80.81595074456835,12.452523801271607,80.81595074456835,78.72809851086332,8.666343211250021,-8.66634321,2.00405876,-10.67040197,LOSS,STOP_LOSS,2026-07-26T11:59:31.891231+00:00,2026-07-26T11:59:31.891726+00:00,1722.59824028
SOLUSDT,LONG,81.45,82.97362761266096,11.305900641112402,80.68818619366952,82.97362761266096,8.612991201400021,17.2259824,1.8589572,15.36702521,WIN,TAKE_PROFIT,2026-07-26T11:59:31.915576+00:00,2026-07-26T11:59:31.916675+00:00,1737.96526549
BTCUSDT,LONG,64287.5,63880.51002685351,0.021351450651886816,63880.51002685351,65101.47994629298,8.689826327450023,-8.68982633,2.73657294,-11.42639927,LOSS,STOP_LOSS,2026-07-26T11:59:31.941325+00:00,2026-07-26T11:59:31.942245+00:00,1726.53886622
SOLUSDT,LONG,81.5,81.02497518261792,18.173143834201806,81.02497518261792,82.45004963476417,8.632694331100021,-8.63269433,2.95358975,-11.58628408,LOSS,STOP_LOSS,2026-07-26T11:59:31.968943+00:00,2026-07-26T11:59:31.969913+00:00,1714.95258214
BTCUSDT,SHORT,63127.3,63355.289774858786,0.03761029597055949,63355.289774858786,62671.32045028244,8.574762910700022,-8.57476291,4.75704764,-13.33181055,LOSS,STOP_LOSS,2026-07-26T11:59:31.995123+00:00,2026-07-26T11:59:31.995606+00:00,1701.62077159
BTCUSDT,LONG,63377.7,63832.421089915995,0.03742119750602202,63150.339455042,63832.421089915995,8.508103857950022,17.01620772,4.76035507,12.25585265,WIN,TAKE_PROFIT,2026-07-26T11:59:32.020513+00:00,2026-07-26T11:59:32.020810+00:00,1713.87662424
ETHUSDT,LONG,1790.39,1781.016996240034,0.9142622088557677,1781.016996240034,1809.1360075199323,8.56938312120002,-8.56938312,3.26520245,-11.83458557,LOSS,STOP_LOSS,2026-07-26T11:59:32.045576+00:00,2026-07-26T11:59:32.045945+00:00,1702.04203867
ETHUSDT,LONG,1781.31,1771.9730596717764,0.9114559903125277,1771.9730596717764,1799.9838806564471,8.510210193350021,-8.51021019,3.23866113,-11.74887132,LOSS,STOP_LOSS,2026-07-26T11:59:32.074947+00:00,2026-07-26T11:59:32.075486+00:00,1690.29316735
BTCUSDT,SHORT,63093.9,63377.826229172446,0.029766414541493365,63377.826229172446,62526.04754165511,8.451465836750021,-8.45146584,3.76460983,-12.21607567,LOSS,STOP_LOSS,2026-07-26T11:59:32.111046+00:00,2026-07-26T11:59:32.111575+00:00,1678.07709168
BTCUSDT,SHORT,63033.2,63348.43741188848,0.02661608407497052,63348.43741188848,62402.72517622303,8.390385458400022,-8.39038546,3.36378429,-11.75416975,LOSS,STOP_LOSS,2026-07-26T11:59:32.137492+00:00,2026-07-26T11:59:32.137922+00:00,1666.32292193
BTCUSDT,LONG,63536.5,63113.08790293245,0.019677318308458265,63113.08790293245,64383.3241941351,8.331614609650021,-8.33161461,2.49212425,-10.82373886,LOSS,STOP_LOSS,2026-07-26T11:59:32.161711+00:00,2026-07-26T11:59:32.163807+00:00,1655.49918307
BTCUSDT,SHORT,63117.4,62447.04909339403,0.024696008713584048,63452.57545330299,62447.04909339403,8.277495915350022,16.55499183,3.10094073,13.4540511,WIN,TAKE_PROFIT,2026-07-26T11:59:32.187499+00:00,2026-07-26T11:59:32.188616+00:00,1668.95323417
ETHUSDT,SHORT,1750.3,1730.7984500857763,0.8558054316250703,1760.0507749571118,1730.7984500857763,8.34476617085002,16.68953234,2.97914296,13.71038938,WIN,TAKE_PROFIT,2026-07-26T11:59:32.212588+00:00,2026-07-26T11:59:32.213001+00:00,1682.66362355
BTCUSDT,SHORT,61923.0,62229.35819202451,0.027462357256230217,62229.35819202451,61310.28361595097,8.41331811775002,-8.41331812,3.40951641,-11.82283453,LOSS,STOP_LOSS,2026-07-26T11:59:32.238442+00:00,2026-07-26T11:59:32.239278+00:00,1670.84078902
BTCUSDT,SHORT,61977.5,62250.20966430311,0.03063405899621673,62250.20966430311,61432.08067139377,8.354203945100021,-8.35420395,3.80559899,-12.15980293,LOSS,STOP_LOSS,2026-07-26T11:59:32.270944+00:00,2026-07-26T11:59:32.271588+00:00,1658.68098609
SOLUSDT,LONG,77.69,78.4906007198979,20.717955216197453,77.28969964005105,78.4906007198979,8.29340493045002,16.58680986,3.23574269,13.35106717,WIN,TAKE_PROFIT,2026-07-26T11:59:32.297389+00:00,2026-07-26T11:59:32.297728+00:00,1672.03205326
ETHUSDT,LONG,1747.03,1737.864517110827,0.9121352761648488,1737.864517110827,1765.360965778346,8.36016026630002,-8.36016027,3.17869522,-11.53885549,LOSS,STOP_LOSS,2026-07-26T11:59:32.325473+00:00,2026-07-26T11:59:32.325819+00:00,1660.49319777
BTCUSDT,SHORT,61882.2,62185.526626931394,0.027371372150351035,62185.526626931394,61275.546746137195,8.30246598885002,-8.30246599,3.39590392,-11.69836991,LOSS,STOP_LOSS,2026-07-26T11:59:32.350142+00:00,2026-07-26T11:59:32.350953+00:00,1648.79482786
SOLUSDT,LONG,78.12,77.57348398746566,15.084597615119451,77.57348398746566,79.21303202506867,8.24397413930002,-8.24397414,2.34857356,-10.5925477,LOSS,STOP_LOSS,2026-07-26T11:59:32.376282+00:00,2026-07-26T11:59:32.377661+00:00,1638.20228016
SOLUSDT,SHORT,77.65,78.09373996689689,18.45903459650122,78.09373996689689,76.76252006620622,8.19101140080002,-8.1910114,2.87487908,-11.06589049,LOSS,STOP_LOSS,2026-07-26T11:59:32.404950+00:00,2026-07-26T11:59:32.405530+00:00,1627.13638967
SOLUSDT,SHORT,77.59,78.0788906629135,16.64110723626079,78.0788906629135,76.61221867417302,8.13568194835002,-8.13568195,2.5905027,-10.72618465,LOSS,STOP_LOSS,2026-07-26T11:59:32.431121+00:00,2026-07-26T11:59:32.431632+00:00,1616.41020502
BTCUSDT,LONG,62999.9,62638.979351231734,0.022392875144944004,62638.979351231734,63721.74129753654,8.08205102510002,-8.08205103,2.81341574,-10.89546676,LOSS,STOP_LOSS,2026-07-26T11:59:32.459555+00:00,2026-07-26T11:59:32.459990+00:00,1605.51473826
BTCUSDT,LONG,62852.9,63591.89836369222,0.021725552005804942,62483.400818153896,63591.89836369222,8.02757369130002,16.05514738,2.74708304,13.30806434,WIN,TAKE_PROFIT,2026-07-26T11:59:32.487440+00:00,2026-07-26T11:59:32.489676+00:00,1618.8228026
BTCUSDT,LONG,63726.6,64314.690396837956,0.027526768185709056,63432.55480158102,64314.690396837956,8.09411401300002,16.18822803,3.52456292,12.66366511,WIN,TAKE_PROFIT,2026-07-26T11:59:32.516514+00:00,2026-07-26T11:59:32.517881+00:00,1631.48646771
ETHUSDT,LONG,1785.2,1801.4304431130658,1.0052014330998895,1777.084778443467,1801.4304431130658,8.15743233855002,16.31486468,3.60528606,12.70957862,WIN,TAKE_PROFIT,2026-07-26T11:59:32.543995+00:00,2026-07-26T11:59:32.544718+00:00,1644.19604633
BTCUSDT,LONG,64405.8,64173.3866791976,0.03537224201808758,64173.3866791976,64870.62664160481,8.220980231650021,-8.22098023,4.54813411,-12.76911434,LOSS,STOP_LOSS,2026-07-26T11:59:32.571103+00:00,2026-07-26T11:59:32.571965+00:00,1631.42693199
ETHUSDT,LONG,1794.78,1810.8528907234288,1.0150177463795809,1786.7435546382856,1810.8528907234288,8.157134659950021,16.31426932,3.65978137,12.65448795,WIN,TAKE_PROFIT,2026-07-26T11:59:32.597526+00:00,2026-07-26T11:59:32.597875+00:00,1644.08141994
BTCUSDT,LONG,64453.7,64202.09056910424,0.032671299602859194,64202.09056910424,64956.9188617915,8.22040709970002,-8.2204071,4.20335188,-12.42375898,LOSS,STOP_LOSS,2026-07-26T11:59:32.623968+00:00,2026-07-26T11:59:32.624366+00:00,1631.65766096
SOLUSDT,SHORT,77.89,78.47166339658497,14.02578940448793,78.47166339658497,76.72667320683004,8.15828830480002,-8.1582883,2.19309576,-10.35138407,LOSS,STOP_LOSS,2026-07-26T11:59:32.650121+00:00,2026-07-26T11:59:32.654230+00:00,1621.30627689
ETHUSDT,LONG,1811.35,1828.52418032281,0.9440370640202542,1802.7629098385949,1828.52418032281,8.10653138445002,16.21306277,3.43617613,12.77688663,WIN,TAKE_PROFIT,2026-07-26T11:59:32.681143+00:00,2026-07-26T11:59:32.681712+00:00,1634.08316352
ETHUSDT,LONG,1825.67,1816.6764572334687,0.9084757842043618,1816.6764572334687,1843.6570855330629,8.17041581760002,-8.17041582,3.30898355,-11.47939937,LOSS,STOP_LOSS,2026-07-26T11:59:32.707690+00:00,2026-07-26T11:59:32.708836+00:00,1622.60376415
SOLUSDT,SHORT,77.84,77.24957511496406,27.48196773669578,78.13521244251797,77.24957511496406,8.113018820750021,16.22603764,4.2621667,11.96387094,WIN,TAKE_PROFIT,2026-07-26T11:59:32.734458+00:00,2026-07-26T11:59:32.734903+00:00,1634.56763509
SOLUSDT,SHORT,76.95,76.17641935933126,21.129893241342685,77.33679032033437,76.17641935933126,8.172838175450021,16.34567635,3.23554489,13.11013146,WIN,TAKE_PROFIT,2026-07-26T11:59:32.760735+00:00,2026-07-26T11:59:32.761278+00:00,1647.67776655
SOLUSDT,SHORT,76.0,76.46781814014977,17.610238094043353,76.46781814014977,75.06436371970045,8.23838883275002,-8.23838883,2.68499458,-10.92338341,LOSS,STOP_LOSS,2026-07-26T11:59:32.787682+00:00,2026-07-26T11:59:32.788143+00:00,1636.75438314
SOLUSDT,SHORT,76.58,77.07347902839251,16.58382918998271,77.07347902839251,75.59304194321497,8.18377191570002,-8.18377192,2.54816305,-10.73193497,LOSS,STOP_LOSS,2026-07-26T11:59:32.814021+00:00,2026-07-26T11:59:32.816146+00:00,1626.02244817
ETHUSDT,LONG,1806.72,1818.8924290452935,1.335824133473752,1800.6337854773533,1818.8924290452935,8.13011224085002,16.26022448,4.84318058,11.4170439,WIN,TAKE_PROFIT,2026-07-26T11:59:32.841908+00:00,2026-07-26T11:59:32.842549+00:00,1637.43949207
ETHUSDT,LONG,1817.18,1809.0301813276499,1.0045864563989204,1809.0301813276499,1833.4796373447004,8.18719746035002,-8.18719746,3.64284164,-11.8300391,LOSS,STOP_LOSS,2026-07-26T11:59:32.868594+00:00,2026-07-26T11:59:32.869829+00:00,1625.60945297
SOLUSDT,SHORT,76.56,76.92645856439563,22.179989921248005,76.92645856439563,75.82708287120875,8.12804726485002,-8.12804726,3.4043281,-11.53237537,LOSS,STOP_LOSS,2026-07-26T11:59:32.895598+00:00,2026-07-26T11:59:32.896198+00:00,1614.0770776
ETHUSDT,LONG,1839.54,1827.7074748114248,0.6820509789231098,1827.7074748114248,1863.2050503771502,8.07038538800002,-8.07038539,2.50124973,-10.57163512,LOSS,STOP_LOSS,2026-07-26T11:59:32.922012+00:00,2026-07-26T11:59:32.922477+00:00,1603.50544248
SOLUSDT,SHORT,77.13,76.00676516411154,14.275780907486453,77.69161741794422,76.00676516411154,8.017527212400019,16.03505442,2.18614691,13.84890752,WIN,TAKE_PROFIT,2026-07-26T11:59:32.948520+00:00,2026-07-26T11:59:32.949249+00:00,1617.35435
SOLUSDT,SHORT,75.89,76.51657051333555,12.906403314369202,76.51657051333555,74.63685897332888,8.08677175000002,-8.08677175,1.96702067,-10.05379242,LOSS,STOP_LOSS,2026-07-26T11:59:32.975051+00:00,2026-07-26T11:59:32.975852+00:00,1607.30055758
SOLUSDT,SHORT,76.27,76.84576242882525,13.958018768777848,76.84576242882525,75.11847514234948,8.03650278790002,-8.03650279,2.13719269,-10.17369547,LOSS,STOP_LOSS,2026-07-26T11:59:33.006570+00:00,2026-07-26T11:59:33.007683+00:00,1597.12686211
SOLUSDT,SHORT,76.22,75.41801424730208,19.914653804474522,76.62099287634896,75.41801424730208,7.98563431055002,15.97126862,3.01981856,12.95145006,WIN,TAKE_PROFIT,2026-07-26T11:59:33.035504+00:00,2026-07-26T11:59:33.036316+00:00,1610.07831217
SOLUSDT,SHORT,75.31,75.7360164491377,18.896903105842775,75.7360164491377,74.45796710172463,8.05039156085002,-8.05039156,2.85430194,-10.9046935,LOSS,STOP_LOSS,2026-07-26T11:59:33.063753+00:00,2026-07-26T11:59:33.064165+00:00,1599.17361867
SOLUSDT,SHORT,75.78,76.23342744849117,17.63428332351116,76.23342744849117,74.87314510301766,7.995868093350021,-7.99586809,2.68064785,-10.67651594,LOSS,STOP_LOSS,2026-07-26T11:59:33.091482+00:00,2026-07-26T11:59:33.092033+00:00,1588.49710273
SOLUSDT,SHORT,75.8,74.76404178445412,15.333602059355114,76.31797910777293,74.76404178445412,7.942485513650021,15.88497103,2.3086891,13.57628193,WIN,TAKE_PROFIT,2026-07-26T11:59:33.121013+00:00,2026-07-26T11:59:33.121752+00:00,1602.07338466
SOLUSDT,SHORT,75.06,75.58675732664233,15.206939738949767,75.58675732664233,74.00648534671537,8.01036692330002,-8.01036692,2.29087616,-10.30124308,LOSS,STOP_LOSS,2026-07-26T11:59:33.149003+00:00,2026-07-26T11:59:33.152380+00:00,1591.77214158
ETHUSDT,LONG,1800.61,1817.9870349995108,0.9160205648574757,1791.9214825002446,1817.9870349995108,7.958860707900021,15.91772142,3.3147093,12.60301212,WIN,TAKE_PROFIT,2026-07-26T11:59:33.179897+00:00,2026-07-26T11:59:33.180248+00:00,1604.3751537
ETHUSDT,LONG,1824.69,1847.6808182138316,0.6978329952323301,1813.1945908930843,1847.6808182138316,8.02187576850002,16.04375154,2.56270153,13.48105001,WIN,TAKE_PROFIT,2026-07-26T11:59:33.206258+00:00,2026-07-26T11:59:33.206594+00:00,1617.85620371
ETHUSDT,LONG,1860.7,1891.104331198558,0.5321137285160032,1845.497834400721,1891.104331198558,8.08928101855002,16.17856204,1.99638659,14.18217545,WIN,TAKE_PROFIT,2026-07-26T11:59:33.243115+00:00,2026-07-26T11:59:33.245018+00:00,1632.03837916
BTCUSDT,LONG,64893.1,64609.41832554912,0.028765312075923522,64609.41832554912,65460.46334890175,8.16019189580002,-8.1601919,3.72518035,-11.88537225,LOSS,STOP_LOSS,2026-07-26T11:59:33.270903+00:00,2026-07-26T11:59:33.272674+00:00,1620.15300691
BTCUSDT,LONG,64674.5,65092.36227004294,0.03877241672820838,64465.56886497853,65092.36227004294,8.10076503455002,16.20153007,5.03137486,11.17015521,WIN,TAKE_PROFIT,2026-07-26T11:59:33.300088+00:00,2026-07-26T11:59:33.300925+00:00,1631.32316212
BTCUSDT,LONG,65014.9,64777.388806385425,0.03434202694394342,64777.388806385425,65489.92238722916,8.156615810600021,-8.15661581,4.45733028,-12.61394609,LOSS,STOP_LOSS,2026-07-26T11:59:33.326543+00:00,2026-07-26T11:59:33.326947+00:00,1618.70921603
BTCUSDT,LONG,64842.1,64596.67555244457,0.03297775001947244,64596.67555244457,65332.94889511085,8.093546080150022,-8.09354608,4.26859958,-12.36214566,LOSS,STOP_LOSS,2026-07-26T11:59:33.353730+00:00,2026-07-26T11:59:33.354071+00:00,1606.34707037
ETHUSDT,LONG,1876.96,1894.4586281670142,0.9179845728695789,1868.210685916493,1894.4586281670142,8.031735351850022,16.0634707,3.46210412,12.60136659,WIN,TAKE_PROFIT,2026-07-26T11:59:33.409091+00:00,2026-07-26T11:59:33.410593+00:00,1618.94843696
BTCUSDT,LONG,64767.2,65212.06523700445,0.036391884604456304,64544.767381497775,65212.06523700445,8.09474218480002,16.18948437,4.73019042,11.45929395,WIN,TAKE_PROFIT,2026-07-26T11:59:33.439107+00:00,2026-07-26T11:59:33.439472+00:00,1630.40773091
BTCUSDT,LONG,65133.7,64875.769711390785,0.03160558885312297,64875.769711390785,65649.56057721842,8.152038654550022,-8.15203865,4.10902585,-12.2610645,LOSS,STOP_LOSS,2026-07-26T11:59:33.466532+00:00,2026-07-26T11:59:33.467082+00:00,1618.14666641
BTCUSDT,LONG,65090.2,64774.81092193441,0.025653181719778713,64774.81092193441,65720.97815613117,8.090733332050021,-8.09073333,3.33145072,-11.42218406,LOSS,STOP_LOSS,2026-07-26T11:59:33.493596+00:00,2026-07-26T11:59:33.494411+00:00,1606.72448235
ETHUSDT,LONG,1918.82,1903.1526120649546,0.5127608025700382,1903.1526120649546,1950.1547758700908,8.033622411750022,-8.03362241,1.95975774,-9.99338016,LOSS,STOP_LOSS,2026-07-26T11:59:33.520385+00:00,2026-07-26T11:59:33.523184+00:00,1596.73110219
SOLUSDT,SHORT,75.74,76.21437844022182,16.829718288244116,76.21437844022182,74.79124311955634,7.983655510950022,-7.98365551,2.55734938,-10.54100489,LOSS,STOP_LOSS,2026-07-26T11:59:33.548665+00:00,2026-07-26T11:59:33.548920+00:00,1586.1900973
SOLUSDT,SHORT,76.23,76.74335140877741,15.449359543764011,76.74335140877741,75.20329718244518,7.930950486500021,-7.93095049,2.36334031,-10.29429079,LOSS,STOP_LOSS,2026-07-26T11:59:33.573861+00:00,2026-07-26T11:59:33.575147+00:00,1575.89580651
ETHUSDT,SHORT,1882.85,1857.8270195918947,0.629779419081333,1895.3614902040524,1857.8270195918947,7.87947903255002,15.75895807,2.3558014,13.40315666,WIN,TAKE_PROFIT,2026-07-26T11:59:33.602442+00:00,2026-07-26T11:59:33.604091+00:00,1589.29896317
SOLUSDT,SHORT,75.12,75.53708386726909,19.05251063264728,75.53708386726909,74.28583226546182,7.94649481585002,-7.94649482,2.87039569,-10.81689051,LOSS,STOP_LOSS,2026-07-26T11:59:33.629896+00:00,2026-07-26T11:59:33.630460+00:00,1578.48207266
BTCUSDT,SHORT,63949.9,63510.07344403212,0.03588873957795462,64169.81327798394,63510.07344403212,7.892410363300021,15.78482073,4.57437779,11.21044293,WIN,TAKE_PROFIT,2026-07-26T11:59:33.656010+00:00,2026-07-26T11:59:33.656413+00:00,1589.69251559
SOLUSDT,SHORT,75.06,74.20932205907913,18.687360270199775,75.48533897046043,74.20932205907913,7.948462577950021,15.89692516,2.7894496,13.10747556,WIN,TAKE_PROFIT,2026-07-26T11:59:33.681564+00:00,2026-07-26T11:59:33.683007+00:00,1602.79999115
SOLUSDT,SHORT,74.43,74.8137052431597,20.885823424660654,74.8137052431597,73.6625895136806,8.013999955750021,-8.01399996,3.11707767,-11.13107763,LOSS,STOP_LOSS,2026-07-26T11:59:33.708289+00:00,2026-07-26T11:59:33.708931+00:00,1591.66891352
SOLUSDT,SHORT,74.65,74.96125701204377,25.56840250873111,74.96125701204377,74.02748597591247,7.9583445676000215,-7.95834457,3.82532084,-11.78366541,LOSS,STOP_LOSS,2026-07-26T11:59:33.735176+00:00,2026-07-26T11:59:33.735616+00:00,1579.88524811
SOLUSDT,SHORT,74.65,74.03254078920335,25.58687635530816,74.95872960539833,74.03254078920335,7.899426240550022,15.79885248,3.80432179,11.99453069,WIN,TAKE_PROFIT,2026-07-26T11:59:33.761393+00:00,2026-07-26T11:59:33.761837+00:00,1591.8797788
SOLUSDT,SHORT,73.69,74.06932036807011,20.98331532919094,74.06932036807011,72.93135926385976,7.959398894000021,-7.95939889,3.10048041,-11.05987931,LOSS,STOP_LOSS,2026-07-26T11:59:33.787486+00:00,2026-07-26T11:59:33.787899+00:00,1580.81989949
SOLUSDT,SHORT,74.29,74.78533230635935,15.957165313008817,74.78533230635935,73.29933538728132,7.904099497450021,-7.9040995,2.37881972,-10.28291922,LOSS,STOP_LOSS,2026-07-26T11:59:33.814954+00:00,2026-07-26T11:59:33.815182+00:00,1570.53698027
SOLUSDT,SHORT,74.38,74.9131049843555,14.730090942300224,74.9131049843555,73.313790031289,7.852684901350021,-7.8526849,2.19910101,-10.05178591,LOSS,STOP_LOSS,2026-07-26T11:59:33.840570+00:00,2026-07-26T11:59:33.841093+00:00,1560.48519436
BTCUSDT,LONG,63553.7,64254.32636645787,0.022272715802136973,63203.38681677106,64254.32636645787,7.802425971800021,15.60485194,2.84663185,12.7582201,WIN,TAKE_PROFIT,2026-07-26T11:59:33.866820+00:00,2026-07-26T11:59:33.867462+00:00,1573.24341446
BTCUSDT,LONG,64220.1,63868.65543440499,0.02238252584438783,63868.65543440499,64922.98913119002,7.866217072300021,-7.86621707,2.86694988,-10.73316695,LOSS,STOP_LOSS,2026-07-26T11:59:33.893915+00:00,2026-07-26T11:59:33.894962+00:00,1562.51024751
SOLUSDT,SHORT,74.87,75.17980102828855,25.217964190465317,75.17980102828855,74.2503979434229,7.8125512375500215,-7.81255124,3.78395051,-11.59650175,LOSS,STOP_LOSS,2026-07-26T11:59:33.921232+00:00,2026-07-26T11:59:33.921689+00:00,1550.91374576
SOLUSDT,LONG,75.15,74.85898500184952,26.64662913624092,74.85898500184952,75.732029996301,7.754568728800021,-7.75456873,3.99723379,-11.75180252,LOSS,STOP_LOSS,2026-07-26T11:59:33.947384+00:00,2026-07-26T11:59:33.949035+00:00,1539.16194324
SOLUSDT,SHORT,74.9,75.11664437465974,35.522776570068714,75.11664437465974,74.46671125068053,7.695809716200022,-7.69580972,5.32900774,-13.02481746,LOSS,STOP_LOSS,2026-07-26T11:59:33.975782+00:00,2026-07-26T11:59:33.977057+00:00,1526.13712578
SOLUSDT,SHORT,74.7,74.90838437533846,36.61831947095928,74.90838437533846,74.28323124932308,7.630685628900022,-7.63068563,5.47840761,-13.10909324,LOSS,STOP_LOSS,2026-07-26T11:59:34.003795+00:00,2026-07-26T11:59:34.004010+00:00,1513.02803254
SOLUSDT,SHORT,74.64,74.87922575532748,31.623435162088114,74.87922575532748,74.16154848934505,7.565140162700022,-7.56514016,4.72831154,-12.2934517,LOSS,STOP_LOSS,2026-07-26T11:59:34.031047+00:00,2026-07-26T11:59:34.031519+00:00,1500.73458084
SOLUSDT,SHORT,74.83,75.06328904063676,32.16470385286283,75.06328904063676,74.36342191872647,7.503672904200021,-7.5036729,4.82127325,-12.32494616,LOSS,STOP_LOSS,2026-07-26T11:59:34.057779+00:00,2026-07-26T11:59:34.058164+00:00,1488.40963468
ETHUSDT,LONG,1851.77,1862.2031398020852,1.4266171669457712,1846.5534300989573,1862.2031398020852,7.442048173400021,14.88409635,5.29841784,9.58567851,WIN,TAKE_PROFIT,2026-07-26T11:59:34.084359+00:00,2026-07-26T11:59:34.084617+00:00,1497.99531319
ETHUSDT,LONG,1854.18,1867.807932997515,1.0992094791360896,1847.3660335012426,1867.807932997515,7.4899765659500215,14.97995313,4.09124442,10.88870871,WIN,TAKE_PROFIT,2026-07-26T11:59:34.115407+00:00,2026-07-26T11:59:34.121580+00:00,1508.8840219
ETHUSDT,LONG,1867.29,1860.5663435215167,1.1220710239500524,1860.5663435215167,1880.7373129569662,7.544420109500021,-7.54442011,4.18291958,-11.72733969,LOSS,STOP_LOSS,2026-07-26T11:59:34.147902+00:00,2026-07-26T11:59:34.150681+00:00,1497.15668221
BTCUSDT,LONG,64670.9,64495.34814787285,0.042641437958901025,64495.34814787285,65022.003704254304,7.485783411050021,-7.48578341,5.50783456,-12.99361797,LOSS,STOP_LOSS,2026-07-26T11:59:34.176889+00:00,2026-07-26T11:59:34.177372+00:00,1484.16306424
BTCUSDT,SHORT,64447.9,64638.82625985536,0.03886744194759697,64638.82625985536,64066.04748028928,7.4208153212000205,-7.42081532,5.01727084,-12.43808616,LOSS,STOP_LOSS,2026-07-26T11:59:34.203246+00:00,2026-07-26T11:59:34.204166+00:00,1471.72497808
BTCUSDT,LONG,64633.5,64983.56440317259,0.04204154906188506,64458.4677984137,64983.56440317259,7.35862489040002,14.71724978,5.44930217,9.26794761,WIN,TAKE_PROFIT,2026-07-26T11:59:34.230773+00:00,2026-07-26T11:59:34.231326+00:00,1480.99292569
BTCUSDT,LONG,64987.5,64758.09464882866,0.03227895334890943,64758.09464882866,65446.31070234269,7.404964628450021,-7.40496463,4.188052,-11.59301663,LOSS,STOP_LOSS,2026-07-26T11:59:34.256993+00:00,2026-07-26T11:59:34.257383+00:00,1469.39990906
ETHUSDT,LONG,1880.01,1868.314993302195,0.628216788168143,1868.314993302195,1903.4000133956101,7.3469995453000205,-7.34699955,2.35476069,-9.70176023,LOSS,STOP_LOSS,2026-07-26T11:59:34.283415+00:00,2026-07-26T11:59:34.283718+00:00,1459.69814883
ETHUSDT,LONG,1871.29,1858.3957080663238,0.566024934264788,1858.3957080663238,1897.0785838673523,7.298490744150021,-7.29849074,2.11109511,-9.40958585,LOSS,STOP_LOSS,2026-07-26T11:59:34.309839+00:00,2026-07-26T11:59:34.310866+00:00,1450.28856298
BTCUSDT,SHORT,64160.0,64500.10086434787,0.021321447767574463,64500.10086434787,63479.79827130426,7.25144281490002,-7.25144281,2.74321962,-9.99466244,LOSS,STOP_LOSS,2026-07-26T11:59:34.336927+00:00,2026-07-26T11:59:34.338189+00:00,1440.29390054
ETHUSDT,LONG,1886.86,1875.8245422245668,0.6525755115235686,1875.8245422245668,1908.930915550866,7.201469502700021,-7.2014695,2.45543579,-9.65690529,LOSS,STOP_LOSS,2026-07-26T11:59:34.364163+00:00,2026-07-26T11:59:34.364622+00:00,1430.63699525
BTCUSDT,LONG,64674.0,64381.88733036648,0.024487760100321224,64381.88733036648,65258.22533926704,7.153184976250021,-7.15318498,3.16028961,-10.31347458,LOSS,STOP_LOSS,2026-07-26T11:59:34.390755+00:00,2026-07-26T11:59:34.391222+00:00,1420.32352067
ETHUSDT,LONG,1884.76,1913.1919165908257,0.4995525068219655,1870.544041704587,1913.1919165908257,7.101617603350021,14.20323521,1.8972764,12.30595881,WIN,TAKE_PROFIT,2026-07-26T11:59:34.417468+00:00,2026-07-26T11:59:34.418219+00:00,1432.62947948
BTCUSDT,LONG,65725.2,65360.846444802824,0.01965988061657199,65360.846444802824,66453.90711039434,7.163147397400021,-7.1631474,2.57713602,-9.74028342,LOSS,STOP_LOSS,2026-07-26T11:59:34.444440+00:00,2026-07-26T11:59:34.444787+00:00,1422.88919606
BTCUSDT,LONG,65325.4,66045.54694722778,0.01975831740365549,64965.32652638611,66045.54694722778,7.1144459803000215,14.22889196,2.59566887,11.63322309,WIN,TAKE_PROFIT,2026-07-26T11:59:34.470994+00:00,2026-07-26T11:59:34.473595+00:00,1434.52241915
BTCUSDT,LONG,66015.4,66477.65133033996,0.031033386493338803,65784.27433483001,66477.65133033996,7.172612095750021,14.34522419,4.11170807,10.23351612,WIN,TAKE_PROFIT,2026-07-26T11:59:34.499552+00:00,2026-07-26T11:59:34.500598+00:00,1444.75593527
ETHUSDT,LONG,1939.67,1930.9337999503007,0.8268789216426594,1930.9337999503007,1957.1424000993989,7.223779676350022,-7.22377968,3.2005207,-10.42430037,LOSS,STOP_LOSS,2026-07-26T11:59:34.526684+00:00,2026-07-26T11:59:34.527109+00:00,1434.3316349
BTCUSDT,LONG,66335.8,66792.78399657668,0.031386911700295284,66107.30800171167,66792.78399657668,7.171658174500021,14.34331635,4.17849511,10.16482124,WIN,TAKE_PROFIT,2026-07-26T11:59:34.553575+00:00,2026-07-26T11:59:34.553926+00:00,1444.49645614
ETHUSDT,LONG,1940.65,1930.557430888893,0.7156237625117191,1930.557430888893,1960.8351382222143,7.222482280700022,-7.22248228,2.77032803,-9.99281031,LOSS,STOP_LOSS,2026-07-26T11:59:34.580266+00:00,2026-07-26T11:59:34.580596+00:00,1434.50364583
BTCUSDT,LONG,66700.0,66418.72856405267,0.02550034348490727,66418.72856405267,67262.54287189466,7.172518229150021,-7.17251823,3.3945733,-10.56709153,LOSS,STOP_LOSS,2026-07-26T11:59:34.606841+00:00,2026-07-26T11:59:34.607567+00:00,1423.9365543
SOLUSDT,SHORT,77.69,78.07939778389449,18.28382971339402,78.07939778389449,76.911204432211,7.119682771500021,-7.11968277,2.84806114,-9.96774392,LOSS,STOP_LOSS,2026-07-26T11:59:34.633825+00:00,2026-07-26T11:59:34.634590+00:00,1413.96881038
BTCUSDT,LONG,66427.3,66203.2561114092,0.031555621072137864,66203.2561114092,66875.38777718163,7.069844051900021,-7.06984405,4.18523957,-11.25508362,LOSS,STOP_LOSS,2026-07-26T11:59:34.661055+00:00,2026-07-26T11:59:34.661664+00:00,1402.71372676
ETHUSDT,SHORT,1916.89,1923.2578789858117,1.1013979143490549,1923.2578789858117,1904.154242028377,7.013568633800021,-7.01356863,4.22953086,-11.2430995,LOSS,STOP_LOSS,2026-07-26T11:59:34.688038+00:00,2026-07-26T11:59:34.688438+00:00,1391.47062726
BTCUSDT,LONG,66394.0,66225.10734369759,0.04119393518118732,66225.10734369759,66731.78531260481,6.957353136300021,-6.95735314,5.46310291,-12.42045605,LOSS,STOP_LOSS,2026-07-26T11:59:34.714819+00:00,2026-07-26T11:59:34.715714+00:00,1379.05017121
ETHUSDT,LONG,1931.22,1922.7035427813546,0.8096384070307874,1922.7035427813546,1948.252914437291,6.895250856050021,-6.89525086,3.12028452,-10.01553537,LOSS,STOP_LOSS,2026-07-26T11:59:34.742216+00:00,2026-07-26T11:59:34.742923+00:00,1369.03463584
BTCUSDT,SHORT,66044.4,65641.63064503954,0.03399053624559896,66245.78467748023,65641.63064503954,6.845173179200021,13.69034636,4.4760788,9.21426756,WIN,TAKE_PROFIT,2026-07-26T11:59:34.769067+00:00,2026-07-26T11:59:34.770576+00:00,1378.2489034
BTCUSDT,SHORT,65604.2,65805.20558359944,0.03428384621758896,65805.20558359944,65202.18883280111,6.891244517000022,-6.89124452,4.50521985,-11.39646437,LOSS,STOP_LOSS,2026-07-26T11:59:34.796825+00:00,2026-07-26T11:59:34.797165+00:00,1366.85243903
ETHUSDT,LONG,1936.46,1954.978147587582,0.7381151017214064,1927.200926206209,1954.978147587582,6.834262195150021,13.66852439,2.87232926,10.79619513,WIN,TAKE_PROFIT,2026-07-26T11:59:34.823418+00:00,2026-07-26T11:59:34.823758+00:00,1377.64863416
ETHUSDT,LONG,1940.62,1929.5312578002515,0.6211924713117022,1929.5312578002515,1962.7974843994966,6.8882431708000205,-6.88824317,2.40410882,-9.29235199,LOSS,STOP_LOSS,2026-07-26T11:59:34.849978+00:00,2026-07-26T11:59:34.850290+00:00,1368.35628217
BTCUSDT,SHORT,65591.4,65844.57009305991,0.027024445613450063,65844.57009305991,65085.05981388014,6.841781410850021,-6.84178141,3.55198423,-10.39376564,LOSS,STOP_LOSS,2026-07-26T11:59:34.876797+00:00,2026-07-26T11:59:34.877039+00:00,1357.96251653
ETHUSDT,LONG,1926.72,1952.162320732219,0.5337416074667819,1913.9988396338904,1952.162320732219,6.78981258265002,13.57962517,2.07032089,11.50930428,WIN,TAKE_PROFIT,2026-07-26T11:59:34.903694+00:00,2026-07-26T11:59:34.904276+00:00,1369.47182081
ETHUSDT,LONG,1950.55,1936.649614225691,0.49260209142580164,1936.649614225691,1978.3507715486178,6.847359104050019,-6.8473591,1.91484266,-8.76220176,LOSS,STOP_LOSS,2026-07-26T11:59:34.930458+00:00,2026-07-26T11:59:34.930890+00:00,1360.70961905
SOLUSDT,LONG,78.22,77.70942912131959,13.32537435905865,77.70942912131959,79.24114175736082,6.80354809525002,-6.8035481,2.07781802,-8.88136611,LOSS,STOP_LOSS,2026-07-26T11:59:34.957418+00:00,2026-07-26T11:59:34.957850+00:00,1351.82825294
SOLUSDT,LONG,77.94,77.52055531181996,16.114499611445503,77.52055531181996,78.77888937636007,6.75914126470002,-6.75914126,2.50516906,-9.26431032,LOSS,STOP_LOSS,2026-07-26T11:59:34.984895+00:00,2026-07-26T11:59:34.985469+00:00,1342.56394262
ETHUSDT,LONG,1933.31,1923.6946379088834,0.6981348855600391,1923.6946379088834,1952.5407241822331,6.71281971310002,-6.71281971,2.69270949,-9.4055292,LOSS,STOP_LOSS,2026-07-26T11:59:35.013300+00:00,2026-07-26T11:59:35.014011+00:00,1333.15841342
BTCUSDT,SHORT,65603.9,65178.39176274555,0.031330966047146615,65816.65411862721,65178.39176274555,6.6657920671000195,13.33158413,4.09753554,9.23404859,WIN,TAKE_PROFIT,2026-07-26T11:59:35.043612+00:00,2026-07-26T11:59:35.045332+00:00,1342.39246201
SOLUSDT,SHORT,76.64,75.85921685222098,17.192897487971116,77.0303915738895,75.85921685222098,6.711962310050019,13.42392462,2.6219034,10.80202122,WIN,TAKE_PROFIT,2026-07-26T11:59:35.071986+00:00,2026-07-26T11:59:35.072529+00:00,1353.19448323
ETHUSDT,SHORT,1889.26,1865.104072752803,0.5601914881520531,1901.3379636235984,1865.104072752803,6.765972416150018,13.53194483,2.1031628,11.42878204,WIN,TAKE_PROFIT,2026-07-26T11:59:35.099058+00:00,2026-07-26T11:59:35.100694+00:00,1364.62326527
BTCUSDT,SHORT,64824.9,65018.03784660272,0.03532770218974807,65018.03784660272,64438.62430679457,6.823116326350019,-6.82311633,4.58705264,-11.41016897,LOSS,STOP_LOSS,2026-07-26T11:59:35.127204+00:00,2026-07-26T11:59:35.127591+00:00,1353.2130963
ETHUSDT,SHORT,1869.48,1878.6759257882823,0.7357677342417764,1878.6759257882823,1851.0881484234353,6.766065481500018,-6.76606548,2.75777219,-9.52383767,LOSS,STOP_LOSS,2026-07-26T11:59:35.154492+00:00,2026-07-26T11:59:35.154939+00:00,1343.68925863
BTCUSDT,LONG,65296.7,65726.23049777688,0.03128274396310636,65081.934751111556,65726.23049777688,6.718446293150018,13.43689259,4.09875679,9.3381358,WIN,TAKE_PROFIT,2026-07-26T11:59:35.183068+00:00,2026-07-26T11:59:35.183917+00:00,1353.02739443
BTCUSDT,LONG,65740.0,65547.81858799327,0.035201827801707164,65547.81858799327,66124.36282401347,6.765136972150018,-6.76513697,4.62157118,-11.38670815,LOSS,STOP_LOSS,2026-07-26T11:59:35.211528+00:00,2026-07-26T11:59:35.211915+00:00,1341.64068628
SOLUSDT,SHORT,75.8,75.07578368678992,18.525413772208516,76.16210815660503,75.07578368678992,6.708203431400018,13.41640686,2.79503632,10.62137054,WIN,TAKE_PROFIT,2026-07-26T11:59:35.241026+00:00,2026-07-26T11:59:35.242010+00:00,1352.26205682
SOLUSDT,SHORT,75.1,74.45213603474264,20.872623410731588,75.42393198262867,74.45213603474264,6.761310284100018,13.52262057,3.12154542,10.40107515,WIN,TAKE_PROFIT,2026-07-26T11:59:35.272409+00:00,2026-07-26T11:59:35.272979+00:00,1362.66313197
SOLUSDT,SHORT,74.46,73.69218147462473,17.74720310771391,74.84390926268762,73.69218147462473,6.813315659850018,13.62663132,2.62928686,10.99734446,WIN,TAKE_PROFIT,2026-07-26T11:59:35.301987+00:00,2026-07-26T11:59:35.305641+00:00,1373.66047643
SOLUSDT,SHORT,73.91,74.35221980958654,15.531421779977483,74.35221980958654,73.0255603808269,6.868302382150018,-6.86830238,2.30272307,-9.17102545,LOSS,STOP_LOSS,2026-07-26T11:59:35.334500+00:00,2026-07-26T11:59:35.339121+00:00,1364.48945098
SOLUSDT,LONG,75.09,74.8595083985188,29.599548144300844,74.8595083985188,75.55098320296241,6.822447254900019,-6.82244725,4.43843769,-11.26088495,LOSS,STOP_LOSS,2026-07-26T11:59:35.367012+00:00,2026-07-26T11:59:35.367263+00:00,1353.22856603
SOLUSDT,LONG,75.12,74.8948560229459,30.052515366751056,74.8948560229459,75.57028795410822,6.766142830150019,-6.76614283,4.50832377,-11.2744666,LOSS,STOP_LOSS,2026-07-26T11:59:35.395519+00:00,2026-07-26T11:59:35.395996+00:00,1341.95409943
