symbol,side,entry_price,exit_price,quantity,stop,target,risk_usdt,gross_pnl,fee_usdt,pnl,result,close_reason,opened_at,closed_at,balance_after
BTCUSDT,SHORT,88028.1,87308.4550600499,0.13895741420336147,88387.92246997506,87308.4550600499,50.0,100.0,24.36431431,75.63568569,WIN,TAKE_PROFIT,2026-07-26T11:58:22.451593+00:00,2026-07-26T11:58:22.453044+00:00,10075.63568569
BTCUSDT,SHORT,86978.7,86245.72127522044,0.13746150256571607,87345.18936238978,86245.72127522044,50.37817842845,100.75635686,23.81168923,76.94466763,WIN,TAKE_PROFIT,2026-07-26T11:58:22.453759+00:00,2026-07-26T11:58:22.453995+00:00,10152.58035332
BTCUSDT,SHORT,85301.1,84248.96975556185,0.09649547104067453,85827.16512221908,84248.96975556185,50.762901766599995,101.52580353,16.36081385,85.16498969,WIN,TAKE_PROFIT,2026-07-26T11:58:22.454730+00:00,2026-07-26T11:58:22.455155+00:00,10237.74534301
SOLUSDT,SHORT,117.92,119.38930274624073,34.838787884946555,119.38930274624073,114.98139450751856,51.188726715049995,-51.18872672,8.26756846,-59.45629518,LOSS,STOP_LOSS,2026-07-26T11:58:22.455906+00:00,2026-07-26T11:58:22.456232+00:00,10178.28904783
ETHUSDT,SHORT,2838.8,2779.1224854338107,1.705548416655502,2868.638757283095,2779.1224854338107,50.891445239149995,101.78289048,9.5816388,92.20125168,WIN,TAKE_PROFIT,2026-07-26T11:58:22.456971+00:00,2026-07-26T11:58:22.457397+00:00,10270.49029951
ETHUSDT,SHORT,2802.8,2739.266317873832,1.6165425890340182,2834.566841063084,2739.266317873832,51.35245149755,102.704903,8.95898623,93.74591676,WIN,TAKE_PROFIT,2026-07-26T11:58:22.458148+00:00,2026-07-26T11:58:22.459544+00:00,10364.23621627
BTCUSDT,SHORT,81988.5,82723.97338183702,0.07045962826270408,82723.97338183702,80517.55323632597,51.821181081350005,-51.82118108,11.60557964,-63.42676073,LOSS,STOP_LOSS,2026-07-26T11:58:22.460382+00:00,2026-07-26T11:58:22.460963+00:00,10300.80945554
BTCUSDT,SHORT,82983.6,83708.31539473559,0.07106796357829795,83708.31539473559,81534.16921052885,51.5040472777,-51.50404728,11.84645497,-63.35050225,LOSS,STOP_LOSS,2026-07-26T11:58:22.461965+00:00,2026-07-26T11:58:22.464199+00:00,10237.45895329
ETHUSDT,SHORT,2736.37,2681.9893645294087,1.8825559621910628,2763.5603177352955,2681.9893645294087,51.18729476645,102.37458953,10.20036473,92.17422481,WIN,TAKE_PROFIT,2026-07-26T11:58:22.465469+00:00,2026-07-26T11:58:22.466284+00:00,10329.6331781
BTCUSDT,SHORT,82468.3,83287.66531857589,0.06303435686082963,83287.66531857589,80829.56936284823,51.6481658905,-51.64816589,10.44832067,-62.09648656,LOSS,STOP_LOSS,2026-07-26T11:58:22.467514+00:00,2026-07-26T11:58:22.467873+00:00,10267.53669154
BTCUSDT,LONG,83897.3,82968.14061816671,0.05525175170314415,82968.14061816671,85755.61876366659,51.3376834577,-51.33768346,9.21960789,-60.55729135,LOSS,STOP_LOSS,2026-07-26T11:58:22.469002+00:00,2026-07-26T11:58:22.471540+00:00,10206.97940019
BTCUSDT,SHORT,82754.4,83094.46935715452,0.1500720248009861,83094.46935715452,82074.26128569094,51.034897000950004,-51.034897,24.88927564,-75.92417264,LOSS,STOP_LOSS,2026-07-26T11:58:22.472733+00:00,2026-07-26T11:58:22.473080+00:00,10131.05522755
BTCUSDT,SHORT,83031.1,82287.38547957016,0.1362223669062508,83402.95726021493,82287.38547957016,50.65527613775001,101.31055228,22.52007539,78.79047689,WIN,TAKE_PROFIT,2026-07-26T11:58:22.474300+00:00,2026-07-26T11:58:22.475538+00:00,10209.84570444
BTCUSDT,SHORT,81568.6,82055.78095294164,0.10478494328228886,82055.78095294164,80594.23809411675,51.04922852220001,-51.04922852,17.14537148,-68.1946,LOSS,STOP_LOSS,2026-07-26T11:58:22.476593+00:00,2026-07-26T11:58:22.477103+00:00,10141.65110444
BTCUSDT,SHORT,81078.5,79583.66722412923,0.06784471994556247,81825.91638793539,79583.66722412923,50.708255522200005,101.41651104,10.90007974,90.5164313,WIN,TAKE_PROFIT,2026-07-26T11:58:22.478176+00:00,2026-07-26T11:58:22.478513+00:00,10232.16753574
BTCUSDT,SHORT,78817.1,76826.24274468365,0.05139578695768465,79812.52862765818,76826.24274468365,51.160837678700005,102.32167536,7.99941209,94.32226327,WIN,TAKE_PROFIT,2026-07-26T11:58:22.479665+00:00,2026-07-26T11:58:22.480106+00:00,10326.48979901
BTCUSDT,SHORT,77518.8,78784.481457395,0.04079418932257949,78784.481457395,74987.43708521,51.632448995050005,-51.632449,6.37626566,-58.00871465,LOSS,STOP_LOSS,2026-07-26T11:58:22.481284+00:00,2026-07-26T11:58:22.482685+00:00,10268.48108436
BTCUSDT,SHORT,78310.9,79146.59529282188,0.06143675315967423,79146.59529282188,76639.50941435622,51.34240542180001,-51.34240542,9.67367727,-61.01608269,LOSS,STOP_LOSS,2026-07-26T11:58:22.484155+00:00,2026-07-26T11:58:22.485743+00:00,10207.46500167
BTCUSDT,SHORT,78334.0,78821.10419132053,0.10477701879343068,78821.10419132053,77359.79161735895,51.03732500835002,-51.03732501,16.46624331,-67.50356831,LOSS,STOP_LOSS,2026-07-26T11:58:22.486959+00:00,2026-07-26T11:58:22.487286+00:00,10139.96143336
ETHUSDT,SHORT,2410.65,2355.771580690397,1.8477138301222298,2438.0892096548014,2355.771580690397,50.69980716680002,101.39961433,8.80698307,92.59263126,WIN,TAKE_PROFIT,2026-07-26T11:58:22.488403+00:00,2026-07-26T11:58:22.488988+00:00,10232.55406462
BTCUSDT,SHORT,77812.9,78278.40578730352,0.10990791461361657,78278.40578730352,76881.88842539294,51.16277032310002,-51.16277032,17.15566991,-68.31844023,LOSS,STOP_LOSS,2026-07-26T11:58:22.490114+00:00,2026-07-26T11:58:22.490563+00:00,10164.23562439
BTCUSDT,SHORT,78179.4,77041.01042801738,0.08928609216516335,78748.5947859913,77041.01042801738,50.82117812195003,101.64235624,13.85902387,87.78333237,WIN,TAKE_PROFIT,2026-07-26T11:58:22.491951+00:00,2026-07-26T11:58:22.492179+00:00,10252.01895676
BTCUSDT,SHORT,76961.7,77609.62713690066,0.07911398036050887,77609.62713690066,75665.84572619866,51.26009478380002,-51.26009478,12.22875294,-63.48884772,LOSS,STOP_LOSS,2026-07-26T11:58:22.493251+00:00,2026-07-26T11:58:22.493524+00:00,10188.53010904
BTCUSDT,SHORT,77563.8,78261.3718680419,0.07302853351611956,78261.3718680419,76168.6562639162,50.942650545200024,-50.94265055,11.37968379,-62.32233433,LOSS,STOP_LOSS,2026-07-26T11:58:22.494978+00:00,2026-07-26T11:58:22.495626+00:00,10126.20777471
BTCUSDT,SHORT,77705.2,76393.3059590874,0.07718769549151919,78361.1470204563,76393.3059590874,50.631038873550025,101.26207775,11.89450855,89.36756919,WIN,TAKE_PROFIT,2026-07-26T11:58:22.496815+00:00,2026-07-26T11:58:22.497620+00:00,10215.5753439
BTCUSDT,SHORT,76489.0,77236.38831861551,0.06834181836574299,77236.38831861551,74994.22336276896,51.077876719500026,-51.07787672,10.50587257,-61.58374929,LOSS,STOP_LOSS,2026-07-26T11:58:22.498971+00:00,2026-07-26T11:58:22.499194+00:00,10153.99159461
BTCUSDT,SHORT,77158.9,78024.34298901031,0.0586635499018924,78024.34298901031,75428.01402197935,50.76995797305003,-50.76995797,9.10359992,-59.87355789,LOSS,STOP_LOSS,2026-07-26T11:58:22.500445+00:00,2026-07-26T11:58:22.500923+00:00,10094.11803672
ETHUSDT,SHORT,2291.44,2190.022271004397,0.9953011309450288,2342.1488644978017,2190.022271004397,50.47059018360003,100.94118037,4.46040447,96.4807759,WIN,TAKE_PROFIT,2026-07-26T11:58:22.502146+00:00,2026-07-26T11:58:22.502845+00:00,10190.59881262
BTCUSDT,SHORT,75045.8,76053.21460105701,0.050577978530029634,76053.21460105701,73030.97079788598,50.95299406310003,-50.95299406,7.64228272,-58.59527678,LOSS,STOP_LOSS,2026-07-26T11:58:22.504171+00:00,2026-07-26T11:58:22.504494+00:00,10132.00353584
BTCUSDT,SHORT,76256.2,77388.7562121359,0.04473068721565703,77388.7562121359,73991.0875757282,50.660017679200024,-50.66001768,6.87264448,-57.53266216,LOSS,STOP_LOSS,2026-07-26T11:58:22.506004+00:00,2026-07-26T11:58:22.507335+00:00,10074.47087368
ETHUSDT,LONG,2307.61,2374.8713491943,1.4978098111855584,2273.97932540285,2374.8713491943,50.37235436840003,100.74470874,7.01346651,93.73124223,WIN,TAKE_PROFIT,2026-07-26T11:58:22.508888+00:00,2026-07-26T11:58:22.509783+00:00,10168.20211591
BTCUSDT,LONG,78567.2,77751.64365173751,0.0623390531970785,77751.64365173751,80198.31269652497,50.84101057955003,-50.84101058,9.74476871,-60.58577929,LOSS,STOP_LOSS,2026-07-26T11:58:22.511411+00:00,2026-07-26T11:58:22.513503+00:00,10107.61633662
BTCUSDT,SHORT,77774.8,78284.89433370302,0.09907595192485294,78284.89433370302,76754.61133259397,50.538081683100025,-50.53808168,15.46176277,-65.99984446,LOSS,STOP_LOSS,2026-07-26T11:58:22.515149+00:00,2026-07-26T11:58:22.515593+00:00,10041.61649216
ETHUSDT,SHORT,2327.23,2352.570691482922,1.9813225102652448,2352.570691482922,2276.548617034156,50.20808246080002,-50.20808246,9.27219445,-59.48027691,LOSS,STOP_LOSS,2026-07-26T11:58:22.517250+00:00,2026-07-26T11:58:22.517658+00:00,9982.13621525
BTCUSDT,LONG,78949.2,78397.40741635277,0.09045188818296786,78397.40741635277,80052.78516729445,49.91068107625002,-49.91068108,14.23229774,-64.14297882,LOSS,STOP_LOSS,2026-07-26T11:58:22.519342+00:00,2026-07-26T11:58:22.519716+00:00,9917.99323643
ETHUSDT,SHORT,2322.11,2272.725557185827,2.0083234053586514,2346.8022214070866,2272.725557185827,49.58996618215002,99.17993236,9.22791579,89.95201657,WIN,TAKE_PROFIT,2026-07-26T11:58:22.521337+00:00,2026-07-26T11:58:22.522120+00:00,10007.945253
ETHUSDT,SHORT,2272.44,2299.5803699611224,1.8437378096422543,2299.5803699611224,2218.1592600777553,50.03972626500002,-50.03972627,8.42960682,-58.46933309,LOSS,STOP_LOSS,2026-07-26T11:58:22.523891+00:00,2026-07-26T11:58:22.524697+00:00,9949.47591991
SOLUSDT,SHORT,103.05,101.45459063943375,62.36315371986204,103.84770468028313,101.45459063943375,49.747379599550015,99.4947592,12.75355122,86.74120798,WIN,TAKE_PROFIT,2026-07-26T11:58:22.526363+00:00,2026-07-26T11:58:22.527006+00:00,10036.21712789
BTCUSDT,SHORT,77164.5,77701.4981390988,0.0934474106812824,77701.4981390988,76090.5037218024,50.18108563945001,-50.18108564,14.47182653,-64.65291217,LOSS,STOP_LOSS,2026-07-26T11:58:22.528687+00:00,2026-07-26T11:58:22.529022+00:00,9971.56421572
BTCUSDT,SHORT,77700.0,76423.60269890104,0.07812273033744804,78338.19865054947,76423.60269890104,49.85782107860001,99.71564216,12.04055665,87.6750855,WIN,TAKE_PROFIT,2026-07-26T11:58:22.530782+00:00,2026-07-26T11:58:22.531274+00:00,10059.23930122
ETHUSDT,SHORT,2221.12,2151.5045080153595,1.4449713726708184,2255.92774599232,2151.5045080153595,50.2961965061,100.59239301,6.31831724,94.27407577,WIN,TAKE_PROFIT,2026-07-26T11:58:22.533052+00:00,2026-07-26T11:58:22.533511+00:00,10153.51337699
BTCUSDT,SHORT,74071.0,74931.32987607007,0.05900941987142564,74931.32987607007,72350.34024785987,50.76756688495,-50.76756688,8.79254105,-59.56010793,LOSS,STOP_LOSS,2026-07-26T11:58:22.535296+00:00,2026-07-26T11:58:22.535691+00:00,10093.95326906
BTCUSDT,SHORT,74898.2,75957.86007237705,0.047628260855469305,75957.86007237705,72778.87985524588,50.4697663453,-50.46976635,7.18501178,-57.65477813,LOSS,STOP_LOSS,2026-07-26T11:58:22.537668+00:00,2026-07-26T11:58:22.538081+00:00,10036.29849093
BTCUSDT,SHORT,75803.5,76780.4899114017,0.051363368105463846,76780.4899114017,73849.5201771966,50.181492454650005,-50.18149245,7.83722764,-58.0187201,LOSS,STOP_LOSS,2026-07-26T11:58:22.539958+00:00,2026-07-26T11:58:22.540756+00:00,9978.27977083
SOLUSDT,SHORT,98.7,96.03715279646767,37.47222055247303,100.03142360176618,96.03715279646767,49.891398854150005,99.78279771,7.29723354,92.48556417,WIN,TAKE_PROFIT,2026-07-26T11:58:22.542903+00:00,2026-07-26T11:58:22.544974+00:00,10070.765335
BTCUSDT,SHORT,75785.0,76203.33682404779,0.12036670878690911,76203.33682404779,74948.32635190443,50.353826675,-50.35382668,18.29433588,-68.64816255,LOSS,STOP_LOSS,2026-07-26T11:58:22.547281+00:00,2026-07-26T11:58:22.547640+00:00,10002.11717245
SOLUSDT,SHORT,96.18,93.75911683923455,41.31598473875717,97.39044158038274,93.75911683923455,50.01058586225,100.02117172,7.84752165,92.17365007,WIN,TAKE_PROFIT,2026-07-26T11:58:22.549562+00:00,2026-07-26T11:58:22.550189+00:00,10094.29082252
BTCUSDT,SHORT,75313.9,74300.54513848676,0.09961259580327363,75820.57743075662,74300.54513848676,50.47145411260001,100.94290823,14.90348325,86.03942498,WIN,TAKE_PROFIT,2026-07-26T11:58:22.552043+00:00,2026-07-26T11:58:22.552397+00:00,10180.3302475
BTCUSDT,SHORT,74328.9,75018.19829277415,0.07384560758541957,75018.19829277415,72950.30341445169,50.9016512375,-50.90165124,11.02862721,-61.93027845,LOSS,STOP_LOSS,2026-07-26T11:58:22.554156+00:00,2026-07-26T11:58:22.554407+00:00,10118.39996905
BTCUSDT,SHORT,74821.5,73270.36745627657,0.06523233626935052,75597.06627186171,73270.36745627657,50.59199984525,101.18399969,9.6603785,91.52362119,WIN,TAKE_PROFIT,2026-07-26T11:58:22.556248+00:00,2026-07-26T11:58:22.556706+00:00,10209.92359024
BTCUSDT,SHORT,73074.7,74047.23725669397,0.05249116946402318,74047.23725669397,71129.62548661203,51.0496179512,-51.04961795,7.72260254,-58.77222049,LOSS,STOP_LOSS,2026-07-26T11:58:22.558602+00:00,2026-07-26T11:58:22.559252+00:00,10151.15136975
BTCUSDT,SHORT,73961.9,71613.76559031205,0.04323070829279762,75135.96720484397,71613.76559031205,50.755756848749996,101.5115137,6.29333913,95.21817456,WIN,TAKE_PROFIT,2026-07-26T11:58:22.561070+00:00,2026-07-26T11:58:22.562503+00:00,10246.36954431
BTCUSDT,SHORT,72294.3,70388.96118542063,0.053777152209918196,73246.96940728968,70388.96118542063,51.23184772155,102.46369544,7.67309945,94.79059599,WIN,TAKE_PROFIT,2026-07-26T11:58:22.564406+00:00,2026-07-26T11:58:22.565050+00:00,10341.1601403
ETHUSDT,SHORT,2093.48,2134.4980114803557,1.2605633192692234,2134.4980114803557,2011.4439770392892,51.705800701499996,-51.7058007,5.329634,-57.0354347,LOSS,STOP_LOSS,2026-07-26T11:58:22.566946+00:00,2026-07-26T11:58:22.567757+00:00,10284.1247056
BTCUSDT,SHORT,71327.4,69886.4790035996,0.07137188458833645,72047.8604982002,69886.4790035996,51.42062352799999,102.84124706,10.07870067,92.76254638,WIN,TAKE_PROFIT,2026-07-26T11:58:22.569846+00:00,2026-07-26T11:58:22.570214+00:00,10376.88725198
BTCUSDT,SHORT,70445.4,68801.8095096264,0.06313547877501616,71267.19524518678,68801.8095096264,51.88443625989999,103.76887252,8.79143924,94.97743328,WIN,TAKE_PROFIT,2026-07-26T11:58:22.572736+00:00,2026-07-26T11:58:22.573796+00:00,10471.86468526
BTCUSDT,SHORT,67963.4,65837.8419005259,0.04926642413515292,69026.17904973704,65837.8419005259,52.359323426299994,104.71864685,6.59190873,98.12673812,WIN,TAKE_PROFIT,2026-07-26T11:58:22.576469+00:00,2026-07-26T11:58:22.577280+00:00,10569.99142338
ETHUSDT,SHORT,1935.63,1829.740519400845,0.9982097715062668,1988.5747402995778,1829.740519400845,52.84995711689999,105.69991423,3.75862965,101.94128459,WIN,TAKE_PROFIT,2026-07-26T11:58:22.579412+00:00,2026-07-26T11:58:22.580007+00:00,10671.93270797
SOLUSDT,SHORT,78.77,81.26647738060616,21.37398237787917,81.26647738060616,73.77704523878768,53.35966353985,-53.35966354,3.42061685,-56.78028039,LOSS,STOP_LOSS,2026-07-26T11:58:22.582056+00:00,2026-07-26T11:58:22.582766+00:00,10615.15242758
BTCUSDT,SHORT,64536.3,61388.58936911531,0.03372340622237096,66110.15531544235,61388.58936911531,53.0757621379,106.15152428,4.2466162,101.90490808,WIN,TAKE_PROFIT,2026-07-26T11:58:22.584792+00:00,2026-07-26T11:58:22.585123+00:00,10717.05733566
BTCUSDT,SHORT,60199.1,61940.65369024231,0.030768667643455927,61940.65369024231,56715.99261951537,53.5852866783,-53.58528668,3.75807749,-57.34336417,LOSS,STOP_LOSS,2026-07-26T11:58:22.587208+00:00,2026-07-26T11:58:22.587522+00:00,10659.71397149
BTCUSDT,SHORT,62915.8,64838.80573291302,0.02771628235174942,64838.80573291302,59069.78853417397,53.298569857450005,-53.29856986,3.54088272,-56.83945258,LOSS,STOP_LOSS,2026-07-26T11:58:22.589780+00:00,2026-07-26T11:58:22.590037+00:00,10602.87451891
SOLUSDT,SHORT,76.42,80.2079840417652,13.995405474265258,80.2079840417652,68.84403191646962,53.014372594550004,-53.01437259,2.19207215,-55.20644474,LOSS,STOP_LOSS,2026-07-26T11:58:22.592263+00:00,2026-07-26T11:58:22.592649+00:00,10547.66807417
SOLUSDT,SHORT,77.94,81.44339929240044,15.053476914621083,81.44339929240044,70.9332014151991,52.738340370850004,-52.73834037,2.39927432,-55.13761469,LOSS,STOP_LOSS,2026-07-26T11:58:22.594810+00:00,2026-07-26T11:58:22.595661+00:00,10492.53045948
BTCUSDT,SHORT,65034.4,66257.85579685326,0.04288070924371328,66257.85579685326,62587.48840629349,52.4626522974,-52.4626523,5.62990505,-58.09255734,LOSS,STOP_LOSS,2026-07-26T11:58:22.597879+00:00,2026-07-26T11:58:22.599083+00:00,10434.43790214
BTCUSDT,LONG,66270.9,67801.91863214955,0.06815356575700227,65505.390683925216,67801.91863214955,52.1721895107,104.34437902,9.13754066,95.20683836,WIN,TAKE_PROFIT,2026-07-26T11:58:22.601433+00:00,2026-07-26T11:58:22.602102+00:00,10529.6447405
ETHUSDT,LONG,1971.92,2034.1434808902418,1.6922301018603632,1940.8082595548792,2034.1434808902418,52.6482237025,105.29644741,6.77918121,98.51726619,WIN,TAKE_PROFIT,2026-07-26T11:58:22.604509+00:00,2026-07-26T11:58:22.604963+00:00,10628.16200669
ETHUSDT,LONG,2067.5,2031.6495721445685,1.482292212738512,2031.6495721445685,2139.200855710863,53.140810033449995,-53.14081003,6.07613749,-59.21694752,LOSS,STOP_LOSS,2026-07-26T11:58:22.607400+00:00,2026-07-26T11:58:22.609247+00:00,10568.94505917
BTCUSDT,SHORT,67977.3,68840.35799093678,0.06122963445189932,68840.35799093678,66251.18401812643,52.84472529585,-52.8447253,8.37729519,-61.22202048,LOSS,STOP_LOSS,2026-07-26T11:58:22.611901+00:00,2026-07-26T11:58:22.613164+00:00,10507.72303869
ETHUSDT,SHORT,2029.48,2054.1682670591645,2.128080317162121,2054.1682670591645,1980.103465881671,52.53861519345,-52.53861519,8.6903315,-61.22894669,LOSS,STOP_LOSS,2026-07-26T11:58:22.616374+00:00,2026-07-26T11:58:22.616834+00:00,10446.494092
ETHUSDT,LONG,2055.9,2129.9194648051566,1.4113171608979636,2018.8902675974218,2129.9194648051566,52.232470459999995,104.46494092,5.90751884,98.55742208,WIN,TAKE_PROFIT,2026-07-26T11:58:22.619949+00:00,2026-07-26T11:58:22.623965+00:00,10545.05151408
ETHUSDT,LONG,2122.9,2102.2431069255194,2.5524292244866147,2102.2431069255194,2164.213786148962,52.7252575704,-52.72525757,10.78437874,-63.50963631,LOSS,STOP_LOSS,2026-07-26T11:58:22.626536+00:00,2026-07-26T11:58:22.627501+00:00,10481.54187777
SOLUSDT,SHORT,86.14,87.08822254596942,55.269419200817254,87.08822254596942,84.24355490806116,52.40770938885,-52.40770939,9.57422325,-61.98193264,LOSS,STOP_LOSS,2026-07-26T11:58:22.630045+00:00,2026-07-26T11:58:22.630524+00:00,10419.55994513
BTCUSDT,LONG,71270.0,70760.95412335162,0.10234401674888022,70760.95412335162,72288.09175329676,52.09779972565,-52.09779973,14.53601835,-66.63381807,LOSS,STOP_LOSS,2026-07-26T11:58:22.633049+00:00,2026-07-26T11:58:22.633712+00:00,10352.92612706
SOLUSDT,SHORT,86.84,87.72759310724308,58.320226027987914,87.72759310724308,85.06481378551386,51.7646306353,-51.76463064,10.18082149,-61.94545212,LOSS,STOP_LOSS,2026-07-26T11:58:22.636343+00:00,2026-07-26T11:58:22.636911+00:00,10290.98067494
BTCUSDT,LONG,71320.9,70764.2839589916,0.09244236526400092,70764.2839589916,72434.13208201677,51.454903374699995,-51.45490337,13.13469047,-64.58959385,LOSS,STOP_LOSS,2026-07-26T11:58:22.640139+00:00,2026-07-26T11:58:22.640454+00:00,10226.39108109
SOLUSDT,SHORT,86.58,87.67302670770339,46.78015188932179,87.67302670770339,84.39394658459321,51.13195540545,-51.13195541,8.15158306,-59.28353846,LOSS,STOP_LOSS,2026-07-26T11:58:22.643755+00:00,2026-07-26T11:58:22.644453+00:00,10167.10754263
SOLUSDT,SHORT,86.19,87.46274566748389,39.94163092587668,87.46274566748389,83.64450866503222,50.835537713149996,-50.83553771,6.93597388,-57.77151159,LOSS,STOP_LOSS,2026-07-26T11:58:22.647875+00:00,2026-07-26T11:58:22.648362+00:00,10109.33603104
ETHUSDT,SHORT,2080.44,2027.8137224223944,1.92096733730259,2106.753138788803,2027.8137224223944,50.5466801552,101.09336031,7.89182121,93.2015391,WIN,TAKE_PROFIT,2026-07-26T11:58:22.651755+00:00,2026-07-26T11:58:22.653539+00:00,10202.53757014
BTCUSDT,SHORT,69000.0,69557.8136687088,0.09145112555018868,69557.8136687088,67884.37266258239,51.012687850700004,-51.01268785,12.67126801,-63.68395586,LOSS,STOP_LOSS,2026-07-26T11:58:22.657006+00:00,2026-07-26T11:58:22.658163+00:00,10138.85361428
BTCUSDT,SHORT,69138.1,69816.97361040606,0.07467408851122996,69816.97361040606,67780.3527791879,50.6942680714,-50.69426807,10.37634347,-61.07061154,LOSS,STOP_LOSS,2026-07-26T11:58:22.661620+00:00,2026-07-26T11:58:22.662012+00:00,10077.78300274
BTCUSDT,SHORT,68884.5,69628.59131634916,0.06771872471369526,69628.59131634916,67396.31736730167,50.3889150137,-50.38891501,9.3799299,-59.76884491,LOSS,STOP_LOSS,2026-07-26T11:58:22.664735+00:00,2026-07-26T11:58:22.665084+00:00,10018.01415783
BTCUSDT,SHORT,69164.3,69949.36706341805,0.06380355656632294,69949.36706341805,67594.16587316392,50.09007078915,-50.09007079,8.87594673,-58.96601751,LOSS,STOP_LOSS,2026-07-26T11:58:22.667951+00:00,2026-07-26T11:58:22.668359+00:00,9959.04814032
BTCUSDT,LONG,70362.4,69704.7369214583,0.07571542682921456,69704.7369214583,71677.7261570834,49.795240701599994,-49.7952407,10.60524306,-60.40048376,LOSS,STOP_LOSS,2026-07-26T11:58:22.671082+00:00,2026-07-26T11:58:22.672196+00:00,9898.64765656
BTCUSDT,SHORT,69508.0,68537.23186586173,0.10196716711706638,69993.38406706914,68537.23186586173,49.49323828279999,98.98647657,14.07608123,84.91039534,WIN,TAKE_PROFIT,2026-07-26T11:58:22.675076+00:00,2026-07-26T11:58:22.676642+00:00,9983.5580519
ETHUSDT,SHORT,2007.91,2024.896917859749,2.938601968387793,2024.896917859749,1973.9361642805022,49.917790259499995,-49.91779026,11.85081435,-61.76860461,LOSS,STOP_LOSS,2026-07-26T11:58:22.680007+00:00,2026-07-26T11:58:22.680729+00:00,9921.78944729
SOLUSDT,SHORT,84.18,84.89469253583111,69.41299195011294,84.89469253583111,82.75061492833781,49.60894723644999,-49.60894724,11.73598027,-61.34492751,LOSS,STOP_LOSS,2026-07-26T11:58:22.684477+00:00,2026-07-26T11:58:22.685450+00:00,9860.44451978
SOLUSDT,SHORT,84.38,82.56353368097251,54.283662826510025,85.28823315951374,82.56353368097251,49.302222598899995,98.6044452,9.06230649,89.5421387,WIN,TAKE_PROFIT,2026-07-26T11:58:22.689129+00:00,2026-07-26T11:58:22.689583+00:00,9949.98665848
BTCUSDT,SHORT,68880.0,67581.90140989827,0.07665046965115567,69529.04929505086,67581.90140989827,49.7499332924,99.49986658,10.45986883,89.03999775,WIN,TAKE_PROFIT,2026-07-26T11:58:22.692467+00:00,2026-07-26T11:58:22.694189+00:00,10039.02665623
SOLUSDT,SHORT,82.52,80.97839159284838,65.12047164285272,83.2908042035758,80.97839159284838,50.19513328115,100.39026656,10.64709237,89.74317419,WIN,TAKE_PROFIT,2026-07-26T11:58:22.697143+00:00,2026-07-26T11:58:22.697708+00:00,10128.76983042
BTCUSDT,SHORT,66883.0,67366.30872235782,0.10478571316701026,67366.30872235782,65916.38255528438,50.6438491521,-50.64384915,14.06740956,-64.71125871,LOSS,STOP_LOSS,2026-07-26T11:58:22.700838+00:00,2026-07-26T11:58:22.702561+00:00,10064.05857171
ETHUSDT,SHORT,1949.04,1964.5287241453043,3.248833950845828,1964.5287241453043,1918.0625517093915,50.320292858550005,-50.32029286,12.71453494,-63.0348278,LOSS,STOP_LOSS,2026-07-26T11:58:22.706132+00:00,2026-07-26T11:58:22.706558+00:00,10001.02374391
SOLUSDT,SHORT,81.08,78.95468276964952,47.056616306925555,82.14265861517524,78.95468276964952,50.00511871955,100.01023744,7.53069066,92.47954678,WIN,TAKE_PROFIT,2026-07-26T11:58:22.709518+00:00,2026-07-26T11:58:22.709808+00:00,10093.50329069
BTCUSDT,SHORT,66087.9,66948.62015557829,0.05863405907991377,66948.62015557829,64366.45968884342,50.467516453449996,-50.46751645,7.80047118,-58.26798764,LOSS,STOP_LOSS,2026-07-26T11:58:22.712793+00:00,2026-07-26T11:58:22.713298+00:00,10035.23530305
BTCUSDT,SHORT,66579.1,67509.76276649078,0.053914455721107674,67509.76276649078,64717.77446701848,50.17617651525,-50.17617652,7.22932805,-57.40550457,LOSS,STOP_LOSS,2026-07-26T11:58:22.716459+00:00,2026-07-26T11:58:22.717396+00:00,9977.82979848
SOLUSDT,SHORT,79.54,80.72512430732465,42.096131759394865,80.72512430732465,77.16975138535071,49.889148992399996,-49.88914899,6.74654179,-56.63569078,LOSS,STOP_LOSS,2026-07-26T11:58:22.720406+00:00,2026-07-26T11:58:22.720927+00:00,9921.1941077
BTCUSDT,LONG,68153.5,67433.23939431318,0.06887225283020605,67433.23939431318,69594.02121137363,49.605970538499996,-49.60597054,9.3381642,-58.94413473,LOSS,STOP_LOSS,2026-07-26T11:58:22.723810+00:00,2026-07-26T11:58:22.724166+00:00,9862.24997297
SOLUSDT,SHORT,79.76,80.79386445110065,47.696049334469144,80.79386445110065,77.69227109779872,49.31124986485,-49.31124986,7.65778504,-56.9690349,LOSS,STOP_LOSS,2026-07-26T11:58:22.727308+00:00,2026-07-26T11:58:22.728449+00:00,9805.28093807
ETHUSDT,LONG,1972.38,1956.7081739924238,3.12831476476632,1956.7081739924238,2003.7236520151528,49.02640469035,-49.02640469,12.29142455,-61.31782924,LOSS,STOP_LOSS,2026-07-26T11:58:22.731590+00:00,2026-07-26T11:58:22.732091+00:00,9743.96310883
BTCUSDT,SHORT,66777.9,67236.92598642675,0.10613737998452975,67236.92598642675,65859.84802714648,48.719815544149995,-48.71981554,14.22398251,-62.94379805,LOSS,STOP_LOSS,2026-07-26T11:58:22.735375+00:00,2026-07-26T11:58:22.735914+00:00,9681.01931078
ETHUSDT,LONG,1978.42,1962.3304553690011,3.008481449539631,1962.3304553690011,2010.5990892619977,48.405096553899995,-48.40509655,11.85567464,-60.2607712,LOSS,STOP_LOSS,2026-07-26T11:58:22.740154+00:00,2026-07-26T11:58:22.740783+00:00,9620.75853958
BTCUSDT,SHORT,66896.3,67301.20021760644,0.11880406728913517,67301.20021760644,66086.49956478714,48.10379269789999,-48.1037927,15.94320885,-64.04700154,LOSS,STOP_LOSS,2026-07-26T11:58:22.743953+00:00,2026-07-26T11:58:22.744438+00:00,9556.71153804
ETHUSDT,LONG,1976.77,1963.1026883865534,3.4961928901355974,1963.1026883865534,2004.1046232268934,47.783557690199984,-47.78355769,13.77455488,-61.55811257,LOSS,STOP_LOSS,2026-07-26T11:58:22.747661+00:00,2026-07-26T11:58:22.748766+00:00,9495.15342547
BTCUSDT,SHORT,67382.0,67947.43915937457,0.0839626445042516,67947.43915937457,66251.12168125086,47.47576712734999,-47.47576713,11.36261759,-58.83838472,LOSS,STOP_LOSS,2026-07-26T11:58:22.751961+00:00,2026-07-26T11:58:22.752246+00:00,9436.31504075
BTCUSDT,SHORT,67374.4,66115.3391027112,0.07494724886675216,68003.93044864439,66115.3391027112,47.181575203749986,94.36315041,10.0046887,84.35846171,WIN,TAKE_PROFIT,2026-07-26T11:58:22.755365+00:00,2026-07-26T11:58:22.755709+00:00,9520.67350246
BTCUSDT,SHORT,66034.5,66745.34987087162,0.06696683710996502,66745.34987087162,64612.80025825674,47.60336751229999,-47.60336751,8.89184658,-56.49521409,LOSS,STOP_LOSS,2026-07-26T11:58:22.758887+00:00,2026-07-26T11:58:22.761016+00:00,9464.17828837
ETHUSDT,LONG,1953.29,1938.949528385929,3.2998141703664903,1938.949528385929,1981.970943228142,47.32089144184999,-47.32089144,12.84366715,-60.16455859,LOSS,STOP_LOSS,2026-07-26T11:58:22.764759+00:00,2026-07-26T11:58:22.765444+00:00,9404.01372978
SOLUSDT,SHORT,78.17,78.83983387860144,70.19661165403289,78.83983387860144,76.83033224279711,47.020068648899986,-47.02006865,11.02155833,-58.04162698,LOSS,STOP_LOSS,2026-07-26T11:58:22.768792+00:00,2026-07-26T11:58:22.769407+00:00,9345.9721028
BTCUSDT,SHORT,66094.0,66459.49520908072,0.12785355143650975,66459.49520908072,65363.00958183855,46.72986051399998,-46.72986051,16.94743512,-63.67729563,LOSS,STOP_LOSS,2026-07-26T11:58:22.773269+00:00,2026-07-26T11:58:22.773690+00:00,9282.29480717
SOLUSDT,LONG,78.96,80.32789682824686,67.85814993859164,78.27605158587656,80.32789682824686,46.411474035849984,92.82294807,10.80898199,82.01396609,WIN,TAKE_PROFIT,2026-07-26T11:58:22.778206+00:00,2026-07-26T11:58:22.779057+00:00,9364.30877326
ETHUSDT,LONG,1957.6,1984.7277244710854,3.451933015333118,1944.0361377644572,1984.7277244710854,46.82154386629999,93.64308773,13.60865123,80.0344365,WIN,TAKE_PROFIT,2026-07-26T11:58:22.783612+00:00,2026-07-26T11:58:22.784531+00:00,9444.34320976
BTCUSDT,LONG,67310.3,68168.12554515543,0.11009631577302638,66881.3872274223,68168.12554515543,47.22171604879999,94.4434321,14.91567552,79.52775658,WIN,TAKE_PROFIT,2026-07-26T11:58:22.788085+00:00,2026-07-26T11:58:22.788483+00:00,9523.87096634
SOLUSDT,LONG,84.89,84.29367442963506,79.85462505415943,84.29367442963506,86.08265114072988,47.619354831699994,-47.61935483,13.51009889,-61.12945372,LOSS,STOP_LOSS,2026-07-26T11:58:22.791943+00:00,2026-07-26T11:58:22.793094+00:00,9462.74151262
BTCUSDT,LONG,69152.4,69500.10473298341,0.272148769199273,68978.54763350828,69500.10473298341,47.313707563099996,94.62741513,37.73410851,56.89330662,WIN,TAKE_PROFIT,2026-07-26T11:58:22.796555+00:00,2026-07-26T11:58:22.796850+00:00,9519.63481924
SOLUSDT,LONG,86.7,86.07634376668635,76.32117110943896,86.07634376668635,87.94731246662732,47.5981740962,-47.5981741,13.1864929,-60.78466699,LOSS,STOP_LOSS,2026-07-26T11:58:22.800223+00:00,2026-07-26T11:58:22.800516+00:00,9458.85015225
ETHUSDT,LONG,2084.01,2070.4425735903956,3.4858674986266767,2070.4425735903956,2111.1448528192095,47.294250761250005,-47.29425076,14.4818712,-61.77612196,LOSS,STOP_LOSS,2026-07-26T11:58:22.803981+00:00,2026-07-26T11:58:22.804527+00:00,9397.07403029
ETHUSDT,LONG,2094.03,2083.278016752076,4.369925907438609,2083.278016752076,2115.5339664958487,46.985370151450006,-46.98537015,18.25452653,-65.23989668,LOSS,STOP_LOSS,2026-07-26T11:58:22.808121+00:00,2026-07-26T11:58:22.808703+00:00,9331.83413361
SOLUSDT,LONG,88.53,87.86302670580017,69.95658008170568,87.86302670580017,89.86394658839967,46.65917066805001,-46.65917067,12.3398529,-58.99902357,LOSS,STOP_LOSS,2026-07-26T11:58:22.812795+00:00,2026-07-26T11:58:22.813446+00:00,9272.83511004
SOLUSDT,LONG,88.38,87.67799458629864,66.04532478708803,87.67799458629864,89.7840108274027,46.36417555020001,-46.36417555,11.62780743,-57.99198298,LOSS,STOP_LOSS,2026-07-26T11:58:22.818239+00:00,2026-07-26T11:58:22.818570+00:00,9214.84312706
ETHUSDT,SHORT,2059.22,2074.0112079999767,3.114973140488075,2074.0112079999767,2029.6375840000462,46.07421563530001,-46.07421564,12.8749042,-58.94911983,LOSS,STOP_LOSS,2026-07-26T11:58:22.823401+00:00,2026-07-26T11:58:22.824080+00:00,9155.89400723
BTCUSDT,LONG,70406.1,70013.94266962374,0.11673750938743072,70013.94266962374,71190.41466075255,45.77947003615,-45.77947004,16.39228605,-62.17175609,LOSS,STOP_LOSS,2026-07-26T11:58:22.828884+00:00,2026-07-26T11:58:22.830600+00:00,9093.72225114
ETHUSDT,SHORT,2009.78,2027.8523773879983,2.515917539764032,2027.8523773879983,1973.6352452240033,45.468611255700004,-45.46861126,10.15835012,-55.62696137,LOSS,STOP_LOSS,2026-07-26T11:58:22.834183+00:00,2026-07-26T11:58:22.834539+00:00,9038.09528977
BTCUSDT,SHORT,69020.0,68134.37755419007,0.10205359329510102,69462.81122290497,68134.37755419007,45.190476448850006,90.3809529,13.99709707,76.38385583,WIN,TAKE_PROFIT,2026-07-26T11:58:22.838076+00:00,2026-07-26T11:58:22.839444+00:00,9114.4791456
BTCUSDT,SHORT,68156.2,68587.12578413445,0.10575462737634797,68587.12578413445,67294.34843173108,45.572395728000004,-45.57239573,14.46123946,-60.03363519,LOSS,STOP_LOSS,2026-07-26T11:58:22.843430+00:00,2026-07-26T11:58:22.843979+00:00,9054.44551041
ETHUSDT,SHORT,1956.02,1976.618330308587,2.1978590921603347,1976.618330308587,1914.8233393828257,45.27222755205,-45.27222755,8.64338491,-53.91561246,LOSS,STOP_LOSS,2026-07-26T11:58:22.847645+00:00,2026-07-26T11:58:22.848481+00:00,9000.52989795
BTCUSDT,SHORT,68716.7,69114.4505328873,0.11314290181604976,69114.4505328873,67921.19893422538,45.00264948975,-45.00264949,15.59461633,-60.59726582,LOSS,STOP_LOSS,2026-07-26T11:58:22.852127+00:00,2026-07-26T11:58:22.854213+00:00,8939.93263213
ETHUSDT,LONG,1991.3,2021.3036616126967,2.979613870977289,1976.2981691936516,2021.3036616126967,44.69966316065,89.39932632,11.95600953,77.44331679,WIN,TAKE_PROFIT,2026-07-26T11:58:22.857933+00:00,2026-07-26T11:58:22.858281+00:00,9017.37594892
SOLUSDT,LONG,86.23,85.46218975632145,58.72138346134851,85.46218975632145,87.76562048735713,45.0868797446,-45.08687974,10.08200291,-55.16888266,LOSS,STOP_LOSS,2026-07-26T11:58:22.861966+00:00,2026-07-26T11:58:22.862233+00:00,8962.20706626
SOLUSDT,SHORT,84.94,83.12620954745411,49.41147999583074,85.84689522627295,83.12620954745411,44.8110353313,89.62207066,8.30440015,81.31767051,WIN,TAKE_PROFIT,2026-07-26T11:58:22.866061+00:00,2026-07-26T11:58:22.866811+00:00,9043.52473677
ETHUSDT,SHORT,1950.09,1973.5221778133277,1.9297234787169921,1973.5221778133277,1903.2256443733443,45.21762368385,-45.21762368,7.57148654,-52.78911022,LOSS,STOP_LOSS,2026-07-26T11:58:22.870533+00:00,2026-07-26T11:58:22.870887+00:00,8990.73562655
BTCUSDT,SHORT,67703.9,68291.05490547328,0.07656187100491585,68291.05490547328,66529.5901890534,44.95367813275,-44.95367813,10.41202819,-55.36570633,LOSS,STOP_LOSS,2026-07-26T11:58:22.874542+00:00,2026-07-26T11:58:22.875609+00:00,8935.36992022
ETHUSDT,LONG,1992.29,1976.2734398424127,2.789416027007275,1976.2734398424127,2024.3231203151745,44.6768496011,-44.6768496,11.06997446,-55.74682406,LOSS,STOP_LOSS,2026-07-26T11:58:22.879393+00:00,2026-07-26T11:58:22.880970+00:00,8879.62309616
BTCUSDT,SHORT,68019.0,68385.61467988433,0.12110293972627773,68385.61467988433,67285.77064023135,44.39811548080001,-44.39811548,16.51899983,-60.91711531,LOSS,STOP_LOSS,2026-07-26T11:58:22.884923+00:00,2026-07-26T11:58:22.885353+00:00,8818.70598085
BTCUSDT,SHORT,68347.3,67620.04380342139,0.12125996343981199,68710.92809828931,67620.04380342139,44.093529904250005,88.18705981,16.48739514,71.69966467,WIN,TAKE_PROFIT,2026-07-26T11:58:22.889151+00:00,2026-07-26T11:58:22.890819+00:00,8890.40564552
BTCUSDT,SHORT,67067.0,67545.32416063697,0.09293285157999351,67545.32416063697,66110.35167872607,44.45202822760001,-44.45202823,12.50990714,-56.96193537,LOSS,STOP_LOSS,2026-07-26T11:58:22.894727+00:00,2026-07-26T11:58:22.895207+00:00,8833.44371015
SOLUSDT,SHORT,84.49,85.44156168470516,46.41550753951905,85.44156168470516,82.58687663058967,44.167218550750015,-44.16721855,7.88745968,-52.05467823,LOSS,STOP_LOSS,2026-07-26T11:58:22.898973+00:00,2026-07-26T11:58:22.899715+00:00,8781.38903192
BTCUSDT,SHORT,67573.0,68145.68973414424,0.0766679452098253,68145.68973414424,66427.62053171152,43.906945159600006,-43.90694516,10.40527307,-54.31221823,LOSS,STOP_LOSS,2026-07-26T11:58:22.903614+00:00,2026-07-26T11:58:22.905708+00:00,8727.07681369
BTCUSDT,LONG,68078.4,67797.0831277331,0.15511115176572685,67797.0831277331,68641.03374453378,43.63538406845001,-43.63538407,21.07580268,-64.71118675,LOSS,STOP_LOSS,2026-07-26T11:58:22.909680+00:00,2026-07-26T11:58:22.910466+00:00,8662.36562694
SOLUSDT,SHORT,84.22,83.178396662577,83.16376604909263,84.7408016687115,83.178396662577,43.31182813470001,86.62365627,13.9214811,72.70217517,WIN,TAKE_PROFIT,2026-07-26T11:58:22.914460+00:00,2026-07-26T11:58:22.914778+00:00,8735.06780211
BTCUSDT,SHORT,67355.3,66696.7847838491,0.13264792654553112,67684.55760807545,66696.7847838491,43.675339010550005,87.35067802,17.7817311,69.56894693,WIN,TAKE_PROFIT,2026-07-26T11:58:22.918754+00:00,2026-07-26T11:58:22.919649+00:00,8804.63674904
BTCUSDT,SHORT,67190.5,67576.64563501865,0.11400668492102393,67576.64563501865,66418.2087299627,44.0231837452,-44.02318375,15.36435551,-59.38753926,LOSS,STOP_LOSS,2026-07-26T11:58:22.923654+00:00,2026-07-26T11:58:22.924004+00:00,8745.24920978
SOLUSDT,SHORT,82.95,81.1726634533626,49.204238928892856,83.8386682733187,81.1726634533626,43.7262460489,87.4524921,8.07553075,79.37696135,WIN,TAKE_PROFIT,2026-07-26T11:58:22.928140+00:00,2026-07-26T11:58:22.928850+00:00,8824.62617113
ETHUSDT,SHORT,1951.15,1970.4760409342678,2.283092072800799,1970.4760409342678,1912.497918131465,44.123130855650004,-44.12313086,8.95343333,-53.07656418,LOSS,STOP_LOSS,2026-07-26T11:58:22.932997+00:00,2026-07-26T11:58:22.934355+00:00,8771.54960695
SOLUSDT,SHORT,81.37,81.92821876033072,78.56731294513715,81.92821876033072,80.25356247933857,43.85774803475,-43.85774803,12.82990226,-56.68765029,LOSS,STOP_LOSS,2026-07-26T11:58:22.938538+00:00,2026-07-26T11:58:22.939110+00:00,8714.86195666
ETHUSDT,LONG,1975.14,1962.6783231820311,3.496665049158422,1962.6783231820311,2000.063353635938,43.5743097833,-43.57430978,13.7692317,-57.34354148,LOSS,STOP_LOSS,2026-07-26T11:58:22.943216+00:00,2026-07-26T11:58:22.944414+00:00,8657.51841518
SOLUSDT,SHORT,81.14,81.69058393592076,78.62124056254756,81.69058393592076,80.03883212815849,43.2875920759,-43.28759208,12.80194251,-56.08953459,LOSS,STOP_LOSS,2026-07-26T11:58:22.948991+00:00,2026-07-26T11:58:22.949292+00:00,8601.42888059
SOLUSDT,SHORT,81.6,80.42659504927951,73.30315826014366,82.18670247536024,80.42659504927951,43.00714440295,86.01428881,11.87706114,74.13722767,WIN,TAKE_PROFIT,2026-07-26T11:58:22.953369+00:00,2026-07-26T11:58:22.954041+00:00,8675.56610826
BTCUSDT,SHORT,66356.8,65772.44948092461,0.14846510484815253,66648.97525953769,65772.44948092461,43.3778305413,86.75566108,19.61658288,67.1390782,WIN,TAKE_PROFIT,2026-07-26T11:58:22.958280+00:00,2026-07-26T11:58:22.958800+00:00,8742.70518646
BTCUSDT,SHORT,65871.2,66196.01743629895,0.13457875423925172,66196.01743629895,65221.5651274021,43.7135259323,-43.71352593,17.7734416,-61.48696753,LOSS,STOP_LOSS,2026-07-26T11:58:22.962914+00:00,2026-07-26T11:58:22.963283+00:00,8681.21821893
BTCUSDT,SHORT,66219.5,66601.75820245947,0.11355175851132195,66601.75820245947,65454.98359508105,43.40609109465,-43.40609109,15.08208744,-58.48817853,LOSS,STOP_LOSS,2026-07-26T11:58:22.967490+00:00,2026-07-26T11:58:22.967753+00:00,8622.7300404
SOLUSDT,SHORT,80.74,81.49463892933237,57.13149497885341,81.49463892933237,79.23072214133524,43.113650202,-43.1136502,9.26870746,-52.38235766,LOSS,STOP_LOSS,2026-07-26T11:58:22.972003+00:00,2026-07-26T11:58:22.972750+00:00,8570.34768274
ETHUSDT,SHORT,1928.34,1949.522610334804,2.0229677899183285,1949.522610334804,1885.9747793303916,42.8517384137,-42.85173841,7.84479115,-50.69652957,LOSS,STOP_LOSS,2026-07-26T11:58:22.977031+00:00,2026-07-26T11:58:22.977958+00:00,8519.65115317
ETHUSDT,SHORT,1938.71,1953.0214234425237,2.9765212340288754,1953.0214234425237,1910.087153114953,42.59825576585,-42.59825577,11.58382122,-54.18207698,LOSS,STOP_LOSS,2026-07-26T11:58:22.982201+00:00,2026-07-26T11:58:22.982805+00:00,8465.46907619
BTCUSDT,LONG,67159.1,67813.89040196167,0.1292851735582642,66831.70479901916,67813.89040196167,42.32734538095,84.65469076,17.45000649,67.20468427,WIN,TAKE_PROFIT,2026-07-26T11:58:22.987024+00:00,2026-07-26T11:58:22.988150+00:00,8532.67376046
ETHUSDT,LONG,1958.86,1945.4151911802146,3.1732224216916367,1945.4151911802146,1985.7496176395705,42.6633688023,-42.6633688,12.38913358,-55.05250238,LOSS,STOP_LOSS,2026-07-26T11:58:22.992485+00:00,2026-07-26T11:58:22.993693+00:00,8477.62125808
ETHUSDT,SHORT,1942.98,1953.9087005869553,3.878604409841277,1953.9087005869553,1921.1225988260894,42.3881062904,-42.38810629,15.1144897,-57.50259599,LOSS,STOP_LOSS,2026-07-26T11:58:22.997976+00:00,2026-07-26T11:58:22.998929+00:00,8420.11866209
BTCUSDT,SHORT,66859.1,67421.84107978507,0.07481343520634721,67421.84107978507,65733.61784042987,42.10059331045,-42.10059331,10.04601848,-52.1466118,LOSS,STOP_LOSS,2026-07-26T11:58:23.003381+00:00,2026-07-26T11:58:23.003665+00:00,8367.97205029
SOLUSDT,LONG,84.01,82.97809812231333,40.54635538143103,82.97809812231333,86.07380375537336,41.83986025145,-41.83986025,6.77075877,-48.61061902,LOSS,STOP_LOSS,2026-07-26T11:58:23.008028+00:00,2026-07-26T11:58:23.008626+00:00,8319.36143127
ETHUSDT,LONG,1965.6,1944.6748999464576,1.9878904784165299,1944.6748999464576,2007.4502001070846,41.596807156349996,-41.59680716,7.77319824,-49.3700054,LOSS,STOP_LOSS,2026-07-26T11:58:23.012967+00:00,2026-07-26T11:58:23.020289+00:00,8269.99142587
BTCUSDT,SHORT,67622.4,67242.98970427478,0.2179696101831552,67812.1051478626,67242.98970427478,41.349957129349995,82.69991426,29.39655642,53.30335784,WIN,TAKE_PROFIT,2026-07-26T11:58:23.024796+00:00,2026-07-26T11:58:23.025692+00:00,8323.29478371
BTCUSDT,SHORT,67232.3,67474.19415301608,0.17204414988808323,67474.19415301608,66748.51169396784,41.61647391855,-41.61647392,23.17546427,-64.79193819,LOSS,STOP_LOSS,2026-07-26T11:58:23.030239+00:00,2026-07-26T11:58:23.031205+00:00,8258.50284552
ETHUSDT,SHORT,1940.39,1947.0545644026058,6.195830925042226,1947.0545644026058,1927.0608711947887,41.2925142276,-41.29251423,24.08594925,-65.37846348,LOSS,STOP_LOSS,2026-07-26T11:58:23.035626+00:00,2026-07-26T11:58:23.035895+00:00,8193.12438204
SOLUSDT,SHORT,83.27,82.45654894637954,100.72055774683174,83.67672552681022,82.45654894637954,40.96562191020001,81.93124382,16.69207044,65.23917338,WIN,TAKE_PROFIT,2026-07-26T11:58:23.040417+00:00,2026-07-26T11:58:23.040901+00:00,8258.36355542
SOLUSDT,SHORT,82.52,81.49400804290268,80.4915038397003,83.03299597854866,81.49400804290268,41.29181777710001,82.58363555,13.20173416,69.3819014,WIN,TAKE_PROFIT,2026-07-26T11:58:23.045584+00:00,2026-07-26T11:58:23.046016+00:00,8327.74545682
ETHUSDT,SHORT,1928.14,1907.146440022458,3.96680956718563,1938.6367799887712,1907.146440022458,41.63872728410001,83.27745457,15.21385094,68.06360363,WIN,TAKE_PROFIT,2026-07-26T11:58:23.050493+00:00,2026-07-26T11:58:23.050812+00:00,8395.80906045
BTCUSDT,SHORT,65444.4,64625.544741381476,0.1025310513925796,65853.82762930926,64625.544741381476,41.97904530225001,83.9580906,13.33620819,70.62188242,WIN,TAKE_PROFIT,2026-07-26T11:58:23.055310+00:00,2026-07-26T11:58:23.055729+00:00,8466.43094287
BTCUSDT,SHORT,64387.2,64906.40608658617,0.08153247006923213,64906.40608658617,63348.787826827654,42.33215471435001,-42.33215471,10.54162707,-52.87378178,LOSS,STOP_LOSS,2026-07-26T11:58:23.060271+00:00,2026-07-26T11:58:23.060753+00:00,8413.55716109
BTCUSDT,SHORT,64725.6,65215.77991959782,0.08582111205201036,65215.77991959782,63745.24016080436,42.067785805450015,-42.06778581,11.15171373,-53.21949953,LOSS,STOP_LOSS,2026-07-26T11:58:23.065363+00:00,2026-07-26T11:58:23.066029+00:00,8360.33766156
SOLUSDT,SHORT,78.39,79.1946547960953,51.94984049141112,79.1946547960953,76.78069040780939,41.80168830780001,-41.80168831,8.18649768,-49.98818599,LOSS,STOP_LOSS,2026-07-26T11:58:23.070785+00:00,2026-07-26T11:58:23.071206+00:00,8310.34947557
ETHUSDT,SHORT,1877.89,1890.4770339238137,3.3011547938420893,1890.4770339238137,1852.7159321523732,41.55174737785001,-41.55174738,12.4399629,-53.99171028,LOSS,STOP_LOSS,2026-07-26T11:58:23.075915+00:00,2026-07-26T11:58:23.076581+00:00,8256.35776529
BTCUSDT,LONG,66391.8,66018.82927786483,0.11068372495867991,66018.82927786483,67137.74144427036,41.28178882645002,-41.28178883,14.65570167,-55.9374905,LOSS,STOP_LOSS,2026-07-26T11:58:23.081218+00:00,2026-07-26T11:58:23.081807+00:00,8200.42027479
BTCUSDT,SHORT,65805.2,66209.13637698663,0.10150633542793394,66209.13637698663,64997.327246026725,41.00210137395002,-41.00210137,13.40029151,-54.40239288,LOSS,STOP_LOSS,2026-07-26T11:58:23.086588+00:00,2026-07-26T11:58:23.087046+00:00,8146.01788191
BTCUSDT,SHORT,65788.7,64861.52939486907,0.0878588885026144,66252.28530256546,64861.52939486907,40.73008940955002,81.46017882,11.47878394,69.98139488,WIN,TAKE_PROFIT,2026-07-26T11:58:23.092166+00:00,2026-07-26T11:58:23.092771+00:00,8215.99927679
SOLUSDT,SHORT,78.21,79.1031737582699,45.993286304696646,79.1031737582699,76.42365248346017,41.07999638395002,-41.07999638,7.23534984,-48.31534622,LOSS,STOP_LOSS,2026-07-26T11:58:23.097602+00:00,2026-07-26T11:58:23.098051+00:00,8167.68393057
BTCUSDT,SHORT,64857.6,63738.54224957499,0.07298715305325391,65417.128875212504,63738.54224957499,40.83841965285002,81.67683931,9.38586632,72.29097299,WIN,TAKE_PROFIT,2026-07-26T11:58:23.102872+00:00,2026-07-26T11:58:23.104309+00:00,8239.97490356
BTCUSDT,SHORT,64409.2,63371.500096350115,0.07940614501916865,64928.04995182494,63371.500096350115,41.19987451780002,82.39974904,10.1465728,72.25317623,WIN,TAKE_PROFIT,2026-07-26T11:58:23.109204+00:00,2026-07-26T11:58:23.109873+00:00,8312.22807979
BTCUSDT,SHORT,63570.5,62556.65655059572,0.08198729384377967,64077.421724702144,62556.65655059572,41.561140398950016,83.1222808,10.34082425,72.78145655,WIN,TAKE_PROFIT,2026-07-26T11:58:23.114602+00:00,2026-07-26T11:58:23.116443+00:00,8385.00953634
ETHUSDT,SHORT,1816.81,1830.4141339455082,3.0817873338819086,1830.4141339455082,1789.6017321089837,41.925047681700015,-41.92504768,11.23996914,-53.16501682,LOSS,STOP_LOSS,2026-07-26T11:58:23.121297+00:00,2026-07-26T11:58:23.121787+00:00,8331.84451952
BTCUSDT,LONG,64009.5,65013.05933360212,0.08302293885917161,63507.72033319894,65013.05933360212,41.65922259760002,83.3184452,10.71183206,72.60661314,WIN,TAKE_PROFIT,2026-07-26T11:58:23.126733+00:00,2026-07-26T11:58:23.128309+00:00,8404.45113266
BTCUSDT,LONG,65403.8,64902.13878536222,0.08376620403800158,64902.13878536222,66407.12242927557,42.02225566330002,-42.02225566,10.91523386,-52.93748952,LOSS,STOP_LOSS,2026-07-26T11:58:23.133170+00:00,2026-07-26T11:58:23.133708+00:00,8351.51364314
SOLUSDT,LONG,82.14,83.64071236432204,55.65032874845966,81.38964381783897,83.64071236432204,41.75756821570002,83.51513643,9.22575114,74.28938529,WIN,TAKE_PROFIT,2026-07-26T11:58:23.138572+00:00,2026-07-26T11:58:23.139765+00:00,8425.80302843
BTCUSDT,LONG,69183.9,68530.93619826733,0.0645196793916585,68530.93619826733,70489.82760346532,42.12901514215002,-42.12901514,8.88531708,-51.01433222,LOSS,STOP_LOSS,2026-07-26T11:58:23.144656+00:00,2026-07-26T11:58:23.145043+00:00,8374.78869621
SOLUSDT,LONG,89.07,87.84171042842218,34.09126353426613,87.84171042842218,91.52657914315562,41.87394348105002,-41.87394348,6.03114374,-47.90508722,LOSS,STOP_LOSS,2026-07-26T11:58:23.150059+00:00,2026-07-26T11:58:23.150491+00:00,8326.88360899
SOLUSDT,LONG,88.92,87.64116879198161,32.55661715471008,87.64116879198161,91.47766241603678,41.63441804495002,-41.63441804,5.74823438,-47.38265242,LOSS,STOP_LOSS,2026-07-26T11:58:23.155400+00:00,2026-07-26T11:58:23.155919+00:00,8279.50095657
ETHUSDT,LONG,2061.45,2041.0227742406892,2.026584778110721,2041.0227742406892,2102.304451518621,41.39750478285002,-41.39750478,8.31400888,-49.71151366,LOSS,STOP_LOSS,2026-07-26T11:58:23.160883+00:00,2026-07-26T11:58:23.162964+00:00,8229.78944291
BTCUSDT,SHORT,67659.8,66778.41906405492,0.0933738081603203,68100.49046797254,66778.41906405492,41.14894721455002,82.29789443,12.55300848,69.74488595,WIN,TAKE_PROFIT,2026-07-26T11:58:23.168063+00:00,2026-07-26T11:58:23.168506+00:00,8299.53432886
BTCUSDT,SHORT,67007.1,67582.47269191065,0.07212311642128591,67582.47269191065,65856.35461617872,41.49767164430002,-41.49767164,9.70701942,-51.20469106,LOSS,STOP_LOSS,2026-07-26T11:58:23.173668+00:00,2026-07-26T11:58:23.174352+00:00,8248.3296378
BTCUSDT,LONG,67466.1,66889.01859642386,0.07146591093289126,66889.01859642386,68620.26280715228,41.24164818900002,-41.24164819,9.60181094,-50.84345913,LOSS,STOP_LOSS,2026-07-26T11:58:23.179405+00:00,2026-07-26T11:58:23.180596+00:00,8197.48617867
BTCUSDT,SHORT,66960.0,67342.7984540414,0.10707313590382578,67342.7984540414,66194.40309191718,40.98743089335002,-40.98743089,14.38022179,-55.36765268,LOSS,STOP_LOSS,2026-07-26T11:58:23.185754+00:00,2026-07-26T11:58:23.186141+00:00,8142.11852599
SOLUSDT,LONG,86.09,87.48248866325345,58.47170422893477,85.39375566837329,87.48248866325345,40.71059262995002,81.42118526,10.14907922,71.27210604,WIN,TAKE_PROFIT,2026-07-26T11:58:23.191477+00:00,2026-07-26T11:58:23.192051+00:00,8213.39063203
BTCUSDT,LONG,67557.4,67185.18530057193,0.11033135774393732,67185.18530057193,68301.82939885612,41.06695316015002,-41.06695316,14.86633238,-55.93328554,LOSS,STOP_LOSS,2026-07-26T11:58:23.197363+00:00,2026-07-26T11:58:23.198612+00:00,8157.45734649
BTCUSDT,SHORT,65869.1,64927.74243265722,0.08665631030636385,66339.7787836714,64927.74243265722,40.78728673245003,81.57457346,11.33437176,70.2402017,WIN,TAKE_PROFIT,2026-07-26T11:58:23.203900+00:00,2026-07-26T11:58:23.205275+00:00,8227.69754819
BTCUSDT,SHORT,65565.1,65960.49427308756,0.10404421748374859,65960.49427308756,64774.3114538249,41.13848774095002,-41.13848774,13.68447754,-54.82296528,LOSS,STOP_LOSS,2026-07-26T11:58:23.210771+00:00,2026-07-26T11:58:23.211288+00:00,8172.87458291
BTCUSDT,SHORT,65732.1,65219.02590635571,0.15929228710144366,65988.63704682216,65219.02590635571,40.864372914550025,81.72874583,20.85950434,60.86924148,WIN,TAKE_PROFIT,2026-07-26T11:58:23.216780+00:00,2026-07-26T11:58:23.217545+00:00,8233.74382439
BTCUSDT,SHORT,64527.8,63868.94290214677,0.12497010127413426,64857.228548926614,63868.94290214677,41.168719121950026,82.33743824,16.04575396,66.29168428,WIN,TAKE_PROFIT,2026-07-26T11:58:23.223427+00:00,2026-07-26T11:58:23.223756+00:00,8300.03550867
BTCUSDT,SHORT,64003.7,63173.825551993425,0.10001555691475272,64418.63722400328,63173.825551993425,41.50017754335003,83.00035509,12.71973105,70.28062404,WIN,TAKE_PROFIT,2026-07-26T11:58:23.229907+00:00,2026-07-26T11:58:23.230215+00:00,8370.31613271
BTCUSDT,SHORT,63173.8,63671.65242228877,0.0840642302615438,63671.65242228877,62178.095155422474,41.85158066355003,-41.85158066,10.66316532,-52.51474598,LOSS,STOP_LOSS,2026-07-26T11:58:23.235619+00:00,2026-07-26T11:58:23.235901+00:00,8317.80138673
BTCUSDT,SHORT,63727.9,64276.95582069671,0.0757464093193234,64276.95582069671,62629.78835860658,41.58900693365003,-41.58900693,9.6959082,-51.28491514,LOSS,STOP_LOSS,2026-07-26T11:58:23.241259+00:00,2026-07-26T11:58:23.241620+00:00,8266.51647159
BTCUSDT,SHORT,64027.2,64648.51598825379,0.06652425358329336,64648.51598825379,62784.56802349241,41.33258235795003,-41.33258236,8.56005596,-49.89263832,LOSS,STOP_LOSS,2026-07-26T11:58:23.246969+00:00,2026-07-26T11:58:23.248245+00:00,8216.62383327
ETHUSDT,SHORT,1874.63,1897.3489788004608,1.808317157526333,1897.3489788004608,1829.192042399079,41.08311916635003,-41.08311917,6.82093431,-47.90405347,LOSS,STOP_LOSS,2026-07-26T11:58:23.254722+00:00,2026-07-26T11:58:23.255055+00:00,8168.7197798
BTCUSDT,LONG,65395.4,66492.4432010712,0.07446124064962721,64846.8783994644,66492.4432010712,40.843598899000035,81.6871978,9.82053243,71.86666537,WIN,TAKE_PROFIT,2026-07-26T11:58:23.260954+00:00,2026-07-26T11:58:23.261537+00:00,8240.58644517
ETHUSDT,LONG,1944.0,1990.6145775142745,1.7678131787521896,1920.6927112428627,1990.6145775142745,41.202932225850034,82.40586445,6.9556635,75.45020095,WIN,TAKE_PROFIT,2026-07-26T11:58:23.267071+00:00,2026-07-26T11:58:23.268339+00:00,8316.03664612
BTCUSDT,LONG,67311.6,66621.79900879652,0.0602785205600468,66621.79900879652,68691.20198240697,41.580183230600035,-41.58018323,8.07330715,-49.65349038,LOSS,STOP_LOSS,2026-07-26T11:58:23.274052+00:00,2026-07-26T11:58:23.275568+00:00,8266.38315574
SOLUSDT,SHORT,84.73,85.42570108686951,59.41045164193147,85.42570108686951,83.338597826261,41.33191577870003,-41.33191578,10.10902705,-51.44094283,LOSS,STOP_LOSS,2026-07-26T11:58:23.281639+00:00,2026-07-26T11:58:23.281988+00:00,8214.94221291
ETHUSDT,LONG,2005.86,1987.423707832642,2.227926889620175,1987.423707832642,2042.7325843347153,41.07471106455003,-41.07471106,8.89674415,-49.97145522,LOSS,STOP_LOSS,2026-07-26T11:58:23.287732+00:00,2026-07-26T11:58:23.288393+00:00,8164.97075769
ETHUSDT,LONG,1997.75,1976.9328606802048,1.9611173831953612,1976.9328606802048,2039.3842786395903,40.82485378845003,-40.82485379,7.79481965,-48.61967344,LOSS,STOP_LOSS,2026-07-26T11:58:23.293847+00:00,2026-07-26T11:58:23.294409+00:00,8116.35108425
BTCUSDT,SHORT,66112.2,66641.38921452164,0.07668666387680126,66641.38921452164,65053.8215709567,40.58175542125003,-40.58175542,10.18042987,-50.7621853,LOSS,STOP_LOSS,2026-07-26T11:58:23.300298+00:00,2026-07-26T11:58:23.300866+00:00,8065.58889895
BTCUSDT,SHORT,66386.5,65336.685950620056,0.07682873842004541,66911.40702468996,65336.685950620056,40.32794449475003,80.65588899,10.1201262,70.53576279,WIN,TAKE_PROFIT,2026-07-26T11:58:23.306310+00:00,2026-07-26T11:58:23.306980+00:00,8136.12466174
BTCUSDT,SHORT,65420.4,65918.7307468247,0.08163378151541326,65918.7307468247,64423.73850635061,40.68062330870003,-40.68062331,10.7217099,-51.40233321,LOSS,STOP_LOSS,2026-07-26T11:58:23.312795+00:00,2026-07-26T11:58:23.313421+00:00,8084.72232853
BTCUSDT,SHORT,65841.6,66404.27174333838,0.07184226348885615,66404.27174333838,64716.25651332324,40.42361164265003,-40.42361164,9.50084276,-49.92445441,LOSS,STOP_LOSS,2026-07-26T11:58:23.319078+00:00,2026-07-26T11:58:23.319747+00:00,8034.79787412
SOLUSDT,LONG,84.95,83.915040192567,38.816956061553256,83.915040192567,87.01991961486598,40.173989370600026,-40.17398937,6.55482685,-46.72881622,LOSS,STOP_LOSS,2026-07-26T11:58:23.325389+00:00,2026-07-26T11:58:23.325882+00:00,7988.0690579
ETHUSDT,SHORT,1944.18,1969.1519142608204,1.5994106367794387,1969.1519142608204,1894.2361714783597,39.94034528950003,-39.94034529,6.25902469,-46.19936998,LOSS,STOP_LOSS,2026-07-26T11:58:23.331713+00:00,2026-07-26T11:58:23.332187+00:00,7941.86968792
SOLUSDT,LONG,84.45,83.3741157765461,36.90857024756972,83.3741157765461,86.60176844690778,39.70934843960003,-39.70934844,6.19414817,-45.90349661,LOSS,STOP_LOSS,2026-07-26T11:58:23.337874+00:00,2026-07-26T11:58:23.338797+00:00,7895.96619131
SOLUSDT,SHORT,83.32,84.22231006547057,43.75417327962605,84.22231006547057,81.51537986905885,39.47983095655003,-39.47983096,7.33067527,-46.81050622,LOSS,STOP_LOSS,2026-07-26T11:58:23.344711+00:00,2026-07-26T11:58:23.345867+00:00,7849.15568509
ETHUSDT,SHORT,1945.44,1962.5176907197736,2.2980729109942994,1962.5176907197736,1911.2846185604533,39.24577842545003,-39.24577843,8.98077171,-48.22655013,LOSS,STOP_LOSS,2026-07-26T11:58:23.351632+00:00,2026-07-26T11:58:23.352288+00:00,7800.92913496
SOLUSDT,LONG,85.61,87.6418809803117,38.39264804655701,84.59405950984416,87.6418809803117,39.00464567480003,78.00929135,6.65159849,71.35769286,WIN,TAKE_PROFIT,2026-07-26T11:58:23.357939+00:00,2026-07-26T11:58:23.358269+00:00,7872.28682782
SOLUSDT,LONG,87.78,90.20246091028943,32.49706442891351,86.56876954485529,90.20246091028943,39.36143413910003,78.72286828,5.7839075,72.93896078,WIN,TAKE_PROFIT,2026-07-26T11:58:23.364005+00:00,2026-07-26T11:58:23.364605+00:00,7945.2257886
ETHUSDT,LONG,2063.35,2028.6426243084952,1.144601922545352,2028.6426243084952,2132.7647513830093,39.72612894300003,-39.72612894,4.68370262,-44.40983157,LOSS,STOP_LOSS,2026-07-26T11:58:23.370565+00:00,2026-07-26T11:58:23.371009+00:00,7900.81595703
ETHUSDT,LONG,2028.1,1994.0651769700307,1.1606959069646052,1994.0651769700307,2096.1696460599383,39.504079785150026,-39.50407979,4.66851066,-44.17259044,LOSS,STOP_LOSS,2026-07-26T11:58:23.376860+00:00,2026-07-26T11:58:23.379056+00:00,7856.64336659
ETHUSDT,SHORT,2006.01,1971.7625819609284,2.2940834131281465,2023.133709019536,1971.7625819609284,39.28321683295003,78.56643367,9.1253421,69.44109156,WIN,TAKE_PROFIT,2026-07-26T11:58:23.386556+00:00,2026-07-26T11:58:23.387442+00:00,7926.08445815
SOLUSDT,SHORT,84.31,85.14585757033143,47.41288910625804,85.14585757033143,82.63828485933716,39.63042229075003,-39.63042229,8.03439178,-47.66481407,LOSS,STOP_LOSS,2026-07-26T11:58:23.393405+00:00,2026-07-26T11:58:23.394151+00:00,7878.41964408
ETHUSDT,SHORT,1949.21,1967.783084328747,2.1209238876619962,1967.783084328747,1912.063831342506,39.39209822040003,-39.39209822,8.3076442,-47.69974242,LOSS,STOP_LOSS,2026-07-26T11:58:23.400253+00:00,2026-07-26T11:58:23.400745+00:00,7830.71990166
BTCUSDT,SHORT,66428.6,67033.25105411747,0.06475404159420088,67033.25105411747,65219.29789176507,39.15359950830003,-39.15359951,8.64219425,-47.79579376,LOSS,STOP_LOSS,2026-07-26T11:58:23.406834+00:00,2026-07-26T11:58:23.407260+00:00,7782.9241079
BTCUSDT,LONG,67692.5,69098.83324558382,0.055341962030265715,66989.3333772081,69098.83324558382,38.91462053950003,77.82924108,7.57030077,70.25894031,WIN,TAKE_PROFIT,2026-07-26T11:58:23.413398+00:00,2026-07-26T11:58:23.416460+00:00,7853.18304821
ETHUSDT,LONG,2005.72,2041.2619774801735,2.209551523291229,1987.9490112599133,2041.2619774801735,39.26591524105003,78.53183048,8.94201519,69.58981529,WIN,TAKE_PROFIT,2026-07-26T11:58:23.422502+00:00,2026-07-26T11:58:23.423041+00:00,7922.7728635
BTCUSDT,LONG,70993.7,72356.8079073293,0.05812285895269158,70312.14604633534,72356.8079073293,39.61386431750003,79.22772863,8.33194135,70.89578728,WIN,TAKE_PROFIT,2026-07-26T11:58:23.429077+00:00,2026-07-26T11:58:23.430498+00:00,7993.66865078
BTCUSDT,LONG,71379.1,72734.82911532151,0.05896213749812677,70701.23544233925,72734.82911532151,39.96834325390003,79.93668651,8.4972653,71.4394212,WIN,TAKE_PROFIT,2026-07-26T11:58:23.436694+00:00,2026-07-26T11:58:23.437079+00:00,8065.10807198
BTCUSDT,LONG,72930.9,72161.5480746426,0.05241494695833469,72161.5480746426,74469.60385071476,40.32554035990003,-40.32554036,7.60501297,-47.93055333,LOSS,STOP_LOSS,2026-07-26T11:58:23.443747+00:00,2026-07-26T11:58:23.446747+00:00,8017.17751865
SOLUSDT,SHORT,89.9,90.64677321462325,53.678796732785365,90.64677321462325,88.40645357075351,40.08588759325003,-40.08588759,9.69153354,-49.77742113,LOSS,STOP_LOSS,2026-07-26T11:58:23.453048+00:00,2026-07-26T11:58:23.453781+00:00,7967.40009752
SOLUSDT,LONG,90.81,90.06075774324809,53.16971931121391,90.06075774324809,92.30848451350384,39.83700048760002,-39.83700049,9.61684742,-49.45384791,LOSS,STOP_LOSS,2026-07-26T11:58:23.460021+00:00,2026-07-26T11:58:23.460508+00:00,7917.94624961
BTCUSDT,SHORT,72025.5,72511.67967587551,0.08143024731907368,72511.67967587551,71053.14064824897,39.58973124805002,-39.58973125,11.76969829,-51.35942954,LOSS,STOP_LOSS,2026-07-26T11:58:23.466754+00:00,2026-07-26T11:58:23.467222+00:00,7866.58682007
BTCUSDT,LONG,72576.6,72071.66228878808,0.07789660630802293,72071.66228878808,73586.47542242387,39.33293410035002,-39.3329341,11.26760874,-50.60054284,LOSS,STOP_LOSS,2026-07-26T11:58:23.473373+00:00,2026-07-26T11:58:23.474575+00:00,7815.98627723
ETHUSDT,SHORT,2098.03,2119.4488398718404,1.8245587352062431,2119.4488398718404,2055.1923202563194,39.07993138615002,-39.07993139,7.69503786,-46.77496924,LOSS,STOP_LOSS,2026-07-26T11:58:23.480851+00:00,2026-07-26T11:58:23.481120+00:00,7769.21130799
BTCUSDT,SHORT,71757.1,70393.94578580855,0.05699436811408927,72438.67710709573,70393.94578580855,38.84605653995002,77.69211308,8.10180903,69.59030405,WIN,TAKE_PROFIT,2026-07-26T11:58:23.487387+00:00,2026-07-26T11:58:23.489234+00:00,7838.80161204
BTCUSDT,SHORT,70423.0,70840.24569215109,0.09393508141003865,70840.24569215109,69588.50861569784,39.19400806020002,-39.19400806,13.26957448,-52.46358254,LOSS,STOP_LOSS,2026-07-26T11:58:23.495514+00:00,2026-07-26T11:58:23.495798+00:00,7786.3380295
BTCUSDT,LONG,71217.0,70761.93917360442,0.08555271710788223,70761.93917360442,72127.12165279116,38.93169014750002,-38.93169015,12.14668402,-51.07837417,LOSS,STOP_LOSS,2026-07-26T11:58:23.501925+00:00,2026-07-26T11:58:23.502772+00:00,7735.25965533
BTCUSDT,SHORT,70487.0,70919.88676187054,0.08934507054345193,70919.88676187054,69621.22647625892,38.67629827665002,-38.67629828,12.63400827,-51.31030655,LOSS,STOP_LOSS,2026-07-26T11:58:23.509042+00:00,2026-07-26T11:58:23.509826+00:00,7683.94934878
ETHUSDT,LONG,2079.32,2066.010206231647,2.8865771635959265,2066.010206231647,2105.9395875367068,38.41974674390002,-38.41974674,11.96581551,-50.38556225,LOSS,STOP_LOSS,2026-07-26T11:58:23.516556+00:00,2026-07-26T11:58:23.516895+00:00,7633.56378653
ETHUSDT,SHORT,2063.74,2036.1138250321253,2.763163483691392,2077.553087483937,2036.1138250321253,38.16781893265002,76.33563787,11.32856638,65.00707149,WIN,TAKE_PROFIT,2026-07-26T11:58:23.523306+00:00,2026-07-26T11:58:23.524297+00:00,7698.57085802
BTCUSDT,SHORT,68078.0,68337.90047159561,0.14810613483608137,68337.90047159561,67558.1990568088,38.49285429010003,-38.49285429,20.20403175,-58.69688604,LOSS,STOP_LOSS,2026-07-26T11:58:23.530754+00:00,2026-07-26T11:58:23.531117+00:00,7639.87397198
BTCUSDT,SHORT,68202.7,67645.05648067253,0.13700282899716668,68481.52175966374,67645.05648067253,38.199369859900024,76.39873972,18.61152695,57.78721277,WIN,TAKE_PROFIT,2026-07-26T11:58:23.537553+00:00,2026-07-26T11:58:23.538468+00:00,7697.66118475
BTCUSDT,SHORT,67665.7,67933.70987064259,0.14360779262147666,67933.70987064259,67129.68025871481,38.488305923750026,-38.48830592,19.47313193,-57.96143786,LOSS,STOP_LOSS,2026-07-26T11:58:23.545206+00:00,2026-07-26T11:58:23.545896+00:00,7639.69974689
SOLUSDT,SHORT,84.24,83.50044281057993,103.30100033076154,84.60977859471004,83.50044281057993,38.19849873445003,76.39699747,17.32775554,59.06924193,WIN,TAKE_PROFIT,2026-07-26T11:58:23.552443+00:00,2026-07-26T11:58:23.553121+00:00,7698.76898882
SOLUSDT,SHORT,83.5,83.98503068415472,79.3637314125482,83.98503068415472,82.52993863169056,38.493844944100026,-38.49384494,13.29223699,-51.78608193,LOSS,STOP_LOSS,2026-07-26T11:58:23.560091+00:00,2026-07-26T11:58:23.560666+00:00,7646.98290689
SOLUSDT,SHORT,83.92,83.08304866620091,91.36711536355092,84.33847566689955,83.08304866620091,38.23491453445003,76.46982907,15.25858681,61.21124226,WIN,TAKE_PROFIT,2026-07-26T11:58:23.567596+00:00,2026-07-26T11:58:23.567953+00:00,7708.19414915
ETHUSDT,SHORT,1970.53,1953.876143067372,4.628473860639581,1978.856928466314,1953.876143067372,38.54097074575003,77.08194149,18.16401125,58.91793024,WIN,TAKE_PROFIT,2026-07-26T11:58:23.574859+00:00,2026-07-26T11:58:23.575449+00:00,7767.11207939
ETHUSDT,SHORT,1954.01,1963.8712042603318,3.9382168112238043,1963.8712042603318,1934.2875914793367,38.83556039695003,-38.8355604,15.42946562,-54.26502602,LOSS,STOP_LOSS,2026-07-26T11:58:23.581877+00:00,2026-07-26T11:58:23.582196+00:00,7712.84705337
ETHUSDT,SHORT,1961.8,1972.1504039560223,3.7258676502584103,1972.1504039560223,1941.0991920879553,38.56423526685003,-38.56423527,14.65737855,-53.22161381,LOSS,STOP_LOSS,2026-07-26T11:58:23.588611+00:00,2026-07-26T11:58:23.589516+00:00,7659.62543956
BTCUSDT,SHORT,67314.1,66835.0780395598,0.15990134215394042,67553.61098022011,66835.0780395598,38.29812719780003,76.5962544,21.45063362,55.14562078,WIN,TAKE_PROFIT,2026-07-26T11:58:23.596099+00:00,2026-07-26T11:58:23.596922+00:00,7714.77106034
BTCUSDT,SHORT,66894.8,67189.8984807416,0.13071519448274702,67189.8984807416,66304.60303851683,38.57385530170003,-38.5738553,17.52690744,-56.10076274,LOSS,STOP_LOSS,2026-07-26T11:58:23.603919+00:00,2026-07-26T11:58:23.604777+00:00,7658.6702976
ETHUSDT,SHORT,1947.86,1958.6817449388432,3.5385560927934394,1958.6817449388432,1926.2165101223136,38.29335148800003,-38.29335149,13.82351709,-52.11686858,LOSS,STOP_LOSS,2026-07-26T11:58:23.611727+00:00,2026-07-26T11:58:23.612774+00:00,7606.55342902
ETHUSDT,SHORT,1950.01,1959.701357072576,3.9244005623033447,1959.701357072576,1930.6272858548477,38.032767145100024,-38.03276715,15.34327345,-53.37604059,LOSS,STOP_LOSS,2026-07-26T11:58:23.619829+00:00,2026-07-26T11:58:23.620252+00:00,7553.17738843
ETHUSDT,SHORT,1955.18,1932.3901043907447,3.3142659000871233,1966.5749478046278,1932.3901043907447,37.765886942150026,75.53177388,12.88444103,62.64733285,WIN,TAKE_PROFIT,2026-07-26T11:58:23.627149+00:00,2026-07-26T11:58:23.627720+00:00,7615.82472128
ETHUSDT,SHORT,1934.21,1948.0328425460218,2.754796886358185,1948.0328425460218,1906.5643149079567,38.079123606400024,-38.07912361,10.69479049,-48.7739141,LOSS,STOP_LOSS,2026-07-26T11:58:23.634792+00:00,2026-07-26T11:58:23.635071+00:00,7567.05080718
ETHUSDT,SHORT,1948.04,1963.6429966498772,2.424870996572157,1963.6429966498772,1916.8340067002453,37.83525403590002,-37.83525404,9.48532665,-47.32058068,LOSS,STOP_LOSS,2026-07-26T11:58:23.641810+00:00,2026-07-26T11:58:23.643471+00:00,7519.7302265
BTCUSDT,SHORT,67070.8,67416.54580897646,0.10874651306347412,67416.54580897646,66379.30838204708,37.598651132500024,-37.59865113,14.62502991,-52.22368104,LOSS,STOP_LOSS,2026-07-26T11:58:23.651962+00:00,2026-07-26T11:58:23.652401+00:00,7467.50654546
BTCUSDT,SHORT,66733.5,65931.41057891626,0.09310067368012721,67134.54471054187,65931.41057891626,37.33753272730002,74.67506545,12.35119255,62.32387291,WIN,TAKE_PROFIT,2026-07-26T11:58:23.659279+00:00,2026-07-26T11:58:23.659769+00:00,7529.83041837
ETHUSDT,SHORT,1927.72,1946.2224221020217,2.034822894227242,1946.2224221020217,1890.7151557959564,37.64915209185003,-37.64915209,7.88278673,-45.53193882,LOSS,STOP_LOSS,2026-07-26T11:58:23.666670+00:00,2026-07-26T11:58:23.667060+00:00,7484.29847955
BTCUSDT,SHORT,66198.4,66730.54806031157,0.07032158000508228,66730.54806031157,65134.10387937684,37.42149239775003,-37.4214924,9.34777366,-46.76926605,LOSS,STOP_LOSS,2026-07-26T11:58:23.674266+00:00,2026-07-26T11:58:23.675340+00:00,7437.5292135
BTCUSDT,LONG,67893.0,67335.90218931547,0.06675245415487494,67335.90218931547,69007.19562136906,37.187646067500026,-37.18764607,9.02686109,-46.21450716,LOSS,STOP_LOSS,2026-07-26T11:58:23.682246+00:00,2026-07-26T11:58:23.682796+00:00,7391.31470634
SOLUSDT,SHORT,82.75,83.63826864403043,41.605176294429356,83.63826864403043,80.97346271193912,36.95657353170003,-36.95657353,6.92261325,-43.87918678,LOSS,STOP_LOSS,2026-07-26T11:58:23.689610+00:00,2026-07-26T11:58:23.690078+00:00,7347.43551956
SOLUSDT,LONG,83.69,85.40075511560657,42.94849363612682,82.83462244219672,85.40075511560657,36.73717759780003,73.4743552,7.26219322,66.21216198,WIN,TAKE_PROFIT,2026-07-26T11:58:23.697849+00:00,2026-07-26T11:58:23.699118+00:00,7413.64768154
ETHUSDT,LONG,2020.06,2000.0358562002293,1.8511771978048182,2000.0358562002293,2060.108287599541,37.06823840770003,-37.06823841,7.44190978,-44.51014819,LOSS,STOP_LOSS,2026-07-26T11:58:23.706270+00:00,2026-07-26T11:58:23.708024+00:00,7369.13753335
BTCUSDT,LONG,68943.4,69780.17577973142,0.08806585601360498,68525.01211013428,69780.17577973142,36.845687666750024,73.69137533,12.21681045,61.47456488,WIN,TAKE_PROFIT,2026-07-26T11:58:23.715631+00:00,2026-07-26T11:58:23.716367+00:00,7430.61209823
SOLUSDT,LONG,86.62,85.81405362352388,46.09867551436374,85.81405362352388,88.23189275295225,37.15306049115003,-37.15306049,7.94898149,-45.10204198,LOSS,STOP_LOSS,2026-07-26T11:58:23.723207+00:00,2026-07-26T11:58:23.723663+00:00,7385.51005625
SOLUSDT,LONG,86.64,85.8854733842685,48.94134880245318,85.8854733842685,88.149053231463,36.92755028125003,-36.92755028,8.44362937,-45.37117965,LOSS,STOP_LOSS,2026-07-26T11:58:23.732695+00:00,2026-07-26T11:58:23.734829+00:00,7340.1388766
BTCUSDT,LONG,70410.0,71626.4500862934,0.0603406498902546,69801.7749568533,71626.4500862934,36.70069438300003,73.40138877,8.57057171,64.83081706,WIN,TAKE_PROFIT,2026-07-26T11:58:23.743865+00:00,2026-07-26T11:58:23.744166+00:00,7404.96969366
BTCUSDT,LONG,71157.8,70444.53861075616,0.05190922854740775,70444.53861075616,72584.32277848768,37.02484846830003,-37.02484847,7.35046816,-44.37531663,LOSS,STOP_LOSS,2026-07-26T11:58:23.751724+00:00,2026-07-26T11:58:23.752640+00:00,7360.59437703
BTCUSDT,SHORT,69697.5,70242.80288696567,0.06749088032513431,70242.80288696567,68606.89422606867,36.80297188515003,-36.80297189,9.44469423,-46.24766612,LOSS,STOP_LOSS,2026-07-26T11:58:23.760692+00:00,2026-07-26T11:58:23.762097+00:00,7314.34671091
BTCUSDT,LONG,70089.7,69729.6478770133,0.10157344234268119,69729.6478770133,70809.80424597341,36.57173355455003,-36.57173355,14.20193247,-50.77366602,LOSS,STOP_LOSS,2026-07-26T11:58:23.768972+00:00,2026-07-26T11:58:23.769365+00:00,7263.57304489
BTCUSDT,SHORT,69494.9,69879.88808826596,0.09433503615145829,69879.88808826596,68724.92382346808,36.31786522445003,-36.31786522,13.14792567,-49.4657909,LOSS,STOP_LOSS,2026-07-26T11:58:23.778104+00:00,2026-07-26T11:58:23.778605+00:00,7214.10725399
BTCUSDT,LONG,69907.0,69547.74523644066,0.1004037800712224,69547.74523644066,70625.50952711866,36.07053626995003,-36.07053627,14.00178357,-50.07231984,LOSS,STOP_LOSS,2026-07-26T11:58:23.785516+00:00,2026-07-26T11:58:23.785883+00:00,7164.03493415
BTCUSDT,SHORT,69500.0,69849.34189706262,0.1025361543288591,69849.34189706262,68801.31620587474,35.82017467075003,-35.82017467,14.28834563,-50.1085203,LOSS,STOP_LOSS,2026-07-26T11:58:23.792632+00:00,2026-07-26T11:58:23.793725+00:00,7113.92641385
ETHUSDT,LONG,2049.88,2030.3137295256415,1.817905569478034,2030.3137295256415,2089.0125409487173,35.56963206925003,-35.56963207,7.41740691,-42.98703897,LOSS,STOP_LOSS,2026-07-26T11:58:23.800663+00:00,2026-07-26T11:58:23.801155+00:00,7070.93937488
BTCUSDT,LONG,70024.8,69319.80626688474,0.05014895198879667,69319.80626688474,71434.78746623054,35.35469687440003,-35.35469687,6.98798597,-42.34268284,LOSS,STOP_LOSS,2026-07-26T11:58:23.808097+00:00,2026-07-26T11:58:23.810047+00:00,7028.59669204
SOLUSDT,SHORT,85.15,85.63971805039391,71.76166659965364,85.63971805039391,84.17056389921218,35.14298346020003,-35.14298346,12.25615481,-47.39913827,LOSS,STOP_LOSS,2026-07-26T11:58:23.817294+00:00,2026-07-26T11:58:23.817653+00:00,6981.19755377
BTCUSDT,LONG,69782.6,70348.15959415516,0.1234387609355057,69499.82020292243,70348.15959415516,34.90598776885003,69.81197554,17.29756733,52.5144082,WIN,TAKE_PROFIT,2026-07-26T11:58:23.824582+00:00,2026-07-26T11:58:23.825116+00:00,7033.71196197
BTCUSDT,LONG,69914.9,70687.59102965861,0.09102877724719483,69528.55448517068,70687.59102965861,35.16855980985003,70.33711962,12.79887284,57.53824678,WIN,TAKE_PROFIT,2026-07-26T11:58:23.832083+00:00,2026-07-26T11:58:23.832641+00:00,7091.25020875
SOLUSDT,LONG,86.94,86.33137092781922,58.255927402066334,86.33137092781922,88.15725814436153,35.45625104375003,-35.45625104,10.09408441,-45.55033545,LOSS,STOP_LOSS,2026-07-26T11:58:23.839640+00:00,2026-07-26T11:58:23.840213+00:00,7045.6998733
ETHUSDT,LONG,2064.54,2047.6260900359082,2.082812279436876,2047.6260900359082,2098.3678199281835,35.22849936650003,-35.22849937,8.56487003,-43.79336939,LOSS,STOP_LOSS,2026-07-26T11:58:23.847185+00:00,2026-07-26T11:58:23.847563+00:00,7001.90650391
ETHUSDT,LONG,2067.5,2044.936344894311,1.5515895964357018,2044.936344894311,2112.627310211378,35.00953251955003,-35.00953252,6.38081345,-41.39034597,LOSS,STOP_LOSS,2026-07-26T11:58:23.855079+00:00,2026-07-26T11:58:23.855935+00:00,6960.51615794
ETHUSDT,LONG,2060.78,2097.343859733691,1.9036601192095788,2042.498070133155,2097.343859733691,34.80258078970003,69.60516158,7.91565456,61.68950702,WIN,TAKE_PROFIT,2026-07-26T11:58:23.862975+00:00,2026-07-26T11:58:23.864024+00:00,7022.20566496
BTCUSDT,LONG,71449.1,70998.65785707023,0.07794792045084738,70998.65785707023,72349.98428585958,35.11102832480003,-35.11102832,11.1035065,-46.21453482,LOSS,STOP_LOSS,2026-07-26T11:58:23.871008+00:00,2026-07-26T11:58:23.871787+00:00,6975.99113014
BTCUSDT,LONG,71117.8,71953.64072925216,0.08346077052719798,70699.87963537393,71953.64072925216,34.87995565070003,69.7599113,11.94085268,57.81905862,WIN,TAKE_PROFIT,2026-07-26T11:58:23.878809+00:00,2026-07-26T11:58:23.879877+00:00,7033.81018876
BTCUSDT,LONG,71890.0,72639.54696254974,0.09384082039146849,71515.22651872513,72639.54696254974,35.16905094380003,70.33810189,13.56277126,56.77533063,WIN,TAKE_PROFIT,2026-07-26T11:58:23.886994+00:00,2026-07-26T11:58:23.887930+00:00,7090.58551939
BTCUSDT,LONG,72735.3,73514.14379544294,0.09103989222071787,72345.87810227853,73514.14379544294,35.45292759695003,70.90585519,13.3145336,57.59132159,WIN,TAKE_PROFIT,2026-07-26T11:58:23.895080+00:00,2026-07-26T11:58:23.895519+00:00,7148.17684098
BTCUSDT,LONG,73344.8,72880.69838554709,0.07701090255208873,72880.69838554709,74273.00322890581,35.74088420490003,-35.7408842,11.26095761,-47.00184181,LOSS,STOP_LOSS,2026-07-26T11:58:23.902599+00:00,2026-07-26T11:58:23.902998+00:00,7101.17499917
BTCUSDT,LONG,72899.9,72335.38371102294,0.06289610360081777,72335.38371102294,74028.93257795411,35.50587499585003,-35.505875,9.13473345,-44.64060845,LOSS,STOP_LOSS,2026-07-26T11:58:23.910036+00:00,2026-07-26T11:58:23.910274+00:00,7056.53439072
ETHUSDT,LONG,2150.39,2124.6833240513615,1.3725100835321744,2124.6833240513615,2201.8033518972766,35.28267195360003,-35.28267195,5.86758125,-41.1502532,LOSS,STOP_LOSS,2026-07-26T11:58:23.917481+00:00,2026-07-26T11:58:23.917867+00:00,7015.38413752
BTCUSDT,SHORT,70810.7,71271.55291538111,0.07611304934154989,71271.55291538111,69888.99416923776,35.07692068760003,-35.07692069,10.81431353,-45.89123421,LOSS,STOP_LOSS,2026-07-26T11:58:23.925060+00:00,2026-07-26T11:58:23.926392+00:00,6969.49290331
BTCUSDT,LONG,71236.6,70962.70304511687,0.12722837510704588,70962.70304511687,71784.3939097663,34.847464516550026,-34.84746452,18.09178627,-52.93925078,LOSS,STOP_LOSS,2026-07-26T11:58:23.933656+00:00,2026-07-26T11:58:23.933941+00:00,6916.55365253
BTCUSDT,LONG,71070.1,70787.60288073852,0.12241812714075684,70787.60288073852,71635.09423852297,34.58276826265003,-34.58276826,17.36595431,-51.94872257,LOSS,STOP_LOSS,2026-07-26T11:58:23.941246+00:00,2026-07-26T11:58:23.941762+00:00,6864.60492996
BTCUSDT,SHORT,70669.9,70935.80072691428,0.12908210161028671,70935.80072691428,70138.0985461714,34.323024649800026,-34.32302465,18.27876145,-52.6017861,LOSS,STOP_LOSS,2026-07-26T11:58:23.953478+00:00,2026-07-26T11:58:23.956768+00:00,6812.00314386
ETHUSDT,LONG,2092.69,2085.8571511406367,4.984745955945838,2085.8571511406367,2106.3556977187263,34.060015719300026,-34.06001572,20.82899601,-54.88901173,LOSS,STOP_LOSS,2026-07-26T11:58:23.964570+00:00,2026-07-26T11:58:23.965115+00:00,6757.11413213
BTCUSDT,LONG,71035.5,70828.6249127685,0.16331386786483007,70828.6249127685,71449.250174463,33.78557066065002,-33.78557066,23.16837895,-56.95394961,LOSS,STOP_LOSS,2026-07-26T11:58:23.972799+00:00,2026-07-26T11:58:23.973207+00:00,6700.16018252
SOLUSDT,LONG,87.59,88.35304291439573,87.80843195203603,87.20847854280214,88.35304291439573,33.50080091260003,67.00160183,15.44928271,51.55231911,WIN,TAKE_PROFIT,2026-07-26T11:58:23.981609+00:00,2026-07-26T11:58:23.982146+00:00,6751.71250163
ETHUSDT,LONG,2100.82,2119.689750996857,3.5780612593958874,2091.3851245015717,2119.689750996857,33.75856250815003,67.51712502,15.10124243,52.41588258,WIN,TAKE_PROFIT,2026-07-26T11:58:23.990027+00:00,2026-07-26T11:58:23.991511+00:00,6804.12838421
BTCUSDT,LONG,71779.8,71557.52013438332,0.1530531873710811,71557.52013438332,72224.35973123339,34.02064192105002,-34.02064192,21.93823372,-55.95887564,LOSS,STOP_LOSS,2026-07-26T11:58:23.999478+00:00,2026-07-26T11:58:24.000291+00:00,6748.16950857
BTCUSDT,LONG,71588.0,71326.70272926596,0.1291282050059892,71326.70272926596,72110.59454146808,33.74084754285003,-33.74084754,18.45431903,-52.19516658,LOSS,STOP_LOSS,2026-07-26T11:58:24.010244+00:00,2026-07-26T11:58:24.010872+00:00,6695.97434199
SOLUSDT,SHORT,87.66,88.09644519594954,76.71036826768196,88.09644519594954,86.7871096081009,33.479871709950025,-33.47987171,13.48234164,-46.96221335,LOSS,STOP_LOSS,2026-07-26T11:58:24.019403+00:00,2026-07-26T11:58:24.020035+00:00,6649.01212864
BTCUSDT,LONG,71788.0,71525.4891424337,0.12664261185769657,71525.4891424337,72313.0217151326,33.24506064320003,-33.24506064,18.14959458,-51.39465522,LOSS,STOP_LOSS,2026-07-26T11:58:24.028062+00:00,2026-07-26T11:58:24.028515+00:00,6597.61747342
ETHUSDT,SHORT,2098.05,2108.9875106185327,3.0160507740403526,2108.9875106185327,2076.1749787629346,32.98808736710003,-32.98808737,12.68863874,-45.67672611,LOSS,STOP_LOSS,2026-07-26T11:58:24.036798+00:00,2026-07-26T11:58:24.037096+00:00,6551.94074731
ETHUSDT,LONG,2110.28,2133.9482340058466,2.768242339369962,2098.4458829970768,2133.9482340058466,32.75970373655003,65.51940747,11.7490523,53.77035518,WIN,TAKE_PROFIT,2026-07-26T11:58:24.045723+00:00,2026-07-26T11:58:24.046285+00:00,6605.71110249
BTCUSDT,LONG,71810.0,72364.23993934579,0.11918504303907115,71532.8800303271,72364.23993934579,33.028555512450026,66.05711102,17.18341299,48.87369803,WIN,TAKE_PROFIT,2026-07-26T11:58:24.054000+00:00,2026-07-26T11:58:24.054687+00:00,6654.58480052
BTCUSDT,LONG,72350.1,73112.23918244657,0.0873145608280874,71969.03040877671,73112.23918244657,33.27292400260003,66.54584801,12.70098026,53.84486774,WIN,TAKE_PROFIT,2026-07-26T11:58:24.062417+00:00,2026-07-26T11:58:24.062785+00:00,6708.42966826
BTCUSDT,LONG,72715.6,72278.16752243553,0.07667960213666528,72278.16752243553,73590.46495512896,33.54214834130003,-33.54214834,11.11806441,-44.66021275,LOSS,STOP_LOSS,2026-07-26T11:58:24.070742+00:00,2026-07-26T11:58:24.071417+00:00,6663.76945551
BTCUSDT,LONG,72288.3,73237.19445471039,0.07022666664801908,71813.85277264481,73237.19445471039,33.31884727755003,66.63769456,10.21977039,56.41792417,WIN,TAKE_PROFIT,2026-07-26T11:58:24.079271+00:00,2026-07-26T11:58:24.079958+00:00,6720.18737968
BTCUSDT,LONG,73747.1,73193.87573290693,0.06073655639684239,73193.87573290693,74853.54853418615,33.60093689840003,-33.6009369,8.92468886,-42.52562576,LOSS,STOP_LOSS,2026-07-26T11:58:24.087811+00:00,2026-07-26T11:58:24.089042+00:00,6677.66175392
ETHUSDT,LONG,2242.6,2283.9502512173203,1.6149023421465758,2221.9248743913395,2283.9502512173203,33.38830876960002,66.77661754,7.3099366,59.46668094,WIN,TAKE_PROFIT,2026-07-26T11:58:24.097780+00:00,2026-07-26T11:58:24.098620+00:00,6737.12843486
BTCUSDT,LONG,73560.1,74379.95583337365,0.08217455021497126,73150.17208331318,74379.95583337365,33.68564217430002,67.37128435,12.15690755,55.2143768,WIN,TAKE_PROFIT,2026-07-26T11:58:24.106740+00:00,2026-07-26T11:58:24.107221+00:00,6792.34281166
BTCUSDT,LONG,74045.7,73600.54709491192,0.07629224401350548,73600.54709491192,74936.00581017614,33.961714058300025,-33.96171406,11.26426351,-45.22597757,LOSS,STOP_LOSS,2026-07-26T11:58:24.115508+00:00,2026-07-26T11:58:24.115936+00:00,6747.11683409
ETHUSDT,LONG,2279.64,2254.930181615306,1.3652704218719345,2254.930181615306,2329.059636769388,33.73558417045002,-33.73558417,6.19091454,-39.92649872,LOSS,STOP_LOSS,2026-07-26T11:58:24.124533+00:00,2026-07-26T11:58:24.124850+00:00,6707.19033537
ETHUSDT,LONG,2286.84,2342.2719317042174,1.2099867583831179,2259.1240341478915,2342.2719317042174,33.53595167685002,67.07190335,5.60116414,61.47073921,WIN,TAKE_PROFIT,2026-07-26T11:58:24.132922+00:00,2026-07-26T11:58:24.133775+00:00,6768.66107458
BTCUSDT,LONG,74217.7,75286.09392113563,0.06335360900767137,73683.50303943218,75286.09392113563,33.84330537290002,67.68661075,9.47160491,58.21500584,WIN,TAKE_PROFIT,2026-07-26T11:58:24.142092+00:00,2026-07-26T11:58:24.143402+00:00,6826.87608042
ETHUSDT,LONG,2366.2,2339.520739911796,1.2794350476455938,2339.520739911796,2419.558520176407,34.13438040210002,-34.1343804,6.02066404,-40.15504444,LOSS,STOP_LOSS,2026-07-26T11:58:24.152037+00:00,2026-07-26T11:58:24.152867+00:00,6786.72103598
ETHUSDT,LONG,2334.25,2311.9766956193876,1.5235101447020645,2311.9766956193876,2378.796608761225,33.93360517990002,-33.93360518,7.07857351,-41.01217869,LOSS,STOP_LOSS,2026-07-26T11:58:24.161048+00:00,2026-07-26T11:58:24.161639+00:00,6745.70885729
ETHUSDT,SHORT,2309.6,2331.2895091212226,1.5550625926083081,2331.2895091212226,2266.2209817575545,33.72854428645002,-33.72854429,7.21687367,-40.94541796,LOSS,STOP_LOSS,2026-07-26T11:58:24.169794+00:00,2026-07-26T11:58:24.170510+00:00,6704.76343933
ETHUSDT,LONG,2327.24,2307.8981302374877,1.7332252573443043,2307.8981302374877,2365.923739525024,33.52381719665002,-33.5238172,8.03373848,-41.55755568,LOSS,STOP_LOSS,2026-07-26T11:58:24.178920+00:00,2026-07-26T11:58:24.179894+00:00,6663.20588365
BTCUSDT,SHORT,73857.3,74397.0399109793,0.061726080915160984,74397.0399109793,72777.82017804141,33.31602941825002,-33.31602942,9.15115938,-42.4671888,LOSS,STOP_LOSS,2026-07-26T11:58:24.187994+00:00,2026-07-26T11:58:24.188686+00:00,6620.73869485
ETHUSDT,LONG,2328.17,2306.377454192187,1.5190374619922382,2306.377454192187,2371.7550916156265,33.103693474250015,-33.10369347,7.0400512,-40.14374468,LOSS,STOP_LOSS,2026-07-26T11:58:24.197466+00:00,2026-07-26T11:58:24.198966+00:00,6580.59495017
BTCUSDT,SHORT,73691.8,74084.55338187992,0.08377515323575396,74084.55338187992,72906.29323624018,32.902974750850014,-32.90297475,12.37998665,-45.2829614,LOSS,STOP_LOSS,2026-07-26T11:58:24.207178+00:00,2026-07-26T11:58:24.207619+00:00,6535.31198877
ETHUSDT,LONG,2329.21,2315.4695726899195,2.3781327324425763,2315.4695726899195,2356.6908546201607,32.676559943850016,-32.67655994,11.04566452,-43.72222447,LOSS,STOP_LOSS,2026-07-26T11:58:24.215845+00:00,2026-07-26T11:58:24.216968+00:00,6491.5897643
BTCUSDT,SHORT,73911.2,74208.97527624076,0.10900149008763624,74208.97527624076,73315.64944751849,32.45794882150002,-32.45794882,16.14531982,-48.60326864,LOSS,STOP_LOSS,2026-07-26T11:58:24.226723+00:00,2026-07-26T11:58:24.229430+00:00,6442.98649566
BTCUSDT,LONG,74204.0,73948.72681040522,0.12619786875949904,73948.72681040522,74714.54637918955,32.214932478300014,-32.21493248,18.69655837,-50.91149085,LOSS,STOP_LOSS,2026-07-26T11:58:24.238774+00:00,2026-07-26T11:58:24.239252+00:00,6392.07500481
BTCUSDT,SHORT,73837.6,73308.87193523448,0.12089532277134944,74101.96403238278,73308.87193523448,31.960375024050016,63.92075005,17.78932022,46.13142983,WIN,TAKE_PROFIT,2026-07-26T11:58:24.247760+00:00,2026-07-26T11:58:24.248167+00:00,6438.20643464
ETHUSDT,SHORT,2180.26,2204.179295406179,1.3458185797933184,2204.179295406179,2132.4214091876433,32.19103217320002,-32.19103217,5.90065987,-38.09169204,LOSS,STOP_LOSS,2026-07-26T11:58:24.257371+00:00,2026-07-26T11:58:24.258148+00:00,6400.1147426
BTCUSDT,SHORT,70835.9,70122.14930023103,0.089668770127605,71192.77534988447,70122.14930023103,32.00057371300002,64.00114743,12.63953492,51.36161251,WIN,TAKE_PROFIT,2026-07-26T11:58:24.267253+00:00,2026-07-26T11:58:24.268007+00:00,6451.47635511
SOLUSDT,SHORT,89.41,90.0138747976479,53.41733402551778,90.0138747976479,88.20225040470419,32.25738177555002,-32.25738178,9.58434505,-41.84172683,LOSS,STOP_LOSS,2026-07-26T11:58:24.276613+00:00,2026-07-26T11:58:24.277233+00:00,6409.63462828
BTCUSDT,SHORT,69773.1,70136.77277123374,0.08812365312002568,70136.77277123374,69045.75445753254,32.04817314140002,-32.04817314,12.3293691,-44.37754224,LOSS,STOP_LOSS,2026-07-26T11:58:24.285617+00:00,2026-07-26T11:58:24.286261+00:00,6365.25708604
BTCUSDT,SHORT,69478.4,70004.75534525722,0.060465397980611034,70004.75534525722,68425.68930948555,31.82628543020002,-31.82628543,8.4339045,-40.26018993,LOSS,STOP_LOSS,2026-07-26T11:58:24.294864+00:00,2026-07-26T11:58:24.296156+00:00,6324.99689611
BTCUSDT,SHORT,70036.9,70466.3823535384,0.07363511962714805,70466.3823535384,69177.93529292317,31.62498448055002,-31.62498448,10.345976,-41.97096048,LOSS,STOP_LOSS,2026-07-26T11:58:24.305549+00:00,2026-07-26T11:58:24.306404+00:00,6283.02593563
BTCUSDT,LONG,70540.4,70170.06845631095,0.08482974300598287,70170.06845631095,71281.06308737808,31.41512967815002,-31.41512968,11.93643288,-43.35156256,LOSS,STOP_LOSS,2026-07-26T11:58:24.314930+00:00,2026-07-26T11:58:24.315288+00:00,6239.67437307
BTCUSDT,LONG,70696.1,70343.86864906052,0.08857352357232164,70343.86864906052,71400.562701879,31.19837186535002,-31.19837187,12.49240699,-43.69077885,LOSS,STOP_LOSS,2026-07-26T11:58:24.324845+00:00,2026-07-26T11:58:24.325650+00:00,6195.98359422
BTCUSDT,SHORT,70244.0,70566.55203755232,0.09604626343764752,70566.55203755232,69598.89592489536,30.97991797110002,-30.97991797,13.52432738,-44.50424535,LOSS,STOP_LOSS,2026-07-26T11:58:24.335594+00:00,2026-07-26T11:58:24.335977+00:00,6151.47934887
BTCUSDT,LONG,70819.5,70465.27528394724,0.08683018250981772,70465.27528394724,71527.94943210552,30.757396744350018,-30.75739674,12.26778282,-43.02517957,LOSS,STOP_LOSS,2026-07-26T11:58:24.345091+00:00,2026-07-26T11:58:24.345677+00:00,6108.4541693
BTCUSDT,SHORT,70471.1,69729.9293730838,0.08241630128699876,70841.6853134581,69729.9293730838,30.542270846500017,61.08454169,11.55485028,49.52969142,WIN,TAKE_PROFIT,2026-07-26T11:58:24.354389+00:00,2026-07-26T11:58:24.355481+00:00,6157.98386072
BTCUSDT,SHORT,69781.2,70243.06973773114,0.06666364298914583,70243.06973773114,68857.46052453769,30.78991930360002,-30.7899193,9.33452793,-40.12444723,LOSS,STOP_LOSS,2026-07-26T11:58:24.364188+00:00,2026-07-26T11:58:24.365634+00:00,6117.85941349
ETHUSDT,LONG,2159.65,2143.073150151167,1.845302174200646,2143.073150151167,2192.803699697667,30.589297067450016,-30.58929707,7.93982438,-38.52912145,LOSS,STOP_LOSS,2026-07-26T11:58:24.374144+00:00,2026-07-26T11:58:24.374702+00:00,6079.33029204
SOLUSDT,LONG,89.83,89.3499584920807,63.3208815461649,89.3499584920807,90.79008301583859,30.396651460200015,-30.39665146,11.34583293,-41.74248439,LOSS,STOP_LOSS,2026-07-26T11:58:24.383282+00:00,2026-07-26T11:58:24.385809+00:00,6037.58780765
SOLUSDT,SHORT,89.64,89.99921343610397,84.03900301076753,89.99921343610397,88.92157312779206,30.187939038250015,-30.18793904,15.0967004,-45.28463944,LOSS,STOP_LOSS,2026-07-26T11:58:24.394851+00:00,2026-07-26T11:58:24.396213+00:00,5992.30316821
BTCUSDT,SHORT,70337.5,70004.238247748,0.17980770753671071,70504.130876126,70004.238247748,29.961515841050012,59.92303168,25.23452623,34.68850546,WIN,TAKE_PROFIT,2026-07-26T11:58:24.405194+00:00,2026-07-26T11:58:24.405978+00:00,6026.99167367
BTCUSDT,SHORT,68881.5,68243.2134285639,0.09442454131707133,69200.64328571805,68243.2134285639,30.134958368350013,60.26991674,12.94793817,47.32197857,WIN,TAKE_PROFIT,2026-07-26T11:58:24.414889+00:00,2026-07-26T11:58:24.415176+00:00,6074.31365224
BTCUSDT,SHORT,68652.2,69026.65447959532,0.08110883943496168,69026.65447959532,67903.29104080933,30.371568261200014,-30.37156826,11.1669721,-41.53854036,LOSS,STOP_LOSS,2026-07-26T11:58:24.424249+00:00,2026-07-26T11:58:24.424582+00:00,6032.77511188
BTCUSDT,SHORT,68860.3,69252.43987390996,0.07692121502116518,69252.43987390996,68076.0202521801,30.16387555940001,-30.16387556,10.62379976,-40.78767532,LOSS,STOP_LOSS,2026-07-26T11:58:24.433554+00:00,2026-07-26T11:58:24.434141+00:00,5991.98743656
BTCUSDT,SHORT,69314.7,68518.85307711062,0.07529070307648648,69712.62346144469,68518.85307711062,29.95993718280001,59.91987437,10.37758512,49.54228925,WIN,TAKE_PROFIT,2026-07-26T11:58:24.443553+00:00,2026-07-26T11:58:24.444787+00:00,6041.52972581
BTCUSDT,SHORT,68581.1,68883.99968764924,0.09972822640884038,68883.99968764924,67975.30062470153,30.207648629050013,-30.20764863,13.70915058,-43.91679921,LOSS,STOP_LOSS,2026-07-26T11:58:24.453644+00:00,2026-07-26T11:58:24.454783+00:00,5997.6129266
ETHUSDT,SHORT,2075.27,2047.8000200531383,2.183333565660347,2089.004989973431,2047.8000200531383,29.98806463300001,59.97612927,9.00203717,50.9740921,WIN,TAKE_PROFIT,2026-07-26T11:58:24.464263+00:00,2026-07-26T11:58:24.465818+00:00,6048.5870187
BTCUSDT,SHORT,67751.6,68100.59730271234,0.08665664421603925,68100.59730271234,67053.60539457534,30.242935093500012,-30.24293509,11.77249553,-42.01543062,LOSS,STOP_LOSS,2026-07-26T11:58:24.475448+00:00,2026-07-26T11:58:24.475972+00:00,6006.57158808
SOLUSDT,SHORT,86.46,87.19920036543742,40.62884617572889,87.19920036543742,84.98159926912513,30.032857940400014,-30.03285794,7.05557294,-37.08843088,LOSS,STOP_LOSS,2026-07-26T11:58:24.484994+00:00,2026-07-26T11:58:24.486463+00:00,5969.4831572
BTCUSDT,LONG,68864.2,68483.00749352583,0.0783001115684918,68483.00749352583,69626.58501294833,29.847415786000013,-29.84741579,10.75430167,-40.60171746,LOSS,STOP_LOSS,2026-07-26T11:58:24.495416+00:00,2026-07-26T11:58:24.496022+00:00,5928.88143974
ETHUSDT,SHORT,2032.61,2049.236347726074,1.782977698235561,2049.236347726074,1999.3573045478513,29.644407198700016,-29.6444072,7.27784101,-36.9222482,LOSS,STOP_LOSS,2026-07-26T11:58:24.505077+00:00,2026-07-26T11:58:24.505536+00:00,5891.95919154
ETHUSDT,SHORT,2046.73,2065.0652847096108,1.6067269433922702,2065.0652847096108,2010.0594305807783,29.459795957700017,-29.45979596,6.60653227,-36.06632823,LOSS,STOP_LOSS,2026-07-26T11:58:24.515470+00:00,2026-07-26T11:58:24.516308+00:00,5855.89286331
SOLUSDT,LONG,89.06,91.9789974296919,20.061315586454903,87.60050128515405,91.9789974296919,29.279464316550015,58.55892863,3.63188046,54.92704817,WIN,TAKE_PROFIT,2026-07-26T11:58:24.526073+00:00,2026-07-26T11:58:24.526965+00:00,5910.81991148
SOLUSDT,LONG,90.88,89.72421752567953,25.570641720256358,89.72421752567953,93.19156494864093,29.554099557400015,-29.55409956,4.61816574,-34.1722653,LOSS,STOP_LOSS,2026-07-26T11:58:24.535988+00:00,2026-07-26T11:58:24.539999+00:00,5876.64764618
BTCUSDT,SHORT,69829.8,68900.38118823268,0.0632292737329622,70294.50940588365,68900.38118823268,29.383238230900016,58.76647646,8.7718086,49.99466786,WIN,TAKE_PROFIT,2026-07-26T11:58:24.550526+00:00,2026-07-26T11:58:24.551494+00:00,5926.64231404
ETHUSDT,SHORT,2103.66,2121.534503413654,1.657848102653492,2121.534503413654,2067.9109931726916,29.633211570200015,-29.63321157,7.00473069,-36.63794226,LOSS,STOP_LOSS,2026-07-26T11:58:24.562980+00:00,2026-07-26T11:58:24.563462+00:00,5890.00437178
BTCUSDT,SHORT,69493.5,69980.18872719916,0.06051100059042204,69980.18872719916,68520.12254560168,29.450021858900012,-29.45002186,8.43969246,-37.88971432,LOSS,STOP_LOSS,2026-07-26T11:58:24.572760+00:00,2026-07-26T11:58:24.573305+00:00,5852.11465746
SOLUSDT,LONG,89.98,91.55809083644631,37.083509531291355,89.19095458177685,91.55809083644631,29.260573287300012,58.52114657,6.73206952,51.78907705,WIN,TAKE_PROFIT,2026-07-26T11:58:24.582554+00:00,2026-07-26T11:58:24.583541+00:00,5903.90373451
SOLUSDT,LONG,91.41,92.81614955866577,41.986314315754136,90.70692522066712,92.81614955866577,29.51951867255001,59.03903735,7.73497702,51.30406032,WIN,TAKE_PROFIT,2026-07-26T11:58:24.592587+00:00,2026-07-26T11:58:24.593614+00:00,5955.20779483
SOLUSDT,LONG,92.55,91.88978414856066,45.1004605679122,91.88978414856066,93.87043170287865,29.776038974150012,-29.77603897,8.31831921,-38.09435819,LOSS,STOP_LOSS,2026-07-26T11:58:24.602885+00:00,2026-07-26T11:58:24.603627+00:00,5917.11343664
SOLUSDT,LONG,92.14,93.28676826087803,51.59816188241454,91.56661586956098,93.28676826087803,29.58556718320001,59.17113437,9.56768041,49.60345396,WIN,TAKE_PROFIT,2026-07-26T11:58:24.612310+00:00,2026-07-26T11:58:24.613200+00:00,5966.7168906
SOLUSDT,LONG,93.07,92.50017225002259,52.355443297001166,92.50017225002259,94.2096554999548,29.833584453000007,-29.83358445,9.71560863,-39.54919308,LOSS,STOP_LOSS,2026-07-26T11:58:24.622573+00:00,2026-07-26T11:58:24.623457+00:00,5927.16769752
SOLUSDT,LONG,92.55,91.93418674682931,48.12471692515803,91.93418674682931,93.78162650634137,29.635838487600008,-29.63583849,8.87824926,-38.51408775,LOSS,STOP_LOSS,2026-07-26T11:58:24.636301+00:00,2026-07-26T11:58:24.638064+00:00,5888.65360977
BTCUSDT,LONG,71475.3,70951.0966716933,0.05616764804595647,70951.0966716933,72523.70665661342,29.44326804885001,-29.44326805,7.99975572,-37.44302377,LOSS,STOP_LOSS,2026-07-26T11:58:24.650199+00:00,2026-07-26T11:58:24.650761+00:00,5851.210586
BTCUSDT,LONG,71128.4,70739.55404471181,0.07523815673566023,70739.55404471181,71906.09191057636,29.25605293000001,-29.25605293,10.67388336,-39.92993629,LOSS,STOP_LOSS,2026-07-26T11:58:24.661760+00:00,2026-07-26T11:58:24.663012+00:00,5811.28064971
SOLUSDT,SHORT,90.82,89.76831384771546,55.25679535749749,91.34584307614226,89.76831384771546,29.05640324855001,58.1128065,9.9787315,48.13407499,WIN,TAKE_PROFIT,2026-07-26T11:58:24.679290+00:00,2026-07-26T11:58:24.680223+00:00,5859.4147247
ETHUSDT,SHORT,2067.33,2081.0103630483136,2.141542115515077,2081.0103630483136,2039.9692739033726,29.297073623500008,-29.29707362,8.8838456,-38.18091922,LOSS,STOP_LOSS,2026-07-26T11:58:24.694482+00:00,2026-07-26T11:58:24.695069+00:00,5821.23380548
BTCUSDT,SHORT,69518.9,69823.71910779232,0.09548669451269962,69823.71910779232,68909.26178441533,29.10616902740001,-29.10616903,13.3053661,-42.41153513,LOSS,STOP_LOSS,2026-07-26T11:58:24.704428+00:00,2026-07-26T11:58:24.704676+00:00,5778.82227035
ETHUSDT,SHORT,2080.07,2052.84752752515,2.1228131558177883,2093.6812362374253,2052.84752752515,28.894111351750013,57.7882227,8.7734117,49.014811,WIN,TAKE_PROFIT,2026-07-26T11:58:24.714859+00:00,2026-07-26T11:58:24.715598+00:00,5827.83708135
ETHUSDT,SHORT,2064.7,2033.0239864177736,1.8398265508447955,2080.538006791113,2033.0239864177736,29.139185406750013,58.27837081,7.53910139,50.73926943,WIN,TAKE_PROFIT,2026-07-26T11:58:24.725039+00:00,2026-07-26T11:58:24.728744+00:00,5878.57635078
BTCUSDT,SHORT,67780.5,67044.31714386152,0.07985212236013056,68148.59142806924,67044.31714386152,29.39288175390001,58.78576351,10.7660478,48.01971571,WIN,TAKE_PROFIT,2026-07-26T11:58:24.740649+00:00,2026-07-26T11:58:24.741185+00:00,5926.59606649
BTCUSDT,SHORT,66846.6,65965.21216571369,0.06724163683617163,67287.29391714316,65965.21216571369,29.63298033245001,59.26596066,8.93048364,50.33547702,WIN,TAKE_PROFIT,2026-07-26T11:58:24.752649+00:00,2026-07-26T11:58:24.753421+00:00,5976.93154351
BTCUSDT,SHORT,66153.9,66624.3195298223,0.06352767226487922,66624.3195298223,65213.06094035538,29.884657717550013,-29.88465772,8.43509121,-38.31974893,LOSS,STOP_LOSS,2026-07-26T11:58:24.764512+00:00,2026-07-26T11:58:24.768797+00:00,5938.61179458
SOLUSDT,LONG,83.76,83.17557029177259,50.806895260268995,83.17557029177259,84.92885941645484,29.693058972900012,-29.69305897,8.48147804,-38.17453701,LOSS,STOP_LOSS,2026-07-26T11:58:24.778289+00:00,2026-07-26T11:58:24.778982+00:00,5900.43725757
SOLUSDT,SHORT,83.19,82.22919679321072,61.41150670476559,83.67040160339464,82.22919679321072,29.502186287850012,59.00437258,10.15864211,48.84573046,WIN,TAKE_PROFIT,2026-07-26T11:58:24.790012+00:00,2026-07-26T11:58:24.791372+00:00,5949.28298803
BTCUSDT,SHORT,66359.5,66590.98777375687,0.12850101954581641,66590.98777375687,65896.52445248625,29.74641494015001,-29.74641494,17.08427323,-46.83068817,LOSS,STOP_LOSS,2026-07-26T11:58:24.800784+00:00,2026-07-26T11:58:24.801579+00:00,5902.45229986
BTCUSDT,LONG,66935.3,66698.77631036485,0.12477507663111237,66698.77631036485,67408.34737927032,29.51226149930001,-29.5122615,16.67420211,-46.18646361,LOSS,STOP_LOSS,2026-07-26T11:58:24.811610+00:00,2026-07-26T11:58:24.812254+00:00,5856.26583625
ETHUSDT,SHORT,2004.96,1989.4473722891087,3.7751604340625726,2012.7163138554458,1989.4473722891087,29.281329181250012,58.56265836,15.07952867,43.48312969,WIN,TAKE_PROFIT,2026-07-26T11:58:24.822813+00:00,2026-07-26T11:58:24.824561+00:00,5899.74896594
ETHUSDT,SHORT,1988.52,1997.205865948829,3.3961777678225684,1997.205865948829,1971.148268102342,29.498744829700012,-29.49874483,13.53623357,-43.0349784,LOSS,STOP_LOSS,2026-07-26T11:58:24.833889+00:00,2026-07-26T11:58:24.834262+00:00,5856.71398754
ETHUSDT,SHORT,1994.14,2004.219878107156,2.9051511959168232,2004.219878107156,1973.9802437856881,29.283569937700012,-29.28356994,11.61583998,-40.89940992,LOSS,STOP_LOSS,2026-07-26T11:58:24.843548+00:00,2026-07-26T11:58:24.844791+00:00,5815.81457762
BTCUSDT,SHORT,66274.5,65767.70651384785,0.11475709014685241,66527.89674307608,65767.70651384785,29.079072888100015,58.15814578,15.1527794,43.00536638,WIN,TAKE_PROFIT,2026-07-26T11:58:24.854048+00:00,2026-07-26T11:58:24.854410+00:00,5858.819944
BTCUSDT,SHORT,65645.9,64993.02398387901,0.0897386302962961,65972.33800806048,64993.02398387901,29.294099720000013,58.58819944,11.7233581,46.86484134,WIN,TAKE_PROFIT,2026-07-26T11:58:24.863582+00:00,2026-07-26T11:58:24.863837+00:00,5905.68478534
BTCUSDT,SHORT,65820.3,66232.5138646276,0.07163374757755012,66232.5138646276,64995.8722707448,29.52842392670001,-29.52842393,9.45943794,-38.98786186,LOSS,STOP_LOSS,2026-07-26T11:58:24.873285+00:00,2026-07-26T11:58:24.873571+00:00,5866.69692348
BTCUSDT,SHORT,66061.3,66501.00573143992,0.06671162670848284,66501.00573143992,65181.888537120176,29.333484617400014,-29.33348462,8.84344706,-38.17693167,LOSS,STOP_LOSS,2026-07-26T11:58:24.883290+00:00,2026-07-26T11:58:24.883759+00:00,5828.51999181
BTCUSDT,LONG,67087.0,66553.2245120719,0.054597111741061195,66553.2245120719,68154.5509758562,29.142599959050013,-29.14259996,7.29637027,-36.43897023,LOSS,STOP_LOSS,2026-07-26T11:58:24.893284+00:00,2026-07-26T11:58:24.896040+00:00,5792.08102158
SOLUSDT,SHORT,82.78,83.45983408749404,42.599224782405486,83.45983408749404,81.42033182501193,28.96040510790001,-28.96040511,7.08168806,-36.04209317,LOSS,STOP_LOSS,2026-07-26T11:58:24.905566+00:00,2026-07-26T11:58:24.906203+00:00,5756.03892841
BTCUSDT,SHORT,66749.2,67104.02026143111,0.08111203832038523,67104.02026143111,66039.55947713777,28.78019464205001,-28.78019464,10.85710753,-39.63730217,LOSS,STOP_LOSS,2026-07-26T11:58:24.915758+00:00,2026-07-26T11:58:24.916672+00:00,5716.40162624
SOLUSDT,SHORT,82.68,83.245190121075,50.570608128883855,83.245190121075,81.54961975785001,28.58200813120001,-28.58200813,8.39093777,-36.9729459,LOSS,STOP_LOSS,2026-07-26T11:58:24.926541+00:00,2026-07-26T11:58:24.926935+00:00,5679.42868034
SOLUSDT,SHORT,82.82,81.6724051128593,49.48983952421237,83.39379744357035,81.6724051128593,28.39714340170001,56.7942868,8.14070273,48.65358407,WIN,TAKE_PROFIT,2026-07-26T11:58:24.936850+00:00,2026-07-26T11:58:24.937469+00:00,5728.08226441
BTCUSDT,SHORT,66403.9,66781.59583281325,0.0758293018716223,66781.59583281325,65648.50833437349,28.64041132205001,-28.64041132,10.09936317,-38.73977449,LOSS,STOP_LOSS,2026-07-26T11:58:24.947302+00:00,2026-07-26T11:58:24.947912+00:00,5689.34248992
BTCUSDT,SHORT,66610.0,67009.93949353693,0.07112754031372616,67009.93949353693,65810.12101292612,28.44671244960001,-28.44671245,9.50405763,-37.95077008,LOSS,STOP_LOSS,2026-07-26T11:58:24.957741+00:00,2026-07-26T11:58:24.958311+00:00,5651.39171984
SOLUSDT,SHORT,81.24,81.95502164322228,39.51902556663665,81.95502164322228,79.80995671355542,28.256958599200008,-28.2569586,6.44930823,-34.70626683,LOSS,STOP_LOSS,2026-07-26T11:58:24.968215+00:00,2026-07-26T11:58:24.968506+00:00,5616.68545301
ETHUSDT,LONG,2074.36,2057.860020367969,1.7020279958728926,2057.860020367969,2107.359959264063,28.08342726505001,-28.08342727,7.03315416,-35.11658142,LOSS,STOP_LOSS,2026-07-26T11:58:24.978410+00:00,2026-07-26T11:58:24.978896+00:00,5581.56887159
BTCUSDT,SHORT,66555.9,67098.80235387658,0.051404905796916305,67098.80235387658,65470.09529224682,27.907844357950008,-27.90784436,6.87050738,-34.77835174,LOSS,STOP_LOSS,2026-07-26T11:58:24.988554+00:00,2026-07-26T11:58:24.988875+00:00,5546.79051985
ETHUSDT,LONG,2074.71,2120.847773240004,1.2022232826443964,2051.6411133799984,2120.847773240004,27.733952599250006,55.4679052,5.04399724,50.42390796,WIN,TAKE_PROFIT,2026-07-26T11:58:24.998405+00:00,2026-07-26T11:58:24.999101+00:00,5597.21442781
ETHUSDT,LONG,2096.38,2129.8059907867155,1.6745096543359625,2079.6670046066424,2129.8059907867155,27.986072139050005,55.97214428,7.07678924,48.89535504,WIN,TAKE_PROFIT,2026-07-26T11:58:25.008872+00:00,2026-07-26T11:58:25.010224+00:00,5646.10978285
BTCUSDT,LONG,68552.9,68172.7855194842,0.07426854371857149,68172.7855194842,69313.1289610316,28.230548914250008,-28.23054891,10.15441755,-38.38496647,LOSS,STOP_LOSS,2026-07-26T11:58:25.020221+00:00,2026-07-26T11:58:25.021750+00:00,5607.72481638
ETHUSDT,LONG,2132.21,2116.7296634946256,1.8112412525506634,2116.7296634946256,2163.170673010749,28.038624081900007,-28.03862408,7.6958548,-35.73447888,LOSS,STOP_LOSS,2026-07-26T11:58:25.031800+00:00,2026-07-26T11:58:25.032096+00:00,5571.9903375
SOLUSDT,SHORT,82.72,83.37713148909103,42.39631207756805,83.37713148909103,81.40573702181796,27.859951687500008,-27.85995169,7.04190582,-34.90185751,LOSS,STOP_LOSS,2026-07-26T11:58:25.045331+00:00,2026-07-26T11:58:25.045825+00:00,5537.08847999
ETHUSDT,LONG,2130.47,2165.5642839199186,1.5777750281570033,2112.9228580400404,2165.5642839199186,27.685442399950006,55.3708848,6.77817561,48.59270919,WIN,TAKE_PROFIT,2026-07-26T11:58:25.055891+00:00,2026-07-26T11:58:25.056564+00:00,5585.68118918
ETHUSDT,LONG,2151.58,2133.1484791766247,1.5152523882066689,2133.1484791766247,2188.44304164675,27.928405945900007,-27.92840595,6.49244506,-34.42085101,LOSS,STOP_LOSS,2026-07-26T11:58:25.068823+00:00,2026-07-26T11:58:25.069096+00:00,5551.26033817
ETHUSDT,LONG,2139.28,2120.437183575764,1.4730442130269037,2120.437183575764,2176.9656328484734,27.75630169085001,-27.75630169,6.27475175,-34.03105344,LOSS,STOP_LOSS,2026-07-26T11:58:25.079030+00:00,2026-07-26T11:58:25.080508+00:00,5517.22928473
SOLUSDT,SHORT,80.81,79.14194309639431,33.07578580085538,81.64402845180285,79.14194309639431,27.58614642365001,55.17229285,5.29053621,49.88175664,WIN,TAKE_PROFIT,2026-07-26T11:58:25.090352+00:00,2026-07-26T11:58:25.090736+00:00,5567.11104137
SOLUSDT,SHORT,79.1,77.19259379229916,29.186814108571834,80.05370310385041,77.19259379229916,27.835555206850014,55.67111041,4.56168288,51.10942753,WIN,TAKE_PROFIT,2026-07-26T11:58:25.100677+00:00,2026-07-26T11:58:25.102893+00:00,5618.2204689
BTCUSDT,SHORT,65826.6,66174.28840865652,0.08079389949479575,66174.28840865652,65131.223182686976,28.091102344500015,-28.09110234,10.66486651,-38.75596886,LOSS,STOP_LOSS,2026-07-26T11:58:25.113276+00:00,2026-07-26T11:58:25.113707+00:00,5579.46450004
BTCUSDT,SHORT,66227.3,66598.3678080382,0.07518119841139276,66598.3678080382,65485.16438392361,27.897322500200012,-27.8973225,9.98599289,-37.88331539,LOSS,STOP_LOSS,2026-07-26T11:58:25.124038+00:00,2026-07-26T11:58:25.124449+00:00,5541.58118465
BTCUSDT,LONG,67201.9,66769.03878893472,0.06401106224108347,66769.03878893472,68067.62242213055,27.707905923250014,-27.70790592,8.5756221,-36.28352802,LOSS,STOP_LOSS,2026-07-26T11:58:25.135051+00:00,2026-07-26T11:58:25.135441+00:00,5505.29765663
SOLUSDT,SHORT,78.56,79.35408122029874,34.66457533499436,79.35408122029874,76.97183755940252,27.526488283150016,-27.52648828,5.47402456,-33.00051285,LOSS,STOP_LOSS,2026-07-26T11:58:25.145839+00:00,2026-07-26T11:58:25.147189+00:00,5472.29714378
BTCUSDT,SHORT,66793.9,66265.44247391602,0.10355226056351675,67058.12876304198,66265.44247391602,27.361485718900017,54.72297144,13.7785957,40.94437574,WIN,TAKE_PROFIT,2026-07-26T11:58:25.157652+00:00,2026-07-26T11:58:25.158423+00:00,5513.24151952
ETHUSDT,SHORT,2043.07,2055.005907906664,2.30951912608248,2055.005907906664,2019.1981841866716,27.56620759760002,-27.5662076,9.46458469,-37.03079229,LOSS,STOP_LOSS,2026-07-26T11:58:25.168759+00:00,2026-07-26T11:58:25.169098+00:00,5476.21072723
BTCUSDT,SHORT,66602.1,66891.80578320024,0.09451331393417516,66891.80578320024,66022.68843359953,27.381053636150018,-27.38105364,12.61695143,-39.99800506,LOSS,STOP_LOSS,2026-07-26T11:58:25.180099+00:00,2026-07-26T11:58:25.180984+00:00,5436.21272217
ETHUSDT,LONG,2068.28,2058.295860548279,2.722424275250315,2058.295860548279,2088.2482789034425,27.181063610850018,-27.18106361,11.2342903,-38.41535391,LOSS,STOP_LOSS,2026-07-26T11:58:25.191474+00:00,2026-07-26T11:58:25.191849+00:00,5397.79736826
SOLUSDT,LONG,80.01,79.5452659902443,58.07405155367759,79.5452659902443,80.93946801951141,26.98898684130002,-26.98898684,9.26602074,-36.25500758,LOSS,STOP_LOSS,2026-07-26T11:58:25.202135+00:00,2026-07-26T11:58:25.203052+00:00,5361.54236068
BTCUSDT,SHORT,66690.4,66968.42471424706,0.09642204606162492,66968.42471424706,66134.35057150587,26.80771180340002,-26.8077118,12.88765735,-39.69536916,LOSS,STOP_LOSS,2026-07-26T11:58:25.216652+00:00,2026-07-26T11:58:25.217381+00:00,5321.84699152
SOLUSDT,LONG,80.42,79.85204322618915,46.85081010489348,79.85204322618915,81.5559135476217,26.60923495760002,-26.60923496,7.50887506,-34.11811002,LOSS,STOP_LOSS,2026-07-26T11:58:25.232082+00:00,2026-07-26T11:58:25.232718+00:00,5287.7288815
ETHUSDT,SHORT,2046.55,2055.896246994628,2.828797957372146,2055.896246994628,2027.8575060107435,26.438644407500018,-26.43864441,11.60499156,-38.04363597,LOSS,STOP_LOSS,2026-07-26T11:58:25.243358+00:00,2026-07-26T11:58:25.244155+00:00,5249.68524553
SOLUSDT,LONG,80.32,79.95295940166865,71.51368635236034,79.95295940166865,81.05408119666266,26.24842622765002,-26.24842623,11.46171015,-37.71013638,LOSS,STOP_LOSS,2026-07-26T11:58:25.254275+00:00,2026-07-26T11:58:25.254887+00:00,5211.97510915
ETHUSDT,SHORT,2051.09,2057.3830135598064,4.141080469331296,2057.3830135598064,2038.503972880388,26.059875545750018,-26.05987555,17.01351736,-43.0733929,LOSS,STOP_LOSS,2026-07-26T11:58:25.265193+00:00,2026-07-26T11:58:25.266784+00:00,5168.90171625
SOLUSDT,SHORT,80.0,80.22230098107008,116.2590846735946,80.22230098107008,79.55539803785983,25.84450858125002,-25.84450858,18.62729806,-44.47180664,LOSS,STOP_LOSS,2026-07-26T11:58:25.277194+00:00,2026-07-26T11:58:25.277706+00:00,5124.42990961
SOLUSDT,SHORT,80.09,79.67334188962123,122.98884341772248,80.2983290551894,79.67334188962123,25.622149548050018,51.2442991,19.64910864,31.59519046,WIN,TAKE_PROFIT,2026-07-26T11:58:25.288437+00:00,2026-07-26T11:58:25.288761+00:00,5156.02510007
ETHUSDT,SHORT,2048.38,2052.6534293175073,6.032655178063905,2052.6534293175073,2039.8331413649857,25.780125500350017,-25.7801255,24.74012055,-50.52024605,LOSS,STOP_LOSS,2026-07-26T11:58:25.298945+00:00,2026-07-26T11:58:25.299182+00:00,5105.50485402
ETHUSDT,LONG,2055.69,2066.0160158638646,4.944312425362952,2050.526992068068,2066.0160158638646,25.527524270100017,51.05504854,20.37900227,30.67604627,WIN,TAKE_PROFIT,2026-07-26T11:58:25.309370+00:00,2026-07-26T11:58:25.310217+00:00,5136.18090029
SOLUSDT,LONG,81.17,80.75651531262044,62.10847773880397,80.75651531262044,81.99696937475913,25.68090450145002,-25.6809045,10.05700937,-35.73791387,LOSS,STOP_LOSS,2026-07-26T11:58:25.320876+00:00,2026-07-26T11:58:25.321112+00:00,5100.44298642
BTCUSDT,LONG,67325.0,67187.46890870141,0.18542872517991127,67187.46890870141,67600.06218259719,25.502214932100017,-25.50221493,24.94247563,-50.44469056,LOSS,STOP_LOSS,2026-07-26T11:58:25.331609+00:00,2026-07-26T11:58:25.332391+00:00,5049.99829586
ETHUSDT,SHORT,2055.69,2046.2075203026154,5.3256093944000975,2060.4312398486923,2046.2075203026154,25.24999147930002,50.49998296,21.84510397,28.65487899,WIN,TAKE_PROFIT,2026-07-26T11:58:25.343895+00:00,2026-07-26T11:58:25.344450+00:00,5078.65317485
BTCUSDT,SHORT,66620.2,66776.01121148457,0.1629745743730665,66776.01121148457,66308.57757703085,25.39326587425002,-25.39326587,21.74019075,-47.13345662,LOSS,STOP_LOSS,2026-07-26T11:58:25.355001+00:00,2026-07-26T11:58:25.355234+00:00,5031.51971823
BTCUSDT,SHORT,66792.0,66955.03339153517,0.15430948442070178,66955.03339153517,66465.93321692967,25.157598591150016,-25.15759859,20.63843577,-45.79603436,LOSS,STOP_LOSS,2026-07-26T11:58:25.366142+00:00,2026-07-26T11:58:25.367095+00:00,4985.72368387
SOLUSDT,SHORT,79.79,80.09070144073337,82.90155962855779,80.09070144073337,79.18859711853328,24.92861841935002,-24.92861842,13.2543595,-38.18297792,LOSS,STOP_LOSS,2026-07-26T11:58:25.378035+00:00,2026-07-26T11:58:25.378509+00:00,4947.54070595
SOLUSDT,SHORT,79.79,79.20302080753854,84.28817868658628,80.08348959623073,79.20302080753854,24.73770352975002,49.47540706,13.40123215,36.07417491,WIN,TAKE_PROFIT,2026-07-26T11:58:25.393424+00:00,2026-07-26T11:58:25.394026+00:00,4983.61488086
BTCUSDT,SHORT,66751.4,66888.21833962912,0.18212525069260524,66888.21833962912,66477.76332074175,24.918074404300018,-24.9180744,24.33914899,-49.2572234,LOSS,STOP_LOSS,2026-07-26T11:58:25.405412+00:00,2026-07-26T11:58:25.405736+00:00,4934.35765746
SOLUSDT,SHORT,79.16,79.55929931857078,61.7877044609235,79.55929931857078,78.36140136285842,24.671788287300018,-24.67178829,9.80690116,-34.47868945,LOSS,STOP_LOSS,2026-07-26T11:58:25.416121+00:00,2026-07-26T11:58:25.416685+00:00,4899.87896801
SOLUSDT,SHORT,79.41,79.89189740149642,50.839441681928335,79.89189740149642,78.44620519700716,24.499394840050016,-24.49939484,8.09881952,-32.59821436,LOSS,STOP_LOSS,2026-07-26T11:58:25.427996+00:00,2026-07-26T11:58:25.428590+00:00,4867.28075365
SOLUSDT,SHORT,79.64,80.06651185346607,57.059149869995586,80.06651185346607,78.78697629306787,24.336403768250015,-24.33640377,9.1127178,-33.44912156,LOSS,STOP_LOSS,2026-07-26T11:58:25.439112+00:00,2026-07-26T11:58:25.439575+00:00,4833.83163209
BTCUSDT,LONG,67524.4,67316.10303942593,0.11603221714729019,67316.10303942593,67940.99392114811,24.169158160450014,-24.16915816,15.64584253,-39.81500069,LOSS,STOP_LOSS,2026-07-26T11:58:25.449964+00:00,2026-07-26T11:58:25.450590+00:00,4794.0166314
SOLUSDT,SHORT,79.42,79.9069656782314,49.22335233985349,79.9069656782314,78.4460686435372,23.97008315700002,-23.97008316,7.84260737,-31.81269053,LOSS,STOP_LOSS,2026-07-26T11:58:25.461280+00:00,2026-07-26T11:58:25.461608+00:00,4762.20394087
ETHUSDT,LONG,2069.38,2092.794955346064,2.0338300331931003,2057.672522326968,2092.794955346064,23.81101970435002,47.62203941,8.46515643,39.15688298,WIN,TAKE_PROFIT,2026-07-26T11:58:25.472218+00:00,2026-07-26T11:58:25.472574+00:00,4801.36082385
BTCUSDT,LONG,69092.4,69754.71276643236,0.07249385890163608,68761.24361678382,69754.71276643236,24.00680411925002,48.01360824,10.065563,37.94804524,WIN,TAKE_PROFIT,2026-07-26T11:58:25.483422+00:00,2026-07-26T11:58:25.484519+00:00,4839.30886909
BTCUSDT,LONG,69604.0,70241.83570341945,0.07587077429416979,69285.08214829027,70241.83570341945,24.19654434545002,48.39308869,10.61021184,37.78287685,WIN,TAKE_PROFIT,2026-07-26T11:58:25.501183+00:00,2026-07-26T11:58:25.501530+00:00,4877.09174594
BTCUSDT,LONG,69899.9,69532.64056626953,0.06639845430790824,69532.64056626953,70634.4188674609,24.385458729700023,-24.38545873,9.25810517,-33.6435639,LOSS,STOP_LOSS,2026-07-26T11:58:25.512234+00:00,2026-07-26T11:58:25.512848+00:00,4843.44818204
BTCUSDT,LONG,69612.1,69297.87293584025,0.07706923964349625,69297.87293584025,70240.5541283195,24.217240910200022,-24.21724091,10.70568599,-34.9229269,LOSS,STOP_LOSS,2026-07-26T11:58:25.523736+00:00,2026-07-26T11:58:25.524145+00:00,4808.52525514
ETHUSDT,LONG,2145.0,2168.3333319570643,2.060796659469047,2133.333334021468,2168.3333319570643,24.042626275700023,48.08525255,8.88890292,39.19634963,WIN,TAKE_PROFIT,2026-07-26T11:58:25.535198+00:00,2026-07-26T11:58:25.535741+00:00,4847.72160477
BTCUSDT,LONG,69787.1,69402.77742634456,0.06306839536722306,69402.77742634456,70555.74514731088,24.238608023850023,-24.23860802,8.77848222,-33.01709024,LOSS,STOP_LOSS,2026-07-26T11:58:25.546291+00:00,2026-07-26T11:58:25.546858+00:00,4814.70451453
BTCUSDT,LONG,69710.5,69285.55984904172,0.05665156026880978,69285.55984904172,70560.38030191655,24.073522572650027,-24.07352257,7.87434366,-31.94786623,LOSS,STOP_LOSS,2026-07-26T11:58:25.557429+00:00,2026-07-26T11:58:25.558378+00:00,4782.7566483
SOLUSDT,SHORT,81.15,80.2941500735406,55.8831227349168,81.5779249632297,80.2941500735406,23.913783241500028,47.82756648,9.02200325,38.80556323,WIN,TAKE_PROFIT,2026-07-26T11:58:25.569167+00:00,2026-07-26T11:58:25.569514+00:00,4821.56221153
SOLUSDT,SHORT,80.11,79.14720082871614,50.078587054666755,80.59139958564194,79.14720082871614,24.10781105765003,48.21562212,7.9753756,40.24024652,WIN,TAKE_PROFIT,2026-07-26T11:58:25.580176+00:00,2026-07-26T11:58:25.582359+00:00,4861.80245805
SOLUSDT,SHORT,79.25,79.75961133304915,47.701082597206,79.75961133304915,78.23077733390168,24.30901229025003,-24.30901229,7.5849306,-31.89394289,LOSS,STOP_LOSS,2026-07-26T11:58:25.595602+00:00,2026-07-26T11:58:25.596855+00:00,4829.90851516
BTCUSDT,LONG,68670.0,69461.49196568642,0.06102283692761519,68274.2540171568,69461.49196568642,24.149542575800027,48.29908515,8.42917551,39.86990964,WIN,TAKE_PROFIT,2026-07-26T11:58:25.607714+00:00,2026-07-26T11:58:25.608289+00:00,4869.7784248
BTCUSDT,LONG,69399.8,70249.67540812373,0.05729990982503031,68974.86229593815,70249.67540812373,24.348892124000027,48.69778425,8.00190235,40.6958819,WIN,TAKE_PROFIT,2026-07-26T11:58:25.619059+00:00,2026-07-26T11:58:25.619667+00:00,4910.4743067
BTCUSDT,LONG,70261.8,71318.85829996875,0.04645414833642771,69733.27085001563,71318.85829996875,24.552371533500025,49.10474307,6.5770089,42.52773416,WIN,TAKE_PROFIT,2026-07-26T11:58:25.630419+00:00,2026-07-26T11:58:25.630825+00:00,4953.00204086
BTCUSDT,LONG,71479.9,72730.80524235834,0.039595341622535946,70854.44737882081,72730.80524235834,24.76501020430003,49.53002041,5.71007214,43.81994827,WIN,TAKE_PROFIT,2026-07-26T11:58:25.641568+00:00,2026-07-26T11:58:25.641905+00:00,4996.82198913
BTCUSDT,LONG,72738.2,71988.41687255469,0.033321782034195495,71988.41687255469,74237.76625489062,24.98410994565003,-24.98410995,4.82254878,-29.80665873,LOSS,STOP_LOSS,2026-07-26T11:58:25.652816+00:00,2026-07-26T11:58:25.653035+00:00,4967.0153304
BTCUSDT,LONG,71989.3,71198.74423880079,0.0314147057942213,71198.74423880079,73570.41152239844,24.83507665200003,-24.83507665,4.49821028,-29.33328694,LOSS,STOP_LOSS,2026-07-26T11:58:25.663857+00:00,2026-07-26T11:58:25.664604+00:00,4937.68204346
BTCUSDT,LONG,71276.7,72398.15253984356,0.04402934469388025,70715.97373007821,72398.15253984356,24.688410217300028,49.37682043,6.32590961,43.05091083,WIN,TAKE_PROFIT,2026-07-26T11:58:25.675501+00:00,2026-07-26T11:58:25.677437+00:00,4980.73295429
ETHUSDT,LONG,2260.68,2246.92440362624,1.8104387548733376,2246.92440362624,2288.1911927475194,24.903664771450032,-24.90366477,8.1607417,-33.06440648,LOSS,STOP_LOSS,2026-07-26T11:58:25.688370+00:00,2026-07-26T11:58:25.688658+00:00,4947.66854781
BTCUSDT,LONG,71560.9,71115.84152383788,0.055584477240782415,71115.84152383788,72451.01695232421,24.73834273905003,-24.73834274,7.93061209,-32.66895483,LOSS,STOP_LOSS,2026-07-26T11:58:25.699616+00:00,2026-07-26T11:58:25.700134+00:00,4914.99959298
BTCUSDT,LONG,71476.4,71116.04159931283,0.06819599020874106,71116.04159931283,72197.11680137434,24.57499796490003,-24.57499796,9.72423275,-34.29923072,LOSS,STOP_LOSS,2026-07-26T11:58:25.711106+00:00,2026-07-26T11:58:25.711593+00:00,4880.70036226
ETHUSDT,SHORT,2192.51,2163.1301931375774,1.6612431746453962,2207.1999034312116,2163.1301931375774,24.40350181130003,48.80700362,7.23577754,41.57122608,WIN,TAKE_PROFIT,2026-07-26T11:58:25.722776+00:00,2026-07-26T11:58:25.723489+00:00,4922.27158834
SOLUSDT,SHORT,81.93,82.43380750695022,48.85071699444226,82.43380750695022,80.92238498609959,24.61135794170003,-24.61135794,8.02928984,-32.64064779,LOSS,STOP_LOSS,2026-07-26T11:58:25.734554+00:00,2026-07-26T11:58:25.735560+00:00,4889.63094055
ETHUSDT,SHORT,2177.83,2186.767170171108,2.735558821715885,2186.767170171108,2159.9556596577845,24.44815470275003,-24.4481547,11.93961229,-36.38776699,LOSS,STOP_LOSS,2026-07-26T11:58:25.746501+00:00,2026-07-26T11:58:25.746841+00:00,4853.24317356
BTCUSDT,LONG,71294.3,71039.27358071141,0.09515177264964086,71039.27358071141,71804.35283857718,24.266215867800028,-24.26621587,13.54329183,-37.8095077,LOSS,STOP_LOSS,2026-07-26T11:58:25.757787+00:00,2026-07-26T11:58:25.758490+00:00,4815.43366586
ETHUSDT,SHORT,2179.22,2159.144047029564,2.3986077637017895,2189.257976485218,2159.144047029564,24.07716832930003,48.15433666,10.40603368,37.74830297,WIN,TAKE_PROFIT,2026-07-26T11:58:25.769487+00:00,2026-07-26T11:58:25.770082+00:00,4853.18196883
BTCUSDT,SHORT,70765.2,71061.88906166478,0.08178902756976991,71061.88906166478,70171.82187667044,24.265909844150027,-24.26590984,11.5998997,-35.86580954,LOSS,STOP_LOSS,2026-07-26T11:58:25.781264+00:00,2026-07-26T11:58:25.781767+00:00,4817.31615929
BTCUSDT,LONG,71300.5,72027.91772818878,0.06622489351867701,70936.7911359056,72027.91772818878,24.08658079645003,48.17316159,9.4919092,38.68125239,WIN,TAKE_PROFIT,2026-07-26T11:58:25.792848+00:00,2026-07-26T11:58:25.793148+00:00,4855.99741168
BTCUSDT,LONG,72045.3,72947.61528604032,0.05381708020252884,71594.14235697984,72947.61528604032,24.279987058400028,48.55997412,7.80309535,40.75687877,WIN,TAKE_PROFIT,2026-07-26T11:58:25.804381+00:00,2026-07-26T11:58:25.805695+00:00,4896.75429045
BTCUSDT,LONG,72592.1,72115.67943792715,0.0513910888852559,72115.67943792715,73544.94112414573,24.48377145225003,-24.48377145,7.43669036,-31.92046181,LOSS,STOP_LOSS,2026-07-26T11:58:25.816821+00:00,2026-07-26T11:58:25.817116+00:00,4864.83382864
ETHUSDT,SHORT,2185.12,2202.098932240282,1.4326088825239345,2202.098932240282,2151.1621355194357,24.324169143200027,-24.32416914,6.28516881,-30.60933796,LOSS,STOP_LOSS,2026-07-26T11:58:25.828237+00:00,2026-07-26T11:58:25.828584+00:00,4834.22449068
BTCUSDT,LONG,72263.3,71801.55344762716,0.05234716389150731,71801.55344762716,73186.79310474571,24.17112245340003,-24.17112245,7.54138649,-31.71250895,LOSS,STOP_LOSS,2026-07-26T11:58:25.839694+00:00,2026-07-26T11:58:25.840204+00:00,4802.51198173
SOLUSDT,SHORT,82.75,83.3553520102076,39.66710195678636,83.3553520102076,81.53929597958482,24.012559908650033,-24.01255991,6.58891793,-30.60147784,LOSS,STOP_LOSS,2026-07-26T11:58:25.851662+00:00,2026-07-26T11:58:25.852178+00:00,4771.91050389
BTCUSDT,LONG,72088.8,71762.45698498707,0.07311188357595029,71762.45698498707,72741.48603002586,23.85955251945003,-23.85955252,10.51723635,-34.37678887,LOSS,STOP_LOSS,2026-07-26T11:58:25.863581+00:00,2026-07-26T11:58:25.864123+00:00,4737.53371502
ETHUSDT,SHORT,2185.26,2196.019915108288,2.2014735559441894,2196.019915108288,2163.7401697834243,23.68766857510003,-23.68766858,9.64527187,-33.33294045,LOSS,STOP_LOSS,2026-07-26T11:58:25.875643+00:00,2026-07-26T11:58:25.876307+00:00,4704.20077457
SOLUSDT,LONG,83.49,83.10404373592218,60.94214827436498,83.10404373592218,84.26191252815562,23.521003872850027,-23.52100387,10.15259891,-33.67360279,LOSS,STOP_LOSS,2026-07-26T11:58:25.887631+00:00,2026-07-26T11:58:25.888001+00:00,4670.52717178
BTCUSDT,LONG,71872.4,72358.61218637183,0.09605944282540523,71629.29390681408,72358.61218637183,23.35263585890003,46.70527172,13.85475067,32.85052105,WIN,TAKE_PROFIT,2026-07-26T11:58:25.899268+00:00,2026-07-26T11:58:25.899846+00:00,4703.37769283
BTCUSDT,LONG,72277.6,71983.24724716313,0.07989355709264746,71983.24724716313,72866.30550567374,23.51688846415003,-23.51688846,11.52551224,-35.0424007,LOSS,STOP_LOSS,2026-07-26T11:58:25.911397+00:00,2026-07-26T11:58:25.911764+00:00,4668.33529213
ETHUSDT,LONG,2214.53,2239.544524154268,1.8662498888005143,2202.0227379228663,2239.544524154268,23.341676460650028,46.68335292,8.31241609,38.37093684,WIN,TAKE_PROFIT,2026-07-26T11:58:25.923195+00:00,2026-07-26T11:58:25.923583+00:00,4706.70622897
BTCUSDT,LONG,72933.0,72550.15196470435,0.0614696406282354,72550.15196470435,73698.69607059131,23.533531144850027,-23.53353114,8.94279707,-32.47632821,LOSS,STOP_LOSS,2026-07-26T11:58:25.935120+00:00,2026-07-26T11:58:25.935607+00:00,4674.22990076
ETHUSDT,LONG,2231.8,2266.2129400948024,1.3582768249045933,2214.593529952599,2266.2129400948024,23.371149503800027,46.74229901,6.10954673,40.63275227,WIN,TAKE_PROFIT,2026-07-26T11:58:25.953849+00:00,2026-07-26T11:58:25.958516+00:00,4714.86265303
BTCUSDT,LONG,73074.1,73461.4687244598,0.12171510902448661,72880.41563777011,73461.4687244598,23.574313265150025,47.14862653,17.83559272,29.31303381,WIN,TAKE_PROFIT,2026-07-26T11:58:25.970966+00:00,2026-07-26T11:58:25.971556+00:00,4744.17568684
BTCUSDT,LONG,73427.1,73193.62755886045,0.10160033586157051,73193.62755886045,73894.04488227912,23.720878434200028,-23.72087843,14.89671516,-38.6175936,LOSS,STOP_LOSS,2026-07-26T11:58:25.983464+00:00,2026-07-26T11:58:25.983981+00:00,4705.55809324
SOLUSDT,LONG,85.32,84.81837923810447,46.903541985171174,84.81837923810447,86.32324152379103,23.527790466200027,-23.52779047,7.98009261,-31.50788308,LOSS,STOP_LOSS,2026-07-26T11:58:25.995844+00:00,2026-07-26T11:58:25.996568+00:00,4674.05021016
SOLUSDT,SHORT,82.2,81.54493906329017,71.35290700795422,82.52753046835493,81.54493906329017,23.370251050800025,46.7405021,11.68367741,35.05682469,WIN,TAKE_PROFIT,2026-07-26T11:58:26.008717+00:00,2026-07-26T11:58:26.009848+00:00,4709.10703485
ETHUSDT,SHORT,2194.45,2203.404004417358,2.629609510645906,2203.404004417358,2176.541991165284,23.545535174250027,-23.54553517,11.56463872,-35.11017389,LOSS,STOP_LOSS,2026-07-26T11:58:26.021781+00:00,2026-07-26T11:58:26.022137+00:00,4673.99686096
BTCUSDT,SHORT,70922.9,71207.35858296807,0.08215601744533574,71207.35858296807,70353.98283406386,23.369984304800028,-23.3699843,11.676856,-35.04684031,LOSS,STOP_LOSS,2026-07-26T11:58:26.034377+00:00,2026-07-26T11:58:26.037723+00:00,4638.95002065
SOLUSDT,SHORT,81.89,82.43353678336025,42.673745022103624,82.43353678336025,80.80292643327948,23.194750103250026,-23.1947501,7.01230071,-30.20705081,LOSS,STOP_LOSS,2026-07-26T11:58:26.049813+00:00,2026-07-26T11:58:26.050831+00:00,4608.74296984
ETHUSDT,SHORT,2191.91,2201.570276261892,2.3854095084322946,2201.570276261892,2172.589447476216,23.04371484920003,-23.04371485,10.48024963,-33.52396448,LOSS,STOP_LOSS,2026-07-26T11:58:26.062730+00:00,2026-07-26T11:58:26.064001+00:00,4575.21900536
BTCUSDT,LONG,71623.0,72273.61768219883,0.07032115988451954,71297.69115890058,72273.61768219883,22.876095026800026,45.75219005,10.11897706,35.63321299,WIN,TAKE_PROFIT,2026-07-26T11:58:26.075673+00:00,2026-07-26T11:58:26.076112+00:00,4610.85221835
BTCUSDT,LONG,72347.2,71944.49987347354,0.05724920250362832,71944.49987347354,73152.60025305292,23.05426109175003,-23.05426109,8.26058475,-31.31484584,LOSS,STOP_LOSS,2026-07-26T11:58:26.090151+00:00,2026-07-26T11:58:26.090460+00:00,4579.53737251
BTCUSDT,LONG,71904.0,72778.514520692,0.05236662472895538,71466.742739654,72778.514520692,22.897686862550028,45.79537373,7.57653494,38.21883878,WIN,TAKE_PROFIT,2026-07-26T11:58:26.102580+00:00,2026-07-26T11:58:26.104419+00:00,4617.75621129
ETHUSDT,LONG,2240.73,2275.1308160783797,1.3423391470623176,2223.52959196081,2275.1308160783797,23.088781056450024,46.17756211,6.06181676,40.11574536,WIN,TAKE_PROFIT,2026-07-26T11:58:26.116421+00:00,2026-07-26T11:58:26.117058+00:00,4657.87195665
BTCUSDT,LONG,73720.5,74610.89468746466,0.05231244101324325,73275.30265626767,74610.89468746466,23.289359783250024,46.57871957,7.75957734,38.81914223,WIN,TAKE_PROFIT,2026-07-26T11:58:26.129365+00:00,2026-07-26T11:58:26.129751+00:00,4696.69109888
BTCUSDT,LONG,74599.9,74075.18703929303,0.04475486075807937,74075.18703929303,75649.32592141394,23.483455494400022,-23.48345549,6.65393282,-30.13738831,LOSS,STOP_LOSS,2026-07-26T11:58:26.144259+00:00,2026-07-26T11:58:26.144909+00:00,4666.55371057
SOLUSDT,LONG,85.88,87.40847481201237,30.530785812728386,85.11576259399381,87.40847481201237,23.332768552850027,46.66553711,5.29063331,41.3749038,WIN,TAKE_PROFIT,2026-07-26T11:58:26.157435+00:00,2026-07-26T11:58:26.159953+00:00,4707.92861437
BTCUSDT,LONG,75325.6,74895.8079917505,0.05476984825223678,74895.8079917505,76185.18401649903,23.539643071850023,-23.53964307,8.22760372,-31.76724679,LOSS,STOP_LOSS,2026-07-26T11:58:26.171679+00:00,2026-07-26T11:58:26.172023+00:00,4676.16136758
BTCUSDT,LONG,75235.8,74746.4395460846,0.04777829236267157,74746.4395460846,76214.52090783083,23.38080683790002,-23.38080684,7.16589529,-30.54670213,LOSS,STOP_LOSS,2026-07-26T11:58:26.183624+00:00,2026-07-26T11:58:26.184027+00:00,4645.61466545
SOLUSDT,SHORT,83.66,84.21691953984052,41.7081313647241,84.21691953984052,82.54616092031895,23.228073327250023,-23.22807333,7.00183261,-30.22990594,LOSS,STOP_LOSS,2026-07-26T11:58:26.196217+00:00,2026-07-26T11:58:26.198921+00:00,4615.38475951
ETHUSDT,LONG,2338.87,2324.6887947725704,1.627289319028716,2324.6887947725704,2367.232410454859,23.07692379755002,-23.0769238,7.58895942,-30.66588321,LOSS,STOP_LOSS,2026-07-26T11:58:26.210823+00:00,2026-07-26T11:58:26.211227+00:00,4584.7188763
BTCUSDT,SHORT,73803.0,74247.3852200806,0.05158496130303941,74247.3852200806,72914.22955983882,22.92359438150002,-22.92359438,7.63717339,-30.56076777,LOSS,STOP_LOSS,2026-07-26T11:58:26.223190+00:00,2026-07-26T11:58:26.223837+00:00,4554.15810853
ETHUSDT,LONG,2352.9,2335.5994383406373,1.3161879360331112,2335.5994383406373,2387.501123318725,22.77079054265002,-22.77079054,6.1709464,-28.94173694,LOSS,STOP_LOSS,2026-07-26T11:58:26.235615+00:00,2026-07-26T11:58:26.238161+00:00,4525.21637159
ETHUSDT,SHORT,2337.84,2348.711541864455,2.0812210576981207,2348.711541864455,2316.0969162710903,22.62608185795002,-22.62608186,9.75374976,-32.37983161,LOSS,STOP_LOSS,2026-07-26T11:58:26.250178+00:00,2026-07-26T11:58:26.251252+00:00,4492.83653998
BTCUSDT,LONG,74933.5,74669.56508123188,0.08511258307445212,74669.56508123188,75461.36983753623,22.46418269990002,-22.4641827,12.7331033,-35.197286,LOSS,STOP_LOSS,2026-07-26T11:58:26.263299+00:00,2026-07-26T11:58:26.263582+00:00,4457.63925398
SOLUSDT,LONG,85.7,85.21891425606663,46.3289476999894,85.21891425606663,86.66217148786676,22.288196269900023,-22.28819627,7.91849344,-30.20668971,LOSS,STOP_LOSS,2026-07-26T11:58:26.275456+00:00,2026-07-26T11:58:26.275745+00:00,4427.43256427
SOLUSDT,LONG,85.35,86.8601502503505,29.317828230948425,84.59492487482474,86.8601502503505,22.13716282135002,44.27432564,5.0488276,39.22549804,WIN,TAKE_PROFIT,2026-07-26T11:58:26.287676+00:00,2026-07-26T11:58:26.287993+00:00,4466.65806231
SOLUSDT,LONG,86.69,85.82445333454444,25.80252596755786,85.82445333454444,88.4210933309111,22.333290311550023,-22.33329031,4.45130866,-26.78459897,LOSS,STOP_LOSS,2026-07-26T11:58:26.299983+00:00,2026-07-26T11:58:26.300477+00:00,4439.87346334
SOLUSDT,LONG,85.9,87.68242519135252,24.909171419256023,85.00878740432374,87.68242519135252,22.199367316700023,44.39873463,4.32379438,40.07494025,WIN,TAKE_PROFIT,2026-07-26T11:58:26.312501+00:00,2026-07-26T11:58:26.312991+00:00,4479.94840359
SOLUSDT,LONG,87.81,89.68495458922239,23.8936368344154,86.87252270538882,89.68495458922239,22.39974201795002,44.79948404,4.24099998,40.55848405,WIN,TAKE_PROFIT,2026-07-26T11:58:26.325101+00:00,2026-07-26T11:58:26.325572+00:00,4520.50688764
BTCUSDT,LONG,75191.2,74690.53938429267,0.045145421327514146,74690.53938429267,76192.52123141465,22.602534438200017,-22.60253444,6.76647427,-29.36900871,LOSS,STOP_LOSS,2026-07-26T11:58:26.337616+00:00,2026-07-26T11:58:26.338885+00:00,4491.13787893
SOLUSDT,LONG,88.15,87.61505165951182,41.977304526558825,87.61505165951182,89.21989668097639,22.455689394650015,-22.45568939,7.3781431,-29.83383249,LOSS,STOP_LOSS,2026-07-26T11:58:26.351060+00:00,2026-07-26T11:58:26.351413+00:00,4461.30404644
BTCUSDT,SHORT,74587.3,74845.65387067558,0.08634095620038508,74845.65387067558,74070.59225864885,22.30652023220002,-22.30652023,12.90218413,-35.20870436,LOSS,STOP_LOSS,2026-07-26T11:58:26.363501+00:00,2026-07-26T11:58:26.363984+00:00,4426.09534208
BTCUSDT,LONG,74895.1,75348.32546789646,0.09765769259664005,74668.48726605179,75348.32546789646,22.130476710400018,44.26095342,14.67242626,29.58852716,WIN,TAKE_PROFIT,2026-07-26T11:58:26.376078+00:00,2026-07-26T11:58:26.376624+00:00,4455.68386924
SOLUSDT,LONG,88.53,88.0359510528812,45.093546856285265,88.0359510528812,89.5180978942376,22.278419346200018,-22.27841935,7.96198499,-30.24040433,LOSS,STOP_LOSS,2026-07-26T11:58:26.388661+00:00,2026-07-26T11:58:26.389199+00:00,4425.44346491
ETHUSDT,LONG,2345.34,2375.543878079587,1.4651904809206986,2330.238060960207,2375.543878079587,22.127217324550017,44.25443465,6.91699412,37.33744053,WIN,TAKE_PROFIT,2026-07-26T11:58:26.401468+00:00,2026-07-26T11:58:26.401960+00:00,4462.78090544
ETHUSDT,LONG,2370.72,2403.577696081167,1.3582147982669832,2354.2911519594163,2403.577696081167,22.313904527200016,44.62780905,6.48452178,38.14328727,WIN,TAKE_PROFIT,2026-07-26T11:58:26.414092+00:00,2026-07-26T11:58:26.414372+00:00,4500.92419271
BTCUSDT,LONG,76877.4,76377.73695315636,0.045039594394084996,76377.73695315636,77876.72609368726,22.504620963550014,-22.50462096,6.90254921,-29.40717017,LOSS,STOP_LOSS,2026-07-26T11:58:26.426470+00:00,2026-07-26T11:58:26.426823+00:00,4471.51702254
BTCUSDT,LONG,76848.5,78010.76841751607,0.03847232666010384,76267.36579124197,78010.76841751607,22.35758511270001,44.71517023,5.95779636,38.75737386,WIN,TAKE_PROFIT,2026-07-26T11:58:26.439060+00:00,2026-07-26T11:58:26.439806+00:00,4510.2743964
SOLUSDT,LONG,90.25,89.33037087504977,24.522246381899098,89.33037087504977,92.08925824990048,22.551371982000013,-22.55137198,4.4037141,-26.95508608,LOSS,STOP_LOSS,2026-07-26T11:58:26.452110+00:00,2026-07-26T11:58:26.452574+00:00,4483.31931032
ETHUSDT,LONG,2427.23,2402.374381972853,0.9018724268741417,2402.374381972853,2476.9412360542947,22.416596551600016,-22.41659655,4.35568702,-26.77228358,LOSS,STOP_LOSS,2026-07-26T11:58:26.464788+00:00,2026-07-26T11:58:26.466770+00:00,4456.54702674
SOLUSDT,SHORT,88.27,87.36304512370485,49.13747247211174,88.72347743814757,87.36304512370485,22.282735133700015,44.56547027,8.63016392,35.93530635,WIN,TAKE_PROFIT,2026-07-26T11:58:26.479007+00:00,2026-07-26T11:58:26.480052+00:00,4492.48233309
BTCUSDT,SHORT,75908.8,76203.40836640501,0.07624498903256047,76203.40836640501,75319.58326719,22.462411665450016,-22.46241167,11.59779366,-34.06020532,LOSS,STOP_LOSS,2026-07-26T11:58:26.492278+00:00,2026-07-26T11:58:26.492755+00:00,4458.42212777
BTCUSDT,SHORT,76041.2,75399.69928848761,0.0694998781413491,76361.9503557562,75399.69928848761,22.29211063885002,44.58422128,10.52512405,34.05909723,WIN,TAKE_PROFIT,2026-07-26T11:58:26.505049+00:00,2026-07-26T11:58:26.505682+00:00,4492.481225
BTCUSDT,SHORT,75570.0,75159.38312905552,0.10940810139307587,75775.30843547224,75159.38312905552,22.462406125000015,44.92481225,16.49101563,28.43379662,WIN,TAKE_PROFIT,2026-07-26T11:58:26.517943+00:00,2026-07-26T11:58:26.519457+00:00,4520.91502162
BTCUSDT,SHORT,75048.0,75292.31736644606,0.09252136038021057,75292.31736644606,74559.36526710787,22.604575108100015,-22.60457511,13.90969068,-36.51426579,LOSS,STOP_LOSS,2026-07-26T11:58:26.531853+00:00,2026-07-26T11:58:26.532461+00:00,4484.40075583
BTCUSDT,LONG,75877.9,75584.11983422404,0.0763223879322398,75584.11983422404,76465.4603315519,22.422003779150018,-22.42200378,11.55994303,-33.98194681,LOSS,STOP_LOSS,2026-07-26T11:58:26.545156+00:00,2026-07-26T11:58:26.545706+00:00,4450.41880902
ETHUSDT,SHORT,2323.57,2295.9779549981745,1.612935470613199,2337.366022500913,2295.9779549981745,22.252094045100016,44.50418809,7.45103275,37.05315534,WIN,TAKE_PROFIT,2026-07-26T11:58:26.557930+00:00,2026-07-26T11:58:26.558492+00:00,4487.47196436
ETHUSDT,SHORT,2306.17,2275.1914315751706,1.448573059548901,2321.6592842124146,2275.1914315751706,22.437359821800015,44.87471964,6.63643675,38.2382829,WIN,TAKE_PROFIT,2026-07-26T11:58:26.570579+00:00,2026-07-26T11:58:26.571469+00:00,4525.71024726
SOLUSDT,SHORT,84.65,83.52429351218645,40.20328830164437,85.21285324390678,83.52429351218645,22.628551236300012,45.25710247,6.76115961,38.49594287,WIN,TAKE_PROFIT,2026-07-26T11:58:26.583656+00:00,2026-07-26T11:58:26.583944+00:00,4564.20619013
BTCUSDT,SHORT,74322.1,74611.20725707474,0.07893620928633689,74611.20725707474,73743.88548585054,22.821030950650016,-22.82103095,11.75623071,-34.57726166,LOSS,STOP_LOSS,2026-07-26T11:58:26.598084+00:00,2026-07-26T11:58:26.598697+00:00,4529.62892847
BTCUSDT,LONG,74996.5,75823.63679282418,0.05476275469507286,74582.9316035879,75823.63679282418,22.648144642350015,45.29628928,8.25932615,37.03696313,WIN,TAKE_PROFIT,2026-07-26T11:58:26.611027+00:00,2026-07-26T11:58:26.612572+00:00,4566.6658916
BTCUSDT,LONG,75668.6,76676.48034465991,0.04530960362304695,75164.65982767005,76676.48034465991,22.833329458000016,45.66665892,6.9026952,38.76396371,WIN,TAKE_PROFIT,2026-07-26T11:58:26.625486+00:00,2026-07-26T11:58:26.628181+00:00,4605.42985531
ETHUSDT,LONG,2322.09,2309.6197476630646,1.8465664249909384,2309.6197476630646,2347.0305046738713,23.027149276550016,-23.02714928,8.55275971,-31.57990899,LOSS,STOP_LOSS,2026-07-26T11:58:26.640688+00:00,2026-07-26T11:58:26.641551+00:00,4573.84994632
SOLUSDT,LONG,85.77,86.71602217432277,48.348231896300305,85.2969889128386,86.71602217432277,22.869249731600018,45.73849946,8.3393942,37.39910526,WIN,TAKE_PROFIT,2026-07-26T11:58:26.654595+00:00,2026-07-26T11:58:26.655011+00:00,4611.24905158
BTCUSDT,LONG,76425.6,75958.67480749915,0.04937888472971476,75958.67480749915,77359.45038500174,23.056245257900017,-23.05624526,7.52456554,-30.5808108,LOSS,STOP_LOSS,2026-07-26T11:58:26.667570+00:00,2026-07-26T11:58:26.667802+00:00,4580.66824078
ETHUSDT,SHORT,2297.93,2315.8020178422344,1.2815196026592912,2315.8020178422344,2262.185964315531,22.903341203900016,-22.9033412,5.91258802,-28.81592923,LOSS,STOP_LOSS,2026-07-26T11:58:26.680567+00:00,2026-07-26T11:58:26.680985+00:00,4551.85231155
SOLUSDT,LONG,86.05,85.37749125758671,33.842328169710655,85.37749125758671,87.39501748482658,22.75926155775002,-22.75926156,5.80150542,-28.56076697,LOSS,STOP_LOSS,2026-07-26T11:58:26.693660+00:00,2026-07-26T11:58:26.694055+00:00,4523.29154458
ETHUSDT,SHORT,2299.65,2317.6543388922955,1.2561670749587095,2317.6543388922955,2263.641322215409,22.61645772290002,-22.61645772,5.80010569,-28.41656341,LOSS,STOP_LOSS,2026-07-26T11:58:26.706710+00:00,2026-07-26T11:58:26.707005+00:00,4494.87498117
BTCUSDT,SHORT,74824.7,75385.2154392501,0.04009590696719761,75385.2154392501,73703.66912149978,22.474374905850016,-22.47437491,6.0228028,-28.4971777,LOSS,STOP_LOSS,2026-07-26T11:58:26.719643+00:00,2026-07-26T11:58:26.719991+00:00,4466.37780347
ETHUSDT,LONG,2326.13,2357.788113080048,1.4108161759915208,2310.300943459976,2357.788113080048,22.33188901735002,44.66377803,6.60814744,38.05563059,WIN,TAKE_PROFIT,2026-07-26T11:58:26.732582+00:00,2026-07-26T11:58:26.733246+00:00,4504.43343406
BTCUSDT,LONG,77195.8,78054.58864405623,0.052451013008098235,76766.4056779719,78054.58864405623,22.52216717030002,45.04433434,8.14304015,36.90129419,WIN,TAKE_PROFIT,2026-07-26T11:58:26.746388+00:00,2026-07-26T11:58:26.747145+00:00,4541.33472825
BTCUSDT,LONG,78226.3,77785.82500031346,0.05155042546661801,77785.82500031346,79107.2499993731,22.706673641250017,-22.70667364,8.04249142,-30.74916506,LOSS,STOP_LOSS,2026-07-26T11:58:26.760143+00:00,2026-07-26T11:58:26.760762+00:00,4510.58556319
BTCUSDT,LONG,77855.1,78598.29809744142,0.06069156499079356,77483.50095127929,78598.29809744142,22.552927815950014,45.10585563,9.49540158,35.61045405,WIN,TAKE_PROFIT,2026-07-26T11:58:26.773441+00:00,2026-07-26T11:58:26.774743+00:00,4546.19601724
BTCUSDT,LONG,78564.8,79208.38107725275,0.07063905664607681,78243.00946137363,79208.38107725275,22.730980086200017,45.46196017,11.14494868,34.3170115,WIN,TAKE_PROFIT,2026-07-26T11:58:26.787476+00:00,2026-07-26T11:58:26.788003+00:00,4580.51302874
ETHUSDT,LONG,2410.86,2394.4340895354317,1.3942950190250856,2394.4340895354317,2443.7118209291375,22.902565143700016,-22.90256514,6.69999761,-29.60256276,LOSS,STOP_LOSS,2026-07-26T11:58:26.800890+00:00,2026-07-26T11:58:26.801226+00:00,4550.91046598
BTCUSDT,LONG,78888.3,78461.95861641744,0.05337167163715743,78461.95861641744,79740.98276716513,22.754552329900015,-22.75455233,8.39804633,-31.15259866,LOSS,STOP_LOSS,2026-07-26T11:58:26.813898+00:00,2026-07-26T11:58:26.814877+00:00,4519.75786732
ETHUSDT,LONG,2405.19,2392.3403591446113,1.7587098029376014,2392.3403591446113,2430.889281710778,22.598789336600017,-22.59878934,8.43746367,-31.03625301,LOSS,STOP_LOSS,2026-07-26T11:58:26.827698+00:00,2026-07-26T11:58:26.828182+00:00,4488.72161431
SOLUSDT,SHORT,86.97,86.09168705302518,51.106176104662545,87.4091564734874,86.09168705302518,22.443608071550017,44.88721614,8.84452106,36.04269509,WIN,TAKE_PROFIT,2026-07-26T11:58:26.841406+00:00,2026-07-26T11:58:26.841787+00:00,4524.7643094
SOLUSDT,SHORT,86.82,85.7286622366538,41.46071419288638,87.36566888167309,85.7286622366538,22.623821547000016,45.24764309,7.15399077,38.09365232,WIN,TAKE_PROFIT,2026-07-26T11:58:26.855571+00:00,2026-07-26T11:58:26.856207+00:00,4562.85796172
BTCUSDT,SHORT,77829.7,78231.22740454772,0.05681876143496966,78231.22740454772,77026.64519090454,22.814289808600016,-22.81428981,8.8671886,-31.68147841,LOSS,STOP_LOSS,2026-07-26T11:58:26.869055+00:00,2026-07-26T11:58:26.869926+00:00,4531.17648331
BTCUSDT,LONG,78156.4,77824.53265206104,0.06826788642285439,77824.53265206104,78820.13469587789,22.655882416550018,-22.65588242,10.64848859,-33.30437101,LOSS,STOP_LOSS,2026-07-26T11:58:26.883253+00:00,2026-07-26T11:58:26.883941+00:00,4497.8721123
BTCUSDT,SHORT,77704.3,77095.86598183907,0.07392538842412935,78008.51700908046,77095.86598183907,22.489360561500018,44.97872112,11.4436624,33.53505872,WIN,TAKE_PROFIT,2026-07-26T11:58:26.896886+00:00,2026-07-26T11:58:26.897386+00:00,4531.40717102
BTCUSDT,LONG,77826.8,77479.45649569346,0.06522947910119618,77479.45649569346,78521.4870086131,22.657035855100016,-22.65703586,10.13054621,-32.78758207,LOSS,STOP_LOSS,2026-07-26T11:58:26.910403+00:00,2026-07-26T11:58:26.910806+00:00,4498.61958895
SOLUSDT,SHORT,85.54,85.92996404143477,57.67992828772831,85.92996404143477,84.76007191713047,22.493097944750016,-22.49309794,9.89037523,-32.38347317,LOSS,STOP_LOSS,2026-07-26T11:58:26.923800+00:00,2026-07-26T11:58:26.924037+00:00,4466.23611578
BTCUSDT,LONG,78132.8,77744.03282547215,0.05744101365044689,77744.03282547215,78910.3343490557,22.331180578900018,-22.33118058,8.95372328,-31.28490386,LOSS,STOP_LOSS,2026-07-26T11:58:26.937098+00:00,2026-07-26T11:58:26.937733+00:00,4434.95121192
ETHUSDT,SHORT,2317.4,2289.443360654479,1.5863677880261837,2331.3783196727604,2289.443360654479,22.174756059600018,44.34951212,7.30814791,37.04136421,WIN,TAKE_PROFIT,2026-07-26T11:58:26.951864+00:00,2026-07-26T11:58:26.952266+00:00,4471.99257613
BTCUSDT,LONG,77982.5,77456.7183182633,0.042527086160159544,77456.7183182633,79034.0633634734,22.35996288065002,-22.35996288,6.61037703,-28.97033991,LOSS,STOP_LOSS,2026-07-26T11:58:26.965655+00:00,2026-07-26T11:58:26.967621+00:00,4443.02223622
SOLUSDT,SHORT,85.29,85.68345863001728,56.461110486061195,85.68345863001728,84.50308273996544,22.21511118110002,-22.21511118,9.65335134,-31.86846252,LOSS,STOP_LOSS,2026-07-26T11:58:26.980861+00:00,2026-07-26T11:58:26.981286+00:00,4411.1537737
SOLUSDT,SHORT,85.58,84.8142578725125,57.60625692847243,85.96287106374375,84.8142578725125,22.055768868500017,44.11153774,9.8157754,34.29576234,WIN,TAKE_PROFIT,2026-07-26T11:58:26.994734+00:00,2026-07-26T11:58:26.995567+00:00,4445.44953604
BTCUSDT,SHORT,77477.8,77779.7712477138,0.07360716574336666,77779.7712477138,76873.85750457243,22.227247680200016,-22.22724768,11.42806978,-33.65531746,LOSS,STOP_LOSS,2026-07-26T11:58:27.008839+00:00,2026-07-26T11:58:27.009427+00:00,4411.79421858
BTCUSDT,LONG,78194.8,77891.4292625889,0.0727129164834648,77891.4292625889,78801.5414748222,22.058971092900016,-22.05897109,11.34948495,-33.40845605,LOSS,STOP_LOSS,2026-07-26T11:58:27.022557+00:00,2026-07-26T11:58:27.023219+00:00,4378.38576253
BTCUSDT,LONG,78050.1,77727.45136634608,0.06785067881654819,77727.45136634608,78695.39726730784,21.89192881265002,-21.89192881,10.5696126,-32.46154142,LOSS,STOP_LOSS,2026-07-26T11:58:27.037262+00:00,2026-07-26T11:58:27.037607+00:00,4345.92422111
SOLUSDT,LONG,86.13,85.65205863778185,45.46503572049525,85.65205863778185,87.08588272443627,21.729621105550017,-21.72962111,7.81007743,-29.53969854,LOSS,STOP_LOSS,2026-07-26T11:58:27.051967+00:00,2026-07-26T11:58:27.052372+00:00,4316.38452257
ETHUSDT,SHORT,2307.3,2319.5611970716864,1.7601807137320509,2319.5611970716864,2282.777605856628,21.58192261285002,-21.58192261,8.14411184,-29.72603446,LOSS,STOP_LOSS,2026-07-26T11:58:27.065637+00:00,2026-07-26T11:58:27.065931+00:00,4286.65848811
BTCUSDT,LONG,77944.4,77565.78996136291,0.05661047054564561,77565.78996136291,78701.62007727414,21.433292440550016,-21.43329244,8.80350503,-30.23679747,LOSS,STOP_LOSS,2026-07-26T11:58:27.079243+00:00,2026-07-26T11:58:27.079708+00:00,4256.42169064
SOLUSDT,LONG,86.25,85.74532367245178,42.16981715110593,85.74532367245178,87.25935265509644,21.282108453200017,-21.28210845,7.25301135,-28.5351198,LOSS,STOP_LOSS,2026-07-26T11:58:27.092808+00:00,2026-07-26T11:58:27.097164+00:00,4227.88657084
ETHUSDT,SHORT,2307.16,2313.582766802137,3.2913280997786853,2313.582766802137,2294.3144663957255,21.139432854200017,-21.13943285,15.20838051,-36.34781336,LOSS,STOP_LOSS,2026-07-26T11:58:27.110922+00:00,2026-07-26T11:58:27.112037+00:00,4191.53875748
SOLUSDT,LONG,86.34,86.12290410581939,96.53657369477475,86.12290410581939,86.77419178836124,20.957693787400018,-20.95769379,16.64897785,-37.60667164,LOSS,STOP_LOSS,2026-07-26T11:58:27.126157+00:00,2026-07-26T11:58:27.126469+00:00,4153.93208584
ETHUSDT,SHORT,2307.84,2312.732372338939,4.245314745137283,2312.732372338939,2298.055255322122,20.769660429200016,-20.76966043,19.61578402,-40.38544445,LOSS,STOP_LOSS,2026-07-26T11:58:27.140430+00:00,2026-07-26T11:58:27.140794+00:00,4113.54664139
SOLUSDT,LONG,86.52,86.19380760652464,63.05399395680311,86.19380760652464,87.1723847869507,20.567733206950017,-20.56773321,10.89029538,-31.45802859,LOSS,STOP_LOSS,2026-07-26T11:58:27.155267+00:00,2026-07-26T11:58:27.156654+00:00,4082.0886128
BTCUSDT,LONG,78022.0,77854.8104924732,0.12207968888675297,77854.8104924732,78356.37901505358,20.410443064000013,-20.41044306,19.02939253,-39.43983559,LOSS,STOP_LOSS,2026-07-26T11:58:27.170214+00:00,2026-07-26T11:58:27.170987+00:00,4042.64877721
ETHUSDT,LONG,2343.95,2357.9048211112304,2.896954926893706,2336.9725894443845,2357.9048211112304,20.213243886050016,40.42648777,13.62106149,26.80542628,WIN,TAKE_PROFIT,2026-07-26T11:58:27.184418+00:00,2026-07-26T11:58:27.184788+00:00,4069.45420349
BTCUSDT,LONG,78063.2,78388.39863302956,0.12513749413946582,77900.60068348522,78388.39863302956,20.347271017450016,40.69454203,19.57796101,21.11658103,WIN,TAKE_PROFIT,2026-07-26T11:58:27.198159+00:00,2026-07-26T11:58:27.198664+00:00,4090.57078452
BTCUSDT,LONG,78359.9,78164.72312112196,0.10479137713530348,78164.72312112196,78750.25375775607,20.452853922600017,-20.45285392,16.40243081,-36.85528474,LOSS,STOP_LOSS,2026-07-26T11:58:27.212160+00:00,2026-07-26T11:58:27.212485+00:00,4053.71549978
BTCUSDT,LONG,78159.0,77923.12146961325,0.08592803026908519,77923.12146961325,78630.7570607735,20.268577498900015,-20.2685775,13.41182926,-33.68040676,LOSS,STOP_LOSS,2026-07-26T11:58:27.225820+00:00,2026-07-26T11:58:27.226518+00:00,4020.03509302
BTCUSDT,LONG,78369.7,78029.45614200221,0.0590757922373158,78029.45614200221,79050.18771599558,20.100175465100016,-20.10017547,9.23940405,-29.33957952,LOSS,STOP_LOSS,2026-07-26T11:58:27.241287+00:00,2026-07-26T11:58:27.241669+00:00,3990.6955135
BTCUSDT,LONG,78241.3,79023.82894024864,0.05099741758090098,77850.03552987568,79023.82894024864,19.953477567500016,39.90695513,8.02011545,31.88683968,WIN,TAKE_PROFIT,2026-07-26T11:58:27.255749+00:00,2026-07-26T11:58:27.256377+00:00,4022.58235318
SOLUSDT,LONG,87.31,86.78562917128913,38.35627511039504,86.78562917128913,88.35874165742175,20.112911765900016,-20.11291177,6.67765985,-26.79057161,LOSS,STOP_LOSS,2026-07-26T11:58:27.272025+00:00,2026-07-26T11:58:27.273062+00:00,3995.79178157
SOLUSDT,SHORT,85.27,85.7451191550247,42.05041766167308,85.7451191550247,84.31976168995058,19.978958907850014,-19.97895891,7.19125719,-27.17021609,LOSS,STOP_LOSS,2026-07-26T11:58:27.286704+00:00,2026-07-26T11:58:27.287851+00:00,3968.62156548
BTCUSDT,SHORT,77776.0,77140.6759264046,0.06246609770382126,78093.6620367977,77140.6759264046,19.843107827400015,39.68621565,9.67704021,30.00917544,WIN,TAKE_PROFIT,2026-07-26T11:58:27.303413+00:00,2026-07-26T11:58:27.303792+00:00,3998.63074092
SOLUSDT,SHORT,84.28,84.75904637720365,41.7353197018351,84.75904637720365,83.32190724559271,19.993153704600015,-19.9931537,7.05489864,-27.04805235,LOSS,STOP_LOSS,2026-07-26T11:58:27.318751+00:00,2026-07-26T11:58:27.320136+00:00,3971.58268857
SOLUSDT,SHORT,84.43,83.7897468901901,62.031447059260906,84.75012655490495,83.7897468901901,19.857913442850016,39.71582689,10.43491432,29.28091256,WIN,TAKE_PROFIT,2026-07-26T11:58:27.334687+00:00,2026-07-26T11:58:27.335393+00:00,4000.86360113
ETHUSDT,SHORT,2284.85,2294.6363057449494,2.044113328052758,2294.6363057449494,2265.2773885101014,20.004318005650017,-20.00431801,9.36098899,-29.365307,LOSS,STOP_LOSS,2026-07-26T11:58:27.349485+00:00,2026-07-26T11:58:27.349952+00:00,3971.49829413
ETHUSDT,SHORT,2286.88,2266.783313671538,1.9761955922580692,2296.928343164231,2266.783313671538,19.857491470650015,39.71498294,8.99892937,30.71605357,WIN,TAKE_PROFIT,2026-07-26T11:58:27.365909+00:00,2026-07-26T11:58:27.366392+00:00,4002.2143477
ETHUSDT,SHORT,2270.58,2281.2748693022077,1.8710908168246214,2281.2748693022077,2249.190261395585,20.011071738500014,-20.01107174,8.51693385,-28.52800558,LOSS,STOP_LOSS,2026-07-26T11:58:27.380053+00:00,2026-07-26T11:58:27.380502+00:00,3973.68634212
ETHUSDT,SHORT,2281.42,2259.6406152571662,1.8245172620992038,2292.309692371417,2259.6406152571662,19.868431710600017,39.73686342,8.28524348,31.45161994,WIN,TAKE_PROFIT,2026-07-26T11:58:27.394577+00:00,2026-07-26T11:58:27.395751+00:00,4005.13796206
ETHUSDT,SHORT,2266.52,2276.977033355016,1.915045035281838,2276.977033355016,2245.605933289968,20.025689810300015,-20.02568981,8.70100144,-28.72669125,LOSS,STOP_LOSS,2026-07-26T11:58:27.411562+00:00,2026-07-26T11:58:27.411908+00:00,3976.41127081
ETHUSDT,SHORT,2275.77,2287.2927481479473,1.7254613308190347,2287.2927481479473,2252.7245037041052,19.882056354050018,-19.88205635,7.87338832,-27.75544468,LOSS,STOP_LOSS,2026-07-26T11:58:27.425919+00:00,2026-07-26T11:58:27.426848+00:00,3948.65582613
ETHUSDT,LONG,2295.91,2284.1073637790987,1.6727855337680242,2284.1073637790987,2319.515272441802,19.743279130650016,-19.74327913,7.66138679,-27.40466592,LOSS,STOP_LOSS,2026-07-26T11:58:27.442689+00:00,2026-07-26T11:58:27.443647+00:00,3921.25116021
BTCUSDT,SHORT,76240.8,76436.5084577787,0.10018093251350049,76436.5084577787,75849.38308444258,19.60625580105002,-19.6062558,15.29535513,-34.90161094,LOSS,STOP_LOSS,2026-07-26T11:58:27.460254+00:00,2026-07-26T11:58:27.460874+00:00,3886.34954927
ETHUSDT,LONG,2291.61,2284.150589480463,2.604997766975782,2284.150589480463,2306.5288210390745,19.431747746350016,-19.43174775,11.91984612,-31.35159386,LOSS,STOP_LOSS,2026-07-26T11:58:27.475290+00:00,2026-07-26T11:58:27.475651+00:00,3854.99795541
ETHUSDT,SHORT,2283.38,2291.4648097681415,2.3840993579098737,2291.4648097681415,2267.210380463717,19.274989777050017,-19.27498978,10.90688457,-30.18187435,LOSS,STOP_LOSS,2026-07-26T11:58:27.489841+00:00,2026-07-26T11:58:27.490204+00:00,3824.81608106
BTCUSDT,LONG,76534.9,76994.61511415732,0.0831997026695761,76305.04244292133,76994.61511415732,19.12408040530002,38.24816081,12.77361001,25.4745508,WIN,TAKE_PROFIT,2026-07-26T11:58:27.504303+00:00,2026-07-26T11:58:27.504856+00:00,3850.29063186
BTCUSDT,LONG,76978.5,77432.35704760197,0.08483487591971198,76751.57147619901,77432.35704760197,19.25145315930002,38.50290632,13.0994259,25.40348042,WIN,TAKE_PROFIT,2026-07-26T11:58:27.518818+00:00,2026-07-26T11:58:27.519655+00:00,3875.69411228
BTCUSDT,LONG,77552.5,77295.72361813512,0.07546827484934653,77295.72361813512,78066.05276372978,19.37847056140002,-19.37847056,11.6861283,-31.06459886,LOSS,STOP_LOSS,2026-07-26T11:58:27.534033+00:00,2026-07-26T11:58:27.534298+00:00,3844.62951342
SOLUSDT,SHORT,84.19,83.35629645291483,46.115067242568216,84.60685177354259,83.35629645291483,19.22314756710002,38.44629513,7.72640873,30.71988641,WIN,TAKE_PROFIT,2026-07-26T11:58:27.548728+00:00,2026-07-26T11:58:27.549411+00:00,3875.34939983
BTCUSDT,SHORT,76226.6,75458.57150864079,0.050458406731391126,76610.61424567961,75458.57150864079,19.376746999150022,38.753494,7.65379208,31.09970192,WIN,TAKE_PROFIT,2026-07-26T11:58:27.563821+00:00,2026-07-26T11:58:27.564617+00:00,3906.44910175
BTCUSDT,SHORT,75146.9,75653.5312135298,0.03855318224999357,75653.5312135298,74133.63757294038,19.53224550875002,-19.53224551,5.81383651,-25.34608202,LOSS,STOP_LOSS,2026-07-26T11:58:27.579103+00:00,2026-07-26T11:58:27.579758+00:00,3881.10301973
BTCUSDT,SHORT,75484.4,75925.69155666538,0.043974362993227656,75925.69155666538,74601.81688666923,19.40551509865002,-19.4055151,6.65816233,-26.06367743,LOSS,STOP_LOSS,2026-07-26T11:58:27.594184+00:00,2026-07-26T11:58:27.594799+00:00,3855.0393423
ETHUSDT,SHORT,2251.52,2267.557125770788,1.201910927618345,2267.557125770788,2219.4457484584236,19.27519671150002,-19.27519671,5.43152818,-24.70672489,LOSS,STOP_LOSS,2026-07-26T11:58:27.609236+00:00,2026-07-26T11:58:27.609884+00:00,3830.33261741
BTCUSDT,SHORT,75575.5,75939.71157321679,0.05258389489905284,75939.71157321679,74847.07685356644,19.15166308705002,-19.15166309,7.96725996,-27.11892305,LOSS,STOP_LOSS,2026-07-26T11:58:27.624270+00:00,2026-07-26T11:58:27.624727+00:00,3803.21369436
ETHUSDT,SHORT,2252.98,2267.509855713,1.3087582456022933,2267.509855713,2223.9202885740006,19.016068471800022,-19.01606847,5.91622837,-24.93229684,LOSS,STOP_LOSS,2026-07-26T11:58:27.639143+00:00,2026-07-26T11:58:27.640432+00:00,3778.28139752
SOLUSDT,SHORT,82.97,83.32271320223195,53.56024914308939,83.32271320223195,82.2645735955361,18.89140698760002,-18.89140699,8.90667915,-27.79808614,LOSS,STOP_LOSS,2026-07-26T11:58:27.655203+00:00,2026-07-26T11:58:27.655691+00:00,3750.48331138
BTCUSDT,LONG,76117.4,75876.10200150814,0.07771476213688415,75876.10200150814,76599.9959969837,18.75241655690002,-18.75241656,11.81213885,-30.56455541,LOSS,STOP_LOSS,2026-07-26T11:58:27.670229+00:00,2026-07-26T11:58:27.670617+00:00,3719.91875597
SOLUSDT,SHORT,82.9,83.25049946888521,53.06596851347027,83.25049946888521,82.19900106222961,18.59959377985002,-18.59959378,8.81693717,-27.41653095,LOSS,STOP_LOSS,2026-07-26T11:58:27.685101+00:00,2026-07-26T11:58:27.685573+00:00,3692.50222502
BTCUSDT,LONG,76298.8,76808.67611766687,0.07241959560523148,76043.86194116657,76808.67611766687,18.462511125100022,36.92502225,11.0879815,25.83704075,WIN,TAKE_PROFIT,2026-07-26T11:58:27.700540+00:00,2026-07-26T11:58:27.703198+00:00,3718.33926577
SOLUSDT,LONG,83.86,84.58063788908967,51.59788740038479,83.49968105545516,84.58063788908967,18.59169632885002,37.18339266,8.69118107,28.49221159,WIN,TAKE_PROFIT,2026-07-26T11:58:27.718222+00:00,2026-07-26T11:58:27.720171+00:00,3746.83147736
SOLUSDT,LONG,84.56,84.16596257425152,47.54410663203938,84.16596257425152,85.34807485149696,18.73415738680002,-18.73415739,8.02192516,-26.75608254,LOSS,STOP_LOSS,2026-07-26T11:58:27.735188+00:00,2026-07-26T11:58:27.735597+00:00,3720.07539482
BTCUSDT,LONG,78312.9,77891.9570439008,0.04418740521629394,77891.9570439008,79154.7859121984,18.60037697410002,-18.60037697,6.90228731,-25.50266429,LOSS,STOP_LOSS,2026-07-26T11:58:27.750407+00:00,2026-07-26T11:58:27.751806+00:00,3694.57273053
SOLUSDT,SHORT,83.46,83.8267912943743,50.36341902324082,83.8267912943743,82.72641741125139,18.47286365265002,-18.47286365,8.42513477,-26.89799842,LOSS,STOP_LOSS,2026-07-26T11:58:27.766697+00:00,2026-07-26T11:58:27.767226+00:00,3667.67473211
BTCUSDT,LONG,78300.0,78021.43321244032,0.06583115604411739,78021.43321244032,78857.13357511937,18.33837366055002,-18.33837366,10.29082066,-28.62919432,LOSS,STOP_LOSS,2026-07-26T11:58:27.781903+00:00,2026-07-26T11:58:27.782456+00:00,3639.04553779
SOLUSDT,SHORT,83.54,83.86264927293907,56.39320839996698,83.86264927293907,82.8947014541219,18.19522768895002,-18.19522769,9.44037249,-27.63560018,LOSS,STOP_LOSS,2026-07-26T11:58:27.797145+00:00,2026-07-26T11:58:27.797716+00:00,3611.40993761
BTCUSDT,LONG,78335.0,78107.31614860409,0.07930755553081273,78107.31614860409,78790.3677027918,18.057049688050018,-18.05704969,12.40705768,-30.46410736,LOSS,STOP_LOSS,2026-07-26T11:58:27.812651+00:00,2026-07-26T11:58:27.813593+00:00,3580.94583025
SOLUSDT,SHORT,83.58,83.83631816281344,69.85353263584977,83.83631816281344,83.06736367437311,17.90472915125002,-17.90472915,11.69462124,-29.5993504,LOSS,STOP_LOSS,2026-07-26T11:58:27.828275+00:00,2026-07-26T11:58:27.829224+00:00,3551.34647985
SOLUSDT,SHORT,83.64,83.82602156640641,95.4552353379088,83.82602156640641,83.26795686718718,17.75673239925002,-17.7567324,15.9855085,-33.7422409,LOSS,STOP_LOSS,2026-07-26T11:58:27.844289+00:00,2026-07-26T11:58:27.844603+00:00,3517.60423895
BTCUSDT,LONG,78767.0,78599.61972245808,0.10507821741630316,78599.61972245808,79101.76055508382,17.58802119475002,-17.58802119,16.53580388,-34.12382508,LOSS,STOP_LOSS,2026-07-26T11:58:27.860381+00:00,2026-07-26T11:58:27.860694+00:00,3483.48041387
BTCUSDT,LONG,78590.0,78403.44017137041,0.09336094590830957,78403.44017137041,78963.11965725917,17.417402069350018,-17.41740207,14.65705608,-32.07445815,LOSS,STOP_LOSS,2026-07-26T11:58:27.875557+00:00,2026-07-26T11:58:27.876288+00:00,3451.40595572
SOLUSDT,SHORT,83.7,84.00262280499201,57.02488211044024,84.00262280499201,83.09475439001599,17.25702977860002,-17.25702978,9.5632223,-26.82025207,LOSS,STOP_LOSS,2026-07-26T11:58:27.891272+00:00,2026-07-26T11:58:27.892836+00:00,3424.58570365
BTCUSDT,LONG,78473.8,78794.90622160846,0.10664962162663741,78313.24688919578,78794.90622160846,17.12292851825002,34.24585704,16.77264801,17.47320902,WIN,TAKE_PROFIT,2026-07-26T11:58:27.907911+00:00,2026-07-26T11:58:27.908632+00:00,3442.05891267
BTCUSDT,LONG,78620.5,78972.92850928061,0.09766686922394546,78444.2857453597,78972.92850928061,17.21029456335002,34.42058913,15.39165677,19.02893235,WIN,TAKE_PROFIT,2026-07-26T11:58:27.923616+00:00,2026-07-26T11:58:27.925260+00:00,3461.08784502
BTCUSDT,LONG,78884.7,79230.92132442367,0.0999674948035435,78711.58933778816,79230.92132442367,17.30543922510002,34.61087845,15.80642255,18.8044559,WIN,TAKE_PROFIT,2026-07-26T11:58:27.940413+00:00,2026-07-26T11:58:27.940685+00:00,3479.89230092
BTCUSDT,LONG,78978.2,78774.21152794614,0.08529629801828553,78774.21152794614,79386.1769441077,17.39946150460002,-17.3994615,13.45569671,-30.85515821,LOSS,STOP_LOSS,2026-07-26T11:58:27.955971+00:00,2026-07-26T11:58:27.956496+00:00,3449.03714271
BTCUSDT,LONG,78794.5,79259.66246413061,0.07414693593465857,78561.9187679347,79259.66246413061,17.24518571355002,34.49037143,11.71923186,22.77113957,WIN,TAKE_PROFIT,2026-07-26T11:58:27.971596+00:00,2026-07-26T11:58:27.971949+00:00,3471.80828228
BTCUSDT,LONG,79230.8,78953.9209987965,0.0626954060652716,78953.9209987965,79784.558002407,17.359041411400018,-17.35904141,9.91745532,-27.27649673,LOSS,STOP_LOSS,2026-07-26T11:58:27.987082+00:00,2026-07-26T11:58:27.987431+00:00,3444.53178555
BTCUSDT,LONG,79049.7,78738.89807031104,0.055413616463018255,78738.89807031104,79671.30385937792,17.222658927750018,-17.22265893,8.74363686,-25.96629578,LOSS,STOP_LOSS,2026-07-26T11:58:28.002519+00:00,2026-07-26T11:58:28.003027+00:00,3418.56548977
SOLUSDT,SHORT,83.87,84.28416895081104,41.270180720641605,84.28416895081104,83.04166209837793,17.09282744885002,-17.09282745,6.93975294,-24.03258039,LOSS,STOP_LOSS,2026-07-26T11:58:28.018055+00:00,2026-07-26T11:58:28.018733+00:00,3394.53290938
BTCUSDT,LONG,78749.9,79453.87782665434,0.04821931573487957,78397.91108667283,79453.87782665434,16.97266454690002,33.94532909,7.62847791,26.31685118,WIN,TAKE_PROFIT,2026-07-26T11:58:28.033810+00:00,2026-07-26T11:58:28.034092+00:00,3420.84976056
ETHUSDT,LONG,2350.48,2384.4613690717997,1.0066839135680574,2333.4893154641,2384.4613690717997,17.10424880280002,34.20849761,4.76658931,29.4419083,WIN,TAKE_PROFIT,2026-07-26T11:58:28.049311+00:00,2026-07-26T11:58:28.049772+00:00,3450.29166886
BTCUSDT,LONG,80136.6,79609.9511225866,0.03275704000173571,79609.9511225866,81189.89775482682,17.25145834430002,-17.25145834,5.23282417,-22.48428251,LOSS,STOP_LOSS,2026-07-26T11:58:28.065077+00:00,2026-07-26T11:58:28.065959+00:00,3427.80738635
BTCUSDT,LONG,79824.7,79414.58387686494,0.04179069284263711,79414.58387686494,80644.9322462701,17.139036931750017,-17.13903693,6.65472,-23.79375693,LOSS,STOP_LOSS,2026-07-26T11:58:28.081163+00:00,2026-07-26T11:58:28.082042+00:00,3404.01362942
SOLUSDT,SHORT,84.0,84.58661275210514,29.014146191028484,84.58661275210514,82.82677449578972,17.020068147100016,-17.02006815,4.89139663,-21.91146478,LOSS,STOP_LOSS,2026-07-26T11:58:28.097448+00:00,2026-07-26T11:58:28.098231+00:00,3382.10216464
ETHUSDT,LONG,2351.6,2336.037236826185,1.0866007941091613,2336.037236826185,2382.7255263476295,16.910510823200017,-16.91051082,5.09359034,-22.00410117,LOSS,STOP_LOSS,2026-07-26T11:58:28.113415+00:00,2026-07-26T11:58:28.113912+00:00,3360.09806347
BTCUSDT,LONG,79976.7,81247.12694941665,0.026448573568223492,79341.48652529168,81247.12694941665,16.800490317350015,33.60098063,4.26414025,29.33684039,WIN,TAKE_PROFIT,2026-07-26T11:58:28.129426+00:00,2026-07-26T11:58:28.131988+00:00,3389.43490386
BTCUSDT,LONG,80988.1,80653.95374959696,0.05071783537555223,80653.95374959696,81656.3925008061,16.947174519300017,-16.94717452,8.19813507,-25.14530959,LOSS,STOP_LOSS,2026-07-26T11:58:28.147930+00:00,2026-07-26T11:58:28.148849+00:00,3364.28959427
SOLUSDT,LONG,84.74,85.34145180140169,55.93614627854578,84.43927409929915,85.34145180140169,16.821447971350015,33.64289594,9.51370097,24.12919498,WIN,TAKE_PROFIT,2026-07-26T11:58:28.164089+00:00,2026-07-26T11:58:28.164839+00:00,3388.41878925
BTCUSDT,LONG,81579.9,81316.3822080266,0.06429203060399184,81316.3822080266,82106.93558394679,16.942093946250015,-16.94209395,10.47293276,-27.41502671,LOSS,STOP_LOSS,2026-07-26T11:58:28.180140+00:00,2026-07-26T11:58:28.180698+00:00,3361.00376254
BTCUSDT,LONG,81362.9,81069.58516916579,0.05729345074337193,81069.58516916579,81949.5296616684,16.805018812700016,-16.80501881,9.30631759,-26.1113364,LOSS,STOP_LOSS,2026-07-26T11:58:28.196209+00:00,2026-07-26T11:58:28.196614+00:00,3334.89242614
SOLUSDT,LONG,85.34,86.19643831094729,38.93908508659999,84.91178084452636,86.19643831094729,16.674462130700018,33.34892426,6.67947197,26.66945229,WIN,TAKE_PROFIT,2026-07-26T11:58:28.212008+00:00,2026-07-26T11:58:28.213179+00:00,3361.56187843
BTCUSDT,LONG,81490.0,81177.32039614531,0.05375409583786432,81177.32039614531,82115.35920770936,16.80780939215002,-16.80780939,8.74403473,-25.55184412,LOSS,STOP_LOSS,2026-07-26T11:58:28.228564+00:00,2026-07-26T11:58:28.229426+00:00,3336.01003431
SOLUSDT,LONG,86.35,87.35252378894542,33.276118443226444,85.84873810552729,87.35252378894542,16.68005017155002,33.36010034,5.78014576,27.57995459,WIN,TAKE_PROFIT,2026-07-26T11:58:28.244708+00:00,2026-07-26T11:58:28.245808+00:00,3363.5899889
BTCUSDT,LONG,81576.7,81225.98545347199,0.04795338576912091,81225.98545347199,82278.12909305602,16.81794994450002,-16.81794994,7.80693998,-24.62488992,LOSS,STOP_LOSS,2026-07-26T11:58:28.261239+00:00,2026-07-26T11:58:28.261797+00:00,3338.96509898
ETHUSDT,SHORT,2364.56,2375.781973203742,1.487690728875837,2375.781973203742,2342.116053592516,16.694825494900016,-16.69482549,7.05216281,-23.7469883,LOSS,STOP_LOSS,2026-07-26T11:58:28.276994+00:00,2026-07-26T11:58:28.277812+00:00,3315.21811068
BTCUSDT,LONG,81507.4,82058.80944144244,0.060122621440932174,81231.69527927878,82058.80944144244,16.576090553400018,33.15218111,9.83402929,23.31815182,WIN,TAKE_PROFIT,2026-07-26T11:58:28.293431+00:00,2026-07-26T11:58:28.294057+00:00,3338.5362625
BTCUSDT,LONG,81996.7,82632.54594966379,0.052505426263472425,81678.77702516809,82632.54594966379,16.692681312500017,33.38536262,8.64392873,24.74143389,WIN,TAKE_PROFIT,2026-07-26T11:58:28.309501+00:00,2026-07-26T11:58:28.310003+00:00,3363.27769639
BTCUSDT,LONG,82643.0,82290.86162593291,0.047755058012354225,82290.86162593291,83347.27674813419,16.816388481950018,-16.81638848,7.87642613,-24.69281461,LOSS,STOP_LOSS,2026-07-26T11:58:28.325449+00:00,2026-07-26T11:58:28.325866+00:00,3338.58488178
BTCUSDT,LONG,82150.0,81791.18614875167,0.04652251954829737,81791.18614875167,82867.62770249665,16.692924408900016,-16.69292441,7.62695704,-24.31988145,LOSS,STOP_LOSS,2026-07-26T11:58:28.341375+00:00,2026-07-26T11:58:28.341910+00:00,3314.26500033
SOLUSDT,LONG,88.71,87.95479779199893,21.94289797630805,87.95479779199893,90.22040441600213,16.571325001650017,-16.571325,3.87653763,-20.44786264,LOSS,STOP_LOSS,2026-07-26T11:58:28.357429+00:00,2026-07-26T11:58:28.359291+00:00,3293.81713769
SOLUSDT,SHORT,88.29,88.80478227157933,31.99233267673326,88.80478227157933,87.26043545684136,16.469085688450015,-16.46908569,5.66567519,-22.13476088,LOSS,STOP_LOSS,2026-07-26T11:58:28.374250+00:00,2026-07-26T11:58:28.375120+00:00,3271.68237681
SOLUSDT,LONG,88.53,89.58135990842946,31.11857652720742,88.00432004578526,89.58135990842946,16.358411884050014,32.71682377,5.54257198,27.17425178,WIN,TAKE_PROFIT,2026-07-26T11:58:28.390105+00:00,2026-07-26T11:58:28.390898+00:00,3298.85662859
SOLUSDT,LONG,90.14,89.55643947250488,28.26490546533392,89.55643947250488,91.30712105499025,16.494283142950014,-16.49428314,5.07910287,-21.57338602,LOSS,STOP_LOSS,2026-07-26T11:58:28.406040+00:00,2026-07-26T11:58:28.406510+00:00,3277.28324257
SOLUSDT,LONG,89.56,88.95814446517628,27.22649417463507,88.95814446517628,90.76371106964746,16.386416212850015,-16.38641621,4.86042322,-21.24683943,LOSS,STOP_LOSS,2026-07-26T11:58:28.421553+00:00,2026-07-26T11:58:28.422096+00:00,3256.03640314
ETHUSDT,SHORT,2317.29,2328.0858276362146,1.5080068489689482,2328.0858276362146,2295.6983447275707,16.280182015700017,-16.28018202,7.00525856,-23.28544058,LOSS,STOP_LOSS,2026-07-26T11:58:28.439210+00:00,2026-07-26T11:58:28.439603+00:00,3232.75096256
SOLUSDT,LONG,89.41,88.81873525312136,27.3375926742302,88.81873525312136,90.59252949375727,16.163754812800015,-16.16375481,4.87234457,-21.03609938,LOSS,STOP_LOSS,2026-07-26T11:58:28.454781+00:00,2026-07-26T11:58:28.455489+00:00,3211.71486318
BTCUSDT,SHORT,80457.5,79775.01362217695,0.04705903249563025,80798.74318891153,79775.01362217695,16.058574315900017,32.11714863,7.54038707,24.57676157,WIN,TAKE_PROFIT,2026-07-26T11:58:28.470427+00:00,2026-07-26T11:58:28.470947+00:00,3236.29162475
SOLUSDT,SHORT,88.03,88.72071078638645,23.42725557885893,88.72071078638645,86.6485784272271,16.181458123750016,-16.18145812,4.14078408,-20.3222422,LOSS,STOP_LOSS,2026-07-26T11:58:28.486301+00:00,2026-07-26T11:58:28.486851+00:00,3215.96938255
SOLUSDT,LONG,88.81,88.1497555017275,24.354382285383753,88.1497555017275,90.13048899654501,16.079846912750018,-16.07984691,4.30974553,-20.38959245,LOSS,STOP_LOSS,2026-07-26T11:58:28.502308+00:00,2026-07-26T11:58:28.503117+00:00,3195.5797901
ETHUSDT,SHORT,2288.99,2264.9496580754517,1.3292572127840412,2301.0101709622736,2264.9496580754517,15.977898950500018,31.9557979,6.05335714,25.90244076,WIN,TAKE_PROFIT,2026-07-26T11:58:28.518306+00:00,2026-07-26T11:58:28.519903+00:00,3221.48223086
ETHUSDT,SHORT,2271.7,2282.44749283929,1.4987133646104713,2282.44749283929,2250.2050143214187,16.107411154300017,-16.10741115,6.82536171,-22.93277287,LOSS,STOP_LOSS,2026-07-26T11:58:28.535428+00:00,2026-07-26T11:58:28.535862+00:00,3198.54945799
ETHUSDT,SHORT,2281.49,2290.8484088173427,1.7089173600016687,2290.8484088173427,2262.773182365314,15.99274728995002,-15.99274729,7.81374848,-23.80649577,LOSS,STOP_LOSS,2026-07-26T11:58:28.551645+00:00,2026-07-26T11:58:28.552940+00:00,3174.74296222
SOLUSDT,LONG,88.53,88.12442744591742,39.13902617746666,88.12442744591742,89.34114510816515,15.873714811100019,-15.87371481,6.91408226,-22.78779707,LOSS,STOP_LOSS,2026-07-26T11:58:28.569062+00:00,2026-07-26T11:58:28.569920+00:00,3151.95516515
ETHUSDT,SHORT,2275.01,2285.236398771871,1.541087549714936,2285.236398771871,2254.557202456259,15.759775825750019,-15.75977583,7.02773895,-22.78751477,LOSS,STOP_LOSS,2026-07-26T11:58:28.585154+00:00,2026-07-26T11:58:28.585615+00:00,3129.16765038
SOLUSDT,LONG,88.99,88.4982762158943,31.81834753093177,88.4982762158943,89.9734475682114,15.645838251900019,-15.64583825,5.64738366,-21.29322191,LOSS,STOP_LOSS,2026-07-26T11:58:28.600810+00:00,2026-07-26T11:58:28.601183+00:00,3107.87442847
ETHUSDT,SHORT,2276.84,2289.0325965542206,1.274492440822313,2289.0325965542206,2252.4548068915597,15.539372142350018,-15.53937214,5.81917011,-21.35854225,LOSS,STOP_LOSS,2026-07-26T11:58:28.616585+00:00,2026-07-26T11:58:28.616873+00:00,3086.51588622
SOLUSDT,LONG,89.55,90.76618034541184,25.378768024530064,88.94190982729407,90.76618034541184,15.432579431100018,30.86515886,4.57620251,26.28895635,WIN,TAKE_PROFIT,2026-07-26T11:58:28.632574+00:00,2026-07-26T11:58:28.633082+00:00,3112.80484257
SOLUSDT,LONG,91.47,92.92793586568511,21.35076662722227,90.74103206715745,92.92793586568511,15.564024212850018,31.12804843,3.9370373,27.19101113,WIN,TAKE_PROFIT,2026-07-26T11:58:28.652425+00:00,2026-07-26T11:58:28.654179+00:00,3139.9958537
SOLUSDT,LONG,93.15,92.62005623384565,29.625745732288028,92.62005623384565,94.20988753230871,15.699979268500018,-15.69997927,5.50357645,-21.20355572,LOSS,STOP_LOSS,2026-07-26T11:58:28.670077+00:00,2026-07-26T11:58:28.672647+00:00,3118.79229798
ETHUSDT,SHORT,2303.15,2309.449124247526,2.4755761082225076,2309.449124247526,2290.5517515049482,15.593961489900016,-15.59396149,11.41884019,-27.01280168,LOSS,STOP_LOSS,2026-07-26T11:58:28.688664+00:00,2026-07-26T11:58:28.689069+00:00,3091.7794963
BTCUSDT,LONG,80614.1,80965.39763637252,0.08801025615274759,80438.45118181375,80965.39763637252,15.458897481500017,30.91779496,14.22065298,16.69714199,WIN,TAKE_PROFIT,2026-07-26T11:58:28.705772+00:00,2026-07-26T11:58:28.706283+00:00,3108.47663829
SOLUSDT,LONG,93.51,93.04992994508187,33.78264467618,93.04992994508187,94.43014010983627,15.542383191450018,-15.54238319,6.30248782,-21.84487102,LOSS,STOP_LOSS,2026-07-26T11:58:28.721732+00:00,2026-07-26T11:58:28.723133+00:00,3086.63176727
SOLUSDT,SHORT,92.79,93.10340013096842,49.24426415732798,93.10340013096842,92.16319973806317,15.433158836350017,-15.43315884,9.1541837,-24.58734254,LOSS,STOP_LOSS,2026-07-26T11:58:28.740184+00:00,2026-07-26T11:58:28.740853+00:00,3062.04442473
SOLUSDT,LONG,93.33,93.99404961873786,46.1116810901859,92.99797519063107,93.99404961873786,15.310222123650016,30.62044425,8.63782684,21.98261741,WIN,TAKE_PROFIT,2026-07-26T11:58:28.756667+00:00,2026-07-26T11:58:28.757415+00:00,3084.02704214
SOLUSDT,LONG,94.46,94.06710698074498,39.2476690981656,94.06710698074498,95.24578603851002,15.420135210700016,-15.42013521,7.39924951,-22.81938472,LOSS,STOP_LOSS,2026-07-26T11:58:28.773496+00:00,2026-07-26T11:58:28.773781+00:00,3061.20765742
SOLUSDT,LONG,93.78,93.3393819375717,34.73765510825048,93.3393819375717,94.66123612485661,15.306038287100016,-15.30603829,6.50008855,-21.80612684,LOSS,STOP_LOSS,2026-07-26T11:58:28.789910+00:00,2026-07-26T11:58:28.790426+00:00,3039.40153058
ETHUSDT,SHORT,2321.0,2326.370430116824,2.829756150311313,2326.370430116824,2310.259139766352,15.197007652900016,-15.19700765,13.15092506,-28.34793271,LOSS,STOP_LOSS,2026-07-26T11:58:28.805901+00:00,2026-07-26T11:58:28.806590+00:00,3011.05359787
SOLUSDT,LONG,93.71,94.63180169465053,32.66487375043856,93.24909915267473,94.63180169465053,15.055267989350016,30.11053598,6.15216117,23.9583748,WIN,TAKE_PROFIT,2026-07-26T11:58:28.822786+00:00,2026-07-26T11:58:28.823223+00:00,3035.01197267
BTCUSDT,LONG,81111.8,81452.15001527764,0.0891732580118789,80941.62499236118,81452.15001527764,15.175059863350016,30.35011973,14.49635706,15.85376267,WIN,TAKE_PROFIT,2026-07-26T11:58:28.860156+00:00,2026-07-26T11:58:28.860526+00:00,3050.86573534
BTCUSDT,LONG,81439.5,81242.81670259713,0.07755782457447347,81242.81670259713,81832.86659480572,15.254328676700016,-15.25432868,12.61728658,-27.87161526,LOSS,STOP_LOSS,2026-07-26T11:58:28.876157+00:00,2026-07-26T11:58:28.876477+00:00,3022.99412008
BTCUSDT,LONG,81229.5,81021.17265241162,0.0725539434710481,81021.17265241162,81646.15469517674,15.114970600400015,-15.1149706,11.77192613,-26.88689673,LOSS,STOP_LOSS,2026-07-26T11:58:28.892637+00:00,2026-07-26T11:58:28.893582+00:00,2996.10722335
SOLUSDT,LONG,95.77,95.02750688380203,20.175993271775862,95.02750688380203,97.25498623239592,14.980536116750015,-14.98053612,3.84952922,-18.83006533,LOSS,STOP_LOSS,2026-07-26T11:58:28.909360+00:00,2026-07-26T11:58:28.909639+00:00,2977.27715802
SOLUSDT,LONG,95.45,94.4943823949811,15.577764277171811,94.4943823949811,97.36123521003782,14.886385790100016,-14.88638579,2.95890881,-17.8452946,LOSS,STOP_LOSS,2026-07-26T11:58:28.926019+00:00,2026-07-26T11:58:28.927432+00:00,2959.43186342
SOLUSDT,LONG,95.54,94.83636455399224,21.02958201019423,94.83636455399224,96.94727089201555,14.797159317100016,-14.79715932,4.00353537,-18.80069469,LOSS,STOP_LOSS,2026-07-26T11:58:28.944743+00:00,2026-07-26T11:58:28.945499+00:00,2940.63116873
SOLUSDT,SHORT,94.58,95.21565336653074,23.13077632845192,95.21565336653074,93.30869326693852,14.703155843650016,-14.70315584,4.39012081,-19.09327665,LOSS,STOP_LOSS,2026-07-26T11:58:28.962040+00:00,2026-07-26T11:58:28.962465+00:00,2921.53789208
BTCUSDT,LONG,80923.3,80674.62972635921,0.0587432074068524,80674.62972635921,81420.6405472816,14.607689460400016,-14.60768946,9.4927807,-24.10047016,LOSS,STOP_LOSS,2026-07-26T11:58:28.979038+00:00,2026-07-26T11:58:28.980047+00:00,2897.43742192
SOLUSDT,SHORT,94.6,95.39318825399621,18.264500308232158,95.39318825399621,93.01362349200757,14.487187109600015,-14.48718711,3.47013065,-17.95731776,LOSS,STOP_LOSS,2026-07-26T11:58:28.996223+00:00,2026-07-26T11:58:28.996585+00:00,2879.48010416
SOLUSDT,LONG,95.28,96.94585525434042,17.28529592626652,94.4470723728298,96.94585525434042,14.397400520800016,28.79480104,3.32268079,25.47212025,WIN,TAKE_PROFIT,2026-07-26T11:58:29.012395+00:00,2026-07-26T11:58:29.012811+00:00,2904.95222441
BTCUSDT,LONG,81751.6,81343.67088148383,0.03560609052593127,81343.67088148383,82567.45823703235,14.524761122050016,-14.52476112,5.80718498,-20.3319461,LOSS,STOP_LOSS,2026-07-26T11:58:29.028985+00:00,2026-07-26T11:58:29.029462+00:00,2884.62027831
BTCUSDT,LONG,81478.0,81073.11061136141,0.03562232500102427,81073.11061136141,82287.77877727718,14.423101391550015,-14.42310139,5.79044849,-20.21354988,LOSS,STOP_LOSS,2026-07-26T11:58:29.047884+00:00,2026-07-26T11:58:29.049559+00:00,2864.40672843
SOLUSDT,LONG,96.68,96.18332580540724,28.835872284230415,96.18332580540724,97.67334838918553,14.322033642150016,-14.32203364,5.56138223,-19.88341587,LOSS,STOP_LOSS,2026-07-26T11:58:29.066411+00:00,2026-07-26T11:58:29.066847+00:00,2844.52331256
BTCUSDT,SHORT,80989.9,80562.16820964034,0.06650249938561373,81203.76589517982,80562.16820964034,14.222616562800015,28.44523313,10.74361632,17.70161681,WIN,TAKE_PROFIT,2026-07-26T11:58:29.083773+00:00,2026-07-26T11:58:29.084801+00:00,2862.22492937
ETHUSDT,SHORT,2285.37,2266.969273005074,1.5554955682779463,2294.570363497463,2266.969273005074,14.311124646850015,28.62224929,7.08114356,21.54110573,WIN,TAKE_PROFIT,2026-07-26T11:58:29.101750+00:00,2026-07-26T11:58:29.102804+00:00,2883.7660351
ETHUSDT,SHORT,2276.64,2289.5570778420442,1.1162609958552379,2289.5570778420442,2250.805844315911,14.418830175500013,-14.41883018,5.0970677,-19.51589787,LOSS,STOP_LOSS,2026-07-26T11:58:29.119644+00:00,2026-07-26T11:58:29.121175+00:00,2864.25013723
ETHUSDT,SHORT,2281.18,2288.430450853183,1.9752220897907082,2288.430450853183,2266.6790982936327,14.321250686150012,-14.32125069,9.0259955,-23.34724619,LOSS,STOP_LOSS,2026-07-26T11:58:29.138008+00:00,2026-07-26T11:58:29.138792+00:00,2840.90289104
BTCUSDT,LONG,81020.1,80761.59304737422,0.054948287892909224,80761.59304737422,81537.11390525156,14.204514455200012,-14.20451446,8.88962705,-23.0941415,LOSS,STOP_LOSS,2026-07-26T11:58:29.155830+00:00,2026-07-26T11:58:29.157732+00:00,2817.80874954
ETHUSDT,SHORT,2300.74,2282.1789603792554,1.51813088443102,2310.020519810372,2282.1789603792554,14.08904374770001,28.1780875,6.95747081,21.22061668,WIN,TAKE_PROFIT,2026-07-26T11:58:29.174470+00:00,2026-07-26T11:58:29.174971+00:00,2839.02936622
ETHUSDT,SHORT,2283.08,2258.4081850633047,1.1507176806832422,2295.4159074683475,2258.4081850633047,14.195146831100011,28.39029366,5.22597075,23.16432291,WIN,TAKE_PROFIT,2026-07-26T11:58:29.191150+00:00,2026-07-26T11:58:29.191598+00:00,2862.19368913
ETHUSDT,SHORT,2261.13,2234.2649553205188,1.0653969584930811,2274.5625223397406,2234.2649553205188,14.310968445650012,28.62193689,4.78938011,23.83255678,WIN,TAKE_PROFIT,2026-07-26T11:58:29.208583+00:00,2026-07-26T11:58:29.209114+00:00,2886.02624591
ETHUSDT,SHORT,2235.38,2250.1047178080107,0.9799937369054218,2250.1047178080107,2205.9305643839793,14.43013122955001,-14.43013123,4.39574693,-18.82587816,LOSS,STOP_LOSS,2026-07-26T11:58:29.225826+00:00,2026-07-26T11:58:29.226209+00:00,2867.20036775
ETHUSDT,SHORT,2251.26,2265.569236524854,1.001870492101356,2265.569236524854,2222.6415269502927,14.336001838750013,-14.33600184,4.52527793,-18.86127977,LOSS,STOP_LOSS,2026-07-26T11:58:29.243901+00:00,2026-07-26T11:58:29.244503+00:00,2848.33908798
ETHUSDT,SHORT,2261.21,2237.9688905916664,1.225560724290849,2272.830554704167,2237.9688905916664,14.241695439900013,28.48339088,5.51401694,22.96937394,WIN,TAKE_PROFIT,2026-07-26T11:58:29.261382+00:00,2026-07-26T11:58:29.263480+00:00,2871.30846192
BTCUSDT,SHORT,79281.6,79579.4237958287,0.04820481946264018,79579.4237958287,78685.95240834264,14.356542309600012,-14.35654231,7.65786697,-22.01440928,LOSS,STOP_LOSS,2026-07-26T11:58:29.280197+00:00,2026-07-26T11:58:29.280831+00:00,2849.29405264
BTCUSDT,LONG,79797.9,79527.57679713686,0.05270161833060733,79527.57679713686,80338.54640572626,14.246470263200013,-14.24647026,8.39671047,-22.64318073,LOSS,STOP_LOSS,2026-07-26T11:58:29.297573+00:00,2026-07-26T11:58:29.298089+00:00,2826.65087191
ETHUSDT,SHORT,2259.98,2268.7056675868757,1.6197333004992962,2268.7056675868757,2242.5286648262486,14.133254359550012,-14.13325436,7.33526298,-21.46851734,LOSS,STOP_LOSS,2026-07-26T11:58:29.317164+00:00,2026-07-26T11:58:29.318104+00:00,2805.18235457
SOLUSDT,LONG,91.57,92.69975301778271,24.830049669400566,91.00512349110863,92.69975301778271,14.025911772850014,28.05182355,4.57542712,23.47639643,WIN,TAKE_PROFIT,2026-07-26T11:58:29.334500+00:00,2026-07-26T11:58:29.335013+00:00,2828.658751
SOLUSDT,LONG,93.1,92.41977885216018,20.7921994191376,92.41977885216018,94.46044229567961,14.143293755000013,-14.14329376,3.85736424,-18.00065799,LOSS,STOP_LOSS,2026-07-26T11:58:29.351537+00:00,2026-07-26T11:58:29.351917+00:00,2810.65809301
SOLUSDT,LONG,93.27,92.51105864214252,18.516964874233565,92.51105864214252,94.78788271571494,14.053290465050013,-14.05329047,3.44010134,-17.4933918,LOSS,STOP_LOSS,2026-07-26T11:58:29.368706+00:00,2026-07-26T11:58:29.368995+00:00,2793.16470121
SOLUSDT,LONG,92.38,91.58563219654125,17.58105432425847,91.58563219654125,93.96873560691748,13.965823506050013,-13.96582351,3.23430977,-17.20013328,LOSS,STOP_LOSS,2026-07-26T11:58:29.385889+00:00,2026-07-26T11:58:29.387809+00:00,2775.96456793
ETHUSDT,SHORT,2267.87,2242.8728641532325,1.1105130543541801,2280.3685679233836,2242.8728641532325,13.879822839650013,27.75964568,5.00923884,22.75040684,WIN,TAKE_PROFIT,2026-07-26T11:58:29.404443+00:00,2026-07-26T11:58:29.405210+00:00,2798.71497477
ETHUSDT,SHORT,2245.51,2258.314157320181,1.0928930755790078,2258.314157320181,2219.901685359638,13.993574873850012,-13.99357487,4.92219824,-18.91577311,LOSS,STOP_LOSS,2026-07-26T11:58:29.421663+00:00,2026-07-26T11:58:29.422166+00:00,2779.79920166
ETHUSDT,SHORT,2261.05,2238.0464155226923,1.2084200201069406,2272.551792238654,2238.0464155226923,13.898996008300012,27.79799202,5.43679818,22.36119384,WIN,TAKE_PROFIT,2026-07-26T11:58:29.438579+00:00,2026-07-26T11:58:29.439926+00:00,2802.1603955
ETHUSDT,SHORT,2223.44,2200.4167771032494,1.2171017098980876,2234.9516114483754,2200.4167771032494,14.010801977500012,28.02160396,5.38428365,22.63732031,WIN,TAKE_PROFIT,2026-07-26T11:58:29.456739+00:00,2026-07-26T11:58:29.460143+00:00,2824.79771581
BTCUSDT,SHORT,78219.8,78449.95715460773,0.061366715291218184,78449.95715460773,77759.48569078452,14.123988579050012,-14.12398858,9.61430838,-23.73829696,LOSS,STOP_LOSS,2026-07-26T11:58:29.476811+00:00,2026-07-26T11:58:29.477105+00:00,2801.05941885
BTCUSDT,SHORT,78430.1,77899.42242715706,0.05278269823697605,78695.43878642148,77899.42242715706,14.005297094250013,28.01059419,8.25149401,19.75910018,WIN,TAKE_PROFIT,2026-07-26T11:58:29.493971+00:00,2026-07-26T11:58:29.494576+00:00,2820.81851903
BTCUSDT,SHORT,78025.3,78301.4012087402,0.05108305269471507,78301.4012087402,77473.09758251961,14.104092595150014,-14.1040926,7.98564512,-22.08973771,LOSS,STOP_LOSS,2026-07-26T11:58:29.511311+00:00,2026-07-26T11:58:29.512438+00:00,2798.72878132
SOLUSDT,SHORT,86.33,86.76950735561414,31.83938500197874,86.76950735561414,85.45098528877173,13.993643906600013,-13.99364391,5.51138186,-19.50502576,LOSS,STOP_LOSS,2026-07-26T11:58:29.529918+00:00,2026-07-26T11:58:29.530788+00:00,2779.22375556
ETHUSDT,SHORT,2177.42,2184.7995594596637,1.8830553305730482,2184.7995594596637,2162.6608810806733,13.896118777800014,-13.89611878,8.21430079,-22.11041957,LOSS,STOP_LOSS,2026-07-26T11:58:29.547385+00:00,2026-07-26T11:58:29.549246+00:00,2757.11333599
BTCUSDT,SHORT,78044.2,78223.24184979979,0.0769963374225965,78223.24184979979,77686.11630040043,13.785566679950014,-13.78556668,12.03202068,-25.81758736,LOSS,STOP_LOSS,2026-07-26T11:58:29.566139+00:00,2026-07-26T11:58:29.567055+00:00,2731.29574863
SOLUSDT,LONG,87.07,86.73200074199349,40.403871960237026,86.73200074199349,87.745998516013,13.656478743150014,-13.65647874,7.02227378,-20.67875253,LOSS,STOP_LOSS,2026-07-26T11:58:29.583661+00:00,2026-07-26T11:58:29.584176+00:00,2710.6169961
ETHUSDT,LONG,2191.68,2185.7664008330776,2.291850461612138,2185.7664008330776,2203.5071983338444,13.553084980500014,-13.55308498,10.03245255,-23.58553753,LOSS,STOP_LOSS,2026-07-26T11:58:29.601126+00:00,2026-07-26T11:58:29.601836+00:00,2687.03145857
SOLUSDT,SHORT,86.28,86.62989610977279,38.397561212025316,86.62989610977279,85.58020778045443,13.435157292850015,-13.43515729,6.63931832,-20.07447561,LOSS,STOP_LOSS,2026-07-26T11:58:29.620541+00:00,2026-07-26T11:58:29.621179+00:00,2666.95698296
SOLUSDT,SHORT,86.25,86.5874901486368,39.5116271353757,86.5874901486368,85.5750197027264,13.334784914800016,-13.33478491,6.82909047,-20.16387538,LOSS,STOP_LOSS,2026-07-26T11:58:29.638166+00:00,2026-07-26T11:58:29.638978+00:00,2646.79310758
BTCUSDT,LONG,78369.0,78177.31040189258,0.06903851679257175,78177.31040189258,78752.37919621482,13.233965537900017,-13.23396554,10.80772508,-24.04169062,LOSS,STOP_LOSS,2026-07-26T11:58:29.657001+00:00,2026-07-26T11:58:29.657631+00:00,2622.75141696
BTCUSDT,SHORT,78087.6,77656.9441182681,0.060901325819874,78302.92794086596,77656.9441182681,13.113757084800017,26.22751417,9.48504923,16.74246494,WIN,TAKE_PROFIT,2026-07-26T11:58:29.677368+00:00,2026-07-26T11:58:29.677872+00:00,2639.4938819
BTCUSDT,SHORT,77795.8,77274.68697530069,0.05065108252519693,78056.35651234967,77274.68697530069,13.197469409500018,26.39493882,7.85448803,18.54045079,WIN,TAKE_PROFIT,2026-07-26T11:58:29.695622+00:00,2026-07-26T11:58:29.695936+00:00,2658.03433269
BTCUSDT,SHORT,77216.0,77586.1096186104,0.035908744315667714,77586.1096186104,76475.7807627792,13.290171663450018,-13.29017166,5.55874937,-18.84892104,LOSS,STOP_LOSS,2026-07-26T11:58:29.715670+00:00,2026-07-26T11:58:29.718124+00:00,2639.18541165
BTCUSDT,SHORT,76785.0,76079.87188518734,0.03742845245010855,77137.56405740633,76079.87188518734,13.195927058250017,26.39185412,5.72149559,20.67035853,WIN,TAKE_PROFIT,2026-07-26T11:58:29.735926+00:00,2026-07-26T11:58:29.736502+00:00,2659.85577018
BTCUSDT,SHORT,76251.7,76673.73152814667,0.03151252445357132,76673.73152814667,75407.63694370666,13.299278850900018,-13.29927885,4.8190664,-18.11834525,LOSS,STOP_LOSS,2026-07-26T11:58:29.755827+00:00,2026-07-26T11:58:29.756687+00:00,2641.73742493
ETHUSDT,SHORT,2107.01,2077.896413910834,0.9073899095903724,2121.5667930445834,2077.896413910834,13.20868712465002,26.41737425,3.79734185,22.6200324,WIN,TAKE_PROFIT,2026-07-26T11:58:29.776106+00:00,2026-07-26T11:58:29.776527+00:00,2664.35745733
ETHUSDT,SHORT,2087.53,2103.735704206809,0.822043097704626,2103.735704206809,2055.1185915863825,13.32178728665002,-13.32178729,3.44540104,-16.76718833,LOSS,STOP_LOSS,2026-07-26T11:58:29.794073+00:00,2026-07-26T11:58:29.794511+00:00,2647.590269
SOLUSDT,LONG,85.47,84.99857796202701,28.08089202176574,84.99857796202701,86.41284407594596,13.23795134500002,-13.23795135,4.78690973,-18.02486108,LOSS,STOP_LOSS,2026-07-26T11:58:29.814173+00:00,2026-07-26T11:58:29.814865+00:00,2629.56540792
BTCUSDT,SHORT,76735.1,77046.83042734038,0.04217691276329667,77046.83042734038,76111.63914531926,13.14782703960002,-13.14782704,6.48604706,-19.6338741,LOSS,STOP_LOSS,2026-07-26T11:58:29.833209+00:00,2026-07-26T11:58:29.834377+00:00,2609.93153382
SOLUSDT,LONG,85.52,85.05743160084683,28.21130386984959,85.05743160084683,86.44513679830634,13.04965766910002,-13.04965767,4.81221176,-17.86186943,LOSS,STOP_LOSS,2026-07-26T11:58:29.853866+00:00,2026-07-26T11:58:29.854481+00:00,2592.06966439
BTCUSDT,LONG,77145.5,76877.45787574492,0.04835190870826043,76877.45787574492,77681.58424851017,12.96034832195002,-12.96034832,7.447304,-20.40765232,LOSS,STOP_LOSS,2026-07-26T11:58:29.872179+00:00,2026-07-26T11:58:29.872621+00:00,2571.66201207
BTCUSDT,SHORT,76734.1,77003.97949963136,0.047644634282760626,77003.97949963136,76194.3410007373,12.85831006035002,-12.85831006,7.32479457,-20.18310463,LOSS,STOP_LOSS,2026-07-26T11:58:29.892573+00:00,2026-07-26T11:58:29.893193+00:00,2551.47890744
ETHUSDT,SHORT,2117.4,2094.0809876315857,1.094162508741569,2129.0595061842073,2094.0809876315857,12.757394537200021,25.51478907,4.6080446,20.90674447,WIN,TAKE_PROFIT,2026-07-26T11:58:29.912508+00:00,2026-07-26T11:58:29.913444+00:00,2572.38565191
BTCUSDT,SHORT,76365.7,76735.40185383867,0.034790002067888626,76735.40185383867,75626.29629232263,12.86192825955002,-12.86192826,5.32638765,-18.18831591,LOSS,STOP_LOSS,2026-07-26T11:58:29.931123+00:00,2026-07-26T11:58:29.931775+00:00,2554.197336
ETHUSDT,SHORT,2111.8,2122.8393953317,1.1568556335081226,2122.8393953317,2089.721209336601,12.770986680000021,-12.77098668,4.89886644,-17.66985312,LOSS,STOP_LOSS,2026-07-26T11:58:29.952180+00:00,2026-07-26T11:58:29.954791+00:00,2536.52748288
BTCUSDT,LONG,77199.8,77692.99000427504,0.05143103998242235,76953.20499786249,77692.99000427504,12.682637414400022,25.36527483,7.96629728,17.39897755,WIN,TAKE_PROFIT,2026-07-26T11:58:29.975161+00:00,2026-07-26T11:58:29.976746+00:00,2553.92646043
BTCUSDT,LONG,77590.2,77399.18460570692,0.06685132551440957,77399.18460570692,77972.23078858615,12.769632302150022,-12.7696323,10.3612458,-23.1308781,LOSS,STOP_LOSS,2026-07-26T11:58:29.996652+00:00,2026-07-26T11:58:29.997178+00:00,2530.79558233
ETHUSDT,SHORT,2119.74,2128.65567234057,1.4192959799642295,2128.65567234057,2101.9086553188586,12.653977911650022,-12.65397791,6.0297309,-18.68370881,LOSS,STOP_LOSS,2026-07-26T11:58:30.017685+00:00,2026-07-26T11:58:30.018015+00:00,2512.11187352
BTCUSDT,LONG,77384.1,77079.69218890615,0.04126227682024654,77079.69218890615,77992.91562218772,12.560559367600021,-12.56055937,6.37352775,-18.93408712,LOSS,STOP_LOSS,2026-07-26T11:58:30.038307+00:00,2026-07-26T11:58:30.040390+00:00,2493.1777864
SOLUSDT,LONG,86.43,85.73528596605891,17.94391407538062,85.73528596605891,87.81942806788219,12.46588893200002,-12.46588893,3.0893191,-15.55520803,LOSS,STOP_LOSS,2026-07-26T11:58:30.058521+00:00,2026-07-26T11:58:30.059214+00:00,2477.62257837
ETHUSDT,SHORT,2124.11,2133.064595475936,1.3834363512166494,2133.064595475936,2106.200809048128,12.388112891850021,-12.38811289,5.88953009,-18.27764298,LOSS,STOP_LOSS,2026-07-26T11:58:30.077065+00:00,2026-07-26T11:58:30.077639+00:00,2459.34493539
ETHUSDT,LONG,2141.83,2133.438570154874,1.4653908694824587,2133.438570154874,2158.6128596902518,12.29672467695002,-12.29672468,6.26493953,-18.5616642,LOSS,STOP_LOSS,2026-07-26T11:58:30.095535+00:00,2026-07-26T11:58:30.096662+00:00,2440.78327119
ETHUSDT,SHORT,2128.14,2135.430794326937,1.6738802123193295,2135.430794326937,2113.5584113461255,12.203916355950021,-12.20391636,7.13670679,-19.34062314,LOSS,STOP_LOSS,2026-07-26T11:58:30.114606+00:00,2026-07-26T11:58:30.115086+00:00,2421.44264805
BTCUSDT,LONG,77846.2,77633.17096018336,0.056833628178912805,77633.17096018336,78272.25807963329,12.10721324025002,-12.10721324,8.83645676,-20.94367,LOSS,STOP_LOSS,2026-07-26T11:58:30.132894+00:00,2026-07-26T11:58:30.133595+00:00,2400.49897805
ETHUSDT,SHORT,2127.08,2110.7051172612682,1.4659640721408618,2135.2674413693658,2110.7051172612682,12.00249489025002,24.00498978,6.21244073,17.79254905,WIN,TAKE_PROFIT,2026-07-26T11:58:30.151587+00:00,2026-07-26T11:58:30.151920+00:00,2418.2915271
ETHUSDT,SHORT,2115.88,2125.264349956239,1.2884704526029973,2125.264349956239,2097.1113000875225,12.09145763550002,-12.09145764,5.46458918,-17.55604682,LOSS,STOP_LOSS,2026-07-26T11:58:30.169836+00:00,2026-07-26T11:58:30.170990+00:00,2400.73548028
BTCUSDT,SHORT,77117.7,77452.15417964966,0.03589034950609358,77452.15417964966,76448.79164070069,12.00367740140002,-12.0036774,5.54756609,-17.55124349,LOSS,STOP_LOSS,2026-07-26T11:58:30.188645+00:00,2026-07-26T11:58:30.189276+00:00,2383.18423679
SOLUSDT,LONG,86.67,87.9094336876561,19.228009215215486,86.05028315617196,87.9094336876561,11.91592118395002,23.83184237,3.35681496,20.47502741,WIN,TAKE_PROFIT,2026-07-26T11:58:30.206905+00:00,2026-07-26T11:58:30.207209+00:00,2403.6592642
ETHUSDT,LONG,2146.66,2133.718074602226,0.9286327923870594,2133.718074602226,2172.543850795548,12.01829632100002,-12.01829632,3.97489944,-15.99319576,LOSS,STOP_LOSS,2026-07-26T11:58:30.224636+00:00,2026-07-26T11:58:30.225098+00:00,2387.66606844
BTCUSDT,SHORT,77354.5,77750.10243797398,0.030177595475245886,77750.10243797398,76563.29512405202,11.93833034220002,-11.93833034,4.68068395,-16.61901429,LOSS,STOP_LOSS,2026-07-26T11:58:30.250407+00:00,2026-07-26T11:58:30.250858+00:00,2371.04705415
BTCUSDT,SHORT,77344.7,77582.90069016394,0.04976994509373954,77582.90069016394,76868.29861967212,11.85523527075002,-11.85523527,7.71073818,-19.56597345,LOSS,STOP_LOSS,2026-07-26T11:58:30.268411+00:00,2026-07-26T11:58:30.268835+00:00,2351.4810807
BTCUSDT,LONG,77580.0,77343.34162167399,0.04968091764451826,77343.34162167399,78053.31675665203,11.75740540350002,-11.7574054,7.69673378,-19.45413918,LOSS,STOP_LOSS,2026-07-26T11:58:30.285943+00:00,2026-07-26T11:58:30.287093+00:00,2332.02694152
BTCUSDT,SHORT,77386.0,77015.8699617936,0.06300561156345809,77571.0650191032,77015.8699617936,11.66013470760002,23.32026942,9.72818424,13.59208517,WIN,TAKE_PROFIT,2026-07-26T11:58:30.304699+00:00,2026-07-26T11:58:30.306124+00:00,2345.61902669
BTCUSDT,SHORT,77032.7,76594.45237817634,0.053522686944182406,77251.82381091182,76594.45237817634,11.728095133450019,23.45619027,8.22253798,15.23365228,WIN,TAKE_PROFIT,2026-07-26T11:58:30.323748+00:00,2026-07-26T11:58:30.324210+00:00,2360.85267897
BTCUSDT,SHORT,76880.0,76358.21513329682,0.045245710054542206,77140.89243335159,76358.21513329682,11.80426339485002,23.60852679,6.93337185,16.67515494,WIN,TAKE_PROFIT,2026-07-26T11:58:30.341755+00:00,2026-07-26T11:58:30.342572+00:00,2377.52783391
BTCUSDT,SHORT,76498.6,75895.31314221155,0.03940957445394435,76800.24342889423,75895.31314221155,11.88763916955002,23.77527834,6.00577927,17.76949907,WIN,TAKE_PROFIT,2026-07-26T11:58:30.360978+00:00,2026-07-26T11:58:30.361372+00:00,2395.29733298
BTCUSDT,SHORT,75782.4,75050.66208944561,0.03273436155802383,76148.26895527719,75050.66208944561,11.97648666490002,23.95297333,4.93742399,19.01554934,WIN,TAKE_PROFIT,2026-07-26T11:58:30.379284+00:00,2026-07-26T11:58:30.381494+00:00,2414.31288232
BTCUSDT,SHORT,74573.1,74836.08369083442,0.0459023309517734,74836.08369083442,74047.13261833118,12.07156441160002,-12.07156441,6.8582298,-18.92979421,LOSS,STOP_LOSS,2026-07-26T11:58:30.399538+00:00,2026-07-26T11:58:30.400425+00:00,2395.38308811
BTCUSDT,SHORT,74820.9,75019.30579767603,0.06036575332393577,75019.30579767603,74424.08840464793,11.97691544055002,-11.97691544,9.0452169,-21.02213234,LOSS,STOP_LOSS,2026-07-26T11:58:30.420470+00:00,2026-07-26T11:58:30.421073+00:00,2374.36095577
BTCUSDT,LONG,76890.7,76620.73542495762,0.043975417059762135,76620.73542495762,77430.62915008476,11.871804778850018,-11.87180478,6.7507294,-18.62253418,LOSS,STOP_LOSS,2026-07-26T11:58:30.438895+00:00,2026-07-26T11:58:30.439814+00:00,2355.73842159
BTCUSDT,LONG,76780.4,77201.1706601445,0.05598628052585607,76570.01466992774,77201.1706601445,11.778692107950018,23.55738422,8.62085541,14.93652881,WIN,TAKE_PROFIT,2026-07-26T11:58:30.459574+00:00,2026-07-26T11:58:30.460828+00:00,2370.6749504
BTCUSDT,LONG,77201.0,76972.45836033225,0.051865273957221535,76972.45836033225,77658.08327933548,11.853374752000018,-11.85337475,7.99624865,-19.84962341,LOSS,STOP_LOSS,2026-07-26T11:58:30.479394+00:00,2026-07-26T11:58:30.480229+00:00,2350.82532699
SOLUSDT,SHORT,85.22,85.75274502357325,22.063325070803998,85.75274502357325,84.15450995285347,11.754126634950019,-11.75412663,3.77222725,-15.52635389,LOSS,STOP_LOSS,2026-07-26T11:58:30.498542+00:00,2026-07-26T11:58:30.499078+00:00,2335.2989731
SOLUSDT,SHORT,85.47,84.46790647803832,23.304201872580276,85.97104676098084,84.46790647803832,11.67649486550002,23.35298973,3.96026728,19.39272245,WIN,TAKE_PROFIT,2026-07-26T11:58:30.517269+00:00,2026-07-26T11:58:30.518380+00:00,2354.69169555
ETHUSDT,SHORT,2087.8,2070.2094302346836,1.3386102479709212,2096.5952848826582,2070.2094302346836,11.773458477750019,23.54691696,5.56595403,17.98096292,WIN,TAKE_PROFIT,2026-07-26T11:58:30.536457+00:00,2026-07-26T11:58:30.536713+00:00,2372.67265847
ETHUSDT,SHORT,2068.56,2079.2545502481826,1.1092905280767638,2079.2545502481826,2047.1708995036347,11.863363292350018,-11.86336329,4.60113139,-16.46449469,LOSS,STOP_LOSS,2026-07-26T11:58:30.557244+00:00,2026-07-26T11:58:30.557663+00:00,2356.20816378
ETHUSDT,SHORT,2090.52,2104.2853096271956,0.855850041732783,2104.2853096271956,2062.9893807456087,11.781040818900019,-11.78104082,3.5901243,-15.37116512,LOSS,STOP_LOSS,2026-07-26T11:58:30.579637+00:00,2026-07-26T11:58:30.580090+00:00,2340.83699866
BTCUSDT,LONG,77159.5,77844.30703567748,0.034182432082406816,76817.09648216126,77844.30703567748,11.704184993300018,23.40836999,5.29840711,18.10996288,WIN,TAKE_PROFIT,2026-07-26T11:58:30.597862+00:00,2026-07-26T11:58:30.600740+00:00,2358.94696154
SOLUSDT,LONG,86.21,85.86084099338852,33.78041117187776,85.86084099338852,86.90831801322294,11.794734807700017,-11.79473481,5.81262376,-17.60735857,LOSS,STOP_LOSS,2026-07-26T11:58:30.620663+00:00,2026-07-26T11:58:30.621262+00:00,2341.33960297
SOLUSDT,SHORT,85.6,84.94741023790849,35.87766371734325,85.92629488104575,84.94741023790849,11.706698014850017,23.41339603,6.11884263,17.2945534,WIN,TAKE_PROFIT,2026-07-26T11:58:30.639520+00:00,2026-07-26T11:58:30.640247+00:00,2358.63415637
SOLUSDT,SHORT,84.79,83.98935111626706,29.45903259582517,85.19032444186648,83.98935111626706,11.793170781850018,23.58634156,4.97207641,18.61426516,WIN,TAKE_PROFIT,2026-07-26T11:58:30.658214+00:00,2026-07-26T11:58:30.658923+00:00,2377.24842153
BTCUSDT,SHORT,76750.1,77000.39193090788,0.047489513803084374,77000.39193090788,76249.51613818426,11.886242107650016,-11.88624211,7.30153611,-19.18777822,LOSS,STOP_LOSS,2026-07-26T11:58:30.676869+00:00,2026-07-26T11:58:30.678077+00:00,2358.06064331
BTCUSDT,SHORT,76650.0,76867.27129992525,0.05426535037350202,76867.27129992525,76215.45740014949,11.790303216550017,-11.79030322,8.33066852,-20.12097173,LOSS,STOP_LOSS,2026-07-26T11:58:30.696424+00:00,2026-07-26T11:58:30.697141+00:00,2337.93967158
SOLUSDT,LONG,85.28,84.83055818398853,26.009369714725906,84.83055818398853,86.17888363202293,11.689698357900017,-11.68969836,4.4244684,-16.11416676,LOSS,STOP_LOSS,2026-07-26T11:58:30.715152+00:00,2026-07-26T11:58:30.715545+00:00,2321.82550482
ETHUSDT,LONG,2116.78,2138.5137594953153,1.0683036707572393,2105.9131202523427,2138.5137594953153,11.609127524100018,23.21825505,4.54594594,18.6723091,WIN,TAKE_PROFIT,2026-07-26T11:58:30.733283+00:00,2026-07-26T11:58:30.733728+00:00,2340.49781392
BTCUSDT,SHORT,76873.6,75842.41685548317,0.022697207827389796,77389.19157225842,75842.41685548317,11.702489069600016,23.40497814,3.46622717,19.93875097,WIN,TAKE_PROFIT,2026-07-26T11:58:30.755737+00:00,2026-07-26T11:58:30.757760+00:00,2360.43656489
BTCUSDT,SHORT,76005.5,75066.24870553079,0.02513104404315895,76475.12564723461,75066.24870553079,11.802182824450018,23.60436565,3.79659077,19.80777488,WIN,TAKE_PROFIT,2026-07-26T11:58:30.779687+00:00,2026-07-26T11:58:30.784221+00:00,2380.24433977
SOLUSDT,SHORT,83.03,83.58581536516303,21.412185493215247,83.58581536516303,81.91836926967393,11.901221698850017,-11.9012217,3.56760874,-15.46883044,LOSS,STOP_LOSS,2026-07-26T11:58:30.804505+00:00,2026-07-26T11:58:30.804805+00:00,2364.77550933
BTCUSDT,SHORT,75054.3,75371.56604984016,0.037268020176150184,75371.56604984016,74419.76790031971,11.823877546650017,-11.82387755,5.60607421,-17.42995176,LOSS,STOP_LOSS,2026-07-26T11:58:30.823504+00:00,2026-07-26T11:58:30.824017+00:00,2347.34555757
BTCUSDT,SHORT,75328.1,74613.87806037109,0.03286577221066054,75685.21096981446,74613.87806037109,11.736727787850016,23.47345558,4.9279589,18.54549668,WIN,TAKE_PROFIT,2026-07-26T11:58:30.842056+00:00,2026-07-26T11:58:30.843401+00:00,2365.89105425
BTCUSDT,SHORT,74600.0,73972.32217605581,0.037692761540996565,74913.8389119721,73972.32217605581,11.829455271250016,23.65891054,5.60010111,18.05880943,WIN,TAKE_PROFIT,2026-07-26T11:58:30.863900+00:00,2026-07-26T11:58:30.865129+00:00,2383.94986368
BTCUSDT,SHORT,73712.4,72967.85115181628,0.03201871669663491,74084.67442409185,72967.85115181628,11.919749318400015,23.83949864,4.69651341,19.14298523,WIN,TAKE_PROFIT,2026-07-26T11:58:30.883415+00:00,2026-07-26T11:58:30.883809+00:00,2403.09284891
BTCUSDT,SHORT,73053.6,73504.79351666539,0.02663040092719469,73504.79351666539,72151.21296666925,12.015464244550014,-12.01546424,3.90290878,-15.91837302,LOSS,STOP_LOSS,2026-07-26T11:58:30.902538+00:00,2026-07-26T11:58:30.904091+00:00,2387.17447589
SOLUSDT,SHORT,80.99,80.09677070824502,26.72521487959473,81.43661464587748,80.09677070824502,11.935872379450013,23.87174476,4.30507856,19.5666662,WIN,TAKE_PROFIT,2026-07-26T11:58:30.923558+00:00,2026-07-26T11:58:30.924462+00:00,2406.74114209
BTCUSDT,SHORT,72938.5,73357.16162390173,0.02874327385992891,73357.16162390173,72101.17675219654,12.033705710450013,-12.03370571,4.20501627,-16.23872198,LOSS,STOP_LOSS,2026-07-26T11:58:30.942382+00:00,2026-07-26T11:58:30.943086+00:00,2390.50242011
BTCUSDT,LONG,73877.8,73575.83844921901,0.039582894145416415,73575.83844921901,74481.723101562,11.952512100550013,-11.9525121,5.83664176,-17.78915386,LOSS,STOP_LOSS,2026-07-26T11:58:30.961048+00:00,2026-07-26T11:58:30.961448+00:00,2372.71326625
SOLUSDT,SHORT,82.04,82.57850343278801,22.030623407223963,82.57850343278801,80.96299313442398,11.863566331250013,-11.86356633,3.62664825,-15.49021459,LOSS,STOP_LOSS,2026-07-26T11:58:30.984151+00:00,2026-07-26T11:58:30.986084+00:00,2357.22305166
BTCUSDT,SHORT,73576.5,73154.45133863241,0.05585192579504416,73787.5243306838,73154.45133863241,11.786115258300013,23.57223052,8.19520621,15.37702431,WIN,TAKE_PROFIT,2026-07-26T11:58:31.005223+00:00,2026-07-26T11:58:31.006030+00:00,2372.60007597
BTCUSDT,SHORT,73099.3,73314.10780845086,0.05522611335874101,73314.10780845086,72669.68438309828,11.863000379850012,-11.86300038,8.08584346,-19.94884384,LOSS,STOP_LOSS,2026-07-26T11:58:31.024287+00:00,2026-07-26T11:58:31.024688+00:00,2352.65123213
BTCUSDT,SHORT,73114.6,72593.15130818766,0.04511759774395292,73375.32434590618,72593.15130818766,11.763256160650013,23.52651232,6.57398371,16.95252861,WIN,TAKE_PROFIT,2026-07-26T11:58:31.044200+00:00,2026-07-26T11:58:31.044590+00:00,2369.60376074
BTCUSDT,SHORT,72690.3,73011.95390029665,0.03683468098093328,73011.95390029665,72046.9921994067,11.848018803700013,-11.8480188,5.36689604,-17.21491484,LOSS,STOP_LOSS,2026-07-26T11:58:31.062891+00:00,2026-07-26T11:58:31.063262+00:00,2352.3888459
BTCUSDT,SHORT,73065.8,73442.997750766,0.0311824346927166,73442.997750766,72311.40449846802,11.761944229500013,-11.76194423,4.56850102,-16.33044525,LOSS,STOP_LOSS,2026-07-26T11:58:31.081573+00:00,2026-07-26T11:58:31.081834+00:00,2336.05840065
BTCUSDT,SHORT,73343.0,73795.65812344334,0.025803783028124343,73795.65812344334,72437.6837531133,11.680292003250013,-11.680292,3.79673401,-15.47702601,LOSS,STOP_LOSS,2026-07-26T11:58:31.100035+00:00,2026-07-26T11:58:31.100718+00:00,2320.58137464
BTCUSDT,SHORT,73499.9,73879.5074148724,0.03056554329187703,73879.5074148724,72740.68517025518,11.602906873200013,-11.60290687,4.50473166,-16.10763853,LOSS,STOP_LOSS,2026-07-26T11:58:31.121372+00:00,2026-07-26T11:58:31.124352+00:00,2304.47373611
ETHUSDT,LONG,2022.49,2031.4256548719893,2.5789645740838525,2018.0221725640054,2031.4256548719893,11.522368680550015,23.04473736,10.45490486,12.5898325,WIN,TAKE_PROFIT,2026-07-26T11:58:31.143767+00:00,2026-07-26T11:58:31.144213+00:00,2317.06356861
SOLUSDT,LONG,82.86,82.56621758142171,39.43502779749409,82.56621758142171,83.44756483715659,11.585317843050014,-11.58531784,6.52358749,-18.10890533,LOSS,STOP_LOSS,2026-07-26T11:58:31.162820+00:00,2026-07-26T11:58:31.163888+00:00,2298.95466328
BTCUSDT,LONG,74111.8,73959.7305146271,0.07558895387994366,73959.7305146271,74415.93897074583,11.494773316400012,-11.49477332,11.19257209,-22.68734541,LOSS,STOP_LOSS,2026-07-26T11:58:31.182437+00:00,2026-07-26T11:58:31.182884+00:00,2276.26731787
ETHUSDT,LONG,2029.39,2022.8460069275322,1.7392036426862958,2022.8460069275322,2042.4779861449358,11.381336589350012,-11.38133659,7.04766362,-18.42900021,LOSS,STOP_LOSS,2026-07-26T11:58:31.201528+00:00,2026-07-26T11:58:31.202587+00:00,2257.83831766
SOLUSDT,SHORT,82.69,82.95451895840665,42.678194622802174,82.95451895840665,82.16096208318669,11.289191588300012,-11.28919159,7.06940902,-18.35860061,LOSS,STOP_LOSS,2026-07-26T11:58:31.221402+00:00,2026-07-26T11:58:31.221801+00:00,2239.47971705
BTCUSDT,SHORT,73814.5,73963.9825494737,0.07490773086673654,73963.9825494737,73515.53490105258,11.197398585250012,-11.19739859,11.0697508,-22.26714938,LOSS,STOP_LOSS,2026-07-26T11:58:31.240539+00:00,2026-07-26T11:58:31.241207+00:00,2217.21256767
ETHUSDT,SHORT,2022.65,2011.9567062155934,2.07346081794108,2027.9966468922034,2011.9567062155934,11.086062838350012,22.17212568,8.36559892,13.80652676,WIN,TAKE_PROFIT,2026-07-26T11:58:31.259999+00:00,2026-07-26T11:58:31.260621+00:00,2231.01909443
BTCUSDT,SHORT,73689.7,73389.78137914841,0.07438748178073079,73839.65931042579,73389.78137914841,11.155095472150013,22.31019094,10.94087224,11.3693187,WIN,TAKE_PROFIT,2026-07-26T11:58:31.280648+00:00,2026-07-26T11:58:31.280954+00:00,2242.38841313
BTCUSDT,SHORT,73558.4,73736.69078825253,0.06288570584908582,73736.69078825253,73201.81842349494,11.211942065650012,-11.21194207,9.26275575,-20.47469782,LOSS,STOP_LOSS,2026-07-26T11:58:31.301719+00:00,2026-07-26T11:58:31.302170+00:00,2221.91371531
ETHUSDT,SHORT,2012.59,1998.1183200872701,1.5353529988978893,2019.825839956365,1998.1183200872701,11.10956857655001,22.21913715,6.15785305,16.06128411,WIN,TAKE_PROFIT,2026-07-26T11:58:31.320658+00:00,2026-07-26T11:58:31.321123+00:00,2237.97499942
BTCUSDT,SHORT,73464.7,73653.86700847399,0.05915341732878756,73653.86700847399,73086.36598305202,11.189874997100013,-11.189875,8.70256599,-19.89244099,LOSS,STOP_LOSS,2026-07-26T11:58:31.342564+00:00,2026-07-26T11:58:31.342977+00:00,2218.08255843
ETHUSDT,SHORT,2004.5,2012.3788326283693,1.4076213209831043,2012.3788326283693,1988.7423347432614,11.090412792150012,-11.09041279,5.65424429,-16.74465708,LOSS,STOP_LOSS,2026-07-26T11:58:31.361902+00:00,2026-07-26T11:58:31.362942+00:00,2201.33790135
ETHUSDT,SHORT,2002.33,2010.6602576148662,1.3212904108880648,2010.6602576148662,1985.6694847702674,11.006689506750012,-11.00668951,5.30232555,-16.30901505,LOSS,STOP_LOSS,2026-07-26T11:58:31.381312+00:00,2026-07-26T11:58:31.381679+00:00,2185.0288863
SOLUSDT,LONG,82.71,82.26738387219692,24.683114204913842,82.26738387219692,83.59523225560613,10.925144431500012,-10.92514443,4.07215561,-14.99730004,LOSS,STOP_LOSS,2026-07-26T11:58:31.400287+00:00,2026-07-26T11:58:31.400789+00:00,2170.03158626
ETHUSDT,SHORT,2003.58,2013.5495646839593,1.0883281542630887,2013.5495646839593,1983.640870632081,10.85015793130001,-10.85015793,4.3719552,-15.22211314,LOSS,STOP_LOSS,2026-07-26T11:58:31.419725+00:00,2026-07-26T11:58:31.420199+00:00,2154.80947312
SOLUSDT,LONG,82.62,82.04177376586253,18.63292726880756,82.04177376586253,83.77645246827495,10.77404736560001,-10.77404737,3.06813085,-13.84217822,LOSS,STOP_LOSS,2026-07-26T11:58:31.438690+00:00,2026-07-26T11:58:31.439235+00:00,2140.9672949
BTCUSDT,SHORT,73368.4,72736.06492186237,0.033858113663497245,73684.56753906881,72736.06492186237,10.704836474500011,21.40967295,4.94682158,16.46285137,WIN,TAKE_PROFIT,2026-07-26T11:58:31.457987+00:00,2026-07-26T11:58:31.458882+00:00,2157.43014627
BTCUSDT,SHORT,72776.1,73072.03921786671,0.03645056173733901,73072.03921786671,72184.2215642666,10.787150731350012,-10.78715073,5.3162466,-16.10339733,LOSS,STOP_LOSS,2026-07-26T11:58:31.477778+00:00,2026-07-26T11:58:31.478225+00:00,2141.32674894
BTCUSDT,SHORT,72976.2,72406.10067962967,0.037560591153643644,73261.24966018516,72406.10067962967,10.706633744700012,21.41326749,5.46064516,15.95262233,WIN,TAKE_PROFIT,2026-07-26T11:58:31.497143+00:00,2026-07-26T11:58:31.497805+00:00,2157.27937127
ETHUSDT,SHORT,1980.73,1989.4311422751894,1.239652969140242,1989.4311422751894,1963.3277154496216,10.786396856350011,-10.78639686,4.92162205,-15.7080189,LOSS,STOP_LOSS,2026-07-26T11:58:31.516761+00:00,2026-07-26T11:58:31.517168+00:00,2141.57135237
SOLUSDT,SHORT,81.0,80.02551877358553,21.976527554561187,81.48724061320723,80.02551877358553,10.707856761850012,21.41571352,3.53878175,17.87693177,WIN,TAKE_PROFIT,2026-07-26T11:58:31.537022+00:00,2026-07-26T11:58:31.537508+00:00,2159.44828414
ETHUSDT,SHORT,1970.61,1984.9450301134355,0.7532067484518393,1984.9450301134355,1941.9399397731288,10.797241420700011,-10.79724142,2.97935074,-13.77659216,LOSS,STOP_LOSS,2026-07-26T11:58:31.556524+00:00,2026-07-26T11:58:31.557444+00:00,2145.67169198
BTCUSDT,SHORT,71617.9,70728.81840567046,0.024133574529771933,72062.44079716476,70728.81840567046,10.728358459900011,21.45671692,3.43533514,18.02138178,WIN,TAKE_PROFIT,2026-07-26T11:58:31.579805+00:00,2026-07-26T11:58:31.581387+00:00,2163.69307376
BTCUSDT,SHORT,70615.2,70974.44269736586,0.03011464240783768,70974.44269736586,69896.71460526827,10.818465368800013,-10.81846537,4.26392146,-15.08238683,LOSS,STOP_LOSS,2026-07-26T11:58:31.600197+00:00,2026-07-26T11:58:31.600738+00:00,2148.61068693
BTCUSDT,SHORT,70881.6,69999.7837466046,0.024365741487037313,71322.5081266977,69999.7837466046,10.743053434650012,21.48610687,3.43267938,18.05342749,WIN,TAKE_PROFIT,2026-07-26T11:58:31.620973+00:00,2026-07-26T11:58:31.622066+00:00,2166.66411442
ETHUSDT,SHORT,1981.51,1956.8639447012556,0.8791119260900078,1993.8330276493723,1956.8639447012556,10.833320572100012,21.66664114,3.4622715,18.20436964,WIN,TAKE_PROFIT,2026-07-26T11:58:31.641902+00:00,2026-07-26T11:58:31.643640+00:00,2184.86848406
BTCUSDT,SHORT,67858.7,66890.09268229692,0.022556803403479538,68343.00365885154,66890.09268229692,10.924342420300013,21.84868484,3.03950203,18.80918282,WIN,TAKE_PROFIT,2026-07-26T11:58:31.663432+00:00,2026-07-26T11:58:31.664508+00:00,2203.67766688
BTCUSDT,SHORT,66950.0,67438.89598569635,0.02253728534650587,67438.89598569635,65972.20802860729,11.018388334400013,-11.01838833,3.0287609,-14.04714923,LOSS,STOP_LOSS,2026-07-26T11:58:31.683906+00:00,2026-07-26T11:58:31.684254+00:00,2189.63051765
BTCUSDT,SHORT,67286.7,67836.8217937892,0.01990132496449527,67836.8217937892,66186.45641242158,10.948152588250014,-10.94815259,2.68913712,-13.63728971,LOSS,STOP_LOSS,2026-07-26T11:58:31.703413+00:00,2026-07-26T11:58:31.704001+00:00,2175.99322794
ETHUSDT,SHORT,1908.69,1871.8877916377915,0.591267025751228,1927.0911041811044,1871.8877916377915,10.879966139700013,21.75993228,2.23533099,19.52460129,WIN,TAKE_PROFIT,2026-07-26T11:58:31.723425+00:00,2026-07-26T11:58:31.723968+00:00,2195.51782923
BTCUSDT,SHORT,66354.2,66973.02082689076,0.017739527613035332,66973.02082689076,65116.55834621847,10.977589146150015,-10.97758915,2.36516192,-13.34275106,LOSS,STOP_LOSS,2026-07-26T11:58:31.743007+00:00,2026-07-26T11:58:31.743591+00:00,2182.17507817
BTCUSDT,SHORT,66747.9,65532.20760270652,0.017950059431384384,67355.74619864674,65532.20760270652,10.910875390850014,21.82175078,2.37443579,19.44731499,WIN,TAKE_PROFIT,2026-07-26T11:58:31.763021+00:00,2026-07-26T11:58:31.763954+00:00,2201.62239316
BTCUSDT,SHORT,65818.4,66415.41422055816,0.018438609310693292,66415.41422055816,64624.37155888367,11.008111965800015,-11.00811197,2.43820764,-13.4463196,LOSS,STOP_LOSS,2026-07-26T11:58:31.786008+00:00,2026-07-26T11:58:31.786284+00:00,2188.17607356
BTCUSDT,SHORT,66314.5,66954.93820480401,0.01708342863641035,66954.93820480401,65033.62359039199,10.940880367800014,-10.94088037,2.27669894,-13.2175793,LOSS,STOP_LOSS,2026-07-26T11:58:31.805473+00:00,2026-07-26T11:58:31.805995+00:00,2174.95849426
BTCUSDT,SHORT,66928.7,67379.30426560597,0.024133798326732334,67379.30426560597,66027.49146878804,10.874792471300013,-10.87479247,3.24136229,-14.11615476,LOSS,STOP_LOSS,2026-07-26T11:58:31.825486+00:00,2026-07-26T11:58:31.825904+00:00,2160.8423395
BTCUSDT,SHORT,67040.1,66293.25520365576,0.028932950327527004,67413.52239817212,66293.25520365576,10.804211697500014,21.6084234,3.85772734,17.75069605,WIN,TAKE_PROFIT,2026-07-26T11:58:31.845701+00:00,2026-07-26T11:58:31.846724+00:00,2178.59303555
BTCUSDT,SHORT,66579.7,65675.76491639623,0.024101211193888857,67031.66754180189,65675.76491639623,10.892965177750014,21.78593036,3.18751689,18.59841346,WIN,TAKE_PROFIT,2026-07-26T11:58:31.870266+00:00,2026-07-26T11:58:31.870831+00:00,2197.19144901
BTCUSDT,SHORT,65574.5,66107.61028507401,0.020607288121490007,66107.61028507401,64508.27942985196,10.985957245050013,-10.98595725,2.71361119,-13.69956843,LOSS,STOP_LOSS,2026-07-26T11:58:31.890154+00:00,2026-07-26T11:58:31.890753+00:00,2183.49188058
SOLUSDT,SHORT,73.66,71.92996763307812,12.62110421936747,74.52501618346093,71.92996763307812,10.917459402900013,21.83491881,1.83750615,19.99741265,WIN,TAKE_PROFIT,2026-07-26T11:58:31.910011+00:00,2026-07-26T11:58:31.910617+00:00,2203.48929323
ETHUSDT,SHORT,1814.84,1782.7843692214835,0.6873953934816248,1830.867815389258,1782.7843692214835,11.017446466150012,22.03489293,2.47299042,19.56190251,WIN,TAKE_PROFIT,2026-07-26T11:58:31.930469+00:00,2026-07-26T11:58:31.931046+00:00,2223.05119574
BTCUSDT,SHORT,64971.7,65496.98970019795,0.02116023972012276,65496.98970019795,63921.1205996041,11.115255978700013,-11.11525598,2.76074875,-13.87600473,LOSS,STOP_LOSS,2026-07-26T11:58:31.950767+00:00,2026-07-26T11:58:31.951055+00:00,2209.17519101
BTCUSDT,SHORT,65371.2,64260.42627106095,0.019888615777041204,65926.58686446951,64260.42627106095,11.045875955050013,22.09175191,2.57819361,19.5135583,WIN,TAKE_PROFIT,2026-07-26T11:58:31.971243+00:00,2026-07-26T11:58:31.971951+00:00,2228.68874931
ETHUSDT,SHORT,1815.72,1771.169859651333,0.5002652588448414,1837.9950701743337,1771.169859651333,11.143443746550012,22.28688749,1.79439638,20.49249111,WIN,TAKE_PROFIT,2026-07-26T11:58:31.991448+00:00,2026-07-26T11:58:31.991978+00:00,2249.18124042
ETHUSDT,SHORT,1773.04,1722.8137698771427,0.44781008547094453,1798.1531150614285,1722.8137698771427,11.245906202100013,22.4918124,1.56547858,20.92633383,WIN,TAKE_PROFIT,2026-07-26T11:58:32.011982+00:00,2026-07-26T11:58:32.012434+00:00,2270.10757425
ETHUSDT,SHORT,1744.9,1774.5493818476527,0.3828254474097464,1774.5493818476527,1685.601236304695,11.350537871250015,-11.35053787,1.34733478,-12.69787266,LOSS,STOP_LOSS,2026-07-26T11:58:32.032490+00:00,2026-07-26T11:58:32.032788+00:00,2257.40970159
BTCUSDT,SHORT,63371.8,64223.87196066384,0.013246590697757986,64223.87196066384,61667.65607867233,11.287048507950015,-11.28704851,1.69020764,-12.97725615,LOSS,STOP_LOSS,2026-07-26T11:58:32.052405+00:00,2026-07-26T11:58:32.052830+00:00,2244.43244544
SOLUSDT,SHORT,70.85,68.67223983034151,10.306150680457971,71.93888008482924,68.67223983034151,11.222162227200014,22.44432445,1.43793723,21.00638723,WIN,TAKE_PROFIT,2026-07-26T11:58:32.079848+00:00,2026-07-26T11:58:32.080894+00:00,2265.43883267
ETHUSDT,SHORT,1766.93,1787.7274296057617,0.5446439477411207,1787.7274296057617,1725.335140788477,11.327194163350017,-11.32719416,1.93602266,-13.26321682,LOSS,STOP_LOSS,2026-07-26T11:58:32.101955+00:00,2026-07-26T11:58:32.103351+00:00,2252.17561585
SOLUSDT,SHORT,69.26,67.26959791956213,11.315179168997595,70.25520104021894,67.26959791956213,11.260878079250016,22.52175616,1.54485686,20.9768993,WIN,TAKE_PROFIT,2026-07-26T11:58:32.129057+00:00,2026-07-26T11:58:32.131457+00:00,2273.15251515
BTCUSDT,SHORT,62585.5,63090.310970812345,0.022514888211443276,63090.310970812345,61575.87805837532,11.365762575750017,-11.36576258,2.82957683,-14.19533941,LOSS,STOP_LOSS,2026-07-26T11:58:32.153848+00:00,2026-07-26T11:58:32.154412+00:00,2258.95717574
ETHUSDT,SHORT,1735.69,1699.379179507847,0.6221168084671008,1753.8454102460767,1699.379179507847,11.294785878700015,22.58957176,2.13701427,20.45255748,WIN,TAKE_PROFIT,2026-07-26T11:58:32.174964+00:00,2026-07-26T11:58:32.175501+00:00,2279.40973322
BTCUSDT,SHORT,62858.7,61649.58654384707,0.01885190940205454,63463.25672807646,61649.58654384707,11.397048666100016,22.79409733,2.34721894,20.44687839,WIN,TAKE_PROFIT,2026-07-26T11:58:32.195649+00:00,2026-07-26T11:58:32.196090+00:00,2299.85661161
BTCUSDT,SHORT,61642.4,62384.838987457726,0.015488522629214473,62384.838987457726,60157.52202508456,11.499283058050016,-11.49928306,1.9209987,-13.42028176,LOSS,STOP_LOSS,2026-07-26T11:58:32.216206+00:00,2026-07-26T11:58:32.216718+00:00,2286.43632985
ETHUSDT,SHORT,1673.41,1614.3688041716691,0.38726118225960104,1702.9305979141654,1614.3688041716691,11.432181649250017,22.8643633,1.27322911,21.59113419,WIN,TAKE_PROFIT,2026-07-26T11:58:32.237154+00:00,2026-07-26T11:58:32.238602+00:00,2308.02746404
SOLUSDT,SHORT,64.28,65.43941196298461,9.953439923539253,65.43941196298461,61.96117607403078,11.540137320200017,-11.54013732,1.29115437,-12.83129169,LOSS,STOP_LOSS,2026-07-26T11:58:32.259472+00:00,2026-07-26T11:58:32.259911+00:00,2295.19617235
BTCUSDT,SHORT,60809.7,59157.895899122035,0.013895087021094486,61635.60205043898,59157.895899122035,11.475980861750017,22.95196172,1.66696018,21.28500154,WIN,TAKE_PROFIT,2026-07-26T11:58:32.280020+00:00,2026-07-26T11:58:32.281042+00:00,2316.48117389
SOLUSDT,SHORT,62.86,64.18288885355435,8.755388510781037,64.18288885355435,60.21422229289131,11.582405869450017,-11.58240587,1.11230985,-12.69471572,LOSS,STOP_LOSS,2026-07-26T11:58:32.301390+00:00,2026-07-26T11:58:32.301914+00:00,2303.78645817
SOLUSDT,SHORT,64.0,60.90765608785493,7.449968449893194,65.54617195607253,60.90765608785493,11.518932290850016,23.03786458,0.9305581,22.10730648,WIN,TAKE_PROFIT,2026-07-26T11:58:32.322163+00:00,2026-07-26T11:58:32.323900+00:00,2325.89376465
BTCUSDT,SHORT,59927.0,60502.16418782131,0.020219389644723414,60502.16418782131,58776.671624357376,11.629468823250015,-11.62946882,2.4350042,-14.06447302,LOSS,STOP_LOSS,2026-07-26T11:58:32.344447+00:00,2026-07-26T11:58:32.344924+00:00,2311.82929163
ETHUSDT,SHORT,1548.78,1576.1328897739534,0.422593245308843,1576.1328897739534,1494.0742204520932,11.559146458150014,-11.55914646,1.32056708,-12.87971354,LOSS,STOP_LOSS,2026-07-26T11:58:32.367381+00:00,2026-07-26T11:58:32.367840+00:00,2298.94957809
ETHUSDT,SHORT,1559.49,1583.8719333073016,0.47144530114056754,1583.8719333073016,1510.726133385397,11.494747890450014,-11.49474789,1.48192321,-12.9766711,LOSS,STOP_LOSS,2026-07-26T11:58:32.390429+00:00,2026-07-26T11:58:32.391041+00:00,2285.97290699
SOLUSDT,SHORT,62.66,63.57977772157774,12.426768192801772,63.57977772157774,60.82044455684451,11.429864534950013,-11.42986453,1.56875245,-12.99861699,LOSS,STOP_LOSS,2026-07-26T11:58:32.414295+00:00,2026-07-26T11:58:32.417522+00:00,2272.97429
BTCUSDT,LONG,61452.5,62160.18753110729,0.03211833175078821,61098.65623444636,62160.18753110729,11.364871450000015,22.7297429,3.97023331,18.75950959,WIN,TAKE_PROFIT,2026-07-26T11:58:32.441105+00:00,2026-07-26T11:58:32.442369+00:00,2291.73379959
BTCUSDT,LONG,62104.2,62823.371489538855,0.03186630494848294,61744.61425523057,62823.371489538855,11.458668997950015,22.917338,3.98098009,18.93635791,WIN,TAKE_PROFIT,2026-07-26T11:58:32.464804+00:00,2026-07-26T11:58:32.465540+00:00,2310.6701575
SOLUSDT,SHORT,64.28,64.92195507568789,17.997132860301765,64.92195507568789,62.99608984862422,11.553350787500015,-11.55335079,2.32526475,-13.87861554,LOSS,STOP_LOSS,2026-07-26T11:58:32.488508+00:00,2026-07-26T11:58:32.489000+00:00,2296.79154196
ETHUSDT,LONG,1629.85,1616.703069164426,0.873508642695976,1616.703069164426,1656.1438616711478,11.483957709800016,-11.48395771,2.83589216,-14.31984987,LOSS,STOP_LOSS,2026-07-26T11:58:32.511686+00:00,2026-07-26T11:58:32.512781+00:00,2282.47169209
BTCUSDT,SHORT,61303.8,61682.149091120154,0.0301635677957153,61682.149091120154,60547.10181775969,11.412358460450015,-11.41235846,3.70969501,-15.12205347,LOSS,STOP_LOSS,2026-07-26T11:58:32.533215+00:00,2026-07-26T11:58:32.533539+00:00,2267.34963862
BTCUSDT,SHORT,61555.7,61960.092013183,0.02803405562802197,61960.092013183,60746.91597363399,11.336748193100016,-11.33674819,3.46264858,-14.79939678,LOSS,STOP_LOSS,2026-07-26T11:58:32.555558+00:00,2026-07-26T11:58:32.556038+00:00,2252.55024184
BTCUSDT,SHORT,61755.0,62145.154583141244,0.028867407165950723,62145.154583141244,60974.69083371751,11.262751209200017,-11.26275121,3.57667621,-14.83942742,LOSS,STOP_LOSS,2026-07-26T11:58:32.578498+00:00,2026-07-26T11:58:32.578802+00:00,2237.71081442
BTCUSDT,LONG,63133.3,62421.91744928524,0.015727900636385166,62421.91744928524,64556.06510142953,11.188554072100017,-11.18855407,1.97471998,-13.16327406,LOSS,STOP_LOSS,2026-07-26T11:58:32.598753+00:00,2026-07-26T11:58:32.600274+00:00,2224.54754036
BTCUSDT,LONG,63040.1,63976.88952689563,0.0237465030990663,62571.70523655218,63976.88952689563,11.122737701800018,22.2454754,3.01620934,19.22926607,WIN,TAKE_PROFIT,2026-07-26T11:58:32.620427+00:00,2026-07-26T11:58:32.622034+00:00,2243.77680643
BTCUSDT,LONG,63933.7,63426.62907494102,0.02212488130895114,63426.62907494102,64947.84185011796,11.218884032150017,-11.21888403,2.81783216,-14.0367162,LOSS,STOP_LOSS,2026-07-26T11:58:32.641992+00:00,2026-07-26T11:58:32.642674+00:00,2229.74009023
BTCUSDT,LONG,63691.7,63328.11092197823,0.030662913506116208,63328.11092197823,64418.87815604353,11.148700451150017,-11.14870045,3.89479748,-15.04349793,LOSS,STOP_LOSS,2026-07-26T11:58:32.663220+00:00,2026-07-26T11:58:32.663715+00:00,2214.6965923
ETHUSDT,LONG,1694.2,1679.719537266363,0.7647188605221197,1679.719537266363,1723.1609254672744,11.073482961500018,-11.07348296,2.5800999,-13.65358287,LOSS,STOP_LOSS,2026-07-26T11:58:32.684518+00:00,2026-07-26T11:58:32.685138+00:00,2201.04300943
BTCUSDT,SHORT,62698.3,63085.887667448864,0.02839413111254886,63085.887667448864,61923.124665102274,11.005215047150019,-11.00521505,3.57153272,-14.57674776,LOSS,STOP_LOSS,2026-07-26T11:58:32.705280+00:00,2026-07-26T11:58:32.706198+00:00,2186.46626167
BTCUSDT,SHORT,62999.9,62346.90502295551,0.03348366126131801,63326.39748852225,62346.90502295551,10.932331308350017,21.86466262,4.19706996,17.66759266,WIN,TAKE_PROFIT,2026-07-26T11:58:32.726588+00:00,2026-07-26T11:58:32.727840+00:00,2204.13385433
BTCUSDT,SHORT,62314.4,61702.57320404268,0.03602545473480318,62620.31339797866,61702.57320404268,11.020669271650018,22.04133854,4.46776785,17.57357069,WIN,TAKE_PROFIT,2026-07-26T11:58:32.748050+00:00,2026-07-26T11:58:32.748528+00:00,2221.70742502
BTCUSDT,SHORT,61572.2,60795.03561226215,0.028587355005894113,61960.782193868916,60795.03561226215,11.108537125100018,22.21707425,3.49815561,18.71891864,WIN,TAKE_PROFIT,2026-07-26T11:58:32.770501+00:00,2026-07-26T11:58:32.771175+00:00,2240.42634366
BTCUSDT,SHORT,61217.2,61688.639347818294,0.02376155441869824,61688.639347818294,60274.32130436341,11.202131718300018,-11.20213172,2.92043379,-14.12256551,LOSS,STOP_LOSS,2026-07-26T11:58:32.793008+00:00,2026-07-26T11:58:32.793411+00:00,2226.30377815
ETHUSDT,SHORT,1644.15,1660.8779418096565,0.6654446205883039,1660.8779418096565,1610.6941163806873,11.131518890750018,-11.13151889,2.19931306,-13.33083196,LOSS,STOP_LOSS,2026-07-26T11:58:32.813607+00:00,2026-07-26T11:58:32.814345+00:00,2212.97294619
BTCUSDT,SHORT,61777.0,60985.56158266156,0.027961404168780367,62172.71920866922,60985.56158266156,11.064864730950017,22.12972946,3.4326136,18.69711586,WIN,TAKE_PROFIT,2026-07-26T11:58:32.834444+00:00,2026-07-26T11:58:32.836629+00:00,2231.67006205
BTCUSDT,SHORT,61176.6,61527.24064247706,0.03182275229540713,61527.24064247706,60475.31871504587,11.158350310250016,-11.15835031,3.90477393,-15.06312424,LOSS,STOP_LOSS,2026-07-26T11:58:32.857617+00:00,2026-07-26T11:58:32.858411+00:00,2216.60693781
BTCUSDT,LONG,62604.8,62052.74795028851,0.020076068361383925,62052.74795028851,63708.90409942299,11.083034689050017,-11.08303469,2.50263345,-13.58566814,LOSS,STOP_LOSS,2026-07-26T11:58:32.878948+00:00,2026-07-26T11:58:32.879426+00:00,2203.02126967
ETHUSDT,SHORT,1627.14,1644.846184142717,0.6221050374019087,1644.846184142717,1591.727631714566,11.015106348350017,-11.01510635,2.03551909,-13.05062544,LOSS,STOP_LOSS,2026-07-26T11:58:32.899581+00:00,2026-07-26T11:58:32.901155+00:00,2189.97064423
ETHUSDT,LONG,1640.08,1664.4580070095187,0.8983386719738341,1627.8909964952404,1664.4580070095187,10.949853221150015,21.89970644,2.96859428,18.93111216,WIN,TAKE_PROFIT,2026-07-26T11:58:32.921467+00:00,2026-07-26T11:58:32.923125+00:00,2208.90175639
ETHUSDT,LONG,1665.76,1657.326624344484,1.3096189750217109,1657.326624344484,1682.6267513110322,11.044508781950015,-11.04450878,4.3519773,-15.39648608,LOSS,STOP_LOSS,2026-07-26T11:58:32.943906+00:00,2026-07-26T11:58:32.944348+00:00,2193.50527031
BTCUSDT,LONG,62978.3,62655.94773846086,0.034023419904619885,62655.94773846086,63623.004523078285,10.967526351550013,-10.96752635,4.27450677,-15.24203312,LOSS,STOP_LOSS,2026-07-26T11:58:32.966178+00:00,2026-07-26T11:58:32.966732+00:00,2178.26323719
BTCUSDT,LONG,62940.0,62609.570437827446,0.032961082883565966,62609.570437827446,63600.85912434511,10.891316185950012,-10.89131619,4.1382498,-15.02956598,LOSS,STOP_LOSS,2026-07-26T11:58:32.987720+00:00,2026-07-26T11:58:32.988269+00:00,2163.23367121
SOLUSDT,LONG,65.53,66.71327573601205,18.281737767231455,64.93836213199398,66.71327573601205,10.816168356050014,21.63233671,2.41763689,19.21469982,WIN,TAKE_PROFIT,2026-07-26T11:58:33.009210+00:00,2026-07-26T11:58:33.009919+00:00,2182.44837103
BTCUSDT,LONG,63302.4,62874.14349483968,0.025480621365143858,62874.14349483968,64158.91301032065,10.912241855150015,-10.91224186,3.21505673,-14.12729859,LOSS,STOP_LOSS,2026-07-26T11:58:33.032165+00:00,2026-07-26T11:58:33.034499+00:00,2168.32107244
ETHUSDT,SHORT,1653.94,1662.7334925159212,1.2329123317692778,1662.7334925159212,1636.3530149681578,10.841605362200013,-10.84160536,4.08916765,-14.93077301,LOSS,STOP_LOSS,2026-07-26T11:58:33.058575+00:00,2026-07-26T11:58:33.059107+00:00,2153.39029943
SOLUSDT,LONG,66.91,66.484680357357,25.3149641296669,66.484680357357,67.76063928528598,10.766951497150014,-10.7669515,3.37688155,-14.14383305,LOSS,STOP_LOSS,2026-07-26T11:58:33.081874+00:00,2026-07-26T11:58:33.083127+00:00,2139.24646638
ETHUSDT,SHORT,1656.77,1665.3941932119928,1.2402588936697074,1665.3941932119928,1639.5216135760143,10.696232331900013,-10.69623233,4.12034369,-14.81657602,LOSS,STOP_LOSS,2026-07-26T11:58:33.109697+00:00,2026-07-26T11:58:33.110049+00:00,2124.42989036
ETHUSDT,SHORT,1665.53,1674.9256794111361,1.1305355352174056,1674.9256794111361,1646.7386411777277,10.622149451800015,-10.62214945,3.77650385,-14.3986533,LOSS,STOP_LOSS,2026-07-26T11:58:33.133744+00:00,2026-07-26T11:58:33.134143+00:00,2110.03123706
SOLUSDT,LONG,67.18,68.19178028567563,20.85463876824814,66.6741098571622,68.19178028567563,10.550156185300013,21.10031237,2.82312958,18.27718279,WIN,TAKE_PROFIT,2026-07-26T11:58:33.157954+00:00,2026-07-26T11:58:33.158401+00:00,2128.30841985
ETHUSDT,SHORT,1658.98,1672.2329255432135,0.8029579630966321,1672.2329255432135,1632.4741489135731,10.641542099250014,-10.6415421,2.67482395,-13.31636604,LOSS,STOP_LOSS,2026-07-26T11:58:33.182721+00:00,2026-07-26T11:58:33.183069+00:00,2114.99205381
BTCUSDT,LONG,63827.6,63388.932082503605,0.024106983545558573,63388.932082503605,64704.935834992786,10.574960269050013,-10.57496027,3.06680685,-13.64176711,LOSS,STOP_LOSS,2026-07-26T11:58:33.205140+00:00,2026-07-26T11:58:33.206202+00:00,2101.3502867
ETHUSDT,SHORT,1661.73,1668.765303141584,1.4934326527306594,1668.765303141584,1647.6593937168323,10.506751433500014,-10.50675143,4.97387044,-15.48062187,LOSS,STOP_LOSS,2026-07-26T11:58:33.232417+00:00,2026-07-26T11:58:33.233039+00:00,2085.86966483
BTCUSDT,LONG,63801.0,63609.05901140445,0.05433622281755774,63609.05901140445,64184.88197719109,10.429348324150014,-10.42934832,6.92298136,-17.35232968,LOSS,STOP_LOSS,2026-07-26T11:58:33.255008+00:00,2026-07-26T11:58:33.255455+00:00,2068.51733515
ETHUSDT,SHORT,1663.89,1669.6695088264548,1.7895269280338408,1669.6695088264548,1652.3309823470906,10.342586675750015,-10.34258668,5.96549451,-16.30808118,LOSS,STOP_LOSS,2026-07-26T11:58:33.277072+00:00,2026-07-26T11:58:33.278018+00:00,2052.20925397
BTCUSDT,LONG,63749.4,64057.14687631578,0.06668497430544823,63595.52656184211,64057.14687631578,10.261046269850015,20.52209254,8.52277629,11.99931625,WIN,TAKE_PROFIT,2026-07-26T11:58:33.299750+00:00,2026-07-26T11:58:33.301159+00:00,2064.20857022
SOLUSDT,LONG,67.95,68.52401288418254,35.96101458871778,67.66299355790873,68.52401288418254,10.321042851100014,20.6420857,4.90774397,15.73434173,WIN,TAKE_PROFIT,2026-07-26T11:58:33.322757+00:00,2026-07-26T11:58:33.323377+00:00,2079.94291195
ETHUSDT,LONG,1682.61,1678.0984167922713,2.305114209560624,1678.0984167922713,1691.6331664154568,10.399714559750015,-10.39971456,7.74681673,-18.14653129,LOSS,STOP_LOSS,2026-07-26T11:58:33.345630+00:00,2026-07-26T11:58:33.346117+00:00,2061.79638066
BTCUSDT,LONG,64255.6,64644.698483001965,0.052989062428433535,64061.05075849901,64644.698483001965,10.308981903300014,20.61796381,6.83030596,13.78765784,WIN,TAKE_PROFIT,2026-07-26T11:58:33.370601+00:00,2026-07-26T11:58:33.371276+00:00,2075.5840385
ETHUSDT,LONG,1687.13,1680.4450282810687,1.5524254445401233,1680.4450282810687,1700.4999434378626,10.377920192500014,-10.37792019,5.22790916,-15.60582935,LOSS,STOP_LOSS,2026-07-26T11:58:33.393012+00:00,2026-07-26T11:58:33.393628+00:00,2059.97820915
ETHUSDT,LONG,1685.99,1680.1867761059596,1.774856740634696,1680.1867761059596,1697.596447788081,10.299891045750014,-10.29989105,5.97448154,-16.27437259,LOSS,STOP_LOSS,2026-07-26T11:58:33.416742+00:00,2026-07-26T11:58:33.417410+00:00,2043.70383656
BTCUSDT,LONG,64515.0,64373.210821136876,0.07206839946978233,64373.210821136876,64798.57835772625,10.218519182800014,-10.21851918,9.28876706,-19.50728625,LOSS,STOP_LOSS,2026-07-26T11:58:33.438598+00:00,2026-07-26T11:58:33.439024+00:00,2024.19655031
BTCUSDT,LONG,64438.9,64303.89659691585,0.07496835279953361,64303.89659691585,64708.9068061683,10.120982751550013,-10.12098275,9.6516354,-19.77261815,LOSS,STOP_LOSS,2026-07-26T11:58:33.460433+00:00,2026-07-26T11:58:33.460725+00:00,2004.42393216
ETHUSDT,SHORT,1675.56,1666.0539683199052,2.108581161534696,1680.3130158400475,1666.0539683199052,10.022119660800014,20.04423932,7.04606426,12.99817506,WIN,TAKE_PROFIT,2026-07-26T11:58:33.481989+00:00,2026-07-26T11:58:33.483236+00:00,2017.42210722
ETHUSDT,SHORT,1667.76,1658.2466597907328,2.120624368352548,1672.5166701046335,1658.2466597907328,10.087110536100013,20.17422107,7.05321077,13.1210103,WIN,TAKE_PROFIT,2026-07-26T11:58:33.504825+00:00,2026-07-26T11:58:33.505433+00:00,2030.54311752
ETHUSDT,SHORT,1655.29,1661.4907229425592,1.6373438519428196,1661.4907229425592,1642.8885541148816,10.152715587600014,-10.15271559,5.43071052,-15.58342611,LOSS,STOP_LOSS,2026-07-26T11:58:33.530611+00:00,2026-07-26T11:58:33.530968+00:00,2014.95969141
ETHUSDT,SHORT,1661.87,1668.1216692719004,1.6115373380887976,1668.1216692719004,1649.366661456199,10.074798457050015,-10.07479846,5.36640591,-15.44120437,LOSS,STOP_LOSS,2026-07-26T11:58:33.552726+00:00,2026-07-26T11:58:33.554039+00:00,1999.51848704
BTCUSDT,LONG,64076.0,64427.72232912214,0.05684934738236775,63900.13883543893,64427.72232912214,9.997592435200016,19.99518487,7.30535275,12.68983212,WIN,TAKE_PROFIT,2026-07-26T11:58:33.577922+00:00,2026-07-26T11:58:33.578257+00:00,2012.20831916
SOLUSDT,LONG,70.21,69.65085163528553,17.99350982800036,69.65085163528553,71.32829672942891,10.061041595800015,-10.0610416,2.51658761,-12.5776292,LOSS,STOP_LOSS,2026-07-26T11:58:33.599998+00:00,2026-07-26T11:58:33.600433+00:00,1999.63068996
SOLUSDT,LONG,70.13,71.3856742207831,15.924757049745969,69.50216288960844,71.3856742207831,9.998153449800014,19.9963069,2.25360273,17.74270417,WIN,TAKE_PROFIT,2026-07-26T11:58:33.622942+00:00,2026-07-26T11:58:33.623787+00:00,2017.37339413
SOLUSDT,LONG,71.64,70.95319389975863,14.686629846626374,70.95319389975863,73.01361220048274,10.086866970650014,-10.08686697,2.09421346,-12.18108043,LOSS,STOP_LOSS,2026-07-26T11:58:33.648606+00:00,2026-07-26T11:58:33.649011+00:00,2005.1923137
BTCUSDT,LONG,65507.9,66306.8793493897,0.02509692290835407,65108.41032530516,66306.8793493897,10.025961568500014,20.05192314,3.30814536,16.74377778,WIN,TAKE_PROFIT,2026-07-26T11:58:33.671285+00:00,2026-07-26T11:58:33.673387+00:00,2021.93609148
BTCUSDT,LONG,66222.0,66744.44932715202,0.038701094755007125,65960.77533642399,66744.44932715202,10.109680457400014,20.21936091,5.14594715,15.07341376,WIN,TAKE_PROFIT,2026-07-26T11:58:33.695841+00:00,2026-07-26T11:58:33.696486+00:00,2037.00950524
BTCUSDT,LONG,66801.8,66503.84378454133,0.034183034277439406,66503.84378454133,67397.71243091735,10.185047526200014,-10.18504753,4.55679139,-14.74183892,LOSS,STOP_LOSS,2026-07-26T11:58:33.718444+00:00,2026-07-26T11:58:33.718806+00:00,2022.26766632
BTCUSDT,LONG,66541.3,67190.09011442326,0.031169828598848256,66216.90494278837,67190.09011442326,10.111338331600015,20.22267666,4.16838451,16.05429216,WIN,TAKE_PROFIT,2026-07-26T11:58:33.741466+00:00,2026-07-26T11:58:33.742290+00:00,2038.32195848
BTCUSDT,LONG,67248.5,66927.21897358457,0.03172179168533306,66927.21897358457,67891.06205283085,10.191609792400014,-10.19160979,4.25629421,-14.447904,LOSS,STOP_LOSS,2026-07-26T11:58:33.764158+00:00,2026-07-26T11:58:33.764738+00:00,2023.87405448
BTCUSDT,LONG,66869.8,66548.48625379146,0.03149373592573392,66548.48625379146,67512.42749241707,10.119370272400014,-10.11937027,4.20184027,-14.32121055,LOSS,STOP_LOSS,2026-07-26T11:58:33.789188+00:00,2026-07-26T11:58:33.789931+00:00,2009.55284393
SOLUSDT,LONG,74.89,74.0915743430582,12.584470617008689,74.0915743430582,76.48685131388362,10.047764219650015,-10.04776422,1.87485424,-11.92261846,LOSS,STOP_LOSS,2026-07-26T11:58:33.813093+00:00,2026-07-26T11:58:33.814083+00:00,1997.63022547
BTCUSDT,SHORT,66028.2,66283.60296026825,0.03910742113896886,66283.60296026825,65517.394079463484,9.988151127350015,-9.98815113,5.1743734,-15.16252453,LOSS,STOP_LOSS,2026-07-26T11:58:33.838251+00:00,2026-07-26T11:58:33.839369+00:00,1982.46770094
BTCUSDT,LONG,66306.6,66822.77859651738,0.03840662348876096,66048.51070174131,66822.77859651738,9.912338504700015,19.82467701,5.11304992,14.71162709,WIN,TAKE_PROFIT,2026-07-26T11:58:33.861406+00:00,2026-07-26T11:58:33.862139+00:00,1997.17932803
BTCUSDT,LONG,66863.9,66583.0865320474,0.03556060438609532,66583.0865320474,67425.5269359052,9.985896640150015,-9.98589664,4.74545549,-14.73135213,LOSS,STOP_LOSS,2026-07-26T11:58:33.886420+00:00,2026-07-26T11:58:33.886905+00:00,1982.4479759
SOLUSDT,LONG,74.9,74.35703663834113,18.255817205079683,74.35703663834113,75.98592672331776,9.912239879500016,-9.91223988,2.72480918,-12.63704906,LOSS,STOP_LOSS,2026-07-26T11:58:33.910774+00:00,2026-07-26T11:58:33.911540+00:00,1969.81092684
ETHUSDT,LONG,1795.11,1817.0703142542793,0.8969866751593245,1784.12984287286,1817.0703142542793,9.849054634200016,19.69810927,3.24007761,16.45803166,WIN,TAKE_PROFIT,2026-07-26T11:58:33.936862+00:00,2026-07-26T11:58:33.937284+00:00,1986.2689585
BTCUSDT,LONG,66552.5,66293.61992147475,0.03836272319243485,66293.61992147475,67070.2601570505,9.931344792500015,-9.93134479,5.09633893,-15.02768372,LOSS,STOP_LOSS,2026-07-26T11:58:33.959708+00:00,2026-07-26T11:58:33.960195+00:00,1971.24127478
ETHUSDT,LONG,1802.02,1786.2043771883564,0.6231943244526397,1786.2043771883564,1833.6512456232872,9.856206373900015,-9.85620637,2.23616107,-12.09236744,LOSS,STOP_LOSS,2026-07-26T11:58:33.982537+00:00,2026-07-26T11:58:33.983143+00:00,1959.14890734
ETHUSDT,LONG,1794.24,1779.3187814529053,0.6564976248945388,1779.3187814529053,1824.0824370941893,9.795744536700015,-9.79574454,2.34603285,-12.14177739,LOSS,STOP_LOSS,2026-07-26T11:58:34.005560+00:00,2026-07-26T11:58:34.007199+00:00,1947.00712995
BTCUSDT,SHORT,65556.9,65792.87355857264,0.041254773240845484,65792.87355857264,65084.9528828547,9.735035649750015,-9.73503565,5.41880512,-15.15384077,LOSS,STOP_LOSS,2026-07-26T11:58:34.031848+00:00,2026-07-26T11:58:34.032199+00:00,1931.85328918
ETHUSDT,LONG,1796.95,1786.213725214226,0.8996850992207327,1786.213725214226,1818.4225495715477,9.659266445900014,-9.65926645,3.22371901,-12.88298546,LOSS,STOP_LOSS,2026-07-26T11:58:34.056159+00:00,2026-07-26T11:58:34.057206+00:00,1918.97030372
BTCUSDT,SHORT,65606.6,65148.72805102458,0.04191063261276508,65835.53597448772,65148.72805102458,9.594851518600015,19.18970304,5.48003852,13.70966452,WIN,TAKE_PROFIT,2026-07-26T11:58:34.081636+00:00,2026-07-26T11:58:34.082202+00:00,1932.67996824
ETHUSDT,SHORT,1760.14,1773.020982168924,0.7502067555464351,1773.020982168924,1734.378035662152,9.663399841200015,-9.66339984,2.65060124,-12.31400108,LOSS,STOP_LOSS,2026-07-26T11:58:34.104816+00:00,2026-07-26T11:58:34.105529+00:00,1920.36596716
BTCUSDT,LONG,65712.7,65332.21283473398,0.025235620836479192,65332.21283473398,66473.67433053203,9.601829835800014,-9.60182984,3.30699973,-12.90882957,LOSS,STOP_LOSS,2026-07-26T11:58:34.128235+00:00,2026-07-26T11:58:34.128893+00:00,1907.45713759
ETHUSDT,SHORT,1764.15,1783.3630080240657,0.49639731977438906,1783.3630080240657,1725.7239839518688,9.537285687950014,-9.53728569,1.76097595,-11.29826164,LOSS,STOP_LOSS,2026-07-26T11:58:34.151295+00:00,2026-07-26T11:58:34.151771+00:00,1896.15887595
BTCUSDT,LONG,66006.1,65445.08482851348,0.016899354708409493,65445.08482851348,67128.13034297306,9.480794379750014,-9.48079438,2.2214402,-11.70223458,LOSS,STOP_LOSS,2026-07-26T11:58:34.175806+00:00,2026-07-26T11:58:34.176110+00:00,1884.45664137
SOLUSDT,LONG,73.45,72.4504869729123,9.42687383905727,72.4504869729123,75.4490260541754,9.422283206850013,-9.42228321,1.37538548,-10.79766869,LOSS,STOP_LOSS,2026-07-26T11:58:34.200219+00:00,2026-07-26T11:58:34.200687+00:00,1873.65897268
ETHUSDT,SHORT,1740.0,1692.7940026541046,0.3969112142575927,1763.6029986729477,1692.7940026541046,9.368294863400013,18.73658973,1.36251444,17.37407529,WIN,TAKE_PROFIT,2026-07-26T11:58:34.224789+00:00,2026-07-26T11:58:34.228710+00:00,1891.03304797
BTCUSDT,SHORT,62664.2,63126.57192239109,0.020449263421865795,63126.57192239109,61739.456155217806,9.455165239850015,-9.45516524,2.57232863,-12.02749387,LOSS,STOP_LOSS,2026-07-26T11:58:34.253100+00:00,2026-07-26T11:58:34.254019+00:00,1879.0055541
BTCUSDT,SHORT,62895.1,63242.564046048865,0.02703884870199972,63242.564046048865,62200.17190790226,9.395027770500015,-9.39502777,3.41061721,-12.80564498,LOSS,STOP_LOSS,2026-07-26T11:58:34.277510+00:00,2026-07-26T11:58:34.280505+00:00,1866.19990912
ETHUSDT,LONG,1708.02,1696.8543117111951,0.8356851189331244,1696.8543117111951,1730.3513765776095,9.330999545600015,-9.33099955,2.84540279,-12.17640234,LOSS,STOP_LOSS,2026-07-26T11:58:34.303099+00:00,2026-07-26T11:58:34.303639+00:00,1854.02350678
ETHUSDT,SHORT,1695.82,1706.3635776421565,0.8792193549972245,1706.3635776421565,1674.732844715687,9.270117533900015,-9.27011753,2.99126565,-12.26138318,LOSS,STOP_LOSS,2026-07-26T11:58:34.326131+00:00,2026-07-26T11:58:34.327207+00:00,1841.7621236
ETHUSDT,LONG,1708.0,1700.00441115956,1.1517363888727996,1700.00441115956,1723.99117768088,9.208810618000015,-9.20881062,3.92512269,-13.13393331,LOSS,STOP_LOSS,2026-07-26T11:58:34.349398+00:00,2026-07-26T11:58:34.349907+00:00,1828.62819029
BTCUSDT,LONG,63233.6,63656.83441587419,0.04320603716767621,63021.9827920629,63656.83441587419,9.143140951450015,18.2862819,5.48243283,12.80384908,WIN,TAKE_PROFIT,2026-07-26T11:58:34.373069+00:00,2026-07-26T11:58:34.373832+00:00,1841.43203937
ETHUSDT,SHORT,1703.77,1710.2723465550296,1.4159750051661155,1710.2723465550296,1690.7653068899406,9.207160196850015,-9.2071602,4.83419863,-14.04135883,LOSS,STOP_LOSS,2026-07-26T11:58:34.396590+00:00,2026-07-26T11:58:34.397246+00:00,1827.39068054
ETHUSDT,LONG,1714.19,1725.7308143690975,1.5834157123548938,1708.4195928154513,1725.7308143690975,9.136953402700014,18.27390681,5.44682467,12.82708214,WIN,TAKE_PROFIT,2026-07-26T11:58:34.422045+00:00,2026-07-26T11:58:34.422477+00:00,1840.21776268
BTCUSDT,LONG,63609.6,63406.197382105915,0.045235842629081514,63406.197382105915,64016.40523578817,9.201088813400014,-9.20108881,5.74566662,-14.94675544,LOSS,STOP_LOSS,2026-07-26T11:58:34.444928+00:00,2026-07-26T11:58:34.445784+00:00,1825.27100724
BTCUSDT,SHORT,63390.8,63567.2340228965,0.05172672983574205,63567.2340228965,63037.931954207015,9.126355036200014,-9.12635504,6.56712393,-15.69347896,LOSS,STOP_LOSS,2026-07-26T11:58:34.468897+00:00,2026-07-26T11:58:34.469377+00:00,1809.57752828
SOLUSDT,LONG,71.74,71.30884033732502,20.9850049173566,71.30884033732502,72.60231932534992,9.047887641400013,-9.04788764,3.00188062,-12.04976826,LOSS,STOP_LOSS,2026-07-26T11:58:34.494898+00:00,2026-07-26T11:58:34.495462+00:00,1797.52776002
ETHUSDT,SHORT,1716.56,1723.0077265199297,1.3939236988912795,1723.0077265199297,1703.6645469601403,8.987638800100013,-8.9876388,4.79449497,-13.78213377,LOSS,STOP_LOSS,2026-07-26T11:58:34.520587+00:00,2026-07-26T11:58:34.521115+00:00,1783.74562625
SOLUSDT,LONG,71.89,71.29923705830907,15.09696614639043,71.29923705830907,73.07152588338187,8.918728131250013,-8.91872813,2.16172306,-11.0804512,LOSS,STOP_LOSS,2026-07-26T11:58:34.545685+00:00,2026-07-26T11:58:34.546228+00:00,1772.66517505
SOLUSDT,LONG,71.64,71.04616560103044,14.925585130517609,71.04616560103044,72.82766879793913,8.863325875250014,-8.86332588,2.12967451,-10.99300039,LOSS,STOP_LOSS,2026-07-26T11:58:34.569464+00:00,2026-07-26T11:58:34.569840+00:00,1761.67217466
SOLUSDT,LONG,71.63,72.7645015488212,15.528160155360334,71.0627492255894,72.7645015488212,8.808360873300014,17.61672175,2.24218095,15.3745408,WIN,TAKE_PROFIT,2026-07-26T11:58:34.594278+00:00,2026-07-26T11:58:34.595277+00:00,1777.04671546
SOLUSDT,LONG,73.35,72.84968542400783,17.759293859628148,72.84968542400783,74.35062915198431,8.885233577300014,-8.88523358,2.59640318,-11.48163675,LOSS,STOP_LOSS,2026-07-26T11:58:34.620223+00:00,2026-07-26T11:58:34.621385+00:00,1765.56507871
SOLUSDT,LONG,73.09,74.03136888721102,18.755294578948934,72.6193155563945,74.03136888721102,8.827825393550015,17.65565079,2.75930461,14.89634617,WIN,TAKE_PROFIT,2026-07-26T11:58:34.645080+00:00,2026-07-26T11:58:34.646866+00:00,1780.46142488
SOLUSDT,LONG,74.01,73.58560304878667,20.97636917265447,73.58560304878667,74.85879390242668,8.902307124400014,-8.90230712,3.09601986,-11.99832698,LOSS,STOP_LOSS,2026-07-26T11:58:34.671708+00:00,2026-07-26T11:58:34.672211+00:00,1768.4630979
ETHUSDT,SHORT,1726.76,1733.2697136764295,1.3583263303140898,1733.2697136764295,1713.7405726471409,8.842315489500015,-8.84231549,4.69984946,-13.54216495,LOSS,STOP_LOSS,2026-07-26T11:58:34.695058+00:00,2026-07-26T11:58:34.696555+00:00,1754.92093295
SOLUSDT,LONG,74.27,73.748220223488,16.81668217079383,73.748220223488,75.31355955302398,8.774604664750015,-8.77460466,2.48917536,-11.26378003,LOSS,STOP_LOSS,2026-07-26T11:58:34.719093+00:00,2026-07-26T11:58:34.719800+00:00,1743.65715292
BTCUSDT,SHORT,63824.8,63427.13258231059,0.04384712137220703,64023.63370884471,63427.13258231059,8.718285764600015,17.43657153,5.57963093,11.8569406,WIN,TAKE_PROFIT,2026-07-26T11:58:34.744524+00:00,2026-07-26T11:58:34.745227+00:00,1755.51409352
BTCUSDT,SHORT,63295.1,63579.07520632869,0.03090963672877941,63579.07520632869,62727.14958734262,8.777570467600015,-8.77757047,3.92163467,-12.69920513,LOSS,STOP_LOSS,2026-07-26T11:58:34.771078+00:00,2026-07-26T11:58:34.771583+00:00,1742.81488839
BTCUSDT,SHORT,63698.9,63996.07111089801,0.029323423853743102,63996.07111089801,63104.55777820398,8.714074441950014,-8.71407444,3.74445376,-12.4585282,LOSS,STOP_LOSS,2026-07-26T11:58:34.797610+00:00,2026-07-26T11:58:34.798000+00:00,1730.35636019
ETHUSDT,LONG,1726.19,1749.4362757501556,0.7443585281304379,1714.5668621249224,1749.4362757501556,8.651781800950014,17.3035636,2.58711206,14.71645154,WIN,TAKE_PROFIT,2026-07-26T11:58:34.822533+00:00,2026-07-26T11:58:34.823002+00:00,1745.07281173
ETHUSDT,LONG,1743.74,1728.9997762713026,0.5919424439713745,1728.9997762713026,1773.2204474573948,8.725364058650014,-8.72536406,2.05566207,-10.78102613,LOSS,STOP_LOSS,2026-07-26T11:58:34.845786+00:00,2026-07-26T11:58:34.846432+00:00,1734.2917856
ETHUSDT,LONG,1730.95,1757.098575952274,0.6632452141047417,1717.8757120238631,1757.098575952274,8.671458928000014,17.34291786,2.31343152,15.02948633,WIN,TAKE_PROFIT,2026-07-26T11:58:34.871144+00:00,2026-07-26T11:58:34.872875+00:00,1749.32127193
SOLUSDT,LONG,74.17,73.65965809848419,17.13871883470841,73.65965809848419,75.19068380303163,8.746606359650013,-8.74660636,2.53361095,-11.28021731,LOSS,STOP_LOSS,2026-07-26T11:58:34.896492+00:00,2026-07-26T11:58:34.897237+00:00,1738.04105462
SOLUSDT,SHORT,73.09,71.82676158717427,13.758614660333167,73.72161920641287,71.82676158717427,8.690205273100014,17.38041055,1.99385388,15.38655667,WIN,TAKE_PROFIT,2026-07-26T11:58:34.920180+00:00,2026-07-26T11:58:34.921556+00:00,1753.42761129
BTCUSDT,SHORT,64007.0,63435.49912006047,0.03068110081432497,64292.750439969765,63435.49912006047,8.767138056450014,17.53427611,3.91007616,13.62419995,WIN,TAKE_PROFIT,2026-07-26T11:58:34.944617+00:00,2026-07-26T11:58:34.946485+00:00,1767.05181124
BTCUSDT,SHORT,63372.1,62874.65028929036,0.035522220099780885,63620.82485535482,62874.65028929036,8.835259056200014,17.67051811,4.48456485,13.18595326,WIN,TAKE_PROFIT,2026-07-26T11:58:34.970750+00:00,2026-07-26T11:58:34.971075+00:00,1780.2377645
BTCUSDT,SHORT,62740.0,63061.04745181104,0.027725461679536864,63061.04745181104,62097.905096377915,8.901188822500012,-8.90118882,3.48789212,-12.38908094,LOSS,STOP_LOSS,2026-07-26T11:58:34.994058+00:00,2026-07-26T11:58:34.994547+00:00,1767.84868356
BTCUSDT,SHORT,62966.3,62337.90151128826,0.028132605588918648,63280.49924435587,62337.90151128826,8.839243417800013,17.67848684,3.52513368,14.15335316,WIN,TAKE_PROFIT,2026-07-26T11:58:35.017585+00:00,2026-07-26T11:58:35.018000+00:00,1782.00203672
BTCUSDT,SHORT,61999.7,62374.792675396915,0.023754156687201447,62374.792675396915,61249.51464920616,8.910010183600013,-8.91001018,2.95441119,-11.86442137,LOSS,STOP_LOSS,2026-07-26T11:58:35.041073+00:00,2026-07-26T11:58:35.041472+00:00,1770.13761535
BTCUSDT,SHORT,62350.1,62745.01819858285,0.022411446493249276,62745.01819858285,61560.26360283429,8.850688076750014,-8.85068808,2.80356255,-11.65425062,LOSS,STOP_LOSS,2026-07-26T11:58:35.064444+00:00,2026-07-26T11:58:35.065680+00:00,1758.48336473
ETHUSDT,SHORT,1661.2,1672.766661157552,0.7601516724564295,1672.766661157552,1638.066677684896,8.792416823650013,-8.79241682,2.53432033,-11.32673716,LOSS,STOP_LOSS,2026-07-26T11:58:35.088613+00:00,2026-07-26T11:58:35.089171+00:00,1747.15662757
ETHUSDT,SHORT,1658.55,1670.2915272564462,0.7440073975942043,1670.2915272564462,1635.0669454871074,8.735783137850014,-8.73578314,2.47668272,-11.21246586,LOSS,STOP_LOSS,2026-07-26T11:58:35.112063+00:00,2026-07-26T11:58:35.113183+00:00,1735.94416171
ETHUSDT,SHORT,1662.88,1670.9053842196993,1.0815333659969595,1670.9053842196993,1646.829231560602,8.679720808550012,-8.67972081,3.60560013,-12.28532094,LOSS,STOP_LOSS,2026-07-26T11:58:35.136136+00:00,2026-07-26T11:58:35.136698+00:00,1723.65884077
BTCUSDT,LONG,62925.0,62686.30694099308,0.036106178536177216,62686.30694099308,63402.386118013834,8.618294203850013,-8.6182942,4.53534427,-13.15363848,LOSS,STOP_LOSS,2026-07-26T11:58:35.159868+00:00,2026-07-26T11:58:35.160509+00:00,1710.50520229
BTCUSDT,SHORT,62598.0,62854.75751953713,0.033309739192324724,62854.75751953713,62084.48496092574,8.552526011450013,-8.55252601,4.17879863,-12.73132465,LOSS,STOP_LOSS,2026-07-26T11:58:35.183428+00:00,2026-07-26T11:58:35.184142+00:00,1697.77387764
BTCUSDT,LONG,62900.9,62653.16297122539,0.034265646238630335,62653.16297122539,63396.37405754921,8.488869388200014,-8.48886939,4.30219111,-12.79106049,LOSS,STOP_LOSS,2026-07-26T11:58:35.207450+00:00,2026-07-26T11:58:35.208054+00:00,1684.98281715
BTCUSDT,SHORT,62640.5,62863.43094402395,0.03779158663969394,62863.43094402395,62194.638111952096,8.424914085750013,-8.42491409,4.74299268,-13.16790677,LOSS,STOP_LOSS,2026-07-26T11:58:35.234520+00:00,2026-07-26T11:58:35.235638+00:00,1671.81491038
BTCUSDT,SHORT,62589.5,62047.13129421445,0.030824324717603307,62860.68435289277,62047.13129421445,8.359074551900013,16.7181491,3.84183999,12.87630911,WIN,TAKE_PROFIT,2026-07-26T11:58:35.260708+00:00,2026-07-26T11:58:35.261046+00:00,1684.69121949
SOLUSDT,SHORT,68.71,69.25089098967456,15.573297130569776,69.25089098967456,67.62821802065085,8.423456097450012,-8.4234561,2.14850595,-10.57196205,LOSS,STOP_LOSS,2026-07-26T11:58:35.284264+00:00,2026-07-26T11:58:35.284695+00:00,1674.11925744
SOLUSDT,SHORT,68.74,69.36411008803572,13.412050930862167,69.36411008803572,67.49177982392854,8.370596287200014,-8.37059629,1.85225936,-10.22285565,LOSS,STOP_LOSS,2026-07-26T11:58:35.307768+00:00,2026-07-26T11:58:35.308239+00:00,1663.89640179
SOLUSDT,SHORT,69.03,67.65172645645625,12.072323448303829,69.71913677177187,67.65172645645625,8.319482008950013,16.63896402,1.65006601,14.98889801,WIN,TAKE_PROFIT,2026-07-26T11:58:35.331503+00:00,2026-07-26T11:58:35.331984+00:00,1678.8852998
BTCUSDT,SHORT,60549.9,59627.28922913106,0.018197113591236238,61011.20538543447,59627.28922913106,8.394426499000014,16.788853,2.18687796,14.60197503,WIN,TAKE_PROFIT,2026-07-26T11:58:35.356425+00:00,2026-07-26T11:58:35.356934+00:00,1693.48727483
BTCUSDT,SHORT,59808.2,60351.82697002015,0.015575820996953262,60351.82697002015,58720.946059959686,8.467436374150013,-8.46743637,1.87159107,-10.33902745,LOSS,STOP_LOSS,2026-07-26T11:58:35.381490+00:00,2026-07-26T11:58:35.382371+00:00,1683.14824738
BTCUSDT,SHORT,60786.9,61143.06111756752,0.023629028610357917,61143.06111756752,60074.57776486496,8.415741236900013,-8.41574124,2.88108654,-11.29682778,LOSS,STOP_LOSS,2026-07-26T11:58:35.406597+00:00,2026-07-26T11:58:35.407643+00:00,1671.8514196
SOLUSDT,SHORT,68.53,67.68604066213977,19.809620494736365,68.95197966893011,67.68604066213977,8.359257098000013,16.7185142,2.69838807,14.02012613,WIN,TAKE_PROFIT,2026-07-26T11:58:35.431562+00:00,2026-07-26T11:58:35.432584+00:00,1685.87154573
BTCUSDT,SHORT,60054.1,59199.200746670285,0.01972011952477167,60481.549626664855,59199.200746670285,8.429357728650013,16.85871546,2.35168934,14.50702611,WIN,TAKE_PROFIT,2026-07-26T11:58:35.457760+00:00,2026-07-26T11:58:35.458078+00:00,1700.37857184
BTCUSDT,SHORT,58248.4,58880.77465333165,0.013444392203906284,58880.77465333165,56983.6506933367,8.501892859200014,-8.50189286,1.57473056,-10.07662342,LOSS,STOP_LOSS,2026-07-26T11:58:35.481773+00:00,2026-07-26T11:58:35.482136+00:00,1690.30194842
SOLUSDT,SHORT,65.82,66.91825121338373,7.695424907440538,66.91825121338373,63.62349757323252,8.451509742100013,-8.45150974,1.02147724,-9.47298699,LOSS,STOP_LOSS,2026-07-26T11:58:35.505728+00:00,2026-07-26T11:58:35.506063+00:00,1680.82896143
BTCUSDT,SHORT,59459.9,60320.18098154871,0.009769069626554595,60320.18098154871,57739.3380369026,8.404144807150013,-8.40414481,1.17013995,-9.57428476,LOSS,STOP_LOSS,2026-07-26T11:58:35.530289+00:00,2026-07-26T11:58:35.533359+00:00,1671.25467667
ETHUSDT,SHORT,1561.9,1536.6155046492245,0.6609800407263154,1574.542247675388,1536.6155046492245,8.356273383350013,16.71254677,2.0480569,14.66448986,WIN,TAKE_PROFIT,2026-07-26T11:58:35.557904+00:00,2026-07-26T11:58:35.558873+00:00,1685.91916653
BTCUSDT,SHORT,59118.9,59573.01914587896,0.018562520230972223,59573.01914587896,58210.661708242085,8.429595832650014,-8.42959583,2.20322115,-10.63281698,LOSS,STOP_LOSS,2026-07-26T11:58:35.582531+00:00,2026-07-26T11:58:35.582911+00:00,1675.28634955
BTCUSDT,SHORT,59167.6,59646.78563545903,0.017480556861279528,59646.78563545903,58209.22872908193,8.376431747750013,-8.37643175,2.07694162,-10.45337337,LOSS,STOP_LOSS,2026-07-26T11:58:35.606914+00:00,2026-07-26T11:58:35.607435+00:00,1664.83297618
BTCUSDT,SHORT,59578.1,60218.61672426388,0.012996014882307245,60218.61672426388,58297.06655147225,8.324164880900014,-8.32416488,1.55687991,-9.88104479,LOSS,STOP_LOSS,2026-07-26T11:58:35.631045+00:00,2026-07-26T11:58:35.631539+00:00,1654.95193139
BTCUSDT,SHORT,59807.6,60326.83158285304,0.015936549181932328,60326.83158285304,58769.136834293924,8.274759656950014,-8.27475966,1.91452828,-10.18928793,LOSS,STOP_LOSS,2026-07-26T11:58:35.657122+00:00,2026-07-26T11:58:35.659466+00:00,1644.76264346
BTCUSDT,LONG,60275.4,60780.295616007395,0.032576290847332545,60022.9521919963,60780.295616007395,8.223813217300012,16.44762643,3.94354555,12.50408089,WIN,TAKE_PROFIT,2026-07-26T11:58:35.685503+00:00,2026-07-26T11:58:35.687998+00:00,1657.26672435
SOLUSDT,LONG,73.0,72.55515824822592,18.627598665599812,72.55515824822592,73.88968350354817,8.286333621750014,-8.28633362,2.71134307,-10.99767669,LOSS,STOP_LOSS,2026-07-26T11:58:35.715655+00:00,2026-07-26T11:58:35.716377+00:00,1646.26904766
ETHUSDT,SHORT,1580.56,1564.626872931954,1.0332366274550138,1588.526563534023,1564.626872931954,8.231345238300014,16.46269048,3.24972228,13.2129682,WIN,TAKE_PROFIT,2026-07-26T11:58:35.748097+00:00,2026-07-26T11:58:35.749014+00:00,1659.48201586
BTCUSDT,SHORT,60105.2,60331.11521531544,0.03672798252085143,60331.11521531544,59653.36956936911,8.297410079300015,-8.29741008,4.42338288,-12.72079296,LOSS,STOP_LOSS,2026-07-26T11:58:35.773356+00:00,2026-07-26T11:58:35.775527+00:00,1646.7612229
SOLUSDT,LONG,71.7,71.23333531565301,17.64394519379916,71.23333531565301,72.63332936869399,8.233806114500014,-8.23380611,2.52190793,-10.75571405,LOSS,STOP_LOSS,2026-07-26T11:58:35.799753+00:00,2026-07-26T11:58:35.800360+00:00,1636.00550885
ETHUSDT,SHORT,1573.03,1580.142349190034,1.1501161326150804,1580.142349190034,1558.8053016199317,8.180027544250015,-8.18002754,3.62651439,-11.80654193,LOSS,STOP_LOSS,2026-07-26T11:58:35.824105+00:00,2026-07-26T11:58:35.824610+00:00,1624.19896692
BTCUSDT,SHORT,60100.9,60297.78610239575,0.041247171515826,60297.78610239575,59707.1277952085,8.120994834600014,-8.12099483,4.96610526,-13.08710009,LOSS,STOP_LOSS,2026-07-26T11:58:35.848586+00:00,2026-07-26T11:58:35.848869+00:00,1611.11186683
SOLUSDT,LONG,71.83,71.33480116310069,16.267322808328807,71.33480116310069,72.82039767379861,8.055559334150013,-8.05555933,2.32890804,-10.38446737,LOSS,STOP_LOSS,2026-07-26T11:58:35.872595+00:00,2026-07-26T11:58:35.873134+00:00,1600.72739946
SOLUSDT,LONG,71.64,71.11841721263433,15.344902460687978,71.11841721263433,72.68316557473135,8.003636997300013,-8.003637,2.19061399,-10.19425098,LOSS,STOP_LOSS,2026-07-26T11:58:35.896851+00:00,2026-07-26T11:58:35.897696+00:00,1590.53314848
BTCUSDT,SHORT,59589.9,59833.247261331984,0.0326803174149997,59833.247261331984,59103.20547733604,7.952665742400013,-7.95266574,3.90278636,-11.8554521,LOSS,STOP_LOSS,2026-07-26T11:58:35.921310+00:00,2026-07-26T11:58:35.922531+00:00,1578.67769638
BTCUSDT,SHORT,59606.7,59063.99321291442,0.029088961736737376,59878.05339354279,59063.99321291442,7.893388481900013,15.78677696,3.45200725,12.33476971,WIN,TAKE_PROFIT,2026-07-26T11:58:35.946274+00:00,2026-07-26T11:58:35.946764+00:00,1591.01246609
ETHUSDT,SHORT,1560.35,1571.2690136170695,0.7285513700627589,1571.2690136170695,1538.5119727658607,7.955062330450013,-7.95506233,2.28154532,-10.23660765,LOSS,STOP_LOSS,2026-07-26T11:58:35.970362+00:00,2026-07-26T11:58:35.970892+00:00,1580.77585844
SOLUSDT,LONG,71.39,70.58592998055117,9.82983956747688,70.58592998055117,72.99814003889766,7.903879292200013,-7.90387929,1.39560061,-9.29947991,LOSS,STOP_LOSS,2026-07-26T11:58:35.995038+00:00,2026-07-26T11:58:35.995434+00:00,1571.47637853
BTCUSDT,SHORT,59355.5,59772.81283995319,0.018828516979087738,59772.81283995319,58520.874320093615,7.857381892650014,-7.85738189,2.24300946,-10.10039135,LOSS,STOP_LOSS,2026-07-26T11:58:36.019300+00:00,2026-07-26T11:58:36.019997+00:00,1561.37598718
SOLUSDT,LONG,72.07,71.09953474984292,8.044471385901172,71.09953474984292,74.01093050031415,7.806879935900013,-7.80687994,1.15172323,-8.95860316,LOSS,STOP_LOSS,2026-07-26T11:58:36.043861+00:00,2026-07-26T11:58:36.044650+00:00,1552.41738402
BTCUSDT,SHORT,59504.8,59942.94622597927,0.017715745246353547,59942.94622597927,58628.50754804146,7.762086920100013,-7.76208692,2.11610584,-9.87819276,LOSS,STOP_LOSS,2026-07-26T11:58:36.068512+00:00,2026-07-26T11:58:36.068944+00:00,1542.53919126
SOLUSDT,LONG,72.29,73.98489173611351,9.101107512608126,71.44255413194325,73.98489173611351,7.712695956300013,15.42539191,1.33126352,14.0941284,WIN,TAKE_PROFIT,2026-07-26T11:58:36.093230+00:00,2026-07-26T11:58:36.094584+00:00,1556.63331966
SOLUSDT,LONG,73.94,73.07462977010938,8.994030912392018,73.07462977010938,75.67074045978123,7.783166598300013,-7.7831666,1.32225412,-9.10542072,LOSS,STOP_LOSS,2026-07-26T11:58:36.118419+00:00,2026-07-26T11:58:36.118945+00:00,1547.52789894
SOLUSDT,LONG,73.47,72.53435371899792,8.269834072779126,72.53435371899792,75.34129256200414,7.737639494700013,-7.73763949,1.20743178,-8.94507127,LOSS,STOP_LOSS,2026-07-26T11:58:36.144641+00:00,2026-07-26T11:58:36.145169+00:00,1538.58282767
BTCUSDT,SHORT,59070.2,59605.38211822934,0.014374385608775742,59605.38211822934,57999.835763541305,7.692914138350013,-7.69291414,1.70588858,-9.39880272,LOSS,STOP_LOSS,2026-07-26T11:58:36.169165+00:00,2026-07-26T11:58:36.169573+00:00,1529.18402495
BTCUSDT,SHORT,59289.2,59849.47820398346,0.01364664923673462,59849.47820398346,58168.64359203306,7.645920124750013,-7.64592012,1.62584375,-9.27176388,LOSS,STOP_LOSS,2026-07-26T11:58:36.195294+00:00,2026-07-26T11:58:36.195856+00:00,1519.91226107
SOLUSDT,LONG,73.99,76.38565022694894,6.3444665000438585,72.79217488652553,76.38565022694894,7.599561305350013,15.19912261,0.95405328,14.24506934,WIN,TAKE_PROFIT,2026-07-26T11:58:36.221748+00:00,2026-07-26T11:58:36.222399+00:00,1534.15733041
SOLUSDT,LONG,75.89,74.61536856685952,6.01804290448924,74.61536856685952,78.43926286628096,7.670786652050014,-7.67078665,0.90574777,-8.57653442,LOSS,STOP_LOSS,2026-07-26T11:58:36.246710+00:00,2026-07-26T11:58:36.248163+00:00,1525.58079599
BTCUSDT,SHORT,59806.1,59272.10528013383,0.028569211253106682,60073.09735993308,59272.10528013383,7.627903979950014,15.25580796,3.4019704,11.85383756,WIN,TAKE_PROFIT,2026-07-26T11:58:36.276273+00:00,2026-07-26T11:58:36.277850+00:00,1537.43463355
BTCUSDT,SHORT,59250.2,58795.648688610614,0.03382312612520417,59477.47565569469,58795.648688610614,7.687173167750014,15.37434634,3.99267963,11.38166671,WIN,TAKE_PROFIT,2026-07-26T11:58:36.304052+00:00,2026-07-26T11:58:36.305022+00:00,1548.81630026
BTCUSDT,SHORT,58832.8,58359.17688456371,0.032701450790324334,59069.61155771815,58359.17688456371,7.744081501300014,15.488163,3.83234767,11.65581534,WIN,TAKE_PROFIT,2026-07-26T11:58:36.329624+00:00,2026-07-26T11:58:36.329975+00:00,1560.4721156
BTCUSDT,SHORT,58374.8,58641.792873746774,0.029223104229366834,58641.792873746774,57840.81425250646,7.802360578000014,-7.80236058,3.41958809,-11.22194867,LOSS,STOP_LOSS,2026-07-26T11:58:36.356037+00:00,2026-07-26T11:58:36.356515+00:00,1549.25016693
ETHUSDT,SHORT,1559.12,1569.4946997905772,0.7466481913708476,1569.4946997905772,1538.3706004188455,7.746250834650014,-7.74625083,2.33597451,-10.08222534,LOSS,STOP_LOSS,2026-07-26T11:58:36.382825+00:00,2026-07-26T11:58:36.383230+00:00,1539.16794159
ETHUSDT,SHORT,1571.34,1582.8356084928955,0.6694590993339818,1582.8356084928955,1548.3487830142085,7.695839707950014,-7.69583971,2.11159156,-9.80743127,LOSS,STOP_LOSS,2026-07-26T11:58:36.407498+00:00,2026-07-26T11:58:36.409611+00:00,1529.36051032
SOLUSDT,LONG,74.17,75.59750930652334,10.713488895177333,73.45624534673834,75.59750930652334,7.646802551600014,15.2936051,1.60453255,13.68907256,WIN,TAKE_PROFIT,2026-07-26T11:58:36.434242+00:00,2026-07-26T11:58:36.435031+00:00,1543.04958288
SOLUSDT,LONG,75.44,74.66251932951873,9.92339514964945,74.66251932951873,76.99496134096253,7.715247914400013,-7.71524791,1.48952661,-9.20477453,LOSS,STOP_LOSS,2026-07-26T11:58:36.459460+00:00,2026-07-26T11:58:36.460159+00:00,1533.84480835
BTCUSDT,SHORT,58759.9,59079.13711073072,0.024023598084181058,59079.13711073072,58121.42577853856,7.669224041750014,-7.66922404,2.83091767,-10.50014171,LOSS,STOP_LOSS,2026-07-26T11:58:36.484833+00:00,2026-07-26T11:58:36.486453+00:00,1523.34466664
SOLUSDT,LONG,76.0,77.45874000819981,10.442879869456068,75.2706299959001,77.45874000819981,7.616723333200014,15.23344667,1.60255119,13.63089548,WIN,TAKE_PROFIT,2026-07-26T11:58:36.510900+00:00,2026-07-26T11:58:36.511529+00:00,1536.97556212
SOLUSDT,LONG,77.51,76.6089135904099,8.52845823531591,76.6089135904099,79.31217281918022,7.684877810600013,-7.68487781,1.31439672,-8.99927453,LOSS,STOP_LOSS,2026-07-26T11:58:36.537030+00:00,2026-07-26T11:58:36.538174+00:00,1527.97628759
SOLUSDT,LONG,77.18,78.60205049301194,10.744880685310294,76.46897475349404,78.60205049301194,7.639881437950013,15.27976288,1.67385955,13.60590333,WIN,TAKE_PROFIT,2026-07-26T11:58:36.562520+00:00,2026-07-26T11:58:36.563057+00:00,1541.58219092
SOLUSDT,LONG,78.18,77.44510563136566,10.48846104090254,77.44510563136566,79.6497887372687,7.707910954600013,-7.70791095,1.63226786,-9.34017881,LOSS,STOP_LOSS,2026-07-26T11:58:36.587534+00:00,2026-07-26T11:58:36.588131+00:00,1532.24201211
SOLUSDT,LONG,77.64,76.94154461682199,10.968789481857936,76.94154461682199,79.03691076635602,7.6612100605500135,-7.66121006,1.69557242,-9.35678248,LOSS,STOP_LOSS,2026-07-26T11:58:36.612581+00:00,2026-07-26T11:58:36.613108+00:00,1522.88522963
SOLUSDT,LONG,77.58,78.85702268392647,11.925279392434739,76.94148865803676,78.85702268392647,7.614426148150013,15.2288523,1.8655552,13.36329709,WIN,TAKE_PROFIT,2026-07-26T11:58:36.637563+00:00,2026-07-26T11:58:36.638356+00:00,1536.24852672
SOLUSDT,LONG,78.67,78.00607325386028,11.56941285806172,78.00607325386028,79.99785349227945,7.6812426336000135,-7.68124263,1.81265018,-9.49389281,LOSS,STOP_LOSS,2026-07-26T11:58:36.663667+00:00,2026-07-26T11:58:36.664240+00:00,1526.75463391
SOLUSDT,LONG,78.19,77.63140243191725,13.665962055207597,77.63140243191725,79.30719513616549,7.633773169550014,-7.63377317,2.12944937,-9.76322254,LOSS,STOP_LOSS,2026-07-26T11:58:36.688821+00:00,2026-07-26T11:58:36.689196+00:00,1516.99141137
SOLUSDT,LONG,78.1,79.23312376945555,13.387693844767735,77.53343811527222,79.23312376945555,7.584957056850013,15.16991411,2.10632769,13.06358642,WIN,TAKE_PROFIT,2026-07-26T11:58:36.713888+00:00,2026-07-26T11:58:36.714460+00:00,1530.05499779
SOLUSDT,LONG,79.44,80.68198496673924,12.319432511385932,78.81900751663038,80.68198496673924,7.650274988950014,15.30054998,1.97261199,13.32793799,WIN,TAKE_PROFIT,2026-07-26T11:58:36.739099+00:00,2026-07-26T11:58:36.739560+00:00,1543.38293578
SOLUSDT,LONG,80.21,81.65705939210135,10.665650243551983,79.48647030394932,81.65705939210135,7.716914678900014,15.43382936,1.72641744,13.70741192,WIN,TAKE_PROFIT,2026-07-26T11:58:36.764098+00:00,2026-07-26T11:58:36.764541+00:00,1557.0903477
SOLUSDT,LONG,82.07,81.18608919065018,8.807960776299119,81.18608919065018,83.83782161869964,7.785451738500013,-7.78545174,1.43795323,-9.22340497,LOSS,STOP_LOSS,2026-07-26T11:58:36.789573+00:00,2026-07-26T11:58:36.790184+00:00,1547.86694273
SOLUSDT,LONG,81.18,80.16121471356297,7.5966298460361275,80.16121471356297,83.21757057287407,7.739334713650013,-7.73933471,1.22564949,-8.9649842,LOSS,STOP_LOSS,2026-07-26T11:58:36.815098+00:00,2026-07-26T11:58:36.815824+00:00,1538.90195853
ETHUSDT,LONG,1700.97,1738.688088820007,0.40800104317950436,1682.1109555899966,1738.688088820007,7.694509792650013,15.38901959,1.40338409,13.9856355,WIN,TAKE_PROFIT,2026-07-26T11:58:36.840533+00:00,2026-07-26T11:58:36.843969+00:00,1552.88759403
ETHUSDT,LONG,1733.4,1757.535478037764,0.6434045315366237,1721.332260981118,1757.535478037764,7.764437970150014,15.52887594,2.24608371,13.28279223,WIN,TAKE_PROFIT,2026-07-26T11:58:36.868549+00:00,2026-07-26T11:58:36.870476+00:00,1566.17038626
SOLUSDT,LONG,82.53,81.95515151006084,13.622462385051675,81.95515151006084,83.67969697987833,7.830851931300014,-7.83085193,2.24069279,-10.07154472,LOSS,STOP_LOSS,2026-07-26T11:58:36.895488+00:00,2026-07-26T11:58:36.896559+00:00,1556.09884154
SOLUSDT,LONG,82.23,83.13060202293634,17.278429338482702,81.77969898853183,83.13060202293634,7.780494207700014,15.56098842,2.85717148,12.70381694,WIN,TAKE_PROFIT,2026-07-26T11:58:36.921194+00:00,2026-07-26T11:58:36.921843+00:00,1568.80265848
ETHUSDT,LONG,1757.23,1772.4614806384195,1.0299738388682294,1749.6142596807904,1772.4614806384195,7.844013292400014,15.68802658,3.63548988,12.0525367,WIN,TAKE_PROFIT,2026-07-26T11:58:36.946547+00:00,2026-07-26T11:58:36.948279+00:00,1580.85519518
BTCUSDT,LONG,62631.0,62912.84306222518,0.05608990984908363,62490.07846888741,62912.84306222518,7.904275975900013,15.80855195,7.04174284,8.76680911,WIN,TAKE_PROFIT,2026-07-26T11:58:36.973156+00:00,2026-07-26T11:58:36.973837+00:00,1589.62200429
BTCUSDT,LONG,62804.0,63143.63663143926,0.04680360883199627,62634.18168428037,63143.63663143926,7.948110021450013,15.89622004,5.89480392,10.00141612,WIN,TAKE_PROFIT,2026-07-26T11:58:36.999473+00:00,2026-07-26T11:58:37.000174+00:00,1599.62342041
ETHUSDT,LONG,1790.88,1780.515524700746,0.7716856735261528,1780.515524700746,1811.608950598508,7.9981171020500135,-7.9981171,2.75599476,-10.75411186,LOSS,STOP_LOSS,2026-07-26T11:58:37.034192+00:00,2026-07-26T11:58:37.035526+00:00,1588.86930855
SOLUSDT,SHORT,81.5,80.69572006754912,19.755177823574865,81.90213996622545,80.69572006754912,7.944346542750013,15.88869309,3.20420529,12.68448779,WIN,TAKE_PROFIT,2026-07-26T11:58:37.064314+00:00,2026-07-26T11:58:37.065106+00:00,1601.55379634
BTCUSDT,LONG,62912.9,62727.37642466072,0.043163080309634366,62727.37642466072,63283.94715067857,8.007768981700014,-8.00776898,5.42302134,-13.43079032,LOSS,STOP_LOSS,2026-07-26T11:58:37.092189+00:00,2026-07-26T11:58:37.092653+00:00,1588.12300602
BTCUSDT,SHORT,62726.4,62882.607632333544,0.05083371991161598,62882.607632333544,62413.98473533292,7.940615030100014,-7.94061503,6.38517311,-14.32578814,LOSS,STOP_LOSS,2026-07-26T11:58:37.117595+00:00,2026-07-26T11:58:37.117981+00:00,1573.79721788
BTCUSDT,LONG,62895.1,62729.28576997599,0.04745663920557889,62729.28576997599,63226.728460048005,7.868986089400014,-7.86898609,5.96171115,-13.83069724,LOSS,STOP_LOSS,2026-07-26T11:58:37.142531+00:00,2026-07-26T11:58:37.143227+00:00,1559.96652064
BTCUSDT,SHORT,62709.7,62882.64922800738,0.04509897322506164,62882.64922800738,62363.80154398523,7.799832603200014,-7.7998326,5.664086,-13.4639186,LOSS,STOP_LOSS,2026-07-26T11:58:37.168301+00:00,2026-07-26T11:58:37.169627+00:00,1546.50260204
SOLUSDT,LONG,81.27,80.81510341921766,16.998397738891658,80.81510341921766,82.17979316156467,7.732513010200014,-7.73251301,2.75518706,-10.48770007,LOSS,STOP_LOSS,2026-07-26T11:58:37.196527+00:00,2026-07-26T11:58:37.197826+00:00,1536.01490197
ETHUSDT,LONG,1779.46,1771.820204753266,1.0052722961565188,1771.820204753266,1794.739590493468,7.680074509850013,-7.68007451,3.57000361,-11.25007812,LOSS,STOP_LOSS,2026-07-26T11:58:37.223444+00:00,2026-07-26T11:58:37.224046+00:00,1524.76482385
BTCUSDT,LONG,62889.6,63217.218066981244,0.04654092608199433,62725.790966509376,63217.218066981244,7.623824119250014,15.24764824,5.8691281,9.37852014,WIN,TAKE_PROFIT,2026-07-26T11:58:37.249084+00:00,2026-07-26T11:58:37.249519+00:00,1534.14334399
ETHUSDT,LONG,1786.11,1803.7363642613466,0.8703685690612105,1777.2968178693266,1803.7363642613466,7.670716719950015,15.34143344,3.12448944,12.216944,WIN,TAKE_PROFIT,2026-07-26T11:58:37.275014+00:00,2026-07-26T11:58:37.275422+00:00,1546.36028799
BTCUSDT,LONG,63698.4,63451.86080264667,0.03136134749748939,63451.86080264667,64191.47839470667,7.731801439950015,-7.73180144,3.98760351,-11.71940495,LOSS,STOP_LOSS,2026-07-26T11:58:37.300957+00:00,2026-07-26T11:58:37.301564+00:00,1534.64088304
BTCUSDT,LONG,63382.8,63077.442403498084,0.02512858531473207,63077.442403498084,63993.51519300384,7.673204415200015,-7.67320442,3.17776699,-10.85097141,LOSS,STOP_LOSS,2026-07-26T11:58:37.326775+00:00,2026-07-26T11:58:37.327881+00:00,1523.78991163
ETHUSDT,SHORT,1766.9,1744.1309834585888,0.6692383524157036,1778.2845082707058,1744.1309834585888,7.618949558150015,15.23789912,2.34971659,12.88818253,WIN,TAKE_PROFIT,2026-07-26T11:58:37.353042+00:00,2026-07-26T11:58:37.354466+00:00,1536.67809416
SOLUSDT,SHORT,80.19,80.72064570667635,14.479322783791368,80.72064570667635,79.12870858664729,7.683390470800015,-7.68339047,2.32987718,-10.01326765,LOSS,STOP_LOSS,2026-07-26T11:58:37.379637+00:00,2026-07-26T11:58:37.380229+00:00,1526.66482651
SOLUSDT,SHORT,80.12,80.81595074456835,10.968195942206346,80.81595074456835,78.72809851086332,7.6333241325500145,-7.63332413,1.76517704,-9.39850117,LOSS,STOP_LOSS,2026-07-26T11:58:37.405312+00:00,2026-07-26T11:58:37.405889+00:00,1517.26632534
SOLUSDT,LONG,81.45,82.97362761266096,9.958249067763731,80.68818619366952,82.97362761266096,7.586331626700015,15.17266325,1.63737144,13.53529182,WIN,TAKE_PROFIT,2026-07-26T11:58:37.430986+00:00,2026-07-26T11:58:37.432168+00:00,1530.80161716
BTCUSDT,LONG,64287.5,63880.51002685351,0.018806379986774438,63880.51002685351,65101.47994629298,7.654008085800016,-7.65400809,2.4103763,-10.06438438,LOSS,STOP_LOSS,2026-07-26T11:58:37.457578+00:00,2026-07-26T11:58:37.458548+00:00,1520.73723278
SOLUSDT,LONG,81.5,81.02497518261792,16.00692402936931,81.02497518261792,82.45004963476417,7.603686163900015,-7.60368616,2.60152493,-10.20521109,LOSS,STOP_LOSS,2026-07-26T11:58:37.484107+00:00,2026-07-26T11:58:37.485028+00:00,1510.53202169
BTCUSDT,SHORT,63127.3,63355.289774858786,0.03312718788870318,63355.289774858786,62671.32045028244,7.552660108450016,-7.55266011,4.19001252,-11.74267262,LOSS,STOP_LOSS,2026-07-26T11:58:37.510108+00:00,2026-07-26T11:58:37.510591+00:00,1498.78934907
BTCUSDT,LONG,63377.7,63832.421089915995,0.03296062976421193,63150.339455042,63832.421089915995,7.493946745350017,14.98789349,4.1929257,10.79496779,WIN,TAKE_PROFIT,2026-07-26T11:58:37.536182+00:00,2026-07-26T11:58:37.536509+00:00,1509.58431686
ETHUSDT,LONG,1790.39,1781.016996240034,0.8052831064187387,1781.016996240034,1809.1360075199323,7.547921584300017,-7.54792158,2.87599372,-10.4239153,LOSS,STOP_LOSS,2026-07-26T11:58:37.561589+00:00,2026-07-26T11:58:37.562037+00:00,1499.16040156
ETHUSDT,LONG,1781.31,1771.9730596717764,0.8028113862034425,1771.9730596717764,1799.9838806564471,7.495802007800016,-7.49580201,2.8526161,-10.34841811,LOSS,STOP_LOSS,2026-07-26T11:58:37.587499+00:00,2026-07-26T11:58:37.587908+00:00,1488.81198345
BTCUSDT,SHORT,63093.9,63377.826229172446,0.02621828895113746,63377.826229172446,62526.04754165511,7.444059917250017,-7.44405992,3.31587226,-10.75993218,LOSS,STOP_LOSS,2026-07-26T11:58:37.613094+00:00,2026-07-26T11:58:37.613549+00:00,1478.05205127
BTCUSDT,SHORT,63033.2,63348.43741188848,0.023443474592934166,63348.43741188848,62402.72517622303,7.3902602563500155,-7.39026026,2.96282471,-10.35308496,LOSS,STOP_LOSS,2026-07-26T11:58:37.639371+00:00,2026-07-26T11:58:37.639842+00:00,1467.69896631
BTCUSDT,LONG,63536.5,63113.08790293245,0.01733180247417268,63113.08790293245,64383.3241941351,7.338494831550016,-7.33849483,2.19506564,-9.53356047,LOSS,STOP_LOSS,2026-07-26T11:58:37.664975+00:00,2026-07-26T11:58:37.667143+00:00,1458.16540584
BTCUSDT,SHORT,63117.4,62447.04909339403,0.021752270213563005,63452.57545330299,62447.04909339403,7.290827029200016,14.58165406,2.73131183,11.85034223,WIN,TAKE_PROFIT,2026-07-26T11:58:37.692577+00:00,2026-07-26T11:58:37.693680+00:00,1470.01574807
ETHUSDT,SHORT,1750.3,1730.7984500857763,0.7537943161111677,1760.0507749571118,1730.7984500857763,7.350078740350016,14.70015748,2.62403223,12.07612526,WIN,TAKE_PROFIT,2026-07-26T11:58:37.719100+00:00,2026-07-26T11:58:37.719667+00:00,1482.09187333
BTCUSDT,SHORT,61923.0,62229.35819202451,0.024188872893129678,62229.35819202451,61310.28361595097,7.410459366650016,-7.41045937,3.00310561,-10.41356498,LOSS,STOP_LOSS,2026-07-26T11:58:37.744973+00:00,2026-07-26T11:58:37.745884+00:00,1471.67830835
BTCUSDT,SHORT,61977.5,62250.20966430311,0.026982511091250754,62250.20966430311,61432.08067139377,7.358391541750016,-7.35839154,3.35197555,-10.7103671,LOSS,STOP_LOSS,2026-07-26T11:58:37.771245+00:00,2026-07-26T11:58:37.771761+00:00,1460.96794125
SOLUSDT,LONG,77.69,78.4906007198979,18.248396546986964,77.28969964005105,78.4906007198979,7.304839706250016,14.60967941,2.85004553,11.75963388,WIN,TAKE_PROFIT,2026-07-26T11:58:37.800197+00:00,2026-07-26T11:58:37.800571+00:00,1472.72757513
ETHUSDT,LONG,1747.03,1737.864517110827,0.8034097018879958,1737.864517110827,1765.360965778346,7.363637875650015,-7.36363788,2.79979807,-10.16343594,LOSS,STOP_LOSS,2026-07-26T11:58:37.825834+00:00,2026-07-26T11:58:37.826167+00:00,1462.56413919
BTCUSDT,SHORT,61882.2,62185.526626931394,0.02410873311693764,62185.526626931394,61275.546746137195,7.312820695950015,-7.3128207,2.99111571,-10.30393641,LOSS,STOP_LOSS,2026-07-26T11:58:37.852098+00:00,2026-07-26T11:58:37.852903+00:00,1452.26020278
SOLUSDT,LONG,78.12,77.57348398746566,13.286529300811333,77.57348398746566,79.21303202506867,7.261301013900015,-7.26130101,2.06862604,-9.32992705,LOSS,STOP_LOSS,2026-07-26T11:58:37.878473+00:00,2026-07-26T11:58:37.879826+00:00,1442.93027573
SOLUSDT,SHORT,77.65,78.09373996689689,16.258736910949548,78.09373996689689,76.76252006620622,7.214651378650015,-7.21465138,2.53219649,-9.74684787,LOSS,STOP_LOSS,2026-07-26T11:58:37.905756+00:00,2026-07-26T11:58:37.906298+00:00,1433.18342786
SOLUSDT,SHORT,77.59,78.0788906629135,14.65750459744008,78.0788906629135,76.61221867417302,7.165917139300015,-7.16591714,2.28171748,-9.44763462,LOSS,STOP_LOSS,2026-07-26T11:58:37.932111+00:00,2026-07-26T11:58:37.932649+00:00,1423.73579324
BTCUSDT,LONG,62999.9,62638.979351231734,0.019723667766015283,62638.979351231734,63721.74129753654,7.118678966200016,-7.11867897,2.47805951,-9.59673848,LOSS,STOP_LOSS,2026-07-26T11:58:37.958416+00:00,2026-07-26T11:58:37.958876+00:00,1414.13905476
BTCUSDT,LONG,62852.9,63591.89836369222,0.01913588884953162,62483.400818153896,63591.89836369222,7.070695273800015,14.14139055,2.41963361,11.72175694,WIN,TAKE_PROFIT,2026-07-26T11:58:37.989051+00:00,2026-07-26T11:58:37.991384+00:00,1425.8608117
BTCUSDT,LONG,63726.6,64314.690396837956,0.024245606106927983,63432.55480158102,64314.690396837956,7.129304058500015,14.25860812,3.10443869,11.15416942,WIN,TAKE_PROFIT,2026-07-26T11:58:38.017234+00:00,2026-07-26T11:58:38.018591+00:00,1437.01498112
ETHUSDT,LONG,1785.2,1801.4304431130658,0.8853824699112337,1777.084778443467,1801.4304431130658,7.185074905600016,14.37014981,3.17553972,11.19461009,WIN,TAKE_PROFIT,2026-07-26T11:58:38.046401+00:00,2026-07-26T11:58:38.047061+00:00,1448.20959121
BTCUSDT,LONG,64405.8,64173.3866791976,0.031155907634942897,64173.3866791976,64870.62664160481,7.241047956050015,-7.24104796,4.00600126,-11.24704922,LOSS,STOP_LOSS,2026-07-26T11:58:38.072386+00:00,2026-07-26T11:58:38.073075+00:00,1436.96254199
ETHUSDT,LONG,1794.78,1810.8528907234288,0.89402868887511,1786.7435546382856,1810.8528907234288,7.184812709950015,14.36962542,3.22353925,11.14608617,WIN,TAKE_PROFIT,2026-07-26T11:58:38.098312+00:00,2026-07-26T11:58:38.098768+00:00,1448.10862816
BTCUSDT,LONG,64453.7,64202.09056910424,0.02877691474052871,64202.09056910424,64956.9188617915,7.240543140800015,-7.24054314,3.70231672,-10.94285986,LOSS,STOP_LOSS,2026-07-26T11:58:38.124007+00:00,2026-07-26T11:58:38.124315+00:00,1437.1657683
SOLUSDT,SHORT,77.89,78.47166339658497,12.353929925260863,78.47166339658497,76.72667320683004,7.185828841500015,-7.18582884,1.93168103,-9.11750987,LOSS,STOP_LOSS,2026-07-26T11:58:38.150773+00:00,2026-07-26T11:58:38.154797+00:00,1428.04825843
ETHUSDT,LONG,1811.35,1828.52418032281,0.8315088298760468,1802.7629098385949,1828.52418032281,7.140241292150015,14.28048258,3.02658752,11.25389506,WIN,TAKE_PROFIT,2026-07-26T11:58:38.181092+00:00,2026-07-26T11:58:38.181632+00:00,1439.30215349
ETHUSDT,LONG,1825.67,1816.6764572334687,0.8001864175518448,1816.6764572334687,1843.6570855330629,7.1965107674500155,-7.19651077,2.91455616,-10.11106693,LOSS,STOP_LOSS,2026-07-26T11:58:38.207296+00:00,2026-07-26T11:58:38.208309+00:00,1429.19108656
SOLUSDT,SHORT,77.84,77.24957511496406,24.206145824510834,78.13521244251797,77.24957511496406,7.145955432800015,14.29191087,3.75412087,10.53778999,WIN,TAKE_PROFIT,2026-07-26T11:58:38.233295+00:00,2026-07-26T11:58:38.233636+00:00,1439.72887655
SOLUSDT,SHORT,76.95,76.17641935933126,18.611231988760572,77.33679032033437,76.17641935933126,7.198644382750015,14.39728877,2.84987131,11.54741745,WIN,TAKE_PROFIT,2026-07-26T11:58:38.258555+00:00,2026-07-26T11:58:38.259036+00:00,1451.276294
SOLUSDT,SHORT,76.0,76.46781814014977,15.511116066762375,76.46781814014977,75.06436371970045,7.256381470000015,-7.25638147,2.36494602,-9.62132749,LOSS,STOP_LOSS,2026-07-26T11:58:38.283827+00:00,2026-07-26T11:58:38.284222+00:00,1441.65496651
SOLUSDT,SHORT,76.58,77.07347902839251,14.607054034354206,77.07347902839251,75.59304194321497,7.208274832550014,-7.20827483,2.24442467,-9.4526995,LOSS,STOP_LOSS,2026-07-26T11:58:38.309214+00:00,2026-07-26T11:58:38.311535+00:00,1432.20226701
BTCUSDT,LONG,63993.8,63852.48746290863,0.05067498951221698,63852.48746290863,64276.42507418275,7.161011335050014,-7.16101134,6.47860928,-13.63962061,LOSS,STOP_LOSS,2026-07-26T11:58:38.336564+00:00,2026-07-26T11:58:38.338445+00:00,1418.5626464
SOLUSDT,SHORT,76.56,76.92645856439563,19.355021061378835,76.92645856439563,75.82708287120875,7.0928132320000135,-7.09281323,2.97073364,-10.06354687,LOSS,STOP_LOSS,2026-07-26T11:58:38.363610+00:00,2026-07-26T11:58:38.364117+00:00,1408.49909953
ETHUSDT,LONG,1839.54,1827.7074748114248,0.5951811118433015,1827.7074748114248,1863.2050503771502,7.042495497650013,-7.0424955,2.18267643,-9.22517193,LOSS,STOP_LOSS,2026-07-26T11:58:38.389213+00:00,2026-07-26T11:58:38.389612+00:00,1399.2739276
SOLUSDT,SHORT,77.13,76.00676516411154,12.457536775853384,77.69161741794422,76.00676516411154,6.996369638000013,13.99273928,1.90770688,12.08503239,WIN,TAKE_PROFIT,2026-07-26T11:58:38.416403+00:00,2026-07-26T11:58:38.417029+00:00,1411.35895999
SOLUSDT,SHORT,75.89,76.51657051333555,11.262570851575967,76.51657051333555,74.63685897332888,7.056794799950013,-7.0567948,1.7164898,-8.7732846,LOSS,STOP_LOSS,2026-07-26T11:58:38.442107+00:00,2026-07-26T11:58:38.442927+00:00,1402.58567539
SOLUSDT,SHORT,76.27,76.84576242882525,12.180246618833234,76.84576242882525,75.11847514234948,7.012928376950014,-7.01292838,1.86498775,-8.87791612,LOSS,STOP_LOSS,2026-07-26T11:58:38.467870+00:00,2026-07-26T11:58:38.468643+00:00,1393.70775927
SOLUSDT,SHORT,76.22,75.41801424730208,17.37821095426567,76.62099287634896,75.41801424730208,6.968538796350014,13.93707759,2.6351974,11.30188019,WIN,TAKE_PROFIT,2026-07-26T11:58:38.494168+00:00,2026-07-26T11:58:38.495124+00:00,1405.00963946
SOLUSDT,SHORT,75.31,75.7360164491377,16.490086736133478,75.7360164491377,74.45796710172463,7.025048197300014,-7.0250482,2.49076191,-9.51581011,LOSS,STOP_LOSS,2026-07-26T11:58:38.520643+00:00,2026-07-26T11:58:38.521000+00:00,1395.49382935
SOLUSDT,SHORT,75.78,76.23342744849117,15.388281344608366,76.23342744849117,74.87314510301766,6.977469146750013,-6.97746915,2.33922539,-9.31669454,LOSS,STOP_LOSS,2026-07-26T11:58:38.546523+00:00,2026-07-26T11:58:38.547035+00:00,1386.17713481
SOLUSDT,SHORT,75.8,74.76404178445412,13.38062784780939,76.31797910777293,74.76404178445412,6.930885674050013,13.86177135,2.01464141,11.84712994,WIN,TAKE_PROFIT,2026-07-26T11:58:38.572647+00:00,2026-07-26T11:58:38.573262+00:00,1398.02426475
SOLUSDT,SHORT,75.06,75.58675732664233,13.27009795631467,75.58675732664233,74.00648534671537,6.990121323750014,-6.99012132,1.99909723,-8.98921855,LOSS,STOP_LOSS,2026-07-26T11:58:38.598865+00:00,2026-07-26T11:58:38.602073+00:00,1389.0350462
ETHUSDT,LONG,1800.61,1817.9870349995108,0.7993510090985625,1791.9214825002446,1817.9870349995108,6.945175231000013,13.89035046,2.89252919,10.99782127,WIN,TAKE_PROFIT,2026-07-26T11:58:38.627567+00:00,2026-07-26T11:58:38.627796+00:00,1400.03286747
ETHUSDT,LONG,1824.69,1847.6808182138316,0.6089530413614116,1813.1945908930843,1847.6808182138316,7.0001643373500135,14.00032867,2.23630138,11.7640273,WIN,TAKE_PROFIT,2026-07-26T11:58:38.653063+00:00,2026-07-26T11:58:38.653454+00:00,1411.79689477
ETHUSDT,LONG,1860.7,1891.104331198558,0.4643407169689591,1845.497834400721,1891.104331198558,7.058984473850013,14.11796895,1.74211551,12.37585343,WIN,TAKE_PROFIT,2026-07-26T11:58:38.679113+00:00,2026-07-26T11:58:38.680910+00:00,1424.1727482
BTCUSDT,LONG,64893.1,64609.41832554912,0.02510159937113977,64609.41832554912,65460.46334890175,7.120863741000013,-7.12086374,3.25072033,-10.37158407,LOSS,STOP_LOSS,2026-07-26T11:58:38.706546+00:00,2026-07-26T11:58:38.707459+00:00,1413.80116413
BTCUSDT,LONG,64674.5,65092.36227004294,0.033834142622752625,64465.56886497853,65092.36227004294,7.0690058206500135,14.13801164,4.39055053,9.74746112,WIN,TAKE_PROFIT,2026-07-26T11:58:38.732868+00:00,2026-07-26T11:58:38.733744+00:00,1423.54862525
BTCUSDT,LONG,65014.9,64777.388806385425,0.029968032318511837,64777.388806385425,65489.92238722916,7.117743126250014,-7.11774313,3.88961951,-11.00736263,LOSS,STOP_LOSS,2026-07-26T11:58:38.759570+00:00,2026-07-26T11:58:38.759927+00:00,1412.54126262
BTCUSDT,LONG,64842.1,64596.67555244457,0.02877751741299097,64596.67555244457,65332.94889511085,7.062706313100014,-7.06270631,3.72492662,-10.78763293,LOSS,STOP_LOSS,2026-07-26T11:58:38.785615+00:00,2026-07-26T11:58:38.785856+00:00,1401.75362969
ETHUSDT,LONG,1876.96,1894.4586281670142,0.8010648699492828,1868.210685916493,1894.4586281670142,7.008768148450014,14.0175363,3.02115097,10.99638532,WIN,TAKE_PROFIT,2026-07-26T11:58:38.811212+00:00,2026-07-26T11:58:38.812175+00:00,1412.75001501
BTCUSDT,LONG,64767.2,65212.06523700445,0.03175680852302405,64544.767381497775,65212.06523700445,7.063750075050013,14.12750015,4.12772664,9.99977351,WIN,TAKE_PROFIT,2026-07-26T11:58:38.837852+00:00,2026-07-26T11:58:38.838188+00:00,1422.74978852
BTCUSDT,LONG,65133.7,64875.769711390785,0.02758012244687581,64875.769711390785,65649.56057721842,7.113748942600014,-7.11374894,3.58567709,-10.69942604,LOSS,STOP_LOSS,2026-07-26T11:58:38.864293+00:00,2026-07-26T11:58:38.865054+00:00,1412.05036248
BTCUSDT,LONG,65090.2,64774.81092193441,0.022385847524281598,64774.81092193441,65720.97815613117,7.060251812400014,-7.06025181,2.90713833,-9.96739015,LOSS,STOP_LOSS,2026-07-26T11:58:38.890918+00:00,2026-07-26T11:58:38.891678+00:00,1402.08297233
ETHUSDT,LONG,1918.82,1903.1526120649546,0.44745268903241026,1903.1526120649546,1950.1547758700908,7.010414861650014,-7.01041486,1.71015192,-8.72056678,LOSS,STOP_LOSS,2026-07-26T11:58:38.916992+00:00,2026-07-26T11:58:38.919780+00:00,1393.36240555
SOLUSDT,SHORT,75.74,76.21437844022182,14.686190258756705,76.21437844022182,74.79124311955634,6.966812027750015,-6.96681203,2.23163091,-9.19844294,LOSS,STOP_LOSS,2026-07-26T11:58:38.945118+00:00,2026-07-26T11:58:38.945446+00:00,1384.16396261
SOLUSDT,SHORT,76.23,76.74335140877741,13.481641804650929,76.74335140877741,75.20329718244518,6.920819813050015,-6.92081981,2.06233193,-8.98315174,LOSS,STOP_LOSS,2026-07-26T11:58:38.971505+00:00,2026-07-26T11:58:38.972703+00:00,1375.18081087
ETHUSDT,SHORT,1882.85,1857.8270195918947,0.5495671532494867,1895.3614902040524,1857.8270195918947,6.8759040543500145,13.75180811,2.05575322,11.69605489,WIN,TAKE_PROFIT,2026-07-26T11:58:38.998254+00:00,2026-07-26T11:58:38.999952+00:00,1386.87686576
SOLUSDT,SHORT,75.12,75.53708386726909,16.625875208752984,75.53708386726909,74.28583226546182,6.934384328800014,-6.93438433,2.50480588,-9.4391902,LOSS,STOP_LOSS,2026-07-26T11:58:39.025524+00:00,2026-07-26T11:58:39.026014+00:00,1377.43767556
BTCUSDT,SHORT,63949.9,63510.07344403212,0.031317746890676276,64169.81327798394,63510.07344403212,6.8871883778000145,13.77437676,3.99175919,9.78261757,WIN,TAKE_PROFIT,2026-07-26T11:58:39.051836+00:00,2026-07-26T11:58:39.052202+00:00,1387.22029313
SOLUSDT,SHORT,75.06,74.20932205907913,16.307232460128407,75.48533897046043,74.20932205907913,6.936101465650014,13.87220293,2.43416953,11.4380334,WIN,TAKE_PROFIT,2026-07-26T11:58:39.078158+00:00,2026-07-26T11:58:39.079640+00:00,1398.65832653
SOLUSDT,SHORT,74.43,74.8137052431597,18.225686923280666,74.8137052431597,73.6625895136806,6.993291632650014,-6.99329163,2.72006905,-9.71336068,LOSS,STOP_LOSS,2026-07-26T11:58:39.105214+00:00,2026-07-26T11:58:39.105861+00:00,1388.94496585
SOLUSDT,SHORT,74.65,74.96125701204377,22.31186627298688,74.96125701204377,74.02748597591247,6.944724829250013,-6.94472483,3.33810636,-10.28283119,LOSS,STOP_LOSS,2026-07-26T11:58:39.132428+00:00,2026-07-26T11:58:39.132771+00:00,1378.66213466
SOLUSDT,SHORT,74.65,74.03254078920335,22.32798718608867,74.95872960539833,74.03254078920335,6.893310673300014,13.78662135,3.31978187,10.46683948,WIN,TAKE_PROFIT,2026-07-26T11:58:39.158110+00:00,2026-07-26T11:58:39.158592+00:00,1389.12897414
SOLUSDT,SHORT,73.69,74.06932036807011,18.31076170794006,74.06932036807011,72.93135926385976,6.945644870700014,-6.94564487,2.70558571,-9.65123058,LOSS,STOP_LOSS,2026-07-26T11:58:39.184966+00:00,2026-07-26T11:58:39.185510+00:00,1379.47774356
SOLUSDT,SHORT,74.29,74.78533230635935,13.924770561595867,74.78533230635935,73.29933538728132,6.897388717800014,-6.89738872,2.0758398,-8.97322852,LOSS,STOP_LOSS,2026-07-26T11:58:39.211918+00:00,2026-07-26T11:58:39.212275+00:00,1370.50451504
SOLUSDT,SHORT,74.38,74.9131049843555,12.853983317159255,74.9131049843555,73.313790031289,6.852522575200014,-6.85252258,1.91901108,-8.77153366,LOSS,STOP_LOSS,2026-07-26T11:58:39.238290+00:00,2026-07-26T11:58:39.238946+00:00,1361.73298138
BTCUSDT,LONG,63553.7,64254.32636645787,0.019435936849828556,63203.38681677106,64254.32636645787,6.808664906900015,13.61732981,2.48406873,11.13326108,WIN,TAKE_PROFIT,2026-07-26T11:58:39.264919+00:00,2026-07-26T11:58:39.265572+00:00,1372.86624246
BTCUSDT,LONG,64220.1,63868.65543440499,0.019531760864415056,63868.65543440499,64922.98913119002,6.864331212300015,-6.86433121,2.50179894,-9.36613015,LOSS,STOP_LOSS,2026-07-26T11:58:39.291559+00:00,2026-07-26T11:58:39.292581+00:00,1363.50011231
SOLUSDT,SHORT,74.87,75.17980102828855,22.00606175909828,75.17980102828855,74.2503979434229,6.817500561550015,-6.81750056,3.30200519,-10.11950575,LOSS,STOP_LOSS,2026-07-26T11:58:39.318553+00:00,2026-07-26T11:58:39.319069+00:00,1353.38060656
SOLUSDT,LONG,75.15,74.85898500184952,23.25276386373956,74.85898500184952,75.732029996301,6.766903032800015,-6.76690303,3.48812351,-10.25502654,LOSS,STOP_LOSS,2026-07-26T11:58:39.345017+00:00,2026-07-26T11:58:39.346246+00:00,1343.12558002
SOLUSDT,SHORT,74.9,75.11664437465974,30.99839499939791,75.11664437465974,74.46671125068053,6.715627900100015,-6.7156279,4.6502752,-11.3659031,LOSS,STOP_LOSS,2026-07-26T11:58:39.372397+00:00,2026-07-26T11:58:39.373712+00:00,1331.75967692
SOLUSDT,SHORT,74.7,74.90838437533846,31.95440336534216,74.90838437533846,74.28323124932308,6.658798384600016,-6.65879838,4.78064666,-11.43944505,LOSS,STOP_LOSS,2026-07-26T11:58:39.399802+00:00,2026-07-26T11:58:39.400008+00:00,1320.32023187
SOLUSDT,SHORT,74.64,74.87922575532748,27.595695749034476,74.87922575532748,74.16154848934505,6.601601159350016,-6.60160116,4.12608706,-10.72768822,LOSS,STOP_LOSS,2026-07-26T11:58:39.426542+00:00,2026-07-26T11:58:39.427021+00:00,1309.59254365
SOLUSDT,SHORT,74.83,75.06328904063676,28.068025400495827,75.06328904063676,74.36342191872647,6.547962718250017,-6.54796272,4.20720864,-10.75517136,LOSS,STOP_LOSS,2026-07-26T11:58:39.453211+00:00,2026-07-26T11:58:39.453612+00:00,1298.83737229
BTCUSDT,LONG,64413.3,64682.801966668005,0.04819398494000768,64278.549016666,64682.801966668005,6.494186861450016,12.98837372,6.22165559,6.76671813,WIN,TAKE_PROFIT,2026-07-26T11:58:39.480293+00:00,2026-07-26T11:58:39.480923+00:00,1305.60409042
ETHUSDT,LONG,1858.4,1871.2172759370512,1.018628370671087,1851.9913620314746,1871.2172759370512,6.528020452100017,13.0560409,3.79909397,9.25694694,WIN,TAKE_PROFIT,2026-07-26T11:58:39.507230+00:00,2026-07-26T11:58:39.508470+00:00,1314.86103736
BTCUSDT,LONG,64795.7,64665.405299021586,0.050457195399598455,64665.405299021586,65056.28940195682,6.574305186800017,-6.57430519,6.53224429,-13.10654947,LOSS,STOP_LOSS,2026-07-26T11:58:39.534958+00:00,2026-07-26T11:58:39.535305+00:00,1301.75448789
ETHUSDT,LONG,1864.62,1878.026076317183,0.9710182585052863,1857.9169618414085,1878.026076317183,6.508772439450017,13.01754488,3.63417768,9.3833672,WIN,TAKE_PROFIT,2026-07-26T11:58:39.561470+00:00,2026-07-26T11:58:39.563001+00:00,1311.13785509
ETHUSDT,LONG,1871.65,1865.8905487408047,1.1382489373416012,1865.8905487408047,1883.1689025183912,6.555689275450018,-6.55568928,4.25425156,-10.80994083,LOSS,STOP_LOSS,2026-07-26T11:58:39.594241+00:00,2026-07-26T11:58:39.594846+00:00,1300.32791426
ETHUSDT,LONG,1870.25,1862.9101697560657,0.8858024443648325,1862.9101697560657,1884.929660487869,6.501639571300018,-6.50163957,3.3068424,-9.80848197,LOSS,STOP_LOSS,2026-07-26T11:58:39.622737+00:00,2026-07-26T11:58:39.623783+00:00,1290.51943229
BTCUSDT,LONG,64670.9,64495.34814787285,0.03675607567373595,64495.34814787285,65022.003704254304,6.452597161450018,-6.45259716,4.74764439,-11.20024155,LOSS,STOP_LOSS,2026-07-26T11:58:39.673468+00:00,2026-07-26T11:58:39.673961+00:00,1279.31919074
BTCUSDT,SHORT,64447.9,64638.82625985536,0.03350296579708776,64638.82625985536,64066.04748028928,6.396595953700017,-6.39659595,4.32478817,-10.72138413,LOSS,STOP_LOSS,2026-07-26T11:58:39.703486+00:00,2026-07-26T11:58:39.704639+00:00,1268.59780661
BTCUSDT,LONG,64633.5,64983.56440317259,0.0362389833160085,64458.4677984137,64983.56440317259,6.342989033050018,12.68597807,4.69719063,7.98878743,WIN,TAKE_PROFIT,2026-07-26T11:58:39.731849+00:00,2026-07-26T11:58:39.732545+00:00,1276.58659404
BTCUSDT,LONG,64987.5,64758.09464882866,0.027823819006874664,64758.09464882866,65446.31070234269,6.3829329702000175,-6.38293297,3.61001794,-9.99295091,LOSS,STOP_LOSS,2026-07-26T11:58:39.760082+00:00,2026-07-26T11:58:39.760675+00:00,1266.59364313
ETHUSDT,LONG,1880.01,1868.314993302195,0.5415104393944978,1868.314993302195,1903.4000133956101,6.332968215650018,-6.33296822,2.02975711,-8.36272533,LOSS,STOP_LOSS,2026-07-26T11:58:39.789274+00:00,2026-07-26T11:58:39.789672+00:00,1258.2309178
ETHUSDT,LONG,1871.29,1858.3957080663238,0.4879022920653249,1858.3957080663238,1897.0785838673523,6.291154589000017,-6.29115459,1.81972221,-8.11087679,LOSS,STOP_LOSS,2026-07-26T11:58:39.818116+00:00,2026-07-26T11:58:39.819651+00:00,1250.12004101
BTCUSDT,SHORT,64160.0,64500.10086434787,0.018378666037898235,64500.10086434787,63479.79827130426,6.250600205050017,-6.25060021,2.36460103,-8.61520123,LOSS,STOP_LOSS,2026-07-26T11:58:39.852757+00:00,2026-07-26T11:58:39.854112+00:00,1241.50483978
ETHUSDT,LONG,1886.86,1875.8245422245668,0.56250717688568,1875.8245422245668,1908.930915550866,6.207524198900018,-6.2075242,2.11653706,-8.32406126,LOSS,STOP_LOSS,2026-07-26T11:58:39.883458+00:00,2026-07-26T11:58:39.883915+00:00,1233.18077852
BTCUSDT,LONG,64674.0,64381.88733036648,0.02110796460946274,64381.88733036648,65258.22533926704,6.165903892600017,-6.16590389,2.7241071,-8.890011,LOSS,STOP_LOSS,2026-07-26T11:58:39.911581+00:00,2026-07-26T11:58:39.912154+00:00,1224.29076752
ETHUSDT,LONG,1884.76,1913.1919165908257,0.4306043750547053,1870.544041704587,1913.1919165908257,6.121453837600018,12.24290768,1.63541471,10.60749296,WIN,TAKE_PROFIT,2026-07-26T11:58:39.939618+00:00,2026-07-26T11:58:39.940741+00:00,1234.89826048
BTCUSDT,LONG,65725.2,65360.846444802824,0.016946428034875675,65360.846444802824,66453.90711039434,6.174491302400018,-6.1744913,2.22144025,-8.39593155,LOSS,STOP_LOSS,2026-07-26T11:58:39.968675+00:00,2026-07-26T11:58:39.969091+00:00,1226.50232893
BTCUSDT,LONG,65325.4,66045.54694722778,0.017031278597395245,64965.32652638611,66045.54694722778,6.132511644650017,12.26502329,2.2374152,10.02760809,WIN,TAKE_PROFIT,2026-07-26T11:58:39.997550+00:00,2026-07-26T11:58:39.999967+00:00,1236.52993702
BTCUSDT,LONG,66015.4,66477.65133033996,0.026750165026255348,65784.27433483001,66477.65133033996,6.182649685100017,12.36529937,3.54421099,8.82108838,WIN,TAKE_PROFIT,2026-07-26T11:58:40.028351+00:00,2026-07-26T11:58:40.029282+00:00,1245.3510254
ETHUSDT,LONG,1939.67,1930.9337999503007,0.712753267047066,1930.9337999503007,1957.1424000993989,6.226755127000017,-6.22675513,2.7587855,-8.98554063,LOSS,STOP_LOSS,2026-07-26T11:58:40.058503+00:00,2026-07-26T11:58:40.059093+00:00,1236.36548477
BTCUSDT,LONG,66335.8,66792.78399657668,0.027054896758568838,66107.30800171167,66792.78399657668,6.181827423850017,12.36365485,3.6017801,8.76187475,WIN,TAKE_PROFIT,2026-07-26T11:58:40.087182+00:00,2026-07-26T11:58:40.087603+00:00,1245.12735952
ETHUSDT,LONG,1940.65,1930.557430888893,0.6168535215427517,1930.557430888893,1960.8351382222143,6.225636797600017,-6.2256368,2.38796794,-8.61360473,LOSS,STOP_LOSS,2026-07-26T11:58:40.115212+00:00,2026-07-26T11:58:40.115624+00:00,1236.51375479
BTCUSDT,LONG,66700.0,66418.72856405267,0.021980791448399102,66418.72856405267,67262.54287189466,6.182568773950018,-6.18256877,2.92605501,-9.10862378,LOSS,STOP_LOSS,2026-07-26T11:58:40.143113+00:00,2026-07-26T11:58:40.143888+00:00,1227.40513101
SOLUSDT,SHORT,77.69,78.07939778389449,15.7602993876122,78.07939778389449,76.911204432211,6.137025655050017,-6.13702566,2.45497234,-8.591998,LOSS,STOP_LOSS,2026-07-26T11:58:40.171593+00:00,2026-07-26T11:58:40.172417+00:00,1218.81313301
BTCUSDT,LONG,66427.3,66203.2561114092,0.027200320898643156,66203.2561114092,66875.38777718163,6.094065665050017,-6.09406567,3.60759369,-9.70165935,LOSS,STOP_LOSS,2026-07-26T11:58:40.200915+00:00,2026-07-26T11:58:40.201573+00:00,1209.11147366
ETHUSDT,SHORT,1916.89,1923.2578789858117,0.9493832062088945,1923.2578789858117,1904.154242028377,6.045557368300017,-6.04555737,3.64577191,-9.69132927,LOSS,STOP_LOSS,2026-07-26T11:58:40.229654+00:00,2026-07-26T11:58:40.230055+00:00,1199.42014439
BTCUSDT,LONG,66394.0,66225.10734369759,0.03550835692471992,66225.10734369759,66731.78531260481,5.997100721950017,-5.99710072,4.7090866,-10.70618732,LOSS,STOP_LOSS,2026-07-26T11:58:40.257659+00:00,2026-07-26T11:58:40.258571+00:00,1188.71395707
ETHUSDT,LONG,1931.22,1922.7035427813546,0.6978922846389037,1922.7035427813546,1948.252914437291,5.943569785350016,-5.94356979,2.68962351,-8.63319329,LOSS,STOP_LOSS,2026-07-26T11:58:40.286866+00:00,2026-07-26T11:58:40.287650+00:00,1180.08076378
BTCUSDT,SHORT,66044.4,65641.63064503954,0.02929916959287657,66245.78467748023,65641.63064503954,5.900403818900016,11.80080764,3.85829134,7.94251629,WIN,TAKE_PROFIT,2026-07-26T11:58:40.315791+00:00,2026-07-26T11:58:40.317240+00:00,1188.02328007
BTCUSDT,SHORT,65604.2,65805.20558359944,0.029551996984259293,65805.20558359944,65202.18883280111,5.940116400350016,-5.9401164,3.88341036,-9.82352676,LOSS,STOP_LOSS,2026-07-26T11:58:40.346748+00:00,2026-07-26T11:58:40.347181+00:00,1178.19975331
ETHUSDT,LONG,1936.46,1954.978147587582,0.636240610858989,1927.200926206209,1954.978147587582,5.890998766550016,11.78199753,2.47589098,9.30610655,WIN,TAKE_PROFIT,2026-07-26T11:58:40.375514+00:00,2026-07-26T11:58:40.375951+00:00,1187.50585986
ETHUSDT,LONG,1940.62,1929.5312578002515,0.5354556172687268,1929.5312578002515,1962.7974843994966,5.937529299300016,-5.9375293,2.07229423,-8.00982353,LOSS,STOP_LOSS,2026-07-26T11:58:40.417598+00:00,2026-07-26T11:58:40.417949+00:00,1179.49603633
BTCUSDT,SHORT,65591.4,65844.57009305991,0.023294537322202997,65844.57009305991,65085.05981388014,5.897480181650017,-5.89748018,3.06174011,-8.95922029,LOSS,STOP_LOSS,2026-07-26T11:58:40.446061+00:00,2026-07-26T11:58:40.446441+00:00,1170.53681604
ETHUSDT,LONG,1926.72,1952.162320732219,0.46007470323164557,1913.9988396338904,1952.162320732219,5.852684080200016,11.70536816,1.78457563,9.92079253,WIN,TAKE_PROFIT,2026-07-26T11:58:40.474505+00:00,2026-07-26T11:58:40.475204+00:00,1180.45760857
ETHUSDT,LONG,1950.55,1936.649614225691,0.4246132545298709,1936.649614225691,1978.3507715486178,5.902288042850016,-5.90228804,1.65055648,-7.55284452,LOSS,STOP_LOSS,2026-07-26T11:58:40.503567+00:00,2026-07-26T11:58:40.504027+00:00,1172.90476405
SOLUSDT,LONG,78.22,77.70942912131959,11.486208996892007,77.70942912131959,79.24114175736082,5.8645238202500165,-5.86452382,1.79103801,-7.65556183,LOSS,STOP_LOSS,2026-07-26T11:58:40.536950+00:00,2026-07-26T11:58:40.537561+00:00,1165.24920222
SOLUSDT,LONG,77.94,77.52055531181996,13.890379769451965,77.52055531181996,78.77888937636007,5.826246011100016,-5.82624601,2.15940615,-7.98565216,LOSS,STOP_LOSS,2026-07-26T11:58:40.568878+00:00,2026-07-26T11:58:40.569478+00:00,1157.26355006
ETHUSDT,LONG,1933.31,1923.6946379088834,0.6017784557116015,1923.6946379088834,1952.5407241822331,5.786317750300017,-5.78631775,2.32106229,-8.10738004,LOSS,STOP_LOSS,2026-07-26T11:58:40.599403+00:00,2026-07-26T11:58:40.600277+00:00,1149.15617002
BTCUSDT,SHORT,65603.9,65178.39176274555,0.02700667271296203,65816.65411862721,65178.39176274555,5.745780850100017,11.4915617,3.53199455,7.95956715,WIN,TAKE_PROFIT,2026-07-26T11:58:40.630931+00:00,2026-07-26T11:58:40.632884+00:00,1157.11573717
SOLUSDT,SHORT,76.64,75.85921685222098,14.819937398258233,77.0303915738895,75.85921685222098,5.785578685850018,11.57115737,2.26002885,9.31112852,WIN,TAKE_PROFIT,2026-07-26T11:58:40.663139+00:00,2026-07-26T11:58:40.663673+00:00,1166.42686569
ETHUSDT,SHORT,1889.26,1865.104072752803,0.4828739769554287,1901.3379636235984,1865.104072752803,5.832134328450017,11.66426866,1.81288471,9.85138395,WIN,TAKE_PROFIT,2026-07-26T11:58:40.692883+00:00,2026-07-26T11:58:40.694604+00:00,1176.27824964
BTCUSDT,SHORT,64824.9,65018.03784660272,0.030451780174902757,65018.03784660272,64438.62430679457,5.881391248200017,-5.88139125,3.9539486,-9.83533985,LOSS,STOP_LOSS,2026-07-26T11:58:40.722011+00:00,2026-07-26T11:58:40.722399+00:00,1166.44290979
ETHUSDT,SHORT,1869.48,1878.6759257882823,0.6342172265441245,1878.6759257882823,1851.0881484234353,5.832214548950017,-5.83221455,2.37714506,-8.2093596,LOSS,STOP_LOSS,2026-07-26T11:58:40.750411+00:00,2026-07-26T11:58:40.750826+00:00,1158.23355019
BTCUSDT,LONG,65296.7,65726.23049777688,0.026965106230748374,65081.934751111556,65726.23049777688,5.791167750950017,11.5823355,3.53304724,8.04928826,WIN,TAKE_PROFIT,2026-07-26T11:58:40.778395+00:00,2026-07-26T11:58:40.779390+00:00,1166.28283845
BTCUSDT,LONG,65740.0,65547.81858799327,0.030343278943364506,65547.81858799327,66124.36282401347,5.8314141922500164,-5.83141419,3.9837029,-9.81511709,LOSS,STOP_LOSS,2026-07-26T11:58:40.807798+00:00,2026-07-26T11:58:40.808163+00:00,1156.46772136
SOLUSDT,SHORT,75.8,75.07578368678992,15.968540065522397,76.16210815660503,75.07578368678992,5.782338606800016,11.56467721,2.409266,9.15541122,WIN,TAKE_PROFIT,2026-07-26T11:58:40.836800+00:00,2026-07-26T11:58:40.837710+00:00,1165.62313258
SOLUSDT,SHORT,75.1,74.45213603474264,17.99178832421985,75.42393198262867,74.45213603474264,5.828115662900015,11.65623133,2.69071037,8.96552095,WIN,TAKE_PROFIT,2026-07-26T11:58:40.869750+00:00,2026-07-26T11:58:40.870214+00:00,1174.58865353
SOLUSDT,SHORT,74.46,73.69218147462473,15.297737873098956,74.84390926268762,73.69218147462473,5.872943267650015,11.74588654,2.26639324,9.4794933,WIN,TAKE_PROFIT,2026-07-26T11:58:40.898586+00:00,2026-07-26T11:58:40.899263+00:00,1184.06814683
SOLUSDT,SHORT,73.91,74.35221980958654,13.387778217545726,74.35221980958654,73.0255603808269,5.920340734150016,-5.92034073,1.98490172,-7.90524245,LOSS,STOP_LOSS,2026-07-26T11:58:40.927261+00:00,2026-07-26T11:58:40.931856+00:00,1176.16290438
ETHUSDT,SHORT,1869.25,1873.467996861371,1.3942197481836274,1873.467996861371,1860.814006277258,5.880814521900016,-5.88081452,5.21817134,-11.09898587,LOSS,STOP_LOSS,2026-07-26T11:58:40.959187+00:00,2026-07-26T11:58:40.959545+00:00,1165.06391851
SOLUSDT,LONG,74.49,74.86224789876613,31.298065680739793,74.30387605061692,74.86224789876613,5.825319592550016,11.65063919,4.67443646,6.97620272,WIN,TAKE_PROFIT,2026-07-26T11:58:40.987950+00:00,2026-07-26T11:58:40.988194+00:00,1172.04012123
ETHUSDT,LONG,1881.63,1877.2725239828533,1.3448612414824481,1877.2725239828533,1890.3449520342938,5.860200606150015,-5.86020061,5.05520232,-10.91540292,LOSS,STOP_LOSS,2026-07-26T11:58:41.016624+00:00,2026-07-26T11:58:41.017296+00:00,1161.12471831
SOLUSDT,LONG,75.12,74.8948560229459,25.786270934330968,74.8948560229459,75.57028795410822,5.805623591550016,-5.80562359,3.86832372,-9.67394731,LOSS,STOP_LOSS,2026-07-26T11:58:41.045509+00:00,2026-07-26T11:58:41.045984+00:00,1151.450771
