symbol,side,entry_price,exit_price,quantity,stop,target,risk_usdt,gross_pnl,fee_usdt,pnl,result,close_reason,opened_at,closed_at,balance_after
BTCUSDT,LONG,35910.0,35625.19285714286,0.17555739472826243,35625.19285714286,36479.614285714284,50.0,-50.0,12.55853209,-62.55853209,LOSS,STOP_LOSS,2026-07-26T11:15:30.898848+00:00,2026-07-26T11:15:30.911260+00:00,9937.44146791
ETHUSDT,SHORT,1893.91,1903.9342857142858,4.95668307505842,1903.9342857142858,1873.8614285714286,49.68720733954999,-49.68720734,18.82471049,-68.51191783,LOSS,STOP_LOSS,2026-07-26T11:15:30.913199+00:00,2026-07-26T11:15:30.922108+00:00,9868.92955008
SOLUSDT,LONG,43.402,42.922535714285715,102.91621132299423,42.922535714285715,44.36092857142857,49.3446477504,-49.34464775,8.88419416,-58.22884191,LOSS,STOP_LOSS,2026-07-26T11:15:30.923882+00:00,2026-07-26T11:15:30.932392+00:00,9810.70070817
BTCUSDT,SHORT,35626.7,35956.33571428571,0.14881125258876723,35956.33571428571,34967.42857142857,49.053503540849995,-49.05350354,10.65236121,-59.70586475,LOSS,STOP_LOSS,2026-07-26T11:15:30.934041+00:00,2026-07-26T11:15:30.943454+00:00,9750.99484342
ETHUSDT,LONG,1898.71,1920.5585714285717,4.462989662870376,1887.7857142857142,1920.5585714285717,48.7549742171,97.50994843,17.04535615,80.46459228,WIN,TAKE_PROFIT,2026-07-26T11:15:30.945200+00:00,2026-07-26T11:15:30.953841+00:00,9831.4594357
SOLUSDT,SHORT,43.218,43.71942857142857,98.03449579757849,43.71942857142857,42.215142857142865,49.157297178499995,-49.15729718,8.52286698,-57.68016415,LOSS,STOP_LOSS,2026-07-26T11:15:30.955625+00:00,2026-07-26T11:15:30.964637+00:00,9773.77927155
BTCUSDT,LONG,35988.4,36528.27142857143,0.18103901696395955,35718.46428571429,36528.27142857143,48.86889635774999,97.73779272,13.12834691,84.60944581,WIN,TAKE_PROFIT,2026-07-26T11:15:30.966373+00:00,2026-07-26T11:15:30.975326+00:00,9858.38871736
ETHUSDT,SHORT,1920.49,1934.3425,3.558342796376087,1934.3425,1892.7849999999999,49.29194358679999,-49.29194359,13.71681546,-63.00875904,LOSS,STOP_LOSS,2026-07-26T11:15:30.977207+00:00,2026-07-26T11:15:30.989004+00:00,9795.37995832
SOLUSDT,LONG,43.699,44.77064285714285,91.40526522460843,43.16317857142857,44.77064285714285,48.97689979159999,97.95379958,8.08659117,89.86720841,WIN,TAKE_PROFIT,2026-07-26T11:15:30.991120+00:00,2026-07-26T11:15:31.001060+00:00,9885.24716673
BTCUSDT,SHORT,36386.5,36726.025,0.14557465822443075,36726.025,35707.45,49.42623583364999,-49.42623583,10.64333084,-60.06956667,LOSS,STOP_LOSS,2026-07-26T11:15:31.002871+00:00,2026-07-26T11:15:31.011141+00:00,9825.17760006
ETHUSDT,LONG,1934.93,1954.5392857142858,5.0104719484515226,1925.1253571428572,1954.5392857142858,49.125888000299994,98.251776,19.48807675,78.76369925,WIN,TAKE_PROFIT,2026-07-26T11:15:31.013301+00:00,2026-07-26T11:15:31.022258+00:00,9903.94129931
SOLUSDT,SHORT,44.92,45.49267857142857,86.47033251658246,45.49267857142857,43.77464285714286,49.519706496549986,-49.5197065,7.81801438,-57.33772088,LOSS,STOP_LOSS,2026-07-26T11:15:31.024342+00:00,2026-07-26T11:15:31.032707+00:00,9846.60357843
BTCUSDT,LONG,36744.2,37436.6,0.14220975705415892,36397.99999999999,37436.6,49.233017892149995,98.46603578,10.54923355,87.91680224,WIN,TAKE_PROFIT,2026-07-26T11:15:31.034915+00:00,2026-07-26T11:15:31.045710+00:00,9934.52038067
ETHUSDT,SHORT,1990.0,2008.9053571428572,2.627435257001605,2008.9053571428572,1952.1892857142857,49.67260190335,-49.6726019,10.50686492,-60.17946683,LOSS,STOP_LOSS,2026-07-26T11:15:31.047757+00:00,2026-07-26T11:15:31.056024+00:00,9874.34091384
SOLUSDT,LONG,46.24,47.581,73.63416043131986,45.569500000000005,47.581,49.37170456919999,98.74340914,6.90843057,91.83497857,WIN,TAKE_PROFIT,2026-07-26T11:15:31.058664+00:00,2026-07-26T11:15:31.069588+00:00,9966.17589241
BTCUSDT,SHORT,37634.1,37961.43214285714,0.15223338297026723,37961.43214285714,36979.43571428571,49.830879462049985,-49.83087946,11.5081636,-61.33904306,LOSS,STOP_LOSS,2026-07-26T11:15:31.071423+00:00,2026-07-26T11:15:31.080904+00:00,9904.83684935
ETHUSDT,LONG,2036.54,2011.2146428571427,1.9555177037540001,2011.2146428571427,2087.1907142857144,49.52418424674999,-49.52418425,7.91545586,-57.43964011,LOSS,STOP_LOSS,2026-07-26T11:15:31.083334+00:00,2026-07-26T11:15:31.092350+00:00,9847.39720924
SOLUSDT,SHORT,47.805,48.7245,53.54756503121255,48.7245,45.966,49.23698604619999,-49.23698605,5.16891968,-54.40590572,LOSS,STOP_LOSS,2026-07-26T11:15:31.094533+00:00,2026-07-26T11:15:31.103376+00:00,9792.99130352
BTCUSDT,LONG,37922.4,37534.33928571429,0.1261785970984655,37534.33928571429,38698.52142857143,48.964956517599994,-48.96495652,9.5210255,-58.48598202,LOSS,STOP_LOSS,2026-07-26T11:15:31.105347+00:00,2026-07-26T11:15:31.113689+00:00,9734.5053215
ETHUSDT,SHORT,2017.67,2048.7157142857145,1.5677695851854396,2048.7157142857145,1955.5785714285714,48.6725266075,-48.67252661,6.37515584,-55.04768245,LOSS,STOP_LOSS,2026-07-26T11:15:31.115684+00:00,2026-07-26T11:15:31.123718+00:00,9679.45763905
SOLUSDT,LONG,48.44,47.528321428571424,53.08591175880426,47.528321428571424,50.263357142857146,48.39728819524999,-48.3972882,5.09456584,-53.49185404,LOSS,STOP_LOSS,2026-07-26T11:15:31.125737+00:00,2026-07-26T11:15:31.134062+00:00,9625.96578501
BTCUSDT,SHORT,37365.2,36394.12142857142,0.09912653896634807,37850.739285714284,36394.12142857142,48.12982892505,96.25965785,7.31150625,88.9481516,WIN,TAKE_PROFIT,2026-07-26T11:15:31.136802+00:00,2026-07-26T11:15:31.145378+00:00,9714.91393661
ETHUSDT,LONG,2044.96,2010.3582142857142,1.403816845874386,2010.3582142857142,2114.1635714285717,48.574569683049994,-48.57456968,5.69292402,-54.26749371,LOSS,STOP_LOSS,2026-07-26T11:15:31.147656+00:00,2026-07-26T11:15:31.156119+00:00,9660.6464429
SOLUSDT,SHORT,46.288,44.00392857142857,42.29572824236163,47.430035714285715,44.00392857142857,48.30323221449999,96.60646443,3.81896287,92.78750156,WIN,TAKE_PROFIT,2026-07-26T11:15:31.158348+00:00,2026-07-26T11:15:31.166518+00:00,9753.43394446
BTCUSDT,LONG,36622.1,36000.275,0.0784258750006835,36000.275,37865.75,48.7671697223,-48.76716972,5.6954733,-54.46264303,LOSS,STOP_LOSS,2026-07-26T11:15:31.168730+00:00,2026-07-26T11:15:31.176964+00:00,9698.97130143
ETHUSDT,SHORT,2004.76,2048.7185714285715,1.1031945518509305,2048.7185714285715,1916.8428571428572,48.49485650715,-48.49485651,4.47177548,-52.96663198,LOSS,STOP_LOSS,2026-07-26T11:15:31.179257+00:00,2026-07-26T11:15:31.188239+00:00,9646.00466945
SOLUSDT,LONG,44.379,47.81357142857143,28.085031480804407,42.66171428571428,47.81357142857143,48.23002334725,96.46004669,2.58923127,93.87081542,WIN,TAKE_PROFIT,2026-07-26T11:15:31.190549+00:00,2026-07-26T11:15:31.200706+00:00,9739.87548487
BTCUSDT,SHORT,36293.1,37051.33928571428,0.06422692458947661,37051.33928571428,34776.62142857143,48.69937742435,-48.69937742,4.71068777,-53.4100652,LOSS,STOP_LOSS,2026-07-26T11:15:31.202942+00:00,2026-07-26T11:15:31.213980+00:00,9686.46541967
ETHUSDT,LONG,2069.02,2116.8335714285713,2.025882010119357,2045.113214285714,2116.8335714285713,48.432327098349994,96.8646542,8.48004545,88.38460875,WIN,TAKE_PROFIT,2026-07-26T11:15:31.216215+00:00,2026-07-26T11:15:31.224748+00:00,9774.85002842
SOLUSDT,SHORT,47.907,48.79114285714285,55.27868007670054,48.79114285714285,46.13871428571428,48.8742501421,-48.87425014,5.3453457,-54.21959585,LOSS,STOP_LOSS,2026-07-26T11:15:31.227157+00:00,2026-07-26T11:15:31.236734+00:00,9720.63043257
BTCUSDT,LONG,36973.5,37339.24285714285,0.26577772450586074,36790.62857142857,37339.24285714285,48.60315216285,97.20630433,19.7506717,77.45563263,WIN,TAKE_PROFIT,2026-07-26T11:15:31.239070+00:00,2026-07-26T11:15:31.247965+00:00,9798.0860652
ETHUSDT,SHORT,2096.32,2128.3010714285715,1.5318570684981083,2128.3010714285715,2032.3578571428573,48.990430326,-48.99043033,6.47151565,-55.46194598,LOSS,STOP_LOSS,2026-07-26T11:15:31.250157+00:00,2026-07-26T11:15:31.258965+00:00,9742.62411922
SOLUSDT,LONG,48.866,48.050535714285715,59.73666958747424,48.050535714285715,50.49692857142857,48.713120596100005,-48.7131206,5.78947107,-54.50259167,LOSS,STOP_LOSS,2026-07-26T11:15:31.261249+00:00,2026-07-26T11:15:31.269244+00:00,9688.12152755
BTCUSDT,SHORT,37282.5,36701.4,0.16672038422904908,37573.049999999996,36701.4,48.440607637750006,96.88121528,12.33462423,84.54659104,WIN,TAKE_PROFIT,2026-07-26T11:15:31.271565+00:00,2026-07-26T11:15:31.284205+00:00,9772.66811859
ETHUSDT,LONG,2131.13,2096.887142857143,1.4269644728854813,2096.887142857143,2199.6157142857146,48.86334059295001,-48.86334059,6.03323025,-54.89657085,LOSS,STOP_LOSS,2026-07-26T11:15:31.286435+00:00,2026-07-26T11:15:31.294855+00:00,9717.77154774
SOLUSDT,SHORT,47.664,48.56239285714286,54.08419863580196,48.56239285714286,45.86721428571428,48.58885773870001,-48.58885774,5.20432735,-53.79318508,LOSS,STOP_LOSS,2026-07-26T11:15:31.297262+00:00,2026-07-26T11:15:31.308393+00:00,9663.97836266
BTCUSDT,LONG,36819.9,37107.79285714286,0.3356796850942582,36675.953571428574,37107.79285714286,48.31989181330001,96.63978363,24.81602466,71.82375897,WIN,TAKE_PROFIT,2026-07-26T11:15:31.310847+00:00,2026-07-26T11:15:31.322775+00:00,9735.80212163
ETHUSDT,SHORT,2104.35,2133.618214285714,1.6632039841224662,2133.618214285714,2045.8135714285713,48.67901060815001,-48.67901061,7.04860562,-55.72761623,LOSS,STOP_LOSS,2026-07-26T11:15:31.325173+00:00,2026-07-26T11:15:31.333867+00:00,9680.0745054
SOLUSDT,LONG,49.218,51.612857142857145,40.420258612383684,48.02057142857143,51.612857142857145,48.40037252700001,96.80074505,4.07560932,92.72513573,WIN,TAKE_PROFIT,2026-07-26T11:15:31.336231+00:00,2026-07-26T11:15:31.344786+00:00,9772.79964113
BTCUSDT,SHORT,37162.1,36773.021428571425,0.2511780488256508,37356.639285714286,36773.021428571425,48.863998205650006,97.72799641,18.57087954,79.15711687,WIN,TAKE_PROFIT,2026-07-26T11:15:31.347213+00:00,2026-07-26T11:15:31.355857+00:00,9851.956758
ETHUSDT,LONG,2134.26,2117.109642857143,2.872230786780789,2117.109642857143,2168.5607142857143,49.25978379,-49.25978379,12.21091477,-61.47069856,LOSS,STOP_LOSS,2026-07-26T11:15:31.358304+00:00,2026-07-26T11:15:31.366551+00:00,9790.48605944
SOLUSDT,SHORT,50.413,51.84646428571428,34.14973835417698,51.84646428571428,47.54607142857143,48.952430297199996,-48.9524303,3.49213395,-52.44456425,LOSS,STOP_LOSS,2026-07-26T11:15:31.369170+00:00,2026-07-26T11:15:31.378100+00:00,9738.04149519
BTCUSDT,LONG,36936.1,37385.799999999996,0.2165452856390929,36711.25,37385.799999999996,48.690207475950004,97.38041495,16.09405706,81.28635789,WIN,TAKE_PROFIT,2026-07-26T11:15:31.380673+00:00,2026-07-26T11:15:31.393537+00:00,9819.32785308
ETHUSDT,SHORT,2120.11,2083.938571428572,2.7146640984028556,2138.1957142857145,2083.938571428572,49.0966392654,98.19327853,11.41257972,86.78069881,WIN,TAKE_PROFIT,2026-07-26T11:15:31.396214+00:00,2026-07-26T11:15:31.406230+00:00,9906.10855189
SOLUSDT,LONG,51.91,54.60035714285714,36.82079376781097,50.56482142857143,54.60035714285714,49.53054275945,99.06108552,3.92179589,95.13928962,WIN,TAKE_PROFIT,2026-07-26T11:15:31.408907+00:00,2026-07-26T11:15:31.417785+00:00,10001.24784151
BTCUSDT,SHORT,37340.1,37018.99285714285,0.31146139424121594,37500.65357142857,37018.99285714285,50.006239207549996,100.01247842,23.15998674,76.85249168,WIN,TAKE_PROFIT,2026-07-26T11:15:31.420809+00:00,2026-07-26T11:15:31.431220+00:00,10078.10033319
ETHUSDT,LONG,2081.3,2066.699642857143,3.4513197980641377,2066.699642857143,2110.5007142857144,50.39050166595,-50.39050167,14.31607329,-64.70657496,LOSS,STOP_LOSS,2026-07-26T11:15:31.434759+00:00,2026-07-26T11:15:31.443244+00:00,10013.39375823
SOLUSDT,SHORT,53.431,54.83060714285714,35.77215867085661,54.83060714285714,50.63178571428571,50.066968791149996,-50.06696879,3.87275139,-53.93972018,LOSS,STOP_LOSS,2026-07-26T11:15:31.445866+00:00,2026-07-26T11:15:31.454056+00:00,9959.45403805
BTCUSDT,LONG,37049.0,36856.19642857143,0.2582798120453829,36856.19642857143,37434.607142857145,49.79727019024999,-49.79727019,19.08822024,-68.88549043,LOSS,STOP_LOSS,2026-07-26T11:15:31.457244+00:00,2026-07-26T11:15:31.465930+00:00,9890.56854762
ETHUSDT,SHORT,2072.57,2092.113928571429,2.5303429941099673,2092.113928571429,2033.482142857143,49.45284273809999,-49.45284274,10.5380788,-59.99092154,LOSS,STOP_LOSS,2026-07-26T11:15:31.469006+00:00,2026-07-26T11:15:31.478314+00:00,9830.57762608
SOLUSDT,LONG,54.049,56.99928571428571,33.32076476010072,52.57385714285714,56.99928571428571,49.15288813039999,98.30577626,3.70021381,94.60556246,WIN,TAKE_PROFIT,2026-07-26T11:15:31.482042+00:00,2026-07-26T11:15:31.490989+00:00,9925.18318854
BTCUSDT,SHORT,36858.8,37050.81071428572,0.258453889551475,37050.81071428572,36474.77857142857,49.62591594269998,-49.62591594,19.10222636,-68.72814231,LOSS,STOP_LOSS,2026-07-26T11:15:31.493693+00:00,2026-07-26T11:15:31.502549+00:00,9856.45504623
ETHUSDT,LONG,2085.62,2068.523214285714,2.8825462314808514,2068.523214285714,2119.8135714285713,49.28227523114999,-49.28227523,11.97450987,-61.2567851,LOSS,STOP_LOSS,2026-07-26T11:15:31.505548+00:00,2026-07-26T11:15:31.516656+00:00,9795.19826113
SOLUSDT,SHORT,56.691,53.98778571428572,36.235374727393335,58.04260714285714,53.98778571428572,48.975991305649984,97.95198261,4.01048727,93.94149534,WIN,TAKE_PROFIT,2026-07-26T11:15:31.519592+00:00,2026-07-26T11:15:31.528774+00:00,9889.13975647
BTCUSDT,LONG,37056.0,36923.03571428571,0.3718720295207584,36923.03571428571,37321.92857142857,49.44569878234998,-49.44569878,27.51073415,-76.95643294,LOSS,STOP_LOSS,2026-07-26T11:15:31.531433+00:00,2026-07-26T11:15:31.540116+00:00,9812.18332353
ETHUSDT,SHORT,2057.54,2076.285714285714,2.6171804322782335,2076.285714285714,2020.0485714285714,49.06091661764998,-49.06091662,10.81896777,-59.87988439,LOSS,STOP_LOSS,2026-07-26T11:15:31.542905+00:00,2026-07-26T11:15:31.553583+00:00,9752.30343914
SOLUSDT,LONG,54.037,57.15378571428572,31.28961800113668,52.47860714285714,57.15378571428572,48.76151719569998,97.52303439,3.47911721,94.04391718,WIN,TAKE_PROFIT,2026-07-26T11:15:31.556753+00:00,2026-07-26T11:15:31.566522+00:00,9846.34735632
BTCUSDT,SHORT,36882.1,36708.55,0.5673493146828043,36968.875,36708.55,49.231736781599984,98.46347356,41.75160484,56.71186872,WIN,TAKE_PROFIT,2026-07-26T11:15:31.569228+00:00,2026-07-26T11:15:31.577767+00:00,9903.05922504
ETHUSDT,LONG,2078.39,2068.4599999999996,4.986434655105699,2068.4599999999996,2098.25,49.51529612519998,-49.51529613,20.67799655,-70.19329267,LOSS,STOP_LOSS,2026-07-26T11:15:31.580589+00:00,2026-07-26T11:15:31.588760+00:00,9832.86593237
SOLUSDT,SHORT,57.071,58.06957142857143,49.23466489741766,58.06957142857143,55.073857142857136,49.16432966184999,-49.16432966,5.66890745,-54.83323711,LOSS,STOP_LOSS,2026-07-26T11:15:31.591999+00:00,2026-07-26T11:15:31.600522+00:00,9778.03269526
BTCUSDT,LONG,36795.6,36677.90357142857,0.41539207323210436,36677.90357142857,37030.99285714285,48.89016347629999,-48.89016348,30.52031098,-79.41047445,LOSS,STOP_LOSS,2026-07-26T11:15:31.605001+00:00,2026-07-26T11:15:31.613689+00:00,9698.62222081
ETHUSDT,SHORT,2073.84,2086.136785714286,3.943559905066364,2086.136785714286,2049.2464285714286,48.49311110404999,-48.4931111,16.40511766,-64.89822876,LOSS,STOP_LOSS,2026-07-26T11:15:31.616892+00:00,2026-07-26T11:15:31.626104+00:00,9633.72399205
SOLUSDT,LONG,58.516,60.823214285714286,41.75478650465925,57.36239285714285,60.823214285714286,48.16861996024999,96.33723992,4.98298341,91.35425651,WIN,TAKE_PROFIT,2026-07-26T11:15:31.629071+00:00,2026-07-26T11:15:31.637344+00:00,9725.07824856
BTCUSDT,SHORT,36812.2,37002.53928571428,0.25546692087407813,37002.53928571428,36431.521428571425,48.625391242799985,-48.62539124,18.85722416,-67.4826154,LOSS,STOP_LOSS,2026-07-26T11:15:31.640314+00:00,2026-07-26T11:15:31.650881+00:00,9657.59563316
ETHUSDT,LONG,2086.57,2073.194285714286,3.61012332757238,2073.194285714286,2113.3214285714284,48.287978165799984,-48.28797817,15.01726209,-63.30524025,LOSS,STOP_LOSS,2026-07-26T11:15:31.654270+00:00,2026-07-26T11:15:31.662888+00:00,9594.29039291
SOLUSDT,SHORT,61.552,63.13964285714286,30.2155184012102,63.13964285714286,58.376714285714286,47.971451964549985,-47.97145196,3.76762263,-51.73907459,LOSS,STOP_LOSS,2026-07-26T11:15:31.665782+00:00,2026-07-26T11:15:31.674216+00:00,9542.55131832
BTCUSDT,LONG,37045.0,36838.35357142857,0.23089078732908208,36838.35357142857,37458.29285714286,47.71275659159999,-47.71275659,17.05898568,-64.77174227,LOSS,STOP_LOSS,2026-07-26T11:15:31.677270+00:00,2026-07-26T11:15:31.685459+00:00,9477.77957605
ETHUSDT,SHORT,2072.07,2044.9864285714289,3.499457079006793,2085.611785714286,2044.9864285714289,47.388897880249985,94.77779576,14.40746226,80.3703335,WIN,TAKE_PROFIT,2026-07-26T11:15:31.688803+00:00,2026-07-26T11:15:31.697776+00:00,9558.14990955
SOLUSDT,LONG,62.933,61.20585714285714,27.67040916743173,61.20585714285714,66.38728571428572,47.79074954774998,-47.79074955,3.43497297,-51.22572252,LOSS,STOP_LOSS,2026-07-26T11:15:31.701908+00:00,2026-07-26T11:15:31.710295+00:00,9506.92418703
BTCUSDT,SHORT,36785.0,36362.94285714286,0.2252520623788588,36996.02857142857,36362.94285714286,47.53462093514999,95.06924187,16.47672499,78.59251688,WIN,TAKE_PROFIT,2026-07-26T11:15:31.713358+00:00,2026-07-26T11:15:31.722378+00:00,9585.51670391
ETHUSDT,LONG,2046.79,2035.4435714285712,4.224023728509226,2035.4435714285712,2069.4828571428575,47.92758351954999,-47.92758352,17.24345147,-65.17103499,LOSS,STOP_LOSS,2026-07-26T11:15:31.725589+00:00,2026-07-26T11:15:31.733749+00:00,9520.34566892
SOLUSDT,SHORT,63.086,59.08978571428571,23.82341132945107,65.08410714285714,59.08978571428571,47.60172834459999,95.20345669,2.910644,92.29281269,WIN,TAKE_PROFIT,2026-07-26T11:15:31.736990+00:00,2026-07-26T11:15:31.745615+00:00,9612.63848161
BTCUSDT,LONG,36476.0,36284.96428571429,0.2515927065667237,36284.96428571429,36858.07142857143,48.06319240804999,-48.06319241,18.30612794,-66.36932035,LOSS,STOP_LOSS,2026-07-26T11:15:31.748822+00:00,2026-07-26T11:15:31.758136+00:00,9546.26916126
ETHUSDT,SHORT,2037.0,2049.5442857142857,3.805026997427357,2049.5442857142857,2011.9114285714284,47.731345806299984,-47.73134581,15.54941133,-63.28075714,LOSS,STOP_LOSS,2026-07-26T11:15:31.761404+00:00,2026-07-26T11:15:31.770055+00:00,9482.98840412
SOLUSDT,LONG,58.78,56.24328571428572,18.69147908679393,56.24328571428572,63.85342857142857,47.41494202059998,-47.41494202,2.14995534,-49.56489736,LOSS,STOP_LOSS,2026-07-26T11:15:31.773613+00:00,2026-07-26T11:15:31.784008+00:00,9433.42350676
BTCUSDT,SHORT,36378.0,36621.80357142857,0.19346360374224034,36621.80357142857,35890.392857142855,47.16711753379998,-47.16711753,14.12280507,-61.28992261,LOSS,STOP_LOSS,2026-07-26T11:15:31.787554+00:00,2026-07-26T11:15:31.796506+00:00,9372.13358415
ETHUSDT,LONG,2054.52,2040.1767857142856,3.2670966902741365,2040.1767857142856,2083.2064285714287,46.86066792074998,-46.86066792,13.37777032,-60.23843824,LOSS,STOP_LOSS,2026-07-26T11:15:31.799792+00:00,2026-07-26T11:15:31.808071+00:00,9311.89514591
SOLUSDT,SHORT,56.093,57.78928571428572,27.447897095069017,57.78928571428572,52.700428571428574,46.55947572954999,-46.55947573,3.12582926,-49.68530499,LOSS,STOP_LOSS,2026-07-26T11:15:31.811343+00:00,2026-07-26T11:15:31.819550+00:00,9262.20984092
BTCUSDT,LONG,36643.1,36558.21071428571,0.5455464587188382,36558.21071428571,36812.87857142857,46.31104920459998,-46.3110492,39.93471583,-86.24576504,LOSS,STOP_LOSS,2026-07-26T11:15:31.822873+00:00,2026-07-26T11:15:31.831890+00:00,9175.96407588
ETHUSDT,SHORT,2037.84,2052.1060714285713,3.2160094395373613,2052.1060714285713,2009.307857142857,45.87982037939999,-45.87982038,13.15330517,-59.03312555,LOSS,STOP_LOSS,2026-07-26T11:15:31.835388+00:00,2026-07-26T11:15:31.844746+00:00,9116.93095033
SOLUSDT,LONG,57.647,56.01349999999999,27.906124733180224,56.01349999999999,60.914,45.584654751649985,-45.58465475,3.17182409,-48.75647884,LOSS,STOP_LOSS,2026-07-26T11:15:31.848084+00:00,2026-07-26T11:15:31.857207+00:00,9068.17447149
BTCUSDT,SHORT,36619.6,36394.899999999994,0.4035680672670176,36731.95,36394.899999999994,45.34087235744999,90.68174471,29.46632065,61.21542407,WIN,TAKE_PROFIT,2026-07-26T11:15:31.860816+00:00,2026-07-26T11:15:31.869623+00:00,9129.38989556
ETHUSDT,LONG,2050.7,2036.6460714285713,3.247985020402015,2036.6460714285713,2078.807857142857,45.64694947779999,-45.64694948,13.27563881,-58.92258829,LOSS,STOP_LOSS,2026-07-26T11:15:31.873085+00:00,2026-07-26T11:15:31.882916+00:00,9070.46730727
SOLUSDT,SHORT,55.269,57.04071428571429,25.59799675491449,57.04071428571429,51.72557142857142,45.352336536349995,-45.35233654,2.8749037,-48.22724024,LOSS,STOP_LOSS,2026-07-26T11:15:31.886308+00:00,2026-07-26T11:15:31.895191+00:00,9022.24006703
BTCUSDT,LONG,36404.7,36256.46785714285,0.3043280591215982,36256.46785714285,36701.16428571429,45.111200335149995,-45.11120034,22.11283219,-67.22403252,LOSS,STOP_LOSS,2026-07-26T11:15:31.898751+00:00,2026-07-26T11:15:31.908350+00:00,8955.01603451
ETHUSDT,SHORT,2041.0,2048.7635714285716,5.767330227396188,2048.7635714285716,2025.472857142857,44.77508017255,-44.77508017,23.58701707,-68.36209724,LOSS,STOP_LOSS,2026-07-26T11:15:31.911856+00:00,2026-07-26T11:15:31.920535+00:00,8886.65393727
SOLUSDT,LONG,56.73,59.82321428571428,28.729512786463477,55.183392857142856,59.82321428571428,44.433269686349995,88.86653937,3.34851706,85.51802231,WIN,TAKE_PROFIT,2026-07-26T11:15:31.923926+00:00,2026-07-26T11:15:31.932606+00:00,8972.17195958
BTCUSDT,SHORT,36323.2,36492.93571428571,0.2642982944790621,36492.93571428571,35983.72857142857,44.86085979789999,-44.8608598,19.24518048,-64.10604028,LOSS,STOP_LOSS,2026-07-26T11:15:31.936019+00:00,2026-07-26T11:15:31.944895+00:00,8908.0659193
ETHUSDT,LONG,2048.68,2064.912142857143,5.487917398028504,2040.5639285714283,2064.912142857143,44.540329596499994,89.08065919,22.57505389,66.5056053,WIN,TAKE_PROFIT,2026-07-26T11:15:31.948395+00:00,2026-07-26T11:15:31.960111+00:00,8974.5715246
SOLUSDT,SHORT,59.607,61.088142857142856,30.296103719232228,61.088142857142856,56.64471428571428,44.872857623,-44.87285762,3.65659257,-48.52945019,LOSS,STOP_LOSS,2026-07-26T11:15:31.965017+00:00,2026-07-26T11:15:31.980106+00:00,8926.04207441
BTCUSDT,LONG,36492.0,36309.31071428571,0.2442957188077719,36309.31071428571,36857.37857142857,44.630210372049994,-44.63021037,17.78504853,-62.4152589,LOSS,STOP_LOSS,2026-07-26T11:15:31.985538+00:00,2026-07-26T11:15:31.996185+00:00,8863.62681551
ETHUSDT,SHORT,2052.29,2063.0792857142856,4.107605938998324,2063.0792857142856,2030.7114285714283,44.31813407754999,-44.31813408,16.90431532,-61.2224494,LOSS,STOP_LOSS,2026-07-26T11:15:31.999950+00:00,2026-07-26T11:15:32.009251+00:00,8802.40436611
SOLUSDT,LONG,61.664,60.11053571428572,28.331531168940362,60.11053571428572,64.77092857142857,44.01202183054999,-44.01202183,3.45005905,-47.46208088,LOSS,STOP_LOSS,2026-07-26T11:15:32.013029+00:00,2026-07-26T11:15:32.021425+00:00,8754.94228523
BTCUSDT,SHORT,36271.7,35826.15714285714,0.1965005643087394,36494.47142857143,35826.15714285714,43.77471142615,87.54942285,14.16726961,73.38215324,WIN,TAKE_PROFIT,2026-07-26T11:15:32.025065+00:00,2026-07-26T11:15:32.033807+00:00,8828.32443847
ETHUSDT,LONG,2064.6,2056.455,5.419474793413187,2056.455,2080.89,44.14162219235,-44.14162219,22.33395369,-66.47557589,LOSS,STOP_LOSS,2026-07-26T11:15:32.037638+00:00,2026-07-26T11:15:32.047072+00:00,8761.84886258
SOLUSDT,SHORT,60.048,56.736428571428576,26.458281367525117,61.703785714285715,56.736428571428576,43.8092443129,87.61848863,3.08991527,84.52857336,WIN,TAKE_PROFIT,2026-07-26T11:15:32.050658+00:00,2026-07-26T11:15:32.060311+00:00,8846.37743594
BTCUSDT,LONG,36206.9,35921.42857142857,0.15494330693984834,35921.42857142857,36777.84285714286,44.231887179699996,-44.23188718,11.17580175,-55.40768893,LOSS,STOP_LOSS,2026-07-26T11:15:32.064015+00:00,2026-07-26T11:15:32.075977+00:00,8790.96974701
ETHUSDT,SHORT,2057.97,2041.3971428571429,5.304438257828672,2066.2564285714284,2041.3971428571429,43.95484873505,87.90969747,21.74483991,66.16485756,WIN,TAKE_PROFIT,2026-07-26T11:15:32.080603+00:00,2026-07-26T11:15:32.089241+00:00,8857.13460457
SOLUSDT,LONG,56.907,55.89267857142857,43.66039381147848,55.89267857142857,58.93564285714285,44.28567302285,-44.28567302,4.92487839,-49.21055141,LOSS,STOP_LOSS,2026-07-26T11:15:32.093076+00:00,2026-07-26T11:15:32.104146+00:00,8807.92405316
BTCUSDT,SHORT,35889.0,35250.21428571428,0.1378854263046405,36208.392857142855,35250.21428571428,44.039620265799996,88.07924053,9.80906089,78.27017964,WIN,TAKE_PROFIT,2026-07-26T11:15:32.109138+00:00,2026-07-26T11:15:32.118563+00:00,8886.1942328
ETHUSDT,LONG,2041.24,2063.9564285714287,3.911791946017671,2029.8817857142858,2063.9564285714287,44.43097116399999,88.86194233,16.05867433,72.803268,WIN,TAKE_PROFIT,2026-07-26T11:15:32.123949+00:00,2026-07-26T11:15:32.133208+00:00,8958.9975008
SOLUSDT,SHORT,55.74,56.882464285714285,39.20909219144084,56.882464285714285,53.45507142857143,44.79498750399999,-44.7949875,4.41582459,-49.21081209,LOSS,STOP_LOSS,2026-07-26T11:15:32.138288+00:00,2026-07-26T11:15:32.149829+00:00,8909.78668871
BTCUSDT,LONG,35239.5,36184.47857142857,0.09428559501873826,34767.010714285716,36184.47857142857,44.54893344355,89.09786689,6.73425232,82.36361457,WIN,TAKE_PROFIT,2026-07-26T11:15:32.153672+00:00,2026-07-26T11:15:32.164453+00:00,8992.15030328
ETHUSDT,SHORT,2074.99,2044.6321428571423,2.9620504046003315,2090.1689285714283,2044.6321428571423,44.960751516399995,89.92150303,12.20252844,77.7189746,WIN,TAKE_PROFIT,2026-07-26T11:15:32.168218+00:00,2026-07-26T11:15:32.176764+00:00,9069.86927788
SOLUSDT,LONG,56.928,55.77417857142857,39.30360909100817,55.77417857142857,59.23564285714285,45.3493463894,-45.34934639,4.42960237,-49.77894876,LOSS,STOP_LOSS,2026-07-26T11:15:32.183418+00:00,2026-07-26T11:15:32.192295+00:00,9020.09032912
BTCUSDT,SHORT,36186.1,36344.77857142857,0.284225218563313,36344.77857142857,35868.74285714285,45.100451645599996,-45.10045165,20.61510481,-65.71555646,LOSS,STOP_LOSS,2026-07-26T11:15:32.196077+00:00,2026-07-26T11:15:32.204194+00:00,8954.37477266
ETHUSDT,LONG,2041.16,2072.5228571428574,2.855088977344418,2025.4785714285713,2072.5228571428574,44.771873863299994,89.54374773,11.74493058,77.79881714,WIN,TAKE_PROFIT,2026-07-26T11:15:32.208021+00:00,2026-07-26T11:15:32.217774+00:00,9032.1735898
SOLUSDT,SHORT,56.375,57.27157142857143,50.370630280911435,57.27157142857143,54.581857142857146,45.16086794899999,-45.16086795,5.72444943,-50.88531738,LOSS,STOP_LOSS,2026-07-26T11:15:32.221675+00:00,2026-07-26T11:15:32.230373+00:00,8981.28827242
BTCUSDT,LONG,36338.0,36154.142857142855,0.24424637881483863,36154.142857142855,36705.71428571429,44.9064413621,-44.90644136,17.70594339,-62.61238475,LOSS,STOP_LOSS,2026-07-26T11:15:32.234390+00:00,2026-07-26T11:15:32.243140+00:00,8918.67588767
ETHUSDT,SHORT,2050.37,2064.307142857143,3.1996069707712995,2064.307142857143,2022.495714285714,44.59337943834999,-44.59337944,13.16534967,-57.75872911,LOSS,STOP_LOSS,2026-07-26T11:15:32.247146+00:00,2026-07-26T11:15:32.255146+00:00,8860.91715856
SOLUSDT,LONG,57.6,56.444250000000004,38.33405649387843,56.444250000000004,59.911500000000004,44.30458579279999,-44.30458579,4.37177872,-48.67636452,LOSS,STOP_LOSS,2026-07-26T11:15:32.259101+00:00,2026-07-26T11:15:32.269303+00:00,8812.24079404
BTCUSDT,SHORT,36114.5,36312.478571428575,0.22255541926716327,36312.478571428575,35718.54285714286,44.06120397019998,-44.06120397,16.11901658,-60.18022055,LOSS,STOP_LOSS,2026-07-26T11:15:32.273395+00:00,2026-07-26T11:15:32.281903+00:00,8752.06057349
ETHUSDT,LONG,2077.26,2112.9428571428575,2.452735367700769,2059.418571428572,2112.9428571428575,43.76030286744998,87.52060573,10.27745875,77.24314699,WIN,TAKE_PROFIT,2026-07-26T11:15:32.285842+00:00,2026-07-26T11:15:32.293955+00:00,8829.30372048
SOLUSDT,SHORT,57.112,58.251464285714285,38.74322271954866,58.251464285714285,54.83307142857143,44.146518602399986,-44.1465186,4.46955239,-48.61607099,LOSS,STOP_LOSS,2026-07-26T11:15:32.299841+00:00,2026-07-26T11:15:32.308453+00:00,8780.68764949
BTCUSDT,LONG,36266.1,36680.44285714285,0.2119184027942025,36058.92857142857,36680.44285714285,43.903438247449984,87.80687649,15.45871485,72.34816164,WIN,TAKE_PROFIT,2026-07-26T11:15:32.312420+00:00,2026-07-26T11:15:32.320731+00:00,8853.03581113
ETHUSDT,SHORT,2109.72,2060.3549999999996,1.7933831279509744,2134.4024999999997,2060.3549999999996,44.26517905564999,88.53035811,7.47854215,81.05181596,WIN,TAKE_PROFIT,2026-07-26T11:15:32.324905+00:00,2026-07-26T11:15:32.335086+00:00,8934.08762709
SOLUSDT,LONG,58.723,57.5035,36.630125572324715,57.5035,61.162,44.670438135449984,-44.67043814,4.25739129,-48.92782943,LOSS,STOP_LOSS,2026-07-26T11:15:32.339247+00:00,2026-07-26T11:15:32.349224+00:00,8885.15979766
BTCUSDT,SHORT,37092.6,37405.114285714284,0.14215605819989996,37405.114285714284,36467.57142857143,44.42579898829999,-44.42579899,10.59030141,-55.0161004,LOSS,STOP_LOSS,2026-07-26T11:15:32.353282+00:00,2026-07-26T11:15:32.361432+00:00,8830.14369726
ETHUSDT,LONG,2063.74,2048.9103571428573,2.9771936459706985,2048.9103571428573,2093.3992857142853,44.150718486299986,-44.15071849,12.24415651,-56.394875,LOSS,STOP_LOSS,2026-07-26T11:15:32.365552+00:00,2026-07-26T11:15:32.373610+00:00,8773.74882226
SOLUSDT,SHORT,55.594,52.27364285714285,26.42411175898459,57.254178571428575,52.27364285714285,43.86874411129998,87.73748822,2.85030665,84.88718157,WIN,TAKE_PROFIT,2026-07-26T11:15:32.378388+00:00,2026-07-26T11:15:32.387796+00:00,8858.63600383
BTCUSDT,LONG,37166.6,37913.23571428571,0.11864736489741638,36793.28214285714,37913.23571428571,44.293180019149986,88.58636004,8.90802466,79.67833537,WIN,TAKE_PROFIT,2026-07-26T11:15:32.391955+00:00,2026-07-26T11:15:32.400640+00:00,8938.3143392
ETHUSDT,SHORT,2073.87,2038.0457142857144,2.4950432816684764,2091.782142857143,2038.0457142857144,44.69157169599998,89.38314339,10.25940768,79.12373571,WIN,TAKE_PROFIT,2026-07-26T11:15:32.404779+00:00,2026-07-26T11:15:32.413144+00:00,9017.43807491
SOLUSDT,LONG,54.221,51.951499999999996,19.86657430030844,51.951499999999996,58.75999999999999,45.087190374549984,-45.08719037,2.10928386,-47.19647423,LOSS,STOP_LOSS,2026-07-26T11:15:32.417340+00:00,2026-07-26T11:15:32.426298+00:00,8970.24160068
BTCUSDT,SHORT,37789.1,37104.457142857136,0.13102074325458432,38131.421428571426,37104.457142857136,44.85120800339998,89.70241601,9.81260952,79.88980648,WIN,TAKE_PROFIT,2026-07-26T11:15:32.431428+00:00,2026-07-26T11:15:32.441724+00:00,9050.13140716
ETHUSDT,LONG,2044.01,2019.7914285714285,1.8684280024219857,2019.7914285714285,2092.447142857143,45.250657035799975,-45.25065704,7.59292039,-52.84357742,LOSS,STOP_LOSS,2026-07-26T11:15:32.446030+00:00,2026-07-26T11:15:32.456167+00:00,8997.28782974
SOLUSDT,SHORT,52.277,53.48192857142857,37.33535764312054,53.48192857142857,49.86714285714286,44.98643914869997,-44.98643915,3.94854742,-48.93498657,LOSS,STOP_LOSS,2026-07-26T11:15:32.460388+00:00,2026-07-26T11:15:32.469108+00:00,8948.35284317
BTCUSDT,LONG,37095.0,36887.91428571429,0.2160543249937564,36887.91428571429,37509.171428571426,44.74176421584997,-44.74176422,15.98432861,-60.72609282,LOSS,STOP_LOSS,2026-07-26T11:15:32.473348+00:00,2026-07-26T11:15:32.481613+00:00,8887.62675035
ETHUSDT,SHORT,2033.59,2046.2617857142857,3.5068564726163283,2046.2617857142857,2008.2464285714284,44.43813375174997,-44.43813375,14.30745464,-58.74558839,LOSS,STOP_LOSS,2026-07-26T11:15:32.485873+00:00,2026-07-26T11:15:32.493965+00:00,8828.88116196
SOLUSDT,LONG,53.25,56.156357142857146,30.377826013772726,51.79682142857143,56.156357142857146,44.14440580979997,88.28881162,3.32352728,84.96528434,WIN,TAKE_PROFIT,2026-07-26T11:15:32.498190+00:00,2026-07-26T11:15:32.508529+00:00,8913.8464463
BTCUSDT,SHORT,36929.1,36487.54285714286,0.20187299855737742,37149.87857142857,36487.54285714286,44.569232231499974,89.13846446,14.82083784,74.31762663,WIN,TAKE_PROFIT,2026-07-26T11:15:32.512852+00:00,2026-07-26T11:15:32.521283+00:00,8988.16407293
ETHUSDT,LONG,2044.9,2030.271785714286,3.0722013970316646,2030.271785714286,2074.1564285714285,44.94082036464997,-44.94082036,12.51974845,-57.46056882,LOSS,STOP_LOSS,2026-07-26T11:15:32.525720+00:00,2026-07-26T11:15:32.534307+00:00,8930.70350411
SOLUSDT,SHORT,56.792,53.65357142857143,28.455971837029455,58.36121428571428,53.65357142857143,44.65351752054997,89.30703504,3.14283607,86.16419897,WIN,TAKE_PROFIT,2026-07-26T11:15:32.538838+00:00,2026-07-26T11:15:32.547245+00:00,9016.86770308
BTCUSDT,LONG,36747.0,36439.00714285714,0.14638111719093633,36439.00714285714,37362.985714285714,45.08433851539997,-45.08433852,10.71304949,-55.797388,LOSS,STOP_LOSS,2026-07-26T11:15:32.551765+00:00,2026-07-26T11:15:32.559943+00:00,8961.07031508
ETHUSDT,SHORT,2032.0,2047.6567857142857,2.861720942793394,2047.6567857142857,2000.6864285714285,44.80535157539996,-44.80535158,11.67483926,-56.48019084,LOSS,STOP_LOSS,2026-07-26T11:15:32.564344+00:00,2026-07-26T11:15:32.572324+00:00,8904.59012424
SOLUSDT,LONG,54.281,52.32060714285714,22.711238953445903,52.32060714285714,58.20178571428571,44.52295062119996,-44.52295062,2.42105457,-46.94400519,LOSS,STOP_LOSS,2026-07-26T11:15:32.576851+00:00,2026-07-26T11:15:32.585206+00:00,8857.64611905
BTCUSDT,SHORT,36583.1,35894.04285714285,0.12854733763185658,36927.62857142857,35894.04285714285,44.28823059524996,88.57646119,9.31674375,79.25971744,WIN,TAKE_PROFIT,2026-07-26T11:15:32.589787+00:00,2026-07-26T11:15:32.598321+00:00,8936.90583649
ETHUSDT,LONG,2049.5,2032.169642857143,2.578396325829154,2032.169642857143,2084.160714285714,44.68452918244996,-44.68452918,10.52416201,-55.20869119,LOSS,STOP_LOSS,2026-07-26T11:15:32.602901+00:00,2026-07-26T11:15:32.611136+00:00,8881.6971453
SOLUSDT,SHORT,53.791,55.518249999999995,25.710514243161064,55.518249999999995,50.336499999999994,44.408485726499954,-44.40848573,2.81039703,-47.21888276,LOSS,STOP_LOSS,2026-07-26T11:15:32.615611+00:00,2026-07-26T11:15:32.624029+00:00,8834.47826254
BTCUSDT,LONG,36049.5,35752.62857142857,0.1487930028337898,35752.62857142857,36643.24285714286,44.17239131269996,-44.17239131,10.68365432,-54.85604563,LOSS,STOP_LOSS,2026-07-26T11:15:32.628670+00:00,2026-07-26T11:15:32.637448+00:00,8779.62221691
ETHUSDT,SHORT,2025.3,1991.732142857143,2.6154848608732837,2042.0839285714285,1991.732142857143,43.89811108454995,87.79622217,10.50648676,77.28973541,WIN,TAKE_PROFIT,2026-07-26T11:15:32.642427+00:00,2026-07-26T11:15:32.650813+00:00,8856.91195232
SOLUSDT,LONG,55.973,59.249,27.03575077020754,54.335,59.249,44.28455976159996,88.56911952,3.11511328,85.45400625,WIN,TAKE_PROFIT,2026-07-26T11:15:32.655505+00:00,2026-07-26T11:15:32.666118+00:00,8942.36595857
BTCUSDT,SHORT,35777.6,36089.396428571425,0.14340071179682212,36089.396428571425,35154.00714285714,44.711829792849954,-44.71182979,10.30577844,-55.01760824,LOSS,STOP_LOSS,2026-07-26T11:15:32.670899+00:00,2026-07-26T11:15:32.680703+00:00,8887.34835033
ETHUSDT,LONG,1997.41,1975.9439285714286,2.070091954157229,1975.9439285714286,2040.3421428571428,44.43674175164996,-44.43674175,8.225208,-52.66194975,LOSS,STOP_LOSS,2026-07-26T11:15:32.686158+00:00,2026-07-26T11:15:32.694391+00:00,8834.68640058
SOLUSDT,SHORT,59.101,60.102892857142855,44.08997597694362,60.102892857142855,57.09721428571429,44.173432002899965,-44.173432,5.25569677,-49.42912878,LOSS,STOP_LOSS,2026-07-26T11:15:32.699127+00:00,2026-07-26T11:15:32.707760+00:00,8785.2572718
BTCUSDT,LONG,36100.7,36801.22142857143,0.12541025746658097,35750.43928571428,36801.22142857143,43.92628635899996,87.85257272,9.14264874,78.70992398,WIN,TAKE_PROFIT,2026-07-26T11:15:32.712333+00:00,2026-07-26T11:15:32.723367+00:00,8863.96719578
ETHUSDT,SHORT,1966.47,1995.5710714285715,1.522962344794867,1995.5710714285715,1908.2678571428573,44.31983597889997,-44.31983598,6.03403936,-50.35387534,LOSS,STOP_LOSS,2026-07-26T11:15:32.728104+00:00,2026-07-26T11:15:32.736347+00:00,8813.61332044
SOLUSDT,LONG,61.442,63.4535,43.81612388983342,60.43625,63.4535,44.06806660219996,88.1361332,5.4724367,82.6636965,WIN,TAKE_PROFIT,2026-07-26T11:15:32.741153+00:00,2026-07-26T11:15:32.749161+00:00,8896.27701694
BTCUSDT,SHORT,36379.5,36735.91071428572,0.12480372587520405,36735.91071428572,35666.67857142857,44.48138508469996,-44.48138508,9.12507568,-53.60646076,LOSS,STOP_LOSS,2026-07-26T11:15:32.753956+00:00,2026-07-26T11:15:32.763345+00:00,8842.67055618
ETHUSDT,LONG,1987.1,2049.452857142857,1.4181660570774623,1955.9235714285714,2049.452857142857,44.21335278089996,88.42670556,5.72450225,82.70220331,WIN,TAKE_PROFIT,2026-07-26T11:15:32.768134+00:00,2026-07-26T11:15:32.780310+00:00,8925.37275949
SOLUSDT,SHORT,63.619,61.18492857142857,36.66849154352198,64.83603571428571,61.18492857142857,44.62686379744996,89.25372759,4.5763718,84.6773558,WIN,TAKE_PROFIT,2026-07-26T11:15:32.785120+00:00,2026-07-26T11:15:32.793905+00:00,9010.05011529
BTCUSDT,LONG,36621.5,36441.52142857143,0.250308968555901,36441.52142857143,36981.45714285714,45.05025057644996,-45.05025058,18.28832953,-63.33858011,LOSS,STOP_LOSS,2026-07-26T11:15:32.801214+00:00,2026-07-26T11:15:32.809794+00:00,8946.71153518
ETHUSDT,SHORT,2039.12,2059.157857142857,2.232452170757496,2059.157857142857,1999.0442857142857,44.73355767589997,-44.73355768,9.1492093,-53.88276697,LOSS,STOP_LOSS,2026-07-26T11:15:32.814578+00:00,2026-07-26T11:15:32.822905+00:00,8892.82876821
SOLUSDT,LONG,61.251,63.68892857142857,36.47698653861295,60.03203571428571,63.68892857142857,44.46414384104996,88.92828768,4.55743209,84.37085559,WIN,TAKE_PROFIT,2026-07-26T11:15:32.827838+00:00,2026-07-26T11:15:32.836216+00:00,8977.1996238
BTCUSDT,SHORT,36412.1,36579.24285714285,0.2685487066948728,36579.24285714285,36077.81428571429,44.88599811899996,-44.88599812,19.60173072,-64.48772884,LOSS,STOP_LOSS,2026-07-26T11:15:32.841160+00:00,2026-07-26T11:15:32.852005+00:00,8912.71189496
ETHUSDT,LONG,2055.4,2032.7253571428573,1.9653478008700715,2032.7253571428573,2100.7492857142856,44.56355947479996,-44.56355947,8.03458818,-52.59814766,LOSS,STOP_LOSS,2026-07-26T11:15:32.856958+00:00,2026-07-26T11:15:32.868078+00:00,8860.1137473
SOLUSDT,SHORT,64.981,66.7035357142857,25.71822945039492,66.7035357142857,61.53592857142856,44.300568736499955,-44.30056874,3.3866931,-47.68726184,LOSS,STOP_LOSS,2026-07-26T11:15:32.873065+00:00,2026-07-26T11:15:32.881148+00:00,8812.42648546
BTCUSDT,LONG,36503.8,36712.90000000001,0.4214455516719225,36399.25,36712.90000000001,44.06213242729996,88.12426485,30.85685252,57.26741233,WIN,TAKE_PROFIT,2026-07-26T11:15:32.886085+00:00,2026-07-26T11:15:32.894606+00:00,8869.69389779
ETHUSDT,SHORT,2036.03,1993.2071428571428,2.071252244613354,2057.4414285714283,1993.2071428571428,44.34846948894996,88.69693898,8.34556648,80.3513725,WIN,TAKE_PROFIT,2026-07-26T11:15:32.899682+00:00,2026-07-26T11:15:32.908240+00:00,8950.04527029
SOLUSDT,LONG,66.596,64.78335714285714,24.687834216822285,64.78335714285714,70.22128571428571,44.75022635144995,-44.75022635,3.24347179,-47.99369814,LOSS,STOP_LOSS,2026-07-26T11:15:32.913216+00:00,2026-07-26T11:15:32.921760+00:00,8902.05157215
BTCUSDT,SHORT,36821.0,36542.04285714286,0.31911896863342776,36960.478571428575,36542.04285714286,44.51025786074995,89.02051572,23.41153857,65.60897715,WIN,TAKE_PROFIT,2026-07-26T11:15:32.926842+00:00,2026-07-26T11:15:32.935612+00:00,8967.6605493
ETHUSDT,LONG,2004.07,1979.1946428571428,1.8025189543610256,1979.1946428571428,2053.820714285714,44.83830274649995,-44.83830275,7.17991002,-52.01821277,LOSS,STOP_LOSS,2026-07-26T11:15:32.940644+00:00,2026-07-26T11:15:32.949464+00:00,8915.64233653
SOLUSDT,SHORT,65.143,66.72239285714285,28.224903943970325,66.72239285714285,61.98421428571429,44.57821168264994,-44.57821168,3.72188805,-48.30009973,LOSS,STOP_LOSS,2026-07-26T11:15:32.954924+00:00,2026-07-26T11:15:32.963678+00:00,8867.3422368
BTCUSDT,LONG,36599.9,36495.43571428572,0.42441979936820456,36495.43571428572,36808.828571428574,44.33671118399994,-44.33671118,31.02310772,-75.3598189,LOSS,STOP_LOSS,2026-07-26T11:15:32.968732+00:00,2026-07-26T11:15:32.977639+00:00,8791.9824179
ETHUSDT,SHORT,1987.0,1942.3514285714286,1.9691520101522964,2009.3242857142857,1942.3514285714286,43.95991208949994,87.91982418,7.73749026,80.18233391,WIN,TAKE_PROFIT,2026-07-26T11:15:32.982839+00:00,2026-07-26T11:15:32.990950+00:00,8872.16475181
SOLUSDT,LONG,66.0,64.69039285714285,33.87338256438408,64.69039285714285,68.61921428571428,44.360823759049936,-44.36082376,4.42692567,-48.78774943,LOSS,STOP_LOSS,2026-07-26T11:15:32.995997+00:00,2026-07-26T11:15:33.005175+00:00,8823.37700238
BTCUSDT,SHORT,36500.1,36605.13214285714,0.42003222834275034,36605.13214285714,36290.03571428571,44.11688501189994,-44.11688501,30.70655356,-74.82343857,LOSS,STOP_LOSS,2026-07-26T11:15:33.010226+00:00,2026-07-26T11:15:33.019705+00:00,8748.55356381
ETHUSDT,LONG,1950.2,1929.1057142857144,2.073678550273254,1929.1057142857144,1992.3885714285716,43.74276781904994,-43.74276782,8.04443305,-51.78720087,LOSS,STOP_LOSS,2026-07-26T11:15:33.024845+00:00,2026-07-26T11:15:33.036266+00:00,8696.76636294
SOLUSDT,SHORT,65.005,62.411928571428575,33.53847590589211,66.3015357142857,62.411928571428575,43.48383181469994,86.96766363,4.27336959,82.69429404,WIN,TAKE_PROFIT,2026-07-26T11:15:33.041518+00:00,2026-07-26T11:15:33.050431+00:00,8779.46065698
ETHUSDT,SHORT,1933.84,1948.8989285714285,2.915034962592664,1948.8989285714285,1903.7221428571427,43.89730328489995,-43.89730328,11.31831973,-55.21562301,LOSS,STOP_LOSS,2026-07-26T11:15:33.056598+00:00,2026-07-26T11:15:33.065529+00:00,8724.24503397
SOLUSDT,LONG,63.016,61.67467857142857,32.52108274771146,61.67467857142857,65.69864285714286,43.62122516984994,-43.62122517,4.05507588,-47.67630105,LOSS,STOP_LOSS,2026-07-26T11:15:33.070997+00:00,2026-07-26T11:15:33.079105+00:00,8676.56873292
BTCUSDT,SHORT,36643.1,36478.549999999996,0.5272907160692631,36725.375,36478.549999999996,43.38284366459994,86.76568733,38.55636719,48.20932014,WIN,TAKE_PROFIT,2026-07-26T11:15:33.084537+00:00,2026-07-26T11:15:33.093324+00:00,8724.77805306
ETHUSDT,LONG,1945.68,1927.5610714285715,2.4076418256921484,1927.5610714285715,1981.9178571428572,43.62389026529994,-43.62389027,9.3253772,-52.94926747,LOSS,STOP_LOSS,2026-07-26T11:15:33.098757+00:00,2026-07-26T11:15:33.108535+00:00,8671.82878559
SOLUSDT,SHORT,62.043,58.90542857142857,27.63866571011697,63.611785714285716,58.90542857142857,43.359143927949944,86.71828786,3.34285319,83.37543467,WIN,TAKE_PROFIT,2026-07-26T11:15:33.113914+00:00,2026-07-26T11:15:33.123320+00:00,8755.20422026
BTCUSDT,LONG,36475.7,36401.51428571428,0.5900869395515035,36401.51428571428,36624.07142857143,43.776021101299946,-43.7760211,43.00389234,-86.77991344,LOSS,STOP_LOSS,2026-07-26T11:15:33.128739+00:00,2026-07-26T11:15:33.136924+00:00,8668.42430682
ETHUSDT,SHORT,1926.81,1934.5125,5.627019997935686,1934.5125,1911.4049999999997,43.34212153409995,-43.34212153,21.72773893,-65.06986046,LOSS,STOP_LOSS,2026-07-26T11:15:33.142337+00:00,2026-07-26T11:15:33.150771+00:00,8603.35444636
SOLUSDT,LONG,58.593,56.64407142857143,22.07201067418725,56.64407142857143,62.490857142857145,43.01677223179995,-43.01677223,2.54351387,-45.5602861,LOSS,STOP_LOSS,2026-07-26T11:15:33.156022+00:00,2026-07-26T11:15:33.164210+00:00,8557.79416026
BTCUSDT,SHORT,36428.1,36511.46785714286,0.513255015394927,36511.46785714286,36261.364285714284,42.788970801299946,-42.7889708,37.43659902,-80.22556982,LOSS,STOP_LOSS,2026-07-26T11:15:33.169525+00:00,2026-07-26T11:15:33.177923+00:00,8477.56859044
ETHUSDT,LONG,1934.01,1951.4057142857143,4.873366193075446,1925.3121428571428,1951.4057142857143,42.38784295219995,84.7756859,18.93505359,65.84063232,WIN,TAKE_PROFIT,2026-07-26T11:15:33.183356+00:00,2026-07-26T11:15:33.192421+00:00,8543.40922276
SOLUSDT,SHORT,56.712,58.445035714285716,24.64868194098709,58.445035714285716,53.24592857142858,42.717046113799945,-42.71704611,2.83846915,-45.55551526,LOSS,STOP_LOSS,2026-07-26T11:15:33.197764+00:00,2026-07-26T11:15:33.206188+00:00,8497.8537075
BTCUSDT,LONG,36481.3,36388.857142857145,0.45962738334492126,36388.857142857145,36666.18571428572,42.48926853749994,-42.48926854,33.49311965,-75.98238819,LOSS,STOP_LOSS,2026-07-26T11:15:33.211780+00:00,2026-07-26T11:15:33.219925+00:00,8421.87131931
ETHUSDT,SHORT,1950.21,1959.0085714285715,4.785931095564987,1959.0085714285715,1932.6128571428571,42.109356596549944,-42.1093566,18.70925072,-60.81860732,LOSS,STOP_LOSS,2026-07-26T11:15:33.225400+00:00,2026-07-26T11:15:33.236884+00:00,8361.05271199
SOLUSDT,LONG,58.516,56.79132142857143,24.239452065159128,56.79132142857143,61.96535714285714,41.80526355994994,-41.80526356,2.79498629,-44.60024985,LOSS,STOP_LOSS,2026-07-26T11:15:33.242363+00:00,2026-07-26T11:15:33.252029+00:00,8316.45246214
BTCUSDT,SHORT,36414.7,36508.299999999996,0.4442549392168805,36508.299999999996,36227.5,41.582262310699946,-41.58226231,32.39640293,-73.97866524,LOSS,STOP_LOSS,2026-07-26T11:15:33.257562+00:00,2026-07-26T11:15:33.265903+00:00,8242.4737969
ETHUSDT,LONG,1961.39,1951.6271428571429,4.221343033238189,1951.6271428571429,1980.9157142857146,41.212368984499946,-41.21236898,16.51818765,-57.73055664,LOSS,STOP_LOSS,2026-07-26T11:15:33.271632+00:00,2026-07-26T11:15:33.280708+00:00,8184.74324026
SOLUSDT,SHORT,57.124,58.255,36.18365711874439,58.255,54.862,40.923716201299946,-40.9237162,4.17483417,-45.09855038,LOSS,STOP_LOSS,2026-07-26T11:15:33.286233+00:00,2026-07-26T11:15:33.294574+00:00,8139.64468988
BTCUSDT,LONG,36548.1,36744.72857142857,0.41396042450712,36449.78571428571,36744.72857142857,40.69822344939994,81.3964469,30.34033043,51.05611647,WIN,TAKE_PROFIT,2026-07-26T11:15:33.300177+00:00,2026-07-26T11:15:33.308964+00:00,8190.70080635
ETHUSDT,SHORT,1956.22,1962.9389285714287,6.095243251416541,1962.9389285714287,1942.7821428571428,40.953504031749944,-40.95350403,23.88822701,-64.84173104,LOSS,STOP_LOSS,2026-07-26T11:15:33.314699+00:00,2026-07-26T11:15:33.323067+00:00,8125.85907531
SOLUSDT,LONG,58.006,56.722,31.642753408527973,56.722,60.574000000000005,40.62929537654995,-40.62929538,3.63030981,-44.25960519,LOSS,STOP_LOSS,2026-07-26T11:15:33.328780+00:00,2026-07-26T11:15:33.337370+00:00,8081.59947012
BTCUSDT,SHORT,36750.0,36851.18571428571,0.3993448841651831,36851.18571428571,36547.62857142857,40.40799735059994,-40.40799735,29.39225698,-69.80025433,LOSS,STOP_LOSS,2026-07-26T11:15:33.343228+00:00,2026-07-26T11:15:33.351358+00:00,8011.79921579
ETHUSDT,LONG,1960.71,1954.1667857142857,6.122219803562031,1954.1667857142857,1973.7964285714286,40.058996078949946,-40.05899608,23.96773619,-64.02673226,LOSS,STOP_LOSS,2026-07-26T11:15:33.357174+00:00,2026-07-26T11:15:33.365939+00:00,7947.77248353
SOLUSDT,SHORT,56.47,57.727,31.614051247135993,57.727,53.955999999999996,39.73886241764994,-39.73886242,3.61022981,-43.34909223,LOSS,STOP_LOSS,2026-07-26T11:15:33.371690+00:00,2026-07-26T11:15:33.380394+00:00,7904.4233913
BTCUSDT,LONG,36851.8,37076.5,0.35177674193591457,36739.450000000004,37076.5,39.52211695649994,79.04423391,26.00625651,53.0379774,WIN,TAKE_PROFIT,2026-07-26T11:15:33.386219+00:00,2026-07-26T11:15:33.394661+00:00,7957.4613687
ETHUSDT,SHORT,1952.73,1959.8528571428571,5.58586337554147,1959.8528571428571,1938.4842857142855,39.78730684349995,-39.78730684,21.85515329,-61.64246013,LOSS,STOP_LOSS,2026-07-26T11:15:33.400394+00:00,2026-07-26T11:15:33.409271+00:00,7895.81890857
SOLUSDT,LONG,57.808,56.14653571428572,23.76162694696587,56.14653571428572,61.13092857142857,39.47909454284995,-39.47909454,2.70774517,-42.18683971,LOSS,STOP_LOSS,2026-07-26T11:15:33.415144+00:00,2026-07-26T11:15:33.425233+00:00,7853.63206886
BTCUSDT,SHORT,36954.1,37135.53571428571,0.21643015819069977,37135.53571428571,36591.22857142857,39.26816034429995,-39.26816034,16.03523158,-55.30339192,LOSS,STOP_LOSS,2026-07-26T11:15:33.431158+00:00,2026-07-26T11:15:33.439664+00:00,7798.32867694
ETHUSDT,LONG,1959.01,1951.6835714285714,5.322053303946557,1951.6835714285714,1973.662857142857,38.99164338469995,-38.99164338,20.81291964,-59.80456303,LOSS,STOP_LOSS,2026-07-26T11:15:33.445353+00:00,2026-07-26T11:15:33.454434+00:00,7738.52411391
SOLUSDT,SHORT,56.261,54.751357142857145,51.260628149865134,57.01582142857143,54.751357142857145,38.69262056954995,77.38524114,5.69056316,71.69467798,WIN,TAKE_PROFIT,2026-07-26T11:15:33.460322+00:00,2026-07-26T11:15:33.468444+00:00,7810.21879189
BTCUSDT,LONG,37399.9,37211.66071428572,0.20745453751201712,37211.66071428572,37776.37857142858,39.05109395944995,-39.05109396,15.47850682,-54.52960078,LOSS,STOP_LOSS,2026-07-26T11:15:33.474269+00:00,2026-07-26T11:15:33.482621+00:00,7755.68919111
ETHUSDT,SHORT,1951.97,1957.906785714286,6.531892478826881,1957.906785714286,1940.0964285714285,38.77844595554995,-38.77844596,25.53889477,-64.31734073,LOSS,STOP_LOSS,2026-07-26T11:15:33.488466+00:00,2026-07-26T11:15:33.497340+00:00,7691.37185038
SOLUSDT,LONG,55.499,57.22678571428571,44.515774073058004,54.635107142857144,57.22678571428571,38.45685925189995,76.9137185,5.01807561,71.89564289,WIN,TAKE_PROFIT,2026-07-26T11:15:33.503243+00:00,2026-07-26T11:15:33.512034+00:00,7763.26749327
BTCUSDT,SHORT,37215.9,37426.14642857143,0.18462305272007218,37426.14642857143,36795.40714285714,38.81633746634995,-38.81633747,13.78064247,-52.59697994,LOSS,STOP_LOSS,2026-07-26T11:15:33.521241+00:00,2026-07-26T11:15:33.531289+00:00,7710.67051333
ETHUSDT,LONG,1962.4,1978.1800000000003,4.88635647232567,1954.51,1978.1800000000003,38.55335256664995,77.10670513,19.25507859,57.85162655,WIN,TAKE_PROFIT,2026-07-26T11:15:33.537266+00:00,2026-07-26T11:15:33.545398+00:00,7768.52213988
SOLUSDT,SHORT,57.23,55.626714285714286,48.45376011686719,58.031642857142856,55.626714285714286,38.842610699399955,77.6852214,5.46833216,72.21688924,WIN,TAKE_PROFIT,2026-07-26T11:15:33.551416+00:00,2026-07-26T11:15:33.559977+00:00,7840.73902912
BTCUSDT,LONG,37371.7,37217.59642857142,0.25439835548374023,37217.59642857142,37679.90714285714,39.20369514559995,-39.20369515,18.97539435,-58.17908949,LOSS,STOP_LOSS,2026-07-26T11:15:33.566022+00:00,2026-07-26T11:15:33.574018+00:00,7782.55993963
ETHUSDT,SHORT,1975.87,1984.8014285714285,4.356839377591947,1984.8014285714285,1958.0071428571428,38.91279969814995,-38.9127997,17.25600924,-56.16880894,LOSS,STOP_LOSS,2026-07-26T11:15:33.580094+00:00,2026-07-26T11:15:33.588763+00:00,7726.39113069
SOLUSDT,LONG,56.284,57.84528571428571,49.48736198630253,55.50335714285714,57.84528571428571,38.63195565344995,77.26391131,5.64795728,71.61595403,WIN,TAKE_PROFIT,2026-07-26T11:15:33.594857+00:00,2026-07-26T11:15:33.603109+00:00,7798.00708472
BTCUSDT,SHORT,37258.4,36953.364285714284,0.2556424287228177,37410.91785714286,36953.364285714284,38.99003542359995,77.98007085,18.97167566,59.00839519,WIN,TAKE_PROFIT,2026-07-26T11:15:33.609152+00:00,2026-07-26T11:15:33.617651+00:00,7857.01547991
ETHUSDT,LONG,1984.03,1999.9921428571429,4.922281143721268,1976.0489285714284,1999.9921428571429,39.28507739954995,78.5701548,19.61047707,58.95967773,WIN,TAKE_PROFIT,2026-07-26T11:15:33.623709+00:00,2026-07-26T11:15:33.632268+00:00,7915.97515764
SOLUSDT,SHORT,58.098,59.10717857142857,39.219893197069744,59.10717857142857,56.07964285714286,39.57987578819995,-39.57987579,4.59677459,-44.17665037,LOSS,STOP_LOSS,2026-07-26T11:15:33.638401+00:00,2026-07-26T11:15:33.647035+00:00,7871.79850727
BTCUSDT,LONG,36890.0,37311.00714285715,0.18697541457012806,36679.49642857143,37311.00714285715,39.358992536349945,78.71798507,13.87376407,64.844221,WIN,TAKE_PROFIT,2026-07-26T11:15:33.653074+00:00,2026-07-26T11:15:33.661143+00:00,7936.64272827
ETHUSDT,SHORT,2000.45,2010.692857142857,3.8742328520146434,2010.692857142857,1979.9642857142858,39.68321364134995,-39.68321364,15.54010143,-55.22331507,LOSS,STOP_LOSS,2026-07-26T11:15:33.667260+00:00,2026-07-26T11:15:33.675247+00:00,7881.4194132
SOLUSDT,LONG,58.838,58.055,50.328348743295045,58.055,60.403999999999996,39.40709706599995,-39.40709707,5.88303167,-45.29012874,LOSS,STOP_LOSS,2026-07-26T11:15:33.681519+00:00,2026-07-26T11:15:33.690201+00:00,7836.12928446
BTCUSDT,SHORT,37435.5,36946.799999999996,0.16034641466052676,37679.85,36946.799999999996,39.180646422299944,78.36129284,11.92693512,66.43435773,WIN,TAKE_PROFIT,2026-07-26T11:15:33.696436+00:00,2026-07-26T11:15:33.704855+00:00,7902.56364219
ETHUSDT,LONG,2001.59,2023.8671428571427,3.547386526569836,1990.4514285714286,2023.8671428571427,39.512818210949945,79.02563642,14.27985243,64.74578399,WIN,TAKE_PROFIT,2026-07-26T11:15:33.711095+00:00,2026-07-26T11:15:33.720336+00:00,7967.30942618
SOLUSDT,SHORT,58.346,56.914142857142856,55.6431866539558,59.06192857142857,56.914142857142856,39.836547130899945,79.67309426,6.41344164,73.25965262,WIN,TAKE_PROFIT,2026-07-26T11:15:33.728045+00:00,2026-07-26T11:15:33.736654+00:00,8040.5690788
BTCUSDT,LONG,37043.9,37744.87142857144,0.11470608859460259,36693.41428571429,37744.87142857144,40.202845393999944,80.40569079,8.57872744,71.82696335,WIN,TAKE_PROFIT,2026-07-26T11:15:33.743065+00:00,2026-07-26T11:15:33.751041+00:00,8112.39604215
ETHUSDT,SHORT,2020.2,2029.2792857142858,4.467529879242358,2029.2792857142858,2002.0414285714285,40.561980210749944,-40.56198021,18.0911697,-58.65314992,LOSS,STOP_LOSS,2026-07-26T11:15:33.757340+00:00,2026-07-26T11:15:33.765858+00:00,8053.74289223
SOLUSDT,LONG,56.969,58.27614285714286,61.61333360175952,56.315428571428576,58.27614285714286,40.26871446114994,80.53742892,7.10063743,73.43679149,WIN,TAKE_PROFIT,2026-07-26T11:15:33.772169+00:00,2026-07-26T11:15:33.780656+00:00,8127.17968372
BTCUSDT,SHORT,37598.1,36865.799999999996,0.11098156061340914,37964.25,36865.799999999996,40.63589841859994,81.27179684,8.26411983,73.00767701,WIN,TAKE_PROFIT,2026-07-26T11:15:33.787157+00:00,2026-07-26T11:15:33.798414+00:00,8200.18736073
ETHUSDT,LONG,2025.21,2013.0953571428572,3.384411516471217,2013.0953571428572,2049.4392857142857,41.00093680364995,-41.0009368,13.66728716,-54.66822396,LOSS,STOP_LOSS,2026-07-26T11:15:33.804877+00:00,2026-07-26T11:15:33.813870+00:00,8145.51913677
SOLUSDT,SHORT,58.252,59.02889285714286,52.42369692216241,59.02889285714286,56.698214285714286,40.72759568384995,-40.72759568,6.14829798,-46.87589367,LOSS,STOP_LOSS,2026-07-26T11:15:33.820409+00:00,2026-07-26T11:15:33.828942+00:00,8098.6432431
BTCUSDT,LONG,36697.0,36523.99642857143,0.2340600016585115,36523.99642857143,37043.00714285715,40.49321621549995,-40.49321622,17.13810655,-57.63132276,LOSS,STOP_LOSS,2026-07-26T11:15:33.835449+00:00,2026-07-26T11:15:33.843438+00:00,8041.01192034
ETHUSDT,SHORT,2008.28,2022.8353571428572,2.762217320200214,2022.8353571428572,1979.1692857142857,40.20505960169994,-40.2050596,11.13481666,-51.33987626,LOSS,STOP_LOSS,2026-07-26T11:15:33.849981+00:00,2026-07-26T11:15:33.858290+00:00,7989.67204408
SOLUSDT,LONG,59.066,60.448142857142855,57.80641272202587,58.374928571428576,60.448142857142855,39.94836022039995,79.89672044,6.90868387,72.98803657,WIN,TAKE_PROFIT,2026-07-26T11:15:33.865643+00:00,2026-07-26T11:15:33.873837+00:00,8062.66008065
BTCUSDT,SHORT,36646.5,36271.2,0.21483240289501687,36834.15,36271.2,40.31330040324995,80.62660081,15.6650847,64.9615161,WIN,TAKE_PROFIT,2026-07-26T11:15:33.880506+00:00,2026-07-26T11:15:33.888599+00:00,8127.62159675
ETHUSDT,LONG,2023.95,2054.5735714285715,2.654041059746218,2008.6382142857142,2054.5735714285715,40.63810798374995,81.27621597,10.82456902,70.45164695,WIN,TAKE_PROFIT,2026-07-26T11:15:33.895270+00:00,2026-07-26T11:15:33.903837+00:00,8198.0732437
SOLUSDT,SHORT,60.341,61.172964285714286,49.26938201837302,61.172964285714286,58.67707142857143,40.99036621849995,-40.99036622,5.98691793,-46.97728415,LOSS,STOP_LOSS,2026-07-26T11:15:33.910504+00:00,2026-07-26T11:15:33.919139+00:00,8151.09595955
BTCUSDT,LONG,36415.5,36868.09285714286,0.18009775962896254,36189.203571428574,36868.09285714286,40.75547979774995,81.5109596,13.19821089,68.3127487,WIN,TAKE_PROFIT,2026-07-26T11:15:33.925814+00:00,2026-07-26T11:15:33.934061+00:00,8219.40870825
ETHUSDT,SHORT,2058.06,2013.6878571428572,1.8523803853044847,2080.246071428571,2013.6878571428572,41.09704354124995,82.19408708,7.54242586,74.65166122,WIN,TAKE_PROFIT,2026-07-26T11:15:33.940834+00:00,2026-07-26T11:15:33.950266+00:00,8294.06036947
SOLUSDT,LONG,61.068,60.17142857142857,46.254320097426586,60.17142857142857,62.86114285714286,41.470301847349944,-41.47030185,5.60784734,-47.07814918,LOSS,STOP_LOSS,2026-07-26T11:15:33.957056+00:00,2026-07-26T11:15:33.965188+00:00,8246.98222029
BTCUSDT,SHORT,36975.9,37296.235714285714,0.12872405186975658,37296.235714285714,36335.22857142857,41.234911101449946,-41.2349111,9.56061025,-50.79552135,LOSS,STOP_LOSS,2026-07-26T11:15:33.971985+00:00,2026-07-26T11:15:33.980263+00:00,8196.18669894
ETHUSDT,LONG,2012.45,2001.6253571428572,3.7858924341007745,2001.6253571428572,2034.0992857142855,40.98093349469994,-40.98093349,15.19685752,-56.17779102,LOSS,STOP_LOSS,2026-07-26T11:15:33.988456+00:00,2026-07-26T11:15:33.998554+00:00,8140.00890792
SOLUSDT,SHORT,60.165,61.019357142857146,47.63820947700015,61.019357142857146,58.45628571428571,40.700044539599936,-40.70004454,5.77300579,-46.47305033,LOSS,STOP_LOSS,2026-07-26T11:15:34.005391+00:00,2026-07-26T11:15:34.014904+00:00,8093.53585759
BTCUSDT,LONG,37332.8,36938.953571428574,0.10274989526942137,36938.953571428574,38120.49285714286,40.46767928794994,-40.46767929,7.6314149,-48.09909419,LOSS,STOP_LOSS,2026-07-26T11:15:34.021820+00:00,2026-07-26T11:15:34.030076+00:00,8045.4367634
ETHUSDT,SHORT,1996.55,1976.5035714285714,4.013401556657764,2006.5732142857141,1976.5035714285714,40.22718381699994,80.45436763,15.94545939,64.50890825,WIN,TAKE_PROFIT,2026-07-26T11:15:34.037046+00:00,2026-07-26T11:15:34.045306+00:00,8109.94567165
SOLUSDT,LONG,60.924,60.183214285714286,54.738809855896214,60.183214285714286,62.40557142857143,40.54972835824994,-40.54972836,6.62926477,-47.17899313,LOSS,STOP_LOSS,2026-07-26T11:15:34.052282+00:00,2026-07-26T11:15:34.060596+00:00,8062.76667852
BTCUSDT,SHORT,36846.9,35951.78571428572,0.09007527650043085,37294.45714285714,35951.78571428572,40.31383339259994,80.62766679,6.55736174,74.07030504,WIN,TAKE_PROFIT,2026-07-26T11:15:34.068300+00:00,2026-07-26T11:15:34.077248+00:00,8136.83698356
ETHUSDT,LONG,1961.13,1990.7721428571429,2.7450231998322825,1946.3089285714286,1990.7721428571429,40.68418491779994,81.36836984,10.84806307,70.52030677,WIN,TAKE_PROFIT,2026-07-26T11:15:34.084155+00:00,2026-07-26T11:15:34.092243+00:00,8207.35729033
SOLUSDT,SHORT,60.676,61.432428571428574,54.25070919009439,61.432428571428574,59.16314285714286,41.03678645164994,-41.03678645,6.62446885,-47.6612553,LOSS,STOP_LOSS,2026-07-26T11:15:34.099288+00:00,2026-07-26T11:15:34.107582+00:00,8159.69603503
BTCUSDT,LONG,35737.0,36372.33571428571,0.12843125062162802,35419.33214285714,36372.33571428571,40.79848017514994,81.59696035,9.26109217,72.33586818,WIN,TAKE_PROFIT,2026-07-26T11:15:34.114392+00:00,2026-07-26T11:15:34.123126+00:00,8232.03190321
ETHUSDT,SHORT,1988.84,2008.5617857142856,2.0870401956672255,2008.5617857142856,1949.3964285714285,41.16015951604994,-41.16015952,8.34273821,-49.50289772,LOSS,STOP_LOSS,2026-07-26T11:15:34.130189+00:00,2026-07-26T11:15:34.138389+00:00,8182.52900549
SOLUSDT,LONG,61.346,60.58924999999999,54.06362078288724,60.58924999999999,62.8595,40.91264502744993,-40.91264503,6.59226112,-47.50490614,LOSS,STOP_LOSS,2026-07-26T11:15:34.145438+00:00,2026-07-26T11:15:34.154100+00:00,8135.02409935
BTCUSDT,SHORT,36355.2,36553.70357142857,0.20490875909195508,36553.70357142857,35958.19285714285,40.67512049674993,-40.6751205,14.93967296,-55.61479345,LOSS,STOP_LOSS,2026-07-26T11:15:34.161160+00:00,2026-07-26T11:15:34.169660+00:00,8079.4093059
ETHUSDT,LONG,2005.69,1979.9307142857142,1.5682518132518048,1979.9307142857142,2057.2085714285718,40.39704652949993,-40.39704653,6.25045691,-46.64750344,LOSS,STOP_LOSS,2026-07-26T11:15:34.176741+00:00,2026-07-26T11:15:34.184887+00:00,8032.76180246
SOLUSDT,SHORT,60.742,61.46564285714285,55.5022531015891,61.46564285714285,59.294714285714285,40.16380901229993,-40.16380901,6.78279952,-46.94660854,LOSS,STOP_LOSS,2026-07-26T11:15:34.192042+00:00,2026-07-26T11:15:34.200186+00:00,7985.81519392
BTCUSDT,LONG,36543.4,36414.16428571429,0.30896317005161866,36414.16428571429,36801.87142857143,39.92907596959993,-39.92907597,22.54120034,-62.47027631,LOSS,STOP_LOSS,2026-07-26T11:15:34.207276+00:00,2026-07-26T11:15:34.215653+00:00,7923.34491761
ETHUSDT,SHORT,1969.36,1998.3839285714284,1.3649676848725754,1998.3839285714284,1911.3121428571426,39.61672458804993,-39.61672459,5.41584224,-45.03256683,LOSS,STOP_LOSS,2026-07-26T11:15:34.222744+00:00,2026-07-26T11:15:34.231296+00:00,7878.31235078
SOLUSDT,LONG,61.766,60.90821428571429,45.92238026102082,60.90821428571429,63.48157142857143,39.39156175389993,-39.39156175,5.63349192,-45.02505367,LOSS,STOP_LOSS,2026-07-26T11:15:34.238355+00:00,2026-07-26T11:15:34.247007+00:00,7833.28729711
BTCUSDT,SHORT,36411.9,36530.67857142857,0.3297432863056707,36530.67857142857,36174.34285714286,39.16643648554993,-39.16643649,24.05232557,-63.21876206,LOSS,STOP_LOSS,2026-07-26T11:15:34.254135+00:00,2026-07-26T11:15:34.263013+00:00,7770.06853505
ETHUSDT,LONG,2002.21,1978.8775,1.6650741530161746,1978.8775,2048.875,38.850342675249934,-38.85034268,6.6288059,-45.47914857,LOSS,STOP_LOSS,2026-07-26T11:15:34.270380+00:00,2026-07-26T11:15:34.279300+00:00,7724.58938648
SOLUSDT,SHORT,60.678,59.04235714285714,47.22662623290094,61.495821428571425,59.04235714285714,38.622946932399934,77.24589386,5.65398856,71.59190531,WIN,TAKE_PROFIT,2026-07-26T11:15:34.290761+00:00,2026-07-26T11:15:34.301464+00:00,7796.18129179
BTCUSDT,LONG,36561.7,36438.303571428565,0.31589979475285834,36438.303571428565,36808.49285714285,38.98090645894993,-38.98090646,23.06068615,-62.0415926,LOSS,STOP_LOSS,2026-07-26T11:15:34.309869+00:00,2026-07-26T11:15:34.318455+00:00,7734.13969919
ETHUSDT,SHORT,1957.44,1976.2982142857143,2.050602348136653,1976.2982142857143,1919.7235714285714,38.670698495949935,-38.6706985,8.06653282,-46.73723132,LOSS,STOP_LOSS,2026-07-26T11:15:34.325713+00:00,2026-07-26T11:15:34.334931+00:00,7687.40246787
SOLUSDT,LONG,58.434,57.402428571428565,37.26064068348557,57.402428571428565,60.497142857142855,38.437012339349934,-38.43701234,4.31613954,-42.75315188,LOSS,STOP_LOSS,2026-07-26T11:15:34.342430+00:00,2026-07-26T11:15:34.351081+00:00,7644.64931599
BTCUSDT,SHORT,36465.9,36625.31785714286,0.23976766006644643,36625.31785714286,36147.06428571429,38.22324657994993,-38.22324658,17.52491028,-55.74815686,LOSS,STOP_LOSS,2026-07-26T11:15:34.358221+00:00,2026-07-26T11:15:34.366352+00:00,7588.90115913
ETHUSDT,LONG,1977.16,1999.5357142857144,3.3915793981938163,1965.972142857143,1999.5357142857144,37.94450579564993,75.88901159,13.48727926,62.40173233,WIN,TAKE_PROFIT,2026-07-26T11:15:34.373623+00:00,2026-07-26T11:15:34.382190+00:00,7651.30289146
SOLUSDT,SHORT,57.696,55.10871428571428,29.572701805653907,58.989642857142854,55.10871428571428,38.256514457299936,76.51302891,3.33594018,73.17708874,WIN,TAKE_PROFIT,2026-07-26T11:15:34.389303+00:00,2026-07-26T11:15:34.400939+00:00,7724.4799802
BTCUSDT,LONG,36503.0,36344.81428571429,0.24415858331707815,36344.81428571429,36819.37142857143,38.62239990099994,-38.6223999,17.78641913,-56.40881903,LOSS,STOP_LOSS,2026-07-26T11:15:34.408231+00:00,2026-07-26T11:15:34.416741+00:00,7668.07116117
ETHUSDT,SHORT,1999.55,2007.98,4.548084911725968,2007.98,1982.69,38.34035580584994,-38.34035581,18.22658673,-56.56694253,LOSS,STOP_LOSS,2026-07-26T11:15:34.424093+00:00,2026-07-26T11:15:34.432775+00:00,7611.50421864
SOLUSDT,LONG,55.095,54.41517857142857,55.98164384605186,54.41517857142857,56.45464285714286,38.05752109319994,-38.05752109,6.13055981,-44.18808091,LOSS,STOP_LOSS,2026-07-26T11:15:34.440456+00:00,2026-07-26T11:15:34.448645+00:00,7567.31613773
BTCUSDT,SHORT,36402.1,36579.60357142857,0.21315954594116726,36579.60357142857,36047.09285714285,37.83658068864993,-37.83658069,15.5567468,-53.39332748,LOSS,STOP_LOSS,2026-07-26T11:15:34.456275+00:00,2026-07-26T11:15:34.464445+00:00,7513.92281025
ETHUSDT,LONG,2007.0,2026.1999999999998,3.9135014636718823,1997.4,2026.1999999999998,37.569614051249935,75.1392281,15.7839341,59.355294,WIN,TAKE_PROFIT,2026-07-26T11:15:34.471829+00:00,2026-07-26T11:15:34.480031+00:00,7573.27810425
SOLUSDT,SHORT,53.568,54.56067857142857,38.145671329195885,54.56067857142857,51.58264285714286,37.86639052124993,-37.86639052,4.12464103,-41.99103156,LOSS,STOP_LOSS,2026-07-26T11:15:34.487300+00:00,2026-07-26T11:15:34.495450+00:00,7531.28707269
BTCUSDT,LONG,36540.1,36955.107142857145,0.1814736734611445,36332.59642857143,36955.107142857145,37.65643536344993,75.31287073,13.33744522,61.9754255,WIN,TAKE_PROFIT,2026-07-26T11:15:34.502912+00:00,2026-07-26T11:15:34.511643+00:00,7593.26249819
ETHUSDT,SHORT,2025.1,2036.6746428571428,3.2801282043463322,2036.6746428571428,2001.9507142857142,37.96631249094993,-37.96631249,13.32314157,-51.28945406,LOSS,STOP_LOSS,2026-07-26T11:15:34.519133+00:00,2026-07-26T11:15:34.527781+00:00,7541.97304413
SOLUSDT,LONG,55.13,53.84653571428572,29.381312468436413,53.84653571428572,57.69692857142857,37.70986522064993,-37.70986522,3.20187365,-40.91173887,LOSS,STOP_LOSS,2026-07-26T11:15:34.535221+00:00,2026-07-26T11:15:34.543364+00:00,7501.06130526
BTCUSDT,SHORT,37108.9,37339.953571428574,0.16232298983482407,37339.953571428574,36646.79285714286,37.50530652629993,-37.50530653,12.0847605,-49.59006703,LOSS,STOP_LOSS,2026-07-26T11:15:34.550823+00:00,2026-07-26T11:15:34.559064+00:00,7451.47123823
ETHUSDT,LONG,2029.71,2059.8407142857145,2.4730483212483634,2014.6446428571428,2059.8407142857145,37.25735619114993,74.51471238,10.11365653,64.40105585,WIN,TAKE_PROFIT,2026-07-26T11:15:34.566454+00:00,2026-07-26T11:15:34.575267+00:00,7515.87229408
SOLUSDT,SHORT,53.818,55.41475,23.5349061972131,55.41475,50.624500000000005,37.57936147039994,-37.57936147,2.57078252,-40.150144,LOSS,STOP_LOSS,2026-07-26T11:15:34.583029+00:00,2026-07-26T11:15:34.592430+00:00,7475.72215008
BTCUSDT,LONG,37316.7,37779.107142857145,0.16166969445775894,37085.49642857142,37779.107142857145,37.378610750399936,74.7572215,12.1407162,62.6165053,WIN,TAKE_PROFIT,2026-07-26T11:15:34.600051+00:00,2026-07-26T11:15:34.608507+00:00,7538.33865538
ETHUSDT,SHORT,2063.63,2080.4192857142857,2.2449849218319433,2080.4192857142857,2030.0514285714287,37.69169327689994,-37.69169328,9.30332816,-46.99502144,LOSS,STOP_LOSS,2026-07-26T11:15:34.616362+00:00,2026-07-26T11:15:34.625419+00:00,7491.34363394
SOLUSDT,LONG,55.592,54.15457142857143,26.058142236921054,54.15457142857143,58.466857142857144,37.45671816969994,-37.45671817,2.85979177,-40.31650994,LOSS,STOP_LOSS,2026-07-26T11:15:34.635396+00:00,2026-07-26T11:15:34.644155+00:00,7451.027124
BTCUSDT,SHORT,37823.9,37191.54285714286,0.11782941345984363,38140.078571428574,37191.54285714286,37.25513561999994,74.51027124,8.83902563,65.67124561,WIN,TAKE_PROFIT,2026-07-26T11:15:34.653566+00:00,2026-07-26T11:15:34.665096+00:00,7516.69836961
ETHUSDT,LONG,2074.95,2056.857857142857,2.0773377783279954,2056.857857142857,2111.1342857142854,37.58349184804994,-37.58349185,8.58316055,-46.1666524,LOSS,STOP_LOSS,2026-07-26T11:15:34.674956+00:00,2026-07-26T11:15:34.684436+00:00,7470.53171721
SOLUSDT,SHORT,53.991,51.64778571428572,31.881555872866926,55.16260714285714,51.64778571428572,37.35265858604994,74.70531717,3.36792885,71.33738832,WIN,TAKE_PROFIT,2026-07-26T11:15:34.693776+00:00,2026-07-26T11:15:34.702089+00:00,7541.86910553
BTCUSDT,LONG,37274.5,37126.17142857143,0.25422846835553636,37126.17142857143,37571.15714285714,37.70934552764994,-37.70934553,18.91476874,-56.62411427,LOSS,STOP_LOSS,2026-07-26T11:15:34.709770+00:00,2026-07-26T11:15:34.718513+00:00,7485.24499126
ETHUSDT,SHORT,2055.76,2069.794642857143,2.6667030530992193,2069.794642857143,2027.6907142857146,37.42622495629994,-37.42622496,11.00162916,-48.42785412,LOSS,STOP_LOSS,2026-07-26T11:15:34.727972+00:00,2026-07-26T11:15:34.736204+00:00,7436.81713714
SOLUSDT,LONG,51.856,54.2995,30.435101850378526,50.63425,54.2995,37.18408568569994,74.36817137,3.23085345,71.13731792,WIN,TAKE_PROFIT,2026-07-26T11:15:34.743966+00:00,2026-07-26T11:15:34.752771+00:00,7507.95445506
BTCUSDT,SHORT,37229.9,37421.546428571426,0.19588036445619725,37421.546428571426,36846.607142857145,37.53977227529994,-37.53977228,14.62275253,-52.16252481,LOSS,STOP_LOSS,2026-07-26T11:15:34.762522+00:00,2026-07-26T11:15:34.772984+00:00,7455.79193025
ETHUSDT,LONG,2069.62,2057.9146428571426,3.184777636109835,2057.9146428571426,2093.030714285714,37.27895965124994,-37.27895965,13.14528002,-50.42423967,LOSS,STOP_LOSS,2026-07-26T11:15:34.783181+00:00,2026-07-26T11:15:34.792544+00:00,7405.36769058
SOLUSDT,SHORT,54.177,54.83325,56.42184907108548,54.83325,52.8645,37.02683845289994,-37.02683845,6.15055987,-43.17739833,LOSS,STOP_LOSS,2026-07-26T11:15:34.801928+00:00,2026-07-26T11:15:34.810747+00:00,7362.19029225
BTCUSDT,LONG,37430.0,37331.385714285716,0.3732821385321557,37331.385714285716,37627.228571428575,36.810951461249935,-36.81095146,27.90708994,-64.7180414,LOSS,STOP_LOSS,2026-07-26T11:15:34.818312+00:00,2026-07-26T11:15:34.826584+00:00,7297.47225085
ETHUSDT,SHORT,2064.53,2074.9100000000003,3.5151600437619823,2074.9100000000003,2043.77,36.48736125424993,-36.48736125,14.55079409,-51.03815535,LOSS,STOP_LOSS,2026-07-26T11:15:34.835157+00:00,2026-07-26T11:15:34.843953+00:00,7246.4340955
SOLUSDT,LONG,54.459,55.661571428571435,60.25782688108802,53.85771428571429,55.661571428571435,36.232170477499935,72.46434096,6.63562633,65.82871463,WIN,TAKE_PROFIT,2026-07-26T11:15:34.851771+00:00,2026-07-26T11:15:34.860930+00:00,7312.26281013
BTCUSDT,SHORT,37380.0,37491.43928571429,0.3280828104407244,37491.43928571429,37157.12142857143,36.56131405064993,-36.56131405,24.56403222,-61.12534627,LOSS,STOP_LOSS,2026-07-26T11:15:34.869430+00:00,2026-07-26T11:15:34.880875+00:00,7251.13746386
ETHUSDT,LONG,2080.87,2073.0539285714285,4.638607470598101,2073.0539285714285,2096.5021428571426,36.25568731929994,-36.25568732,19.26842257,-55.52410989,LOSS,STOP_LOSS,2026-07-26T11:15:34.888840+00:00,2026-07-26T11:15:34.897317+00:00,7195.61335397
SOLUSDT,SHORT,54.945,55.56428571428572,58.09607090863881,55.56428571428572,53.70642857142857,35.97806676984994,-35.97806677,6.4201553,-42.39822207,LOSS,STOP_LOSS,2026-07-26T11:15:34.905350+00:00,2026-07-26T11:15:34.913598+00:00,7153.2151319
BTCUSDT,LONG,37531.1,37454.075,0.46434372813372576,37454.075,37685.149999999994,35.76607565949994,-35.76607566,34.81889571,-70.58497137,LOSS,STOP_LOSS,2026-07-26T11:15:34.921612+00:00,2026-07-26T11:15:34.930012+00:00,7082.63016053
ETHUSDT,SHORT,2076.07,2054.3414285714284,3.25959310478037,2086.934285714286,2054.3414285714284,35.41315080264994,70.82630161,13.46346061,57.36284099,WIN,TAKE_PROFIT,2026-07-26T11:15:34.938084+00:00,2026-07-26T11:15:34.946175+00:00,7139.99300152
SOLUSDT,LONG,55.374,54.68025,51.45940901996381,54.68025,56.761500000000005,35.69996500759994,-35.69996501,5.66332667,-41.36329167,LOSS,STOP_LOSS,2026-07-26T11:15:34.954235+00:00,2026-07-26T11:15:34.962281+00:00,7098.62970985
BTCUSDT,SHORT,37453.6,37548.57142857143,0.37372448833446636,37548.57142857143,37263.65714285715,35.49314854924994,-35.49314855,28.03014814,-63.52329669,LOSS,STOP_LOSS,2026-07-26T11:15:34.970583+00:00,2026-07-26T11:15:34.978687+00:00,7035.10641316
ETHUSDT,LONG,2052.82,2082.710714285715,2.3536093336258044,2037.8746428571428,2082.710714285715,35.17553206579994,70.35106413,9.73342369,60.61764044,WIN,TAKE_PROFIT,2026-07-26T11:15:34.986788+00:00,2026-07-26T11:15:34.997988+00:00,7095.7240536
SOLUSDT,SHORT,54.611,55.35735714285714,47.53571478151011,55.35735714285714,53.11828571428571,35.47862026799994,-35.47862027,5.22742446,-40.70604473,LOSS,STOP_LOSS,2026-07-26T11:15:35.006139+00:00,2026-07-26T11:15:35.014419+00:00,7055.01800887
BTCUSDT,LONG,37571.1,37785.94285714285,0.32838038474692693,37463.67857142857,37785.94285714285,35.27509004434994,70.55018009,24.74577473,45.80440536,WIN,TAKE_PROFIT,2026-07-26T11:15:35.022692+00:00,2026-07-26T11:15:35.030884+00:00,7100.82241423
ETHUSDT,SHORT,2080.5,2088.1714285714284,4.62809654558758,2088.1714285714284,2065.1571428571433,35.50411207114994,-35.50411207,19.29301384,-54.79712591,LOSS,STOP_LOSS,2026-07-26T11:15:35.039051+00:00,2026-07-26T11:15:35.047306+00:00,7046.02528832
SOLUSDT,LONG,54.969,56.72314285714286,40.16791026813251,54.091928571428575,56.72314285714286,35.230126441599936,70.46025288,4.48643997,65.97381291,WIN,TAKE_PROFIT,2026-07-26T11:15:35.055401+00:00,2026-07-26T11:15:35.064089+00:00,7111.99910123
BTCUSDT,SHORT,37725.9,37879.607142857145,0.23134901114647619,37879.607142857145,37418.485714285714,35.55999550614993,-35.55999551,17.49125931,-53.05125482,LOSS,STOP_LOSS,2026-07-26T11:15:35.072306+00:00,2026-07-26T11:15:35.080185+00:00,7058.94784641
ETHUSDT,LONG,2088.17,2107.4257142857145,3.665897687133307,2078.542142857143,2107.4257142857145,35.294739232049935,70.58947846,15.38062463,55.20885384,WIN,TAKE_PROFIT,2026-07-26T11:15:35.088356+00:00,2026-07-26T11:15:35.096463+00:00,7114.15670025
SOLUSDT,SHORT,57.0,57.78171428571429,45.50356076548782,57.78171428571429,55.436571428571426,35.570783501249934,-35.5707835,5.22297671,-40.79376021,LOSS,STOP_LOSS,2026-07-26T11:15:35.104671+00:00,2026-07-26T11:15:35.113022+00:00,7073.36294004
BTCUSDT,LONG,37680.0,38077.392857142855,0.17799421436247004,37481.30357142857,38077.392857142855,35.36681470019993,70.7336294,13.48437762,57.24925178,WIN,TAKE_PROFIT,2026-07-26T11:15:35.121323+00:00,2026-07-26T11:15:35.129576+00:00,7130.61219182
ETHUSDT,SHORT,2109.88,2122.0407142857143,2.9318229276205408,2122.0407142857143,2085.5585714285717,35.65306095909993,-35.65306096,12.40724218,-48.06030314,LOSS,STOP_LOSS,2026-07-26T11:15:35.143101+00:00,2026-07-26T11:15:35.151208+00:00,7082.55188868
SOLUSDT,LONG,57.736,59.488857142857135,40.40575649613688,56.85957142857143,59.488857142857135,35.412759443399935,70.82551889,4.73655903,66.08895985,WIN,TAKE_PROFIT,2026-07-26T11:15:35.159402+00:00,2026-07-26T11:15:35.170532+00:00,7148.64084853
BTCUSDT,SHORT,37965.5,38231.16071428571,0.13454456124140635,38231.16071428571,37434.17857142857,35.74320424264994,-35.74320424,10.25184628,-45.99505053,LOSS,STOP_LOSS,2026-07-26T11:15:35.179084+00:00,2026-07-26T11:15:35.187806+00:00,7102.645798
ETHUSDT,LONG,2114.61,2099.2242857142855,2.3081950132776057,2099.2242857142855,2145.381428571429,35.51322898999993,-35.51322899,9.72635129,-45.23958028,LOSS,STOP_LOSS,2026-07-26T11:15:35.196303+00:00,2026-07-26T11:15:35.204602+00:00,7057.40621772
SOLUSDT,SHORT,59.541,57.87942857142857,42.474287270260405,60.371785714285714,57.87942857142857,35.28703108859993,70.57406218,4.98734901,65.58671316,WIN,TAKE_PROFIT,2026-07-26T11:15:35.212920+00:00,2026-07-26T11:15:35.221608+00:00,7122.99293088
BTCUSDT,LONG,38287.9,38041.02142857143,0.1442610610078985,38041.02142857143,38781.65714285714,35.614964654399934,-35.61496465,11.01129119,-46.62625585,LOSS,STOP_LOSS,2026-07-26T11:15:35.230136+00:00,2026-07-26T11:15:35.238395+00:00,7076.36667503
ETHUSDT,SHORT,2108.09,2126.812142857143,1.889838873954049,2126.812142857143,2070.6457142857143,35.38183337514993,-35.38183338,8.0032827,-43.38511607,LOSS,STOP_LOSS,2026-07-26T11:15:35.247039+00:00,2026-07-26T11:15:35.256007+00:00,7032.98155896
SOLUSDT,LONG,58.151,57.187357142857145,36.49163954689783,57.187357142857145,60.07828571428572,35.16490779479993,-35.16490779,4.20888575,-39.37379355,LOSS,STOP_LOSS,2026-07-26T11:15:35.264622+00:00,2026-07-26T11:15:35.273262+00:00,6993.60776541
BTCUSDT,SHORT,38088.1,37560.97857142857,0.1326754593218424,38351.66071428571,37560.97857142857,34.96803882704993,69.93607765,10.03677625,59.89930141,WIN,TAKE_PROFIT,2026-07-26T11:15:35.281898+00:00,2026-07-26T11:15:35.290105+00:00,7053.50706682
ETHUSDT,LONG,2125.79,2114.1210714285717,3.022345635095681,2114.1210714285717,2149.1278571428566,35.26753533409993,-35.26753533,12.81447672,-48.08201205,LOSS,STOP_LOSS,2026-07-26T11:15:35.298847+00:00,2026-07-26T11:15:35.307082+00:00,7005.42505477
SOLUSDT,SHORT,57.457,58.348214285714285,39.30269726968818,58.348214285714285,55.67457142857143,35.027125273849926,-35.02712527,4.55145728,-39.57858255,LOSS,STOP_LOSS,2026-07-26T11:15:35.315696+00:00,2026-07-26T11:15:35.326962+00:00,6965.84647222
BTCUSDT,LONG,37733.3,37431.01785714286,0.11522093906010228,37431.01785714286,38337.864285714284,34.82923236109993,-34.82923236,8.66050329,-43.48973565,LOSS,STOP_LOSS,2026-07-26T11:15:35.335604+00:00,2026-07-26T11:15:35.351743+00:00,6922.35673657
ETHUSDT,SHORT,2116.34,2087.0107142857146,2.3602200217233107,2131.0046428571427,2087.0107142857146,34.61178368284993,69.22356737,9.92083251,59.30273485,WIN,TAKE_PROFIT,2026-07-26T11:15:35.362233+00:00,2026-07-26T11:15:35.371216+00:00,6981.65947142
SOLUSDT,LONG,58.402,57.86875,65.46328618302842,57.86875,59.4685,34.90829735709993,-34.90829736,7.61146538,-42.51976274,LOSS,STOP_LOSS,2026-07-26T11:15:35.381759+00:00,2026-07-26T11:15:35.391154+00:00,6939.13970868
BTCUSDT,SHORT,37565.0,37393.35714285714,0.40427780241996686,37650.82142857143,37393.35714285714,34.69569854339993,69.39139709,30.3039999,39.08739719,WIN,TAKE_PROFIT,2026-07-26T11:15:35.401337+00:00,2026-07-26T11:15:35.410156+00:00,6978.22710587
ETHUSDT,LONG,2097.26,2080.571428571429,2.0907203279014897,2080.571428571429,2130.637142857143,34.89113552934993,-34.89113553,8.73467709,-43.62581262,LOSS,STOP_LOSS,2026-07-26T11:15:35.420437+00:00,2026-07-26T11:15:35.429063+00:00,6934.60129325
SOLUSDT,SHORT,57.806,58.471999999999994,52.06157127064553,58.471999999999994,56.474,34.67300646624993,-34.67300647,6.05361538,-40.72662185,LOSS,STOP_LOSS,2026-07-26T11:15:35.437721+00:00,2026-07-26T11:15:35.445869+00:00,6893.8746714
BTCUSDT,LONG,37409.0,37269.06071428571,0.24631663068065207,37269.06071428571,37688.87857142857,34.46937335699993,-34.46937336,18.3944483,-52.86382166,LOSS,STOP_LOSS,2026-07-26T11:15:35.454782+00:00,2026-07-26T11:15:35.463152+00:00,6841.01084974
ETHUSDT,SHORT,2087.65,2057.7850000000003,2.290644851746188,2102.5825,2057.7850000000003,34.20505424869993,68.4101085,9.49571934,58.91438916,WIN,TAKE_PROFIT,2026-07-26T11:15:35.471894+00:00,2026-07-26T11:15:35.480376+00:00,6899.9252389
SOLUSDT,LONG,58.408,57.70267857142857,48.91333907772537,57.70267857142857,59.818642857142855,34.49962619449993,-34.49962619,5.67936099,-40.17898719,LOSS,STOP_LOSS,2026-07-26T11:15:35.489044+00:00,2026-07-26T11:15:35.497451+00:00,6859.74625171
BTCUSDT,SHORT,37415.6,37600.93571428571,0.18506271924295845,37600.93571428571,37044.92857142857,34.29873125854993,-34.29873126,13.88276409,-48.18149535,LOSS,STOP_LOSS,2026-07-26T11:15:35.506298+00:00,2026-07-26T11:15:35.515827+00:00,6811.56475636
ETHUSDT,LONG,2071.47,2059.437857142857,2.8305700976265853,2059.437857142857,2095.5342857142855,34.05782378179993,-34.05782378,11.69282426,-45.75064804,LOSS,STOP_LOSS,2026-07-26T11:15:35.524387+00:00,2026-07-26T11:15:35.539268+00:00,6765.81410832
SOLUSDT,SHORT,57.84,58.51253571428572,50.300779308841804,58.51253571428572,56.49492857142858,33.82907054159993,-33.82907054,5.85262322,-39.68169376,LOSS,STOP_LOSS,2026-07-26T11:15:35.548029+00:00,2026-07-26T11:15:35.556388+00:00,6726.13241456
BTCUSDT,LONG,37577.2,37451.51071428571,0.2675698400359127,37451.51071428571,37828.578571428574,33.630662072799936,-33.63066207,20.07542012,-53.7060822,LOSS,STOP_LOSS,2026-07-26T11:15:35.565029+00:00,2026-07-26T11:15:35.572929+00:00,6672.42633236
ETHUSDT,SHORT,2046.21,2062.0671428571427,2.1039182129063017,2062.0671428571427,2014.4957142857143,33.36213166179993,-33.36213166,8.6434791,-42.00561077,LOSS,STOP_LOSS,2026-07-26T11:15:35.581751+00:00,2026-07-26T11:15:35.590523+00:00,6630.42072159
SOLUSDT,LONG,58.373,57.77578571428571,55.511236755328284,57.77578571428571,59.567428571428565,33.15210360794993,-33.15210361,6.44756274,-39.59966635,LOSS,STOP_LOSS,2026-07-26T11:15:35.599374+00:00,2026-07-26T11:15:35.607941+00:00,6590.82105524
BTCUSDT,SHORT,37473.4,37609.0,0.24302437519321374,37609.0,37202.2,32.95410527619993,-32.95410528,18.24685335,-51.20095862,LOSS,STOP_LOSS,2026-07-26T11:15:35.616934+00:00,2026-07-26T11:15:35.625102+00:00,6539.62009662
ETHUSDT,LONG,2061.99,2080.0264285714284,3.625784378942585,2052.9717857142855,2080.0264285714284,32.69810048309993,65.39620097,15.01805846,50.3781425,WIN,TAKE_PROFIT,2026-07-26T11:15:35.633916+00:00,2026-07-26T11:15:35.642032+00:00,6589.99823912
SOLUSDT,SHORT,57.447,56.13257142857143,50.13584140184757,58.104214285714285,56.13257142857143,32.94999119559993,65.89998239,5.69440738,60.20557501,WIN,TAKE_PROFIT,2026-07-26T11:15:35.651078+00:00,2026-07-26T11:15:35.660318+00:00,6650.20381413
BTCUSDT,LONG,37604.1,37472.7,0.2530518955148378,37472.7,37866.9,33.251019070649924,-33.25101907,18.99832655,-52.24934562,LOSS,STOP_LOSS,2026-07-26T11:15:35.669090+00:00,2026-07-26T11:15:35.677407+00:00,6597.95446851
ETHUSDT,SHORT,2077.02,2056.947857142857,3.287120122384959,2087.0560714285716,2056.947857142857,32.98977234254993,65.97954469,13.58884893,52.39069576,WIN,TAKE_PROFIT,2026-07-26T11:15:35.686221+00:00,2026-07-26T11:15:35.695120+00:00,6650.34516427
SOLUSDT,LONG,56.453,57.58914285714286,58.53440984520311,55.884928571428574,57.58914285714286,33.25172582134993,66.50345164,6.67538953,59.82806211,WIN,TAKE_PROFIT,2026-07-26T11:15:35.703932+00:00,2026-07-26T11:15:35.712093+00:00,6710.17322638
BTCUSDT,SHORT,37380.0,37547.19642857143,0.20066736125028167,37547.19642857143,37045.607142857145,33.55086613189993,-33.55086613,15.03544279,-48.58630893,LOSS,STOP_LOSS,2026-07-26T11:15:35.720928+00:00,2026-07-26T11:15:35.729654+00:00,6661.58691745
ETHUSDT,LONG,2059.53,2050.8578571428575,3.8407963447945743,2050.8578571428575,2076.8742857142856,33.30793458724993,-33.30793459,15.78716266,-49.09509724,LOSS,STOP_LOSS,2026-07-26T11:15:35.738588+00:00,2026-07-26T11:15:35.747109+00:00,6612.49182021
SOLUSDT,SHORT,57.564,58.15842857142857,55.62057527213411,58.15842857142857,56.37514285714286,33.06245910104993,-33.0624591,6.43654805,-39.49900715,LOSS,STOP_LOSS,2026-07-26T11:15:35.755989+00:00,2026-07-26T11:15:35.764014+00:00,6572.99281306
BTCUSDT,LONG,37479.2,37317.83214285714,0.20366487259110702,37317.83214285714,37801.93571428571,32.86496406529993,-32.86496407,15.23352802,-48.09849209,LOSS,STOP_LOSS,2026-07-26T11:15:35.773157+00:00,2026-07-26T11:15:35.783078+00:00,6524.89432097
ETHUSDT,SHORT,2047.13,2030.3321428571433,3.8843611214687903,2055.5289285714284,2030.3321428571433,32.62447160484993,65.24894321,15.83833542,49.41060779,WIN,TAKE_PROFIT,2026-07-26T11:15:35.792034+00:00,2026-07-26T11:15:35.800793+00:00,6574.30492876
SOLUSDT,LONG,58.245,59.50028571428571,52.372976557778514,57.617357142857145,59.50028571428571,32.87152464379993,65.74304929,6.16667109,59.5763782,WIN,TAKE_PROFIT,2026-07-26T11:15:35.809754+00:00,2026-07-26T11:15:35.817954+00:00,6633.88130696
BTCUSDT,SHORT,37238.1,37372.885714285716,0.24608992659628848,37372.885714285716,36968.52857142857,33.16940653479993,-33.16940653,18.361012,-51.53041853,LOSS,STOP_LOSS,2026-07-26T11:15:35.827151+00:00,2026-07-26T11:15:35.835627+00:00,6582.35088843
ETHUSDT,LONG,2037.31,2028.4460714285715,3.7129986074386583,2028.4460714285715,2055.037857142857,32.911754442149935,-32.91175444,15.09614663,-48.00790107,LOSS,STOP_LOSS,2026-07-26T11:15:35.844647+00:00,2026-07-26T11:15:35.852821+00:00,6534.34298736
SOLUSDT,SHORT,59.3,57.65,39.60207871127267,60.125,57.65,32.67171493679993,65.34342987,4.63146311,60.71196677,WIN,TAKE_PROFIT,2026-07-26T11:15:35.862145+00:00,2026-07-26T11:15:35.871964+00:00,6595.05495413
BTCUSDT,LONG,37360.4,37239.21071428571,0.2720972780414916,37239.21071428571,37602.77857142857,32.97527477064993,-32.97527477,20.29835102,-53.27362579,LOSS,STOP_LOSS,2026-07-26T11:15:35.881136+00:00,2026-07-26T11:15:35.889779+00:00,6541.78132834
ETHUSDT,SHORT,2041.69,2051.790357142857,3.2383910963813256,2051.790357142857,2021.4892857142859,32.70890664169993,-32.70890664,13.25629034,-45.96519698,LOSS,STOP_LOSS,2026-07-26T11:15:35.898982+00:00,2026-07-26T11:15:35.907841+00:00,6495.81613136
SOLUSDT,LONG,57.446,58.28471428571428,77.44968986462267,57.02664285714285,58.28471428571428,32.47908065679994,64.95816131,8.96330793,55.99485338,WIN,TAKE_PROFIT,2026-07-26T11:15:35.917011+00:00,2026-07-26T11:15:35.925369+00:00,6551.81098474
BTCUSDT,SHORT,37201.0,37309.09642857143,0.3030539986994427,37309.09642857143,36984.80714285714,32.759054923699935,-32.75905492,22.58058267,-55.33963759,LOSS,STOP_LOSS,2026-07-26T11:15:35.934582+00:00,2026-07-26T11:15:35.942830+00:00,6496.47134715
ETHUSDT,LONG,2049.74,2039.0524999999998,3.039284840771944,2039.0524999999998,2071.115,32.48235673574993,-32.48235674,12.42700506,-44.9093618,LOSS,STOP_LOSS,2026-07-26T11:15:35.952120+00:00,2026-07-26T11:15:35.960328+00:00,6451.56198535
SOLUSDT,SHORT,58.352,58.83392857142857,66.93483607151295,58.83392857142857,57.38814285714285,32.257809926749935,-32.25780993,7.84382092,-40.10163085,LOSS,STOP_LOSS,2026-07-26T11:15:35.969939+00:00,2026-07-26T11:15:35.978278+00:00,6411.4603545
BTCUSDT,LONG,37325.3,37191.69285714286,0.2399370354530869,37191.69285714286,37592.514285714286,32.05730177249993,-32.05730177,17.87938636,-49.93668813,LOSS,STOP_LOSS,2026-07-26T11:15:35.987513+00:00,2026-07-26T11:15:35.995895+00:00,6361.52366637
ETHUSDT,SHORT,2033.59,2011.69,2.904805327109594,2044.54,2011.69,31.80761833184993,63.61523666,11.75075089,51.86448577,WIN,TAKE_PROFIT,2026-07-26T11:15:36.005129+00:00,2026-07-26T11:15:36.013705+00:00,6413.38815214
SOLUSDT,LONG,58.747,59.626428571428576,72.92676586254021,58.30728571428571,59.626428571428576,32.06694076069993,64.13388152,8.63259131,55.50129021,WIN,TAKE_PROFIT,2026-07-26T11:15:36.023265+00:00,2026-07-26T11:15:36.032222+00:00,6468.88944235
BTCUSDT,SHORT,37105.7,36790.35714285714,0.20513828982716997,37263.37142857143,36790.35714285714,32.34444721174993,64.68889442,15.15891079,49.52998364,WIN,TAKE_PROFIT,2026-07-26T11:15:36.048074+00:00,2026-07-26T11:15:36.056669+00:00,6518.41942599
ETHUSDT,LONG,2021.85,2008.725,2.4832074003771325,2008.725,2048.1,32.59209712994993,-32.59209713,10.00875367,-42.6008508,LOSS,STOP_LOSS,2026-07-26T11:15:36.066113+00:00,2026-07-26T11:15:36.074703+00:00,6475.81857519
SOLUSDT,SHORT,59.283,58.22721428571428,61.33648606498863,59.81089285714286,58.22721428571428,32.37909287594993,64.75818575,7.20766362,57.55052213,WIN,TAKE_PROFIT,2026-07-26T11:15:36.084115+00:00,2026-07-26T11:15:36.093209+00:00,6533.36909732
BTCUSDT,LONG,36908.1,37368.53571428571,0.14189535899610603,36677.88214285714,37368.53571428571,32.666845486599925,65.33369097,10.53950989,54.79418108,WIN,TAKE_PROFIT,2026-07-26T11:15:36.102827+00:00,2026-07-26T11:15:36.115022+00:00,6588.1632784
ETHUSDT,SHORT,2003.15,2017.7450000000001,2.2569932437135916,2017.7450000000001,1973.96,32.94081639199993,-32.94081639,9.07513285,-42.01594924,LOSS,STOP_LOSS,2026-07-26T11:15:36.124616+00:00,2026-07-26T11:15:36.133163+00:00,6546.14732916
SOLUSDT,LONG,58.245,57.925285714285714,102.37495823083106,57.925285714285714,58.884428571428565,32.73073664579993,-32.73073665,11.89292815,-44.62366479,LOSS,STOP_LOSS,2026-07-26T11:15:36.142989+00:00,2026-07-26T11:15:36.152453+00:00,6501.52366437
BTCUSDT,SHORT,37401.7,37527.046428571426,0.25934219819693904,37527.046428571426,37151.00714285714,32.50761832184993,-32.50761832,19.43218581,-51.93980413,LOSS,STOP_LOSS,2026-07-26T11:15:36.161947+00:00,2026-07-26T11:15:36.172262+00:00,6449.58386024
ETHUSDT,LONG,2021.53,2007.232857142857,2.2555499111550703,2007.232857142857,2050.1242857142856,32.24791930119993,-32.2479193,9.0870757,-41.33499501,LOSS,STOP_LOSS,2026-07-26T11:15:36.181979+00:00,2026-07-26T11:15:36.190358+00:00,6408.24886523
SOLUSDT,SHORT,58.064,57.3935,95.57418143519769,58.39925,57.3935,32.04124432614993,64.08248865,11.03475605,53.0477326,WIN,TAKE_PROFIT,2026-07-26T11:15:36.200004+00:00,2026-07-26T11:15:36.208936+00:00,6461.29659783
BTCUSDT,LONG,37475.1,37787.20714285714,0.20702174704112453,37319.046428571426,37787.20714285714,32.306482989149934,64.61296598,15.58093431,49.03203167,WIN,TAKE_PROFIT,2026-07-26T11:15:36.218570+00:00,2026-07-26T11:15:36.227057+00:00,6510.3286295
ETHUSDT,SHORT,2007.02,2019.545,2.598933584630736,2019.545,1981.97,32.55164314749993,-32.55164315,10.46477501,-43.01641816,LOSS,STOP_LOSS,2026-07-26T11:15:36.238555+00:00,2026-07-26T11:15:36.247200+00:00,6467.31221134
SOLUSDT,LONG,57.083,56.61082142857143,68.48375384521584,56.61082142857143,58.02735714285714,32.33656105669993,-32.33656106,7.78617968,-40.12274074,LOSS,STOP_LOSS,2026-07-26T11:15:36.257123+00:00,2026-07-26T11:15:36.266143+00:00,6427.1894706
BTCUSDT,SHORT,37771.2,37968.63214285714,0.16276958193303168,37968.63214285714,37376.335714285706,32.13594735299993,-32.13594735,12.32814081,-44.46408817,LOSS,STOP_LOSS,2026-07-26T11:15:36.275938+00:00,2026-07-26T11:15:36.284216+00:00,6382.72538243
ETHUSDT,LONG,2015.41,2001.6357142857144,2.3168988631513088,2001.6357142857144,2042.9585714285715,31.91362691214993,-31.91362691,9.30708865,-41.22071556,LOSS,STOP_LOSS,2026-07-26T11:15:36.294118+00:00,2026-07-26T11:15:36.303830+00:00,6341.50466687
SOLUSDT,SHORT,56.482,57.11714285714286,49.92187659479292,57.11714285714286,55.21171428571429,31.70752333434993,-31.70752333,5.67108239,-37.37860573,LOSS,STOP_LOSS,2026-07-26T11:15:36.313844+00:00,2026-07-26T11:15:36.324260+00:00,6304.12606114
BTCUSDT,LONG,38074.8,37842.04285714286,0.13542282706677627,37842.04285714286,38540.31428571429,31.520630305699928,-31.52063031,10.28087348,-41.80150379,LOSS,STOP_LOSS,2026-07-26T11:15:36.334194+00:00,2026-07-26T11:15:36.343396+00:00,6262.32455735
ETHUSDT,SHORT,1997.32,2005.9375,3.6334926355381483,2005.9375,1980.085,31.311622786749925,-31.31162279,14.54580664,-45.85742943,LOSS,STOP_LOSS,2026-07-26T11:15:36.353949+00:00,2026-07-26T11:15:36.362779+00:00,6216.46712792
SOLUSDT,LONG,56.991,58.35664285714286,45.52044552062338,56.30817857142857,58.35664285714286,31.08233563959993,62.16467128,5.25067609,56.91399519,WIN,TAKE_PROFIT,2026-07-26T11:15:36.372839+00:00,2026-07-26T11:15:36.381594+00:00,6273.38112311
BTCUSDT,SHORT,37855.3,38062.81428571429,0.15115540362718516,38062.81428571429,37440.27142857143,31.366905615549925,-31.36690562,11.47543321,-42.84233882,LOSS,STOP_LOSS,2026-07-26T11:15:36.391406+00:00,2026-07-26T11:15:36.399977+00:00,6230.53878429
ETHUSDT,LONG,2007.88,2027.0864285714288,3.243986127414925,1998.2767857142858,2027.0864285714288,31.152693921449927,62.30538784,13.08937512,49.21601272,WIN,TAKE_PROFIT,2026-07-26T11:15:36.409748+00:00,2026-07-26T11:15:36.418812+00:00,6279.75479701
SOLUSDT,SHORT,57.93,56.86307142857142,58.85824941965551,58.46346428571429,56.86307142857142,31.398773985049928,62.79754797,6.75651923,56.04102874,WIN,TAKE_PROFIT,2026-07-26T11:15:36.428716+00:00,2026-07-26T11:15:36.437707+00:00,6335.79582575
BTCUSDT,LONG,38052.9,37875.985714285714,0.1790639970132816,37875.985714285714,38406.728571428575,31.67897912874993,-31.67897913,13.59612976,-45.27510889,LOSS,STOP_LOSS,2026-07-26T11:15:36.447757+00:00,2026-07-26T11:15:36.456053+00:00,6290.52071686
ETHUSDT,SHORT,2025.29,2033.4575,3.8509462607040224,2033.4575,2008.9550000000002,31.452603584299926,-31.45260358,15.63001851,-47.08262209,LOSS,STOP_LOSS,2026-07-26T11:15:36.466415+00:00,2026-07-26T11:15:36.475037+00:00,6243.43809477
SOLUSDT,LONG,56.771,56.29732142857143,65.90374223537637,56.29732142857143,57.718357142857144,31.21719047384993,-31.21719047,7.45162551,-38.66881598,LOSS,STOP_LOSS,2026-07-26T11:15:36.485032+00:00,2026-07-26T11:15:36.493405+00:00,6204.76927879
BTCUSDT,SHORT,37935.9,38123.23928571429,0.1656024590659793,38123.23928571429,37561.22142857143,31.02384639394993,-31.02384639,12.5955805,-43.61942689,LOSS,STOP_LOSS,2026-07-26T11:15:36.505741+00:00,2026-07-26T11:15:36.515279+00:00,6161.1498519
ETHUSDT,LONG,2031.19,2047.5700000000002,3.761385745970685,2023.0,2047.5700000000002,30.80574925949993,61.61149852,15.34178973,46.26970879,WIN,TAKE_PROFIT,2026-07-26T11:15:36.527007+00:00,2026-07-26T11:15:36.535867+00:00,6207.41956069
SOLUSDT,SHORT,56.35,56.86696428571429,60.03721854898774,56.86696428571429,55.316071428571426,31.037097803449928,-31.0370978,6.79723163,-37.83432943,LOSS,STOP_LOSS,2026-07-26T11:15:36.547758+00:00,2026-07-26T11:15:36.556010+00:00,6169.58523126
BTCUSDT,LONG,38112.4,38314.171428571426,0.30577100409813535,38011.514285714286,38314.171428571426,30.847926156299927,61.69585231,23.36902949,38.32682283,WIN,TAKE_PROFIT,2026-07-26T11:15:36.565932+00:00,2026-07-26T11:15:36.574559+00:00,6207.91205409
ETHUSDT,SHORT,2053.56,2066.3517857142856,2.4265228454996204,2066.3517857142856,2027.9764285714286,31.03956027044993,-31.03956027,9.99706007,-41.03662034,LOSS,STOP_LOSS,2026-07-26T11:15:36.587048+00:00,2026-07-26T11:15:36.596736+00:00,6166.87543375
SOLUSDT,LONG,56.945,56.44528571428572,61.70401377394209,56.44528571428572,57.944428571428574,30.834377168749928,-30.83437717,6.99663575,-37.83101292,LOSS,STOP_LOSS,2026-07-26T11:15:36.606826+00:00,2026-07-26T11:15:36.615326+00:00,6129.04442083
BTCUSDT,SHORT,38335.5,38491.59642857143,0.19632237831839325,38491.59642857143,38023.30714285714,30.64522210414993,-30.6452221,15.08287829,-45.72810039,LOSS,STOP_LOSS,2026-07-26T11:15:36.625362+00:00,2026-07-26T11:15:36.633617+00:00,6083.31632044
ETHUSDT,LONG,2067.56,2052.6167857142855,2.035477844367,2052.6167857142855,2097.4464285714284,30.41658160219993,-30.4165816,8.38652856,-38.80311016,LOSS,STOP_LOSS,2026-07-26T11:15:36.643614+00:00,2026-07-26T11:15:36.652613+00:00,6044.51321028
SOLUSDT,SHORT,56.473,55.52178571428571,63.54523161667048,56.94860714285714,55.52178571428571,30.22256605139993,60.4451321,7.1167346,53.3283975,WIN,TAKE_PROFIT,2026-07-26T11:15:36.663076+00:00,2026-07-26T11:15:36.671291+00:00,6097.84160778
BTCUSDT,LONG,38275.0,38068.02142857143,0.14730610917092865,38068.02142857143,38688.95714285714,30.489208038899932,-30.48920804,11.24579345,-41.73500149,LOSS,STOP_LOSS,2026-07-26T11:15:36.681394+00:00,2026-07-26T11:15:36.689674+00:00,6056.10660629
ETHUSDT,SHORT,2057.02,2073.3239285714285,1.8572537838833654,2073.3239285714285,2024.4121428571427,30.28053303144993,-30.28053303,7.67109689,-37.95162992,LOSS,STOP_LOSS,2026-07-26T11:15:36.699973+00:00,2026-07-26T11:15:36.710761+00:00,6018.15497637
SOLUSDT,LONG,55.801,55.24996428571429,54.60766716519542,55.24996428571429,56.90307142857143,30.090774881849928,-30.09077488,6.0642341,-36.15500898,LOSS,STOP_LOSS,2026-07-26T11:15:36.721364+00:00,2026-07-26T11:15:36.730138+00:00,5981.99996739
BTCUSDT,SHORT,37911.5,38125.239285714284,0.1399368381764495,38125.239285714284,37484.02142857143,29.90999983694993,-29.90999984,10.64034088,-40.55034072,LOSS,STOP_LOSS,2026-07-26T11:15:36.740407+00:00,2026-07-26T11:15:36.748612+00:00,5941.44962667
ETHUSDT,LONG,2066.1,2056.2032142857142,3.001706714784017,2056.2032142857142,2085.8935714285712,29.707248133349925,-29.70724813,12.37394524,-42.08119337,LOSS,STOP_LOSS,2026-07-26T11:15:36.758813+00:00,2026-07-26T11:15:36.767546+00:00,5899.3684333
SOLUSDT,SHORT,55.216,53.857642857142864,43.4301719862228,55.89517857142857,53.857642857142864,29.496842166499928,58.99368433,4.73708707,54.25659726,WIN,TAKE_PROFIT,2026-07-26T11:15:36.779405+00:00,2026-07-26T11:15:36.789047+00:00,5953.62503056
BTCUSDT,LONG,38094.6,37869.31071428571,0.13213289330834896,37869.31071428571,38545.17857142857,29.768125152799925,-29.76812515,10.03733131,-39.80545646,LOSS,STOP_LOSS,2026-07-26T11:15:36.806847+00:00,2026-07-26T11:15:36.815965+00:00,5913.8195741
ETHUSDT,SHORT,2055.97,2036.1999999999998,2.9913098503287667,2065.855,2036.1999999999998,29.569097870499927,59.13819574,12.24094843,46.89724731,WIN,TAKE_PROFIT,2026-07-26T11:15:36.828078+00:00,2026-07-26T11:15:36.839099+00:00,5960.71682141
SOLUSDT,LONG,54.356,53.582750000000004,38.543270749498774,53.582750000000004,55.9025,29.80358410704993,-29.80358411,4.16031247,-33.96389657,LOSS,STOP_LOSS,2026-07-26T11:15:36.851437+00:00,2026-07-26T11:15:36.863202+00:00,5926.75292484
BTCUSDT,SHORT,37892.4,38067.482142857145,0.16925635099394062,38067.482142857145,37542.235714285714,29.63376462419993,-29.63376462,12.85669247,-42.4904571,LOSS,STOP_LOSS,2026-07-26T11:15:36.878069+00:00,2026-07-26T11:15:36.890076+00:00,5884.26246774
ETHUSDT,LONG,2036.1,2025.7810714285713,2.8511983715211247,2025.7810714285713,2056.737857142857,29.42131233869993,-29.42131234,11.5812287,-41.00254103,LOSS,STOP_LOSS,2026-07-26T11:15:36.900888+00:00,2026-07-26T11:15:36.909228+00:00,5843.25992671
SOLUSDT,SHORT,54.124,54.712857142857146,49.615258960419496,54.712857142857146,52.946285714285715,29.21629963354993,-29.21629963,5.39996885,-34.61626849,LOSS,STOP_LOSS,2026-07-26T11:15:36.922127+00:00,2026-07-26T11:15:36.930875+00:00,5808.64365822
BTCUSDT,LONG,38125.7,38007.521428571425,0.24575706018458526,38007.521428571425,38362.05714285714,29.04321829109993,-29.04321829,18.71027668,-47.75349497,LOSS,STOP_LOSS,2026-07-26T11:15:36.941241+00:00,2026-07-26T11:15:36.958263+00:00,5760.89016325
ETHUSDT,SHORT,2024.25,2035.9360714285715,2.4648532222578727,2035.9360714285715,2000.8778571428572,28.80445081624993,-28.80445082,10.00776272,-38.81221354,LOSS,STOP_LOSS,2026-07-26T11:15:36.969139+00:00,2026-07-26T11:15:36.977848+00:00,5722.07794971
SOLUSDT,LONG,54.611,54.013678571428564,47.89781243404458,54.013678571428564,55.80564285714286,28.610389748549927,-28.61038975,5.20288448,-33.81327423,LOSS,STOP_LOSS,2026-07-26T11:15:36.988251+00:00,2026-07-26T11:15:36.997665+00:00,5688.26467548
BTCUSDT,SHORT,37993.0,37743.78571428571,0.22824793768047946,38117.607142857145,37743.78571428571,28.441323377399925,56.88264675,17.28676515,39.59588161,WIN,TAKE_PROFIT,2026-07-26T11:15:37.009572+00:00,2026-07-26T11:15:37.019071+00:00,5727.86055709
ETHUSDT,LONG,2032.62,2019.2839285714285,2.1475067030679313,2019.2839285714285,2059.2921428571426,28.639302785449928,-28.63930279,8.70149085,-37.34079363,LOSS,STOP_LOSS,2026-07-26T11:15:37.032198+00:00,2026-07-26T11:15:37.040741+00:00,5690.51976346
SOLUSDT,SHORT,54.267,54.761571428571436,57.529806967388474,54.761571428571436,53.277857142857144,28.452598817299926,-28.45259882,6.27239267,-34.72499149,LOSS,STOP_LOSS,2026-07-26T11:15:37.058336+00:00,2026-07-26T11:15:37.072259+00:00,5655.79477197
BTCUSDT,LONG,37715.7,37600.16785714286,0.24477148229490733,37600.16785714286,37946.764285714286,28.278973859849927,-28.27897386,18.43517662,-46.71415048,LOSS,STOP_LOSS,2026-07-26T11:15:37.083700+00:00,2026-07-26T11:15:37.091791+00:00,5609.08062149
ETHUSDT,SHORT,2024.8,2034.0774999999999,3.022948327399625,2034.0774999999999,2006.2450000000001,28.045403107449925,-28.04540311,12.26977695,-40.31518006,LOSS,STOP_LOSS,2026-07-26T11:15:37.102828+00:00,2026-07-26T11:15:37.112686+00:00,5568.76544143
SOLUSDT,LONG,54.634,55.723642857142856,51.10633640119283,54.08917857142857,55.723642857142856,27.843827207149925,55.68765441,5.63997482,50.04767959,WIN,TAKE_PROFIT,2026-07-26T11:15:37.123856+00:00,2026-07-26T11:15:37.133348+00:00,5618.81312102
BTCUSDT,SHORT,37660.1,37783.07857142857,0.22844683654028028,37783.07857142857,37414.142857142855,28.094065605099928,-28.09406561,17.23475548,-45.32882109,LOSS,STOP_LOSS,2026-07-26T11:15:37.144383+00:00,2026-07-26T11:15:37.156014+00:00,5573.48429993
ETHUSDT,LONG,2034.76,2026.6085714285714,3.4187162723019364,2026.6085714285714,2051.0628571428574,27.867421499649925,-27.8674215,13.88466682,-41.75208832,LOSS,STOP_LOSS,2026-07-26T11:15:37.167855+00:00,2026-07-26T11:15:37.177724+00:00,5531.73221161
SOLUSDT,SHORT,55.536,56.138357142857146,45.91737872793769,56.138357142857146,54.33128571428571,27.658661058049926,-27.65866106,5.12779375,-32.78645481,LOSS,STOP_LOSS,2026-07-26T11:15:37.188431+00:00,2026-07-26T11:15:37.198012+00:00,5498.9457568
BTCUSDT,LONG,37801.6,37694.96071428571,0.25782926620181373,37694.96071428571,38014.87857142857,27.494728783999925,-27.49472878,19.46522285,-46.95995163,LOSS,STOP_LOSS,2026-07-26T11:15:37.209840+00:00,2026-07-26T11:15:37.221422+00:00,5451.98580517
ETHUSDT,SHORT,2027.07,2033.780357142857,4.062366345860902,2033.780357142857,2013.6492857142857,27.259929025849924,-27.25992903,16.49666183,-43.75659085,LOSS,STOP_LOSS,2026-07-26T11:15:37.233724+00:00,2026-07-26T11:15:37.243376+00:00,5408.22921432
SOLUSDT,LONG,56.163,55.609607142857136,48.86428460824763,55.609607142857136,57.26978571428571,27.041146071599925,-27.04114607,5.46168849,-32.50283456,LOSS,STOP_LOSS,2026-07-26T11:15:37.255088+00:00,2026-07-26T11:15:37.279297+00:00,5375.72637976
BTCUSDT,SHORT,37709.6,37862.857142857145,0.17538257204660634,37862.857142857145,37403.08571428571,26.878631898799924,-26.8786319,13.25409191,-40.13272381,LOSS,STOP_LOSS,2026-07-26T11:15:37.291042+00:00,2026-07-26T11:15:37.300950+00:00,5335.59365595
ETHUSDT,LONG,2033.63,2047.987142857143,3.7163338897163944,2026.4514285714286,2047.987142857143,26.67796827974992,53.35593656,15.16865211,38.18728445,WIN,TAKE_PROFIT,2026-07-26T11:15:37.311786+00:00,2026-07-26T11:15:37.320986+00:00,5373.7809404
SOLUSDT,SHORT,55.76,56.248357142857145,55.018965310516066,56.248357142857145,54.78328571428571,26.868904701999924,-26.8689047,6.16258392,-33.03148862,LOSS,STOP_LOSS,2026-07-26T11:15:37.331629+00:00,2026-07-26T11:15:37.340313+00:00,5340.74945178
BTCUSDT,LONG,37870.8,38097.27857142857,0.23581698781001104,37757.56071428572,38097.27857142857,26.70374725889992,53.40749452,17.91456346,35.49293106,WIN,TAKE_PROFIT,2026-07-26T11:15:37.351106+00:00,2026-07-26T11:15:37.360768+00:00,5376.24238284
ETHUSDT,SHORT,2049.34,2034.4792857142857,3.6177550281066515,2056.7703571428574,2034.4792857142857,26.88121191419992,53.76242383,14.77425775,38.98816607,WIN,TAKE_PROFIT,2026-07-26T11:15:37.371591+00:00,2026-07-26T11:15:37.380382+00:00,5415.23054891
SOLUSDT,LONG,56.29,55.81128571428571,56.56015195817636,55.81128571428571,57.24742857142857,27.076152744549923,-27.07615274,6.34046575,-33.4166185,LOSS,STOP_LOSS,2026-07-26T11:15:37.392554+00:00,2026-07-26T11:15:37.401607+00:00,5381.81393041
BTCUSDT,SHORT,38106.9,38249.18571428572,0.18911996743408582,38249.18571428572,37822.328571428574,26.909069652049922,-26.90906965,14.44046044,-41.3495301,LOSS,STOP_LOSS,2026-07-26T11:15:37.412636+00:00,2026-07-26T11:15:37.423320+00:00,5340.46440031
ETHUSDT,LONG,2034.99,2025.0953571428572,2.6986645589005405,2025.0953571428572,2054.779285714286,26.70232200154992,-26.702322,10.95680846,-37.65913046,LOSS,STOP_LOSS,2026-07-26T11:15:37.436619+00:00,2026-07-26T11:15:37.445516+00:00,5302.80526985
SOLUSDT,SHORT,55.83,56.332071428571425,52.809271431142164,56.332071428571425,54.82585714285714,26.51402634924992,-26.51402635,5.92319727,-32.43722362,LOSS,STOP_LOSS,2026-07-26T11:15:37.458833+00:00,2026-07-26T11:15:37.468079+00:00,5270.36804623
BTCUSDT,LONG,38294.5,38554.83571428571,0.20244506446955648,38164.33214285714,38554.83571428571,26.35184023114992,52.70368046,15.55776872,37.14591174,WIN,TAKE_PROFIT,2026-07-26T11:15:37.480572+00:00,2026-07-26T11:15:37.489155+00:00,5307.51395797
ETHUSDT,SHORT,2029.65,2041.6007142857145,2.2205844065381526,2041.6007142857145,2005.7485714285715,26.537569789849922,-26.53756979,9.04055585,-35.57812564,LOSS,STOP_LOSS,2026-07-26T11:15:37.500042+00:00,2026-07-26T11:15:37.508884+00:00,5271.93583233
SOLUSDT,LONG,56.618,57.80064285714286,44.57758147769506,56.026678571428576,57.80064285714286,26.359679161649925,52.71935832,5.10050637,47.61885195,WIN,TAKE_PROFIT,2026-07-26T11:15:37.521588+00:00,2026-07-26T11:15:37.531110+00:00,5319.55468428
BTCUSDT,SHORT,38586.0,38746.58571428571,0.16562976065278812,38746.58571428571,38264.828571428574,26.597773421399925,-26.59777342,12.80857766,-39.40635108,LOSS,STOP_LOSS,2026-07-26T11:15:37.543983+00:00,2026-07-26T11:15:37.552189+00:00,5280.1483332
ETHUSDT,LONG,2043.74,2061.035,3.0529912305290448,2035.0925,2061.035,26.400741665999927,52.80148333,12.53184208,40.26964125,WIN,TAKE_PROFIT,2026-07-26T11:15:37.563166+00:00,2026-07-26T11:15:37.572279+00:00,5320.41797445
SOLUSDT,SHORT,57.842,58.59210714285714,35.46438682202534,58.59210714285714,56.34178571428571,26.602089872249927,-26.60208987,4.12926421,-30.73135409,LOSS,STOP_LOSS,2026-07-26T11:15:37.584932+00:00,2026-07-26T11:15:37.594741+00:00,5289.68662036
BTCUSDT,LONG,38655.6,38464.296428571426,0.13825373412683672,38464.296428571426,39038.207142857136,26.448433101799925,-26.4484331,10.66211366,-37.11054676,LOSS,STOP_LOSS,2026-07-26T11:15:37.606243+00:00,2026-07-26T11:15:37.615159+00:00,5252.5760736
ETHUSDT,SHORT,2073.35,2082.6285714285714,2.830487491547346,2082.6285714285714,2054.792857142857,26.262880367999923,-26.26288037,11.76344536,-38.02632573,LOSS,STOP_LOSS,2026-07-26T11:15:37.627797+00:00,2026-07-26T11:15:37.636420+00:00,5214.54974787
SOLUSDT,LONG,58.518,57.88275,41.04328805879581,57.88275,59.78849999999999,26.072748739349922,-26.07274874,4.77746951,-30.85021825,LOSS,STOP_LOSS,2026-07-26T11:15:37.648041+00:00,2026-07-26T11:15:37.657439+00:00,5183.69952962
BTCUSDT,SHORT,38539.7,38727.96071428571,0.13767342669679233,38727.96071428571,38163.17857142857,25.918497648099923,-25.91849765,10.63770362,-36.55620127,LOSS,STOP_LOSS,2026-07-26T11:15:37.670791+00:00,2026-07-26T11:15:37.679825+00:00,5147.14332835
ETHUSDT,LONG,2083.75,2103.7942857142857,2.5678856317048027,2073.7278571428574,2103.7942857142857,25.735716641749924,51.47143328,10.7531348,40.71829848,WIN,TAKE_PROFIT,2026-07-26T11:15:37.692550+00:00,2026-07-26T11:15:37.701995+00:00,5187.86162683
SOLUSDT,SHORT,57.961,58.503678571428566,47.79865927977633,58.503678571428566,56.875642857142864,25.939308134149925,-25.93930813,5.56685549,-31.50616362,LOSS,STOP_LOSS,2026-07-26T11:15:37.713445+00:00,2026-07-26T11:15:37.721978+00:00,5156.35546321
BTCUSDT,LONG,38779.9,39158.45714285715,0.13621075603784852,38590.62142857143,39158.45714285715,25.781777316049926,51.56355463,10.61604255,40.94751208,WIN,TAKE_PROFIT,2026-07-26T11:15:37.733555+00:00,2026-07-26T11:15:37.745866+00:00,5197.30297529
ETHUSDT,SHORT,2102.9,2085.2278571428574,2.9409579909486423,2111.7360714285714,2085.2278571428574,25.986514876449924,51.97302975,12.31710809,39.65592166,WIN,TAKE_PROFIT,2026-07-26T11:15:37.757179+00:00,2026-07-26T11:15:37.766774+00:00,5236.95889695
SOLUSDT,LONG,58.367,59.426857142857145,49.4119319027495,57.83707142857143,59.426857142857145,26.184794484749922,52.36958897,5.82042205,46.54916692,WIN,TAKE_PROFIT,2026-07-26T11:15:37.778081+00:00,2026-07-26T11:15:37.787375+00:00,5283.50806387
BTCUSDT,SHORT,39435.8,39031.914285714294,0.13081690876871205,39637.74285714286,39031.914285714294,26.417540319349925,52.83508064,10.26490382,42.57017682,WIN,TAKE_PROFIT,2026-07-26T11:15:37.798954+00:00,2026-07-26T11:15:37.807101+00:00,5326.07824069
ETHUSDT,LONG,2087.18,2078.2164285714284,2.970957660756232,2078.2164285714284,2105.1071428571427,26.63039120344992,-26.6303912,12.37521643,-39.00560763,LOSS,STOP_LOSS,2026-07-26T11:15:37.819847+00:00,2026-07-26T11:15:37.828129+00:00,5287.07263306
SOLUSDT,SHORT,59.473,59.936499999999995,57.03422473635374,59.936499999999995,58.546,26.435363165299922,-26.43536317,6.81042826,-33.24579142,LOSS,STOP_LOSS,2026-07-26T11:15:37.840797+00:00,2026-07-26T11:15:37.849319+00:00,5253.82684164
BTCUSDT,LONG,39342.0,39833.142857142855,0.1069714598356028,39096.42857142857,39833.142857142855,26.269134208199922,52.53826842,8.46948061,44.0687878,WIN,TAKE_PROFIT,2026-07-26T11:15:37.860710+00:00,2026-07-26T11:15:37.872419+00:00,5297.89562944
ETHUSDT,SHORT,2080.43,2089.4224999999997,2.945730124792864,2089.4224999999997,2062.4449999999997,26.48947814719992,-26.48947815,12.28326013,-38.77273827,LOSS,STOP_LOSS,2026-07-26T11:15:37.883734+00:00,2026-07-26T11:15:37.892288+00:00,5259.12289117
SOLUSDT,LONG,59.964,61.150928571428565,44.308672128771704,59.370535714285715,61.150928571428565,26.29561445584992,52.59122891,5.36644166,47.22478725,WIN,TAKE_PROFIT,2026-07-26T11:15:37.903696+00:00,2026-07-26T11:15:37.911829+00:00,5306.34767842
BTCUSDT,SHORT,39664.0,39899.82142857143,0.11250775026181929,39899.82142857143,39192.35714285714,26.531738392099918,-26.53173839,8.95154655,-35.48328494,LOSS,STOP_LOSS,2026-07-26T11:15:37.923111+00:00,2026-07-26T11:15:37.932532+00:00,5270.86439348
ETHUSDT,LONG,2100.09,2088.1607142857147,2.209212068400694,2088.1607142857147,2123.9485714285715,26.35432196739992,-26.35432197,9.25273402,-35.60705599,LOSS,STOP_LOSS,2026-07-26T11:15:37.943853+00:00,2026-07-26T11:15:37.952063+00:00,5235.25733749
SOLUSDT,SHORT,61.238,59.78214285714286,35.959966011608266,61.96592857142857,59.78214285714286,26.17628668744992,52.35257337,4.35188022,48.00069315,WIN,TAKE_PROFIT,2026-07-26T11:15:37.963328+00:00,2026-07-26T11:15:37.973079+00:00,5283.25803064
BTCUSDT,LONG,39901.2,40171.5,0.19545904663854896,39766.049999999996,40171.5,26.41629015319992,52.83258031,15.6509336,37.1816467,WIN,TAKE_PROFIT,2026-07-26T11:15:37.984348+00:00,2026-07-26T11:15:37.992691+00:00,5320.43967734
ETHUSDT,SHORT,2090.34,2104.4753571428573,1.8819615321953596,2104.4753571428573,2062.069285714286,26.60219838669992,-26.60219839,7.89448114,-34.49667952,LOSS,STOP_LOSS,2026-07-26T11:15:38.003966+00:00,2026-07-26T11:15:38.014869+00:00,5285.94299782
SOLUSDT,LONG,59.468,61.34814285714286,28.114581707119406,58.527928571428575,61.34814285714286,26.42971498909992,52.85942998,3.39669532,49.46273466,WIN,TAKE_PROFIT,2026-07-26T11:15:38.026329+00:00,2026-07-26T11:15:38.038694+00:00,5335.40573248
BTCUSDT,SHORT,39944.5,40130.2,0.14365658945826582,40130.2,39573.1,26.67702866239992,-26.67702866,11.5032583,-38.18028697,LOSS,STOP_LOSS,2026-07-26T11:15:38.050282+00:00,2026-07-26T11:15:38.058303+00:00,5297.22544551
ETHUSDT,LONG,2102.51,2097.007142857143,4.81315915350071,2097.007142857143,2113.5157142857147,26.48612722754992,-26.48612723,20.21294438,-46.6990716,LOSS,STOP_LOSS,2026-07-26T11:15:38.070114+00:00,2026-07-26T11:15:38.078333+00:00,5250.52637391
SOLUSDT,SHORT,61.223,60.08535714285714,46.152677362177315,61.791821428571424,60.08535714285714,26.252631869549923,52.50526374,5.59870547,46.90655827,WIN,TAKE_PROFIT,2026-07-26T11:15:38.089842+00:00,2026-07-26T11:15:38.098254+00:00,5297.43293218
BTCUSDT,LONG,40079.9,39886.67857142857,0.1370819212792873,39886.67857142857,40466.34285714286,26.48716466089992,-26.48716466,10.96197223,-37.44913689,LOSS,STOP_LOSS,2026-07-26T11:15:38.109891+00:00,2026-07-26T11:15:38.118293+00:00,5259.98379529
ETHUSDT,SHORT,2096.76,2102.7482142857143,4.39194686789881,2102.7482142857143,2084.7835714285716,26.29991897644992,-26.29991898,18.44401695,-44.74393592,LOSS,STOP_LOSS,2026-07-26T11:15:38.136865+00:00,2026-07-26T11:15:38.145375+00:00,5215.23985937
SOLUSDT,LONG,60.328,59.59439285714286,35.545181846638314,59.59439285714286,61.79521428571429,26.07619929684992,-26.0761993,4.26266326,-30.33886256,LOSS,STOP_LOSS,2026-07-26T11:15:38.157569+00:00,2026-07-26T11:15:38.166361+00:00,5184.90099681
BTCUSDT,SHORT,39852.3,40094.96785714286,0.1068312272143582,40094.96785714286,39366.96428571429,25.92450498404992,-25.92450498,8.54086474,-34.46536972,LOSS,STOP_LOSS,2026-07-26T11:15:38.178354+00:00,2026-07-26T11:15:38.187607+00:00,5150.43562709
ETHUSDT,LONG,2102.5,2096.155,4.058656916540647,2096.155,2115.1899999999996,25.75217813544992,-25.75217814,17.04090016,-42.79307829,LOSS,STOP_LOSS,2026-07-26T11:15:38.201073+00:00,2026-07-26T11:15:38.210611+00:00,5107.6425488
SOLUSDT,SHORT,59.667,60.45621428571429,32.35903506344456,60.45621428571429,58.08857142857143,25.53821274399992,-25.53821274,3.8870713,-29.42528405,LOSS,STOP_LOSS,2026-07-26T11:15:38.224371+00:00,2026-07-26T11:15:38.235261+00:00,5078.21726475
BTCUSDT,LONG,40121.0,40670.77142857143,0.09236961036599602,39846.114285714284,40670.77142857143,25.391086323749917,50.78217265,7.46270445,43.3194682,WIN,TAKE_PROFIT,2026-07-26T11:15:38.247009+00:00,2026-07-26T11:15:38.255363+00:00,5121.53673295
ETHUSDT,SHORT,2098.93,2105.8782142857144,3.6855057446054422,2105.8782142857144,2085.033571428571,25.60768366474992,-25.60768366,15.49684483,-41.10452849,LOSS,STOP_LOSS,2026-07-26T11:15:38.267108+00:00,2026-07-26T11:15:38.275605+00:00,5080.43220446
SOLUSDT,LONG,60.682,60.03946428571429,39.53423982126598,60.03946428571429,61.96707142857144,25.40216102229992,-25.40216102,4.77263132,-30.17479234,LOSS,STOP_LOSS,2026-07-26T11:15:38.287290+00:00,2026-07-26T11:15:38.297315+00:00,5050.25741212
BTCUSDT,SHORT,40661.2,41018.28571428571,0.07071491815658476,41018.28571428571,39947.02857142857,25.25128706059992,-25.25128706,5.77595815,-31.02724521,LOSS,STOP_LOSS,2026-07-26T11:15:38.308976+00:00,2026-07-26T11:15:38.317536+00:00,5019.23016691
ETHUSDT,LONG,2103.59,2119.4535714285716,3.1639975837155725,2095.658214285714,2119.4535714285716,25.09615083454992,50.19230167,13.36169966,36.83060201,WIN,TAKE_PROFIT,2026-07-26T11:15:38.331035+00:00,2026-07-26T11:15:38.340185+00:00,5056.06076892
SOLUSDT,SHORT,59.931,60.3975,54.191433750481984,60.3975,58.998,25.28030384459992,-25.28030384,6.52077394,-31.80107778,LOSS,STOP_LOSS,2026-07-26T11:15:38.353894+00:00,2026-07-26T11:15:38.362183+00:00,5024.25969114
BTCUSDT,LONG,41212.1,41726.21428571429,0.0977265139434798,40955.04285714285,41726.21428571429,25.12129845569992,50.24259691,8.10527233,42.13732458,WIN,TAKE_PROFIT,2026-07-26T11:15:38.375114+00:00,2026-07-26T11:15:38.383572+00:00,5066.39701572
ETHUSDT,SHORT,2121.96,2131.1764285714285,2.748568480976509,2131.1764285714285,2103.5271428571427,25.331985078599917,-25.33198508,11.69003673,-37.02202181,LOSS,STOP_LOSS,2026-07-26T11:15:38.395386+00:00,2026-07-26T11:15:38.403791+00:00,5029.37499391
SOLUSDT,LONG,60.639,60.13789285714286,50.18263125560505,60.13789285714286,61.64121428571429,25.146874969549916,-25.14687497,6.06090228,-31.20777725,LOSS,STOP_LOSS,2026-07-26T11:15:38.415610+00:00,2026-07-26T11:15:38.423625+00:00,4998.16721666
BTCUSDT,SHORT,41708.5,42030.700000000004,0.07756311633550515,42030.700000000004,41064.1,24.990836083299918,-24.99083608,6.49507331,-31.48590939,LOSS,STOP_LOSS,2026-07-26T11:15:38.435600+00:00,2026-07-26T11:15:38.444232+00:00,4966.68130727
ETHUSDT,LONG,2142.29,2165.057857142857,2.1814443388793743,2130.9060714285715,2165.057857142857,24.833406536349916,49.66681307,9.3962396,40.27057347,WIN,TAKE_PROFIT,2026-07-26T11:15:38.456231+00:00,2026-07-26T11:15:38.464817+00:00,5006.95188074
SOLUSDT,SHORT,60.292,60.87646428571429,42.83368550587199,60.87646428571429,59.12307142857143,25.03475940369992,-25.0347594,5.19009189,-30.2248513,LOSS,STOP_LOSS,2026-07-26T11:15:38.476861+00:00,2026-07-26T11:15:38.485074+00:00,4976.72702944
BTCUSDT,LONG,41991.3,41728.58571428572,0.09471748016878734,41728.58571428572,42516.728571428575,24.883635147199914,-24.88363515,7.92973661,-32.81337176,LOSS,STOP_LOSS,2026-07-26T11:15:38.498052+00:00,2026-07-26T11:15:38.506091+00:00,4943.91365768
ETHUSDT,SHORT,2168.31,2133.927857142857,1.4379306369070288,2185.5010714285713,2133.927857142857,24.719568288399913,49.43913658,6.18631962,43.25281695,WIN,TAKE_PROFIT,2026-07-26T11:15:38.518603+00:00,2026-07-26T11:15:38.529014+00:00,4987.16647463
SOLUSDT,LONG,60.517,59.8495,37.357052244419236,59.8495,61.852000000000004,24.935832373149914,-24.93583237,4.49653763,-29.43237,LOSS,STOP_LOSS,2026-07-26T11:15:38.542732+00:00,2026-07-26T11:15:38.553388+00:00,4957.73410463
BTCUSDT,SHORT,41492.2,41810.02857142857,0.07799383929434095,41810.02857142857,40856.54285714286,24.788670523149914,-24.78867052,6.49706063,-31.28573115,LOSS,STOP_LOSS,2026-07-26T11:15:38.568131+00:00,2026-07-26T11:15:38.577825+00:00,4926.44837348
ETHUSDT,LONG,2154.0,2196.0535714285716,1.17146967692093,2132.973214285714,2196.0535714285716,24.632241867399912,49.26448373,5.09595585,44.16852788,WIN,TAKE_PROFIT,2026-07-26T11:15:38.592152+00:00,2026-07-26T11:15:38.607137+00:00,4970.61690136
SOLUSDT,SHORT,59.917,60.27582142857143,69.26310004881012,60.27582142857143,59.19935714285714,24.85308450679991,-24.85308451,8.32492742,-33.17801192,LOSS,STOP_LOSS,2026-07-26T11:15:38.622329+00:00,2026-07-26T11:15:38.632937+00:00,4937.43888944
BTCUSDT,LONG,41764.1,41394.06071428571,0.06671506350885505,41394.06071428571,42504.17857142857,24.687194447199907,-24.68719445,5.54790197,-30.23509642,LOSS,STOP_LOSS,2026-07-26T11:15:38.647199+00:00,2026-07-26T11:15:38.657835+00:00,4907.20379302
ETHUSDT,SHORT,2196.49,2205.470714285714,2.732078783992682,2205.470714285714,2178.5285714285715,24.536018965099906,-24.53601897,12.02650348,-36.56252244,LOSS,STOP_LOSS,2026-07-26T11:15:38.672141+00:00,2026-07-26T11:15:38.682296+00:00,4870.64127058
SOLUSDT,LONG,60.713,60.35010714285714,67.10853044790827,60.35010714285714,61.438785714285714,24.353206352899907,-24.35320635,8.12436721,-32.47757356,LOSS,STOP_LOSS,2026-07-26T11:15:38.696395+00:00,2026-07-26T11:15:38.707663+00:00,4838.16369702
BTCUSDT,SHORT,41454.8,41741.514285714286,0.08437256073527644,41741.514285714286,40881.37142857143,24.190818485099907,-24.19081849,7.01948608,-31.21030457,LOSS,STOP_LOSS,2026-07-26T11:15:38.721458+00:00,2026-07-26T11:15:38.732209+00:00,4806.95339245
ETHUSDT,LONG,2202.06,2190.297857142857,2.043400361155642,2190.297857142857,2225.5842857142857,24.03476696224991,-24.03476696,8.97534563,-33.01011259,LOSS,STOP_LOSS,2026-07-26T11:15:38.746354+00:00,2026-07-26T11:15:38.756452+00:00,4773.94327986
SOLUSDT,SHORT,60.555,60.945750000000004,61.08692616583461,60.945750000000004,59.7735,23.86971639929991,-23.8697164,7.42210734,-31.29182374,LOSS,STOP_LOSS,2026-07-26T11:15:38.773735+00:00,2026-07-26T11:15:38.782804+00:00,4742.65145612
BTCUSDT,LONG,41614.6,42195.93571428571,0.08158197302478291,41323.93214285714,42195.93571428571,23.71325728059991,47.42651456,6.83742886,40.5890857,WIN,TAKE_PROFIT,2026-07-26T11:15:38.795290+00:00,2026-07-26T11:15:38.804909+00:00,4783.24054182
ETHUSDT,SHORT,2186.83,2203.303214285714,1.4518236874900718,2203.303214285714,2153.8835714285715,23.916202709099913,-23.91620271,6.37369939,-30.2899021,LOSS,STOP_LOSS,2026-07-26T11:15:38.817296+00:00,2026-07-26T11:15:38.825677+00:00,4752.95063972
SOLUSDT,LONG,60.984,61.855500000000006,54.537586227423674,60.54825,61.855500000000006,23.76475319859991,47.5295064,6.69936982,40.83013657,WIN,TAKE_PROFIT,2026-07-26T11:15:38.838000+00:00,2026-07-26T11:15:38.847241+00:00,4793.78077629
BTCUSDT,SHORT,42318.7,41780.69285714286,0.08910254891472501,42587.70357142857,41780.69285714286,23.96890388144991,47.93780776,7.49347027,40.4443375,WIN,TAKE_PROFIT,2026-07-26T11:15:38.865607+00:00,2026-07-26T11:15:38.874300+00:00,4834.22511379
ETHUSDT,LONG,2202.26,2239.0057142857145,1.3155888265504154,2183.887142857143,2239.0057142857145,24.17112556894991,48.34225114,5.84287955,42.49937159,WIN,TAKE_PROFIT,2026-07-26T11:15:38.887128+00:00,2026-07-26T11:15:38.896689+00:00,4876.72448538
SOLUSDT,SHORT,62.092,62.57917857142857,50.05068748282369,62.57917857142857,61.117642857142854,24.38362242689991,-24.38362243,6.2398782,-30.62350062,LOSS,STOP_LOSS,2026-07-26T11:15:38.908962+00:00,2026-07-26T11:15:38.917320+00:00,4846.10098476
BTCUSDT,LONG,41831.8,41544.81785714286,0.08443209979047965,41544.81785714286,42405.764285714286,24.23050492379991,-24.23050492,7.03966292,-31.27016784,LOSS,STOP_LOSS,2026-07-26T11:15:38.933446+00:00,2026-07-26T11:15:38.942927+00:00,4814.83081692
ETHUSDT,SHORT,2242.47,2256.192857142857,1.754310624528408,2256.192857142857,2215.0242857142853,24.074154084599908,-24.07415408,7.89205205,-31.96620613,LOSS,STOP_LOSS,2026-07-26T11:15:38.955521+00:00,2026-07-26T11:15:38.964864+00:00,4782.86461079
SOLUSDT,LONG,62.473,61.936,44.53319004459946,61.936,63.547,23.91432305394991,-23.91432305,5.54032964,-29.45465269,LOSS,STOP_LOSS,2026-07-26T11:15:38.977326+00:00,2026-07-26T11:15:38.985762+00:00,4753.4099581
BTCUSDT,SHORT,41543.4,41684.16428571429,0.16884289697417246,41684.16428571429,41261.87142857143,23.76704979049991,-23.76704979,14.05238306,-37.81943285,LOSS,STOP_LOSS,2026-07-26T11:15:38.998378+00:00,2026-07-26T11:15:39.007159+00:00,4715.59052525
ETHUSDT,LONG,2260.52,2243.243214285714,1.3647187049819145,2243.243214285714,2295.073571428571,23.577952626249907,-23.57795263,6.1463699,-29.72432253,LOSS,STOP_LOSS,2026-07-26T11:15:39.021111+00:00,2026-07-26T11:15:39.029733+00:00,4685.86620272
SOLUSDT,SHORT,61.79,62.34575,42.15804051030113,62.34575,60.6785,23.429331013599906,-23.42933101,5.23331998,-28.66265099,LOSS,STOP_LOSS,2026-07-26T11:15:39.042121+00:00,2026-07-26T11:15:39.050542+00:00,4657.20355173
BTCUSDT,LONG,41665.9,42023.71428571429,0.13015700428039212,41486.99285714286,42023.71428571429,23.28601775864991,46.57203552,10.89278948,35.67924603,WIN,TAKE_PROFIT,2026-07-26T11:15:39.063033+00:00,2026-07-26T11:15:39.072065+00:00,4692.88279776
ETHUSDT,SHORT,2247.57,2266.6392857142855,1.2304820610675404,2266.6392857142855,2209.431428571429,23.46441398879991,-23.46441399,5.55465355,-29.01906753,LOSS,STOP_LOSS,2026-07-26T11:15:39.095232+00:00,2026-07-26T11:15:39.104831+00:00,4663.86373023
SOLUSDT,LONG,62.369,61.81153571428571,41.831054022179266,61.81153571428571,63.48392857142857,23.31931865114991,-23.31931865,5.1946027,-28.51392135,LOSS,STOP_LOSS,2026-07-26T11:15:39.124122+00:00,2026-07-26T11:15:39.134247+00:00,4635.34980888
BTCUSDT,SHORT,41996.9,42146.50357142858,0.15492109461748735,42146.50357142858,41697.69285714286,23.176749044399912,-23.17674904,13.03558819,-36.21233723,LOSS,STOP_LOSS,2026-07-26T11:15:39.146958+00:00,2026-07-26T11:15:39.156128+00:00,4599.13747165
ETHUSDT,LONG,2261.92,2245.4435714285714,1.3956718386244469,2245.4435714285714,2294.872857142857,22.99568735824991,-22.99568736,6.2908004,-29.28648776,LOSS,STOP_LOSS,2026-07-26T11:15:39.171142+00:00,2026-07-26T11:15:39.183794+00:00,4569.85098389
SOLUSDT,SHORT,61.756,62.23782142857143,47.42266234857302,62.23782142857143,60.79235714285714,22.849254919449912,-22.84925492,5.88011713,-28.72937205,LOSS,STOP_LOSS,2026-07-26T11:15:39.201350+00:00,2026-07-26T11:15:39.216879+00:00,4541.12161184
BTCUSDT,LONG,42117.9,42546.77142857143,0.10588538450711082,41903.46428571429,42546.77142857143,22.705608059199914,45.41121612,8.96475129,36.44646483,WIN,TAKE_PROFIT,2026-07-26T11:15:39.240202+00:00,2026-07-26T11:15:39.251146+00:00,4577.56807667
ETHUSDT,SHORT,2226.0,2245.2289285714287,1.1902816268899163,2245.2289285714287,2187.542142857143,22.88784038334991,-22.88784038,5.32202164,-28.20986203,LOSS,STOP_LOSS,2026-07-26T11:15:39.266323+00:00,2026-07-26T11:15:39.275194+00:00,4549.35821464
SOLUSDT,LONG,62.299,63.21378571428571,49.73140860854195,61.84160714285714,63.21378571428571,22.746791073199912,45.49358215,6.24192763,39.25165451,WIN,TAKE_PROFIT,2026-07-26T11:15:39.289699+00:00,2026-07-26T11:15:39.298019+00:00,4588.60986915
BTCUSDT,SHORT,42704.5,43067.22142857143,0.06325253359337085,43067.22142857143,41979.057142857135,22.94304934574991,-22.94304935,5.42527869,-28.36832804,LOSS,STOP_LOSS,2026-07-26T11:15:39.321987+00:00,2026-07-26T11:15:39.331297+00:00,4560.24154111
ETHUSDT,LONG,2248.72,2225.636071428571,0.9877524804755886,2225.636071428571,2294.887857142857,22.80120770554991,-22.80120771,4.41955631,-27.22076401,LOSS,STOP_LOSS,2026-07-26T11:15:39.346149+00:00,2026-07-26T11:15:39.355335+00:00,4533.0207771
SOLUSDT,SHORT,62.581,63.122928571428574,41.82304657928018,63.122928571428574,61.49714285714286,22.66510388549991,-22.66510389,5.25732126,-27.92242515,LOSS,STOP_LOSS,2026-07-26T11:15:39.369881+00:00,2026-07-26T11:15:39.378927+00:00,4505.09835195
BTCUSDT,LONG,43199.2,44040.85,0.05352698095348375,42778.37499999999,44040.85,22.52549175974991,45.05098352,4.66969649,40.38128702,WIN,TAKE_PROFIT,2026-07-26T11:15:39.393780+00:00,2026-07-26T11:15:39.402015+00:00,4545.47963897
ETHUSDT,SHORT,2225.17,2247.927142857143,0.998692952692716,2247.927142857143,2179.6557142857146,22.72739819484991,-22.72739819,4.46725059,-27.19464879,LOSS,STOP_LOSS,2026-07-26T11:15:39.416548+00:00,2026-07-26T11:15:39.426233+00:00,4518.28499018
SOLUSDT,LONG,63.366,64.73507142857143,33.00255118825053,62.681464285714284,64.73507142857143,22.59142495089991,45.1828499,4.22766217,40.95518773,WIN,TAKE_PROFIT,2026-07-26T11:15:39.441216+00:00,2026-07-26T11:15:39.450684+00:00,4559.24017791
BTCUSDT,SHORT,43771.0,44315.53214285715,0.0418638296904548,44315.53214285715,42681.93571428571,22.796200889549908,-22.79620089,3.68763958,-26.48384047,LOSS,STOP_LOSS,2026-07-26T11:15:39.465651+00:00,2026-07-26T11:15:39.475666+00:00,4532.75633744
ETHUSDT,LONG,2254.51,2241.449285714286,1.7352635691594056,2241.449285714286,2280.631428571429,22.663781687199908,-22.66378169,7.80167436,-30.46545604,LOSS,STOP_LOSS,2026-07-26T11:15:39.490239+00:00,2026-07-26T11:15:39.498383+00:00,4502.2908814
SOLUSDT,SHORT,64.692,65.3385,34.8205017896364,65.3385,63.398999999999994,22.511454406999906,-22.51145441,4.52772726,-27.03918166,LOSS,STOP_LOSS,2026-07-26T11:15:39.513238+00:00,2026-07-26T11:15:39.521395+00:00,4475.25169974
BTCUSDT,LONG,44428.4,44036.39642857143,0.05708177202864386,44036.39642857143,45212.40714285714,22.376258498699904,-22.3762585,5.04972734,-27.42598584,LOSS,STOP_LOSS,2026-07-26T11:15:39.534444+00:00,2026-07-26T11:15:39.543234+00:00,4447.8257139
ETHUSDT,SHORT,2233.67,2248.1042857142857,1.5407155580611545,2248.1042857142857,2204.8014285714285,22.239128569499904,-22.23912857,6.90513937,-29.14426794,LOSS,STOP_LOSS,2026-07-26T11:15:39.556578+00:00,2026-07-26T11:15:39.566929+00:00,4418.68144596
SOLUSDT,LONG,65.292,64.58035714285714,31.04563898596797,64.58035714285714,66.71528571428571,22.093407229799904,-22.09340723,4.03197031,-26.12537754,LOSS,STOP_LOSS,2026-07-26T11:15:39.581691+00:00,2026-07-26T11:15:39.591074+00:00,4392.55606842
BTCUSDT,SHORT,43935.3,44332.09285714286,0.05535074522320026,44332.09285714286,43141.71428571429,21.962780342099904,-21.96278034,4.88566597,-26.84844632,LOSS,STOP_LOSS,2026-07-26T11:15:39.605413+00:00,2026-07-26T11:15:39.616184+00:00,4365.7076221
ETHUSDT,LONG,2248.35,2232.8539285714282,1.4086498123810018,2232.8539285714282,2279.342142857143,21.828538110499903,-21.82853811,6.31244707,-28.14098518,LOSS,STOP_LOSS,2026-07-26T11:15:39.630108+00:00,2026-07-26T11:15:39.638822+00:00,4337.56663692
SOLUSDT,SHORT,64.098,62.33421428571428,24.59236743890158,64.97989285714286,62.33421428571428,21.687833184599903,43.37566637,3.10926747,40.2663989,WIN,TAKE_PROFIT,2026-07-26T11:15:39.653263+00:00,2026-07-26T11:15:39.664270+00:00,4377.83303582
BTCUSDT,LONG,44260.4,44003.953571428574,0.08535570294753785,44003.953571428574,44773.292857142864,21.889165179099905,-21.88916518,7.53386594,-29.42303112,LOSS,STOP_LOSS,2026-07-26T11:15:39.682774+00:00,2026-07-26T11:15:39.694049+00:00,4348.4100047
ETHUSDT,SHORT,2235.73,2201.7057142857143,1.2780312395725635,2252.742142857143,2201.7057142857143,21.742050023499907,43.48410005,5.67118147,37.81291858,WIN,TAKE_PROFIT,2026-07-26T11:15:39.707056+00:00,2026-07-26T11:15:39.716154+00:00,4386.22292328
SOLUSDT,LONG,62.432,63.485,41.65453868262101,61.9055,63.485,21.931114616399906,43.86222923,5.24501455,38.61721469,WIN,TAKE_PROFIT,2026-07-26T11:15:39.730808+00:00,2026-07-26T11:15:39.740086+00:00,4424.84013797
BTCUSDT,SHORT,44127.0,43596.0,0.08333032274896386,44392.5,43596.0,22.124200689849904,44.24840138,7.3099859,36.93841548,WIN,TAKE_PROFIT,2026-07-26T11:15:39.756674+00:00,2026-07-26T11:15:39.765973+00:00,4461.77855345
ETHUSDT,LONG,2191.31,2216.0514285714285,1.803363350894977,2178.9392857142857,2216.0514285714285,22.308892767249905,44.61778553,7.94807407,36.66971146,WIN,TAKE_PROFIT,2026-07-26T11:15:39.779522+00:00,2026-07-26T11:15:39.789058+00:00,4498.44826491
SOLUSDT,SHORT,63.289,63.68189285714286,57.2477735739838,63.68189285714286,62.503214285714286,22.492241324549905,-22.49224132,7.26880092,-29.76104225,LOSS,STOP_LOSS,2026-07-26T11:15:39.802698+00:00,2026-07-26T11:15:39.811282+00:00,4468.68722266
BTCUSDT,LONG,43710.4,43398.775,0.07169975487621309,43398.775,44333.65,22.343436113299905,-22.34343611,6.24570649,-28.58914261,LOSS,STOP_LOSS,2026-07-26T11:15:39.827093+00:00,2026-07-26T11:15:39.836554+00:00,4440.09808005
ETHUSDT,SHORT,2215.6,2226.2092857142857,2.0925527880125236,2226.2092857142857,2194.3814285714284,22.200490400249905,-22.2004904,9.2947204,-31.4952108,LOSS,STOP_LOSS,2026-07-26T11:15:39.849838+00:00,2026-07-26T11:15:39.859524+00:00,4408.60286925
SOLUSDT,LONG,63.294,62.810249999999996,45.56695472092996,62.810249999999996,64.2615,22.043014346249905,-22.04301435,5.74618665,-27.789201,LOSS,STOP_LOSS,2026-07-26T11:15:39.872913+00:00,2026-07-26T11:15:39.881140+00:00,4380.81366825
BTCUSDT,SHORT,43657.0,43986.83928571428,0.06640830637810594,43986.83928571428,42997.32142857143,21.904068341249907,-21.90406834,5.82027893,-27.72434727,LOSS,STOP_LOSS,2026-07-26T11:15:39.894458+00:00,2026-07-26T11:15:39.902824+00:00,4353.08932098
ETHUSDT,LONG,2230.17,2257.405714285714,1.5983018749992246,2216.5521428571433,2257.405714285714,21.765446604899907,43.53089321,7.17250068,36.35839253,WIN,TAKE_PROFIT,2026-07-26T11:15:39.919250+00:00,2026-07-26T11:15:39.929079+00:00,4389.44771351
SOLUSDT,SHORT,63.027,63.673500000000004,33.947778140061615,63.673500000000004,61.733999999999995,21.947238567549906,-21.94723857,4.30120046,-26.24843903,LOSS,STOP_LOSS,2026-07-26T11:15:39.945377+00:00,2026-07-26T11:15:39.954585+00:00,4363.19927448
BTCUSDT,LONG,44022.7,43655.71428571428,0.059446445796566307,43655.71428571428,44756.671428571426,21.81599637239991,-21.81599637,5.2121701,-27.02816647,LOSS,STOP_LOSS,2026-07-26T11:15:39.971205+00:00,2026-07-26T11:15:39.981033+00:00,4336.17110801
ETHUSDT,SHORT,2252.54,2271.0242857142853,1.1729344522787772,2271.0242857142853,2215.571428571429,21.68085554004991,-21.68085554,5.3058444,-26.98669994,LOSS,STOP_LOSS,2026-07-26T11:15:39.996192+00:00,2026-07-26T11:15:40.009164+00:00,4309.18440807
SOLUSDT,LONG,63.525,65.07107142857143,27.871832623229256,62.75196428571429,65.07107142857143,21.54592204034991,43.09184408,3.58420818,39.5076359,WIN,TAKE_PROFIT,2026-07-26T11:15:40.032395+00:00,2026-07-26T11:15:40.043214+00:00,4348.69204397
BTCUSDT,SHORT,43743.9,43943.21785714286,0.10908937378483739,43943.21785714286,43345.264285714286,21.74346021984991,-21.74346022,9.56573278,-31.309193,LOSS,STOP_LOSS,2026-07-26T11:15:40.056676+00:00,2026-07-26T11:15:40.065085+00:00,4317.38285097
ETHUSDT,LONG,2271.85,2248.897857142857,0.9405184687638907,2248.897857142857,2317.7542857142853,21.586914254849912,-21.58691425,4.25184685,-25.83876111,LOSS,STOP_LOSS,2026-07-26T11:15:40.079337+00:00,2026-07-26T11:15:40.090178+00:00,4291.54408986
SOLUSDT,SHORT,65.032,63.424,26.688707026492487,65.836,63.424,21.457720449299913,42.9154409,3.42832455,39.48711635,WIN,TAKE_PROFIT,2026-07-26T11:15:40.103930+00:00,2026-07-26T11:15:40.113196+00:00,4331.03120621
BTCUSDT,LONG,43936.1,43734.575,0.10745642491527094,43734.575,44339.149999999994,21.655156031049913,-21.65515603,9.42077731,-31.07593334,LOSS,STOP_LOSS,2026-07-26T11:15:40.128990+00:00,2026-07-26T11:15:40.137125+00:00,4299.95527287
ETHUSDT,SHORT,2247.44,2264.0910714285715,1.2911947712540903,2264.0910714285715,2214.1378571428572,21.499776364349913,-21.49977636,5.82526533,-27.32504169,LOSS,STOP_LOSS,2026-07-26T11:15:40.152468+00:00,2026-07-26T11:15:40.160697+00:00,4272.63023118
SOLUSDT,LONG,63.241,62.60435714285714,33.55594257630401,62.60435714285714,64.51428571428572,21.363151155899914,-21.36315116,4.22285958,-25.58601073,LOSS,STOP_LOSS,2026-07-26T11:15:40.176130+00:00,2026-07-26T11:15:40.185075+00:00,4247.04422045
BTCUSDT,SHORT,43776.0,43997.80714285714,0.09573731859449978,43997.80714285714,43332.385714285716,21.235221102249913,-21.2352211,8.40322894,-29.63845004,LOSS,STOP_LOSS,2026-07-26T11:15:40.201210+00:00,2026-07-26T11:15:40.210917+00:00,4217.40577041
ETHUSDT,LONG,2266.59,2248.400357142857,1.1592876791294027,2248.400357142857,2302.969285714286,21.08702885204991,-21.08702885,5.23417269,-26.32120154,LOSS,STOP_LOSS,2026-07-26T11:15:40.224880+00:00,2026-07-26T11:15:40.233903+00:00,4191.08456887
SOLUSDT,SHORT,61.002,62.00732142857143,20.844500324764535,62.00732142857143,58.99135714285714,20.95542284434991,-20.95542284,2.56406784,-23.51949068,LOSS,STOP_LOSS,2026-07-26T11:15:40.247790+00:00,2026-07-26T11:15:40.256340+00:00,4167.56507819
BTCUSDT,LONG,43985.0,43862.41785714286,0.16999070912991238,43862.41785714286,44230.16428571429,20.83782539094991,-20.83782539,14.93324486,-35.77107025,LOSS,STOP_LOSS,2026-07-26T11:15:40.269963+00:00,2026-07-26T11:15:40.279627+00:00,4131.79400794
ETHUSDT,SHORT,2252.67,2267.1642857142856,1.4253182562379325,2267.1642857142856,2223.681428571429,20.658970039699913,-20.65897004,6.44220232,-27.10117236,LOSS,STOP_LOSS,2026-07-26T11:15:40.295284+00:00,2026-07-26T11:15:40.304018+00:00,4104.69283558
SOLUSDT,LONG,62.123,60.939499999999995,17.341330103844445,60.939499999999995,64.49,20.52346417789991,-20.52346418,2.13406744,-22.65753161,LOSS,STOP_LOSS,2026-07-26T11:15:40.319961+00:00,2026-07-26T11:15:40.328751+00:00,4082.03530397
BTCUSDT,SHORT,43875.1,43661.75714285714,0.19133686304934852,43981.771428571425,43661.75714285714,20.41017651984991,40.82035304,16.74902765,24.07132539,WIN,TAKE_PROFIT,2026-07-26T11:15:40.342237+00:00,2026-07-26T11:15:40.350543+00:00,4106.10662936
ETHUSDT,LONG,2268.85,2254.06,1.3881361154022973,2254.06,2298.43,20.530533146799907,-20.53053315,6.27841472,-26.80894786,LOSS,STOP_LOSS,2026-07-26T11:15:40.364176+00:00,2026-07-26T11:15:40.373214+00:00,4079.2976815
SOLUSDT,SHORT,60.999,62.33207142857143,15.3003717357873,62.33207142857143,58.332857142857144,20.39648840749991,-20.39648841,1.88701124,-22.28349965,LOSS,STOP_LOSS,2026-07-26T11:15:40.388751+00:00,2026-07-26T11:15:40.401676+00:00,4057.01418185
BTCUSDT,LONG,43730.9,43604.78214285714,0.1608421786478052,43604.78214285714,43983.135714285716,20.285070909249907,-20.28507091,14.04726139,-34.3323323,LOSS,STOP_LOSS,2026-07-26T11:15:40.416553+00:00,2026-07-26T11:15:40.424925+00:00,4022.68184955
ETHUSDT,SHORT,2252.16,2232.7885714285717,2.07660567454648,2261.845714285714,2232.7885714285717,20.113409247749907,40.2268185,9.31346965,30.91334884,WIN,TAKE_PROFIT,2026-07-26T11:15:40.440444+00:00,2026-07-26T11:15:40.448855+00:00,4053.59519839
SOLUSDT,LONG,62.393,61.35275,19.48375485887995,61.35275,64.4735,20.267975991949907,-20.26797599,2.41103186,-22.67900785,LOSS,STOP_LOSS,2026-07-26T11:15:40.464318+00:00,2026-07-26T11:15:40.472608+00:00,4030.91619054
BTCUSDT,SHORT,43602.8,43321.16428571429,0.14312517859331786,43743.61785714286,43321.16428571429,20.154580952699906,40.30916191,12.44100791,27.86815399,WIN,TAKE_PROFIT,2026-07-26T11:15:40.487985+00:00,2026-07-26T11:15:40.496332+00:00,4058.78434453
ETHUSDT,LONG,2233.27,2261.4957142857143,1.4379740060588122,2219.157142857143,2261.4957142857143,20.293921722649905,40.58784345,6.46335626,34.12448718,WIN,TAKE_PROFIT,2026-07-26T11:15:40.513095+00:00,2026-07-26T11:15:40.523899+00:00,4092.90883171
SOLUSDT,SHORT,61.367,62.499607142857144,18.06852825148668,62.499607142857144,59.10178571428571,20.464544158549906,-20.46454416,2.23808729,-22.70263145,LOSS,STOP_LOSS,2026-07-26T11:15:40.548286+00:00,2026-07-26T11:15:40.558173+00:00,4070.20620026
BTCUSDT,LONG,43083.1,43528.27857142857,0.0914286190190767,42860.51071428571,43528.27857142857,20.35103100129991,40.702062,7.91875873,32.78330327,WIN,TAKE_PROFIT,2026-07-26T11:15:40.571981+00:00,2026-07-26T11:15:40.580088+00:00,4102.98950353
ETHUSDT,SHORT,2263.88,2248.239285714286,2.6232750170991586,2271.7003571428572,2248.239285714286,20.514947517649908,41.02989504,11.8365298,29.19336524,WIN,TAKE_PROFIT,2026-07-26T11:15:40.596152+00:00,2026-07-26T11:15:40.605120+00:00,4132.18286877
SOLUSDT,LONG,63.586,62.76217857142857,25.079360195421945,62.76217857142857,65.23364285714285,20.66091434384991,-20.66091434,3.16873148,-23.82964582,LOSS,STOP_LOSS,2026-07-26T11:15:40.620279+00:00,2026-07-26T11:15:40.628815+00:00,4108.35322295
BTCUSDT,SHORT,43376.2,43653.646428571425,0.0740386755761079,43653.646428571425,42821.307142857135,20.541766114749908,-20.54176611,6.44357457,-26.98534068,LOSS,STOP_LOSS,2026-07-26T11:15:40.645433+00:00,2026-07-26T11:15:40.654915+00:00,4081.36788227
ETHUSDT,LONG,2248.96,2240.588928571429,2.4377810636878707,2240.588928571429,2265.702142857143,20.406839411349907,-20.40683941,10.94453736,-31.35137677,LOSS,STOP_LOSS,2026-07-26T11:15:40.670773+00:00,2026-07-26T11:15:40.679005+00:00,4050.0165055
SOLUSDT,SHORT,63.072,63.953785714285715,22.96485665330084,63.953785714285715,61.30842857142858,20.25008252749991,-20.25008253,2.91712896,-23.16721149,LOSS,STOP_LOSS,2026-07-26T11:15:40.694823+00:00,2026-07-26T11:15:40.703084+00:00,4026.84929401
BTCUSDT,LONG,43580.0,43338.671428571426,0.08343084430849985,43338.671428571426,44062.65714285715,20.134246470049906,-20.13424647,7.25169814,-27.38594461,LOSS,STOP_LOSS,2026-07-26T11:15:40.716974+00:00,2026-07-26T11:15:40.725880+00:00,3999.4633494
ETHUSDT,SHORT,2238.27,2248.145357142857,2.0249714980145375,2248.145357142857,2218.5192857142856,19.997316746999907,-19.99731675,9.08486323,-29.08217997,LOSS,STOP_LOSS,2026-07-26T11:15:40.739873+00:00,2026-07-26T11:15:40.747920+00:00,3970.38116943
SOLUSDT,LONG,63.623,62.57675,18.974342506236464,62.57675,65.71549999999999,19.851905847149904,-19.85190585,2.39455728,-22.24646313,LOSS,STOP_LOSS,2026-07-26T11:15:40.762065+00:00,2026-07-26T11:15:40.770253+00:00,3948.1347063
BTCUSDT,SHORT,43372.8,43664.389285714286,0.06770027054712442,43664.389285714286,42789.62142857143,19.740673531499905,-19.74067353,5.89244126,-25.63311479,LOSS,STOP_LOSS,2026-07-26T11:15:40.784540+00:00,2026-07-26T11:15:40.795606+00:00,3922.50159151
ETHUSDT,LONG,2242.1,2267.4007142857145,1.550352115443936,2229.449642857143,2267.4007142857145,19.612507957549905,39.22501592,6.99131397,32.23370194,WIN,TAKE_PROFIT,2026-07-26T11:15:40.809900+00:00,2026-07-26T11:15:40.818853+00:00,3954.73529345
SOLUSDT,SHORT,63.165,64.46325,15.231023660504464,64.46325,60.5685,19.773676467249906,-19.77367647,1.9439089,-21.71758536,LOSS,STOP_LOSS,2026-07-26T11:15:40.833078+00:00,2026-07-26T11:15:40.841757+00:00,3933.01770809
BTCUSDT,LONG,43696.1,43536.99285714285,0.12359651607914521,43536.99285714285,44014.31428571429,19.665088540449904,-19.66508854,10.78170636,-30.4467949,LOSS,STOP_LOSS,2026-07-26T11:15:40.862289+00:00,2026-07-26T11:15:40.870974+00:00,3902.57091319
ETHUSDT,SHORT,2267.51,2280.2803571428576,1.52798033349161,2280.2803571428576,2241.969285714286,19.512854565949905,-19.51285457,6.94893423,-26.46178879,LOSS,STOP_LOSS,2026-07-26T11:15:40.884935+00:00,2026-07-26T11:15:40.893303+00:00,3876.1091244
SOLUSDT,LONG,64.423,63.30989285714286,17.411213059197166,63.30989285714286,66.64921428571428,19.380545621999907,-19.38054562,2.22398461,-21.60453023,LOSS,STOP_LOSS,2026-07-26T11:15:40.910004+00:00,2026-07-26T11:15:40.918322+00:00,3854.50459417
BTCUSDT,SHORT,43623.5,43844.66428571429,0.0871412077614889,43844.66428571429,43181.171428571426,19.272522970849906,-19.27252297,7.62208148,-26.89460445,LOSS,STOP_LOSS,2026-07-26T11:15:40.932728+00:00,2026-07-26T11:15:40.941200+00:00,3827.60998972
ETHUSDT,LONG,2279.99,2307.1914285714283,1.4071356508607669,2266.3892857142855,2307.1914285714283,19.138049948599907,38.2760999,6.45478653,31.82131337,WIN,TAKE_PROFIT,2026-07-26T11:15:40.955468+00:00,2026-07-26T11:15:40.963600+00:00,3859.43130309
SOLUSDT,SHORT,62.815,63.733642857142854,21.006157469582398,63.733642857142854,60.977714285714285,19.29715651544991,-19.29715652,2.65830072,-21.95545723,LOSS,STOP_LOSS,2026-07-26T11:15:40.977639+00:00,2026-07-26T11:15:40.986330+00:00,3837.47584586
BTCUSDT,LONG,43959.9,43713.83571428571,0.07797709925112427,43713.83571428571,44452.02857142857,19.187379229299907,-19.18737923,6.83654359,-26.02392282,LOSS,STOP_LOSS,2026-07-26T11:15:41.000695+00:00,2026-07-26T11:15:41.009196+00:00,3811.45192304
ETHUSDT,SHORT,2317.64,2335.0539285714285,1.094368771356256,2335.0539285714285,2282.8121428571426,19.05725961519991,-19.05725962,5.09176294,-24.14902255,LOSS,STOP_LOSS,2026-07-26T11:15:41.023647+00:00,2026-07-26T11:15:41.032176+00:00,3787.30290049
SOLUSDT,LONG,63.916,62.97121428571428,20.04318462495644,62.97121428571428,65.80557142857143,18.93651450244991,-18.9365145,2.54322386,-21.47973836,LOSS,STOP_LOSS,2026-07-26T11:15:41.048209+00:00,2026-07-26T11:15:41.056340+00:00,3765.82316213
BTCUSDT,SHORT,43700.5,43950.12142857143,0.07543068685412198,43950.12142857143,43201.25714285715,18.82911581064991,-18.82911581,6.61154658,-25.44066239,LOSS,STOP_LOSS,2026-07-26T11:15:41.072412+00:00,2026-07-26T11:15:41.080986+00:00,3740.38249974
ETHUSDT,LONG,2339.11,2381.6564285714285,0.8791296062513212,2317.8367857142857,2381.6564285714285,18.70191249869991,37.403825,4.15016553,33.25365947,WIN,TAKE_PROFIT,2026-07-26T11:15:41.095739+00:00,2026-07-26T11:15:41.104581+00:00,3773.63615921
SOLUSDT,SHORT,63.216,64.13410714285715,20.55117525535445,64.13410714285715,61.37978571428572,18.86818079604991,-18.8681808,2.61719437,-21.48537517,LOSS,STOP_LOSS,2026-07-26T11:15:41.119220+00:00,2026-07-26T11:15:41.128281+00:00,3752.15078404
BTCUSDT,LONG,43890.0,44300.25,0.09146010442510655,43684.875,44300.25,18.76075392019991,37.52150784,8.06588947,29.45561837,WIN,TAKE_PROFIT,2026-07-26T11:15:41.142816+00:00,2026-07-26T11:15:41.151726+00:00,3781.60640241
ETHUSDT,SHORT,2370.53,2389.8232142857146,0.9800353498406119,2389.8232142857146,2331.9435714285714,18.908032012049908,-18.90803201,4.66531443,-23.57334644,LOSS,STOP_LOSS,2026-07-26T11:15:41.166140+00:00,2026-07-26T11:15:41.175660+00:00,3758.03305597
SOLUSDT,LONG,64.135,66.0612142857143,19.509942812911945,63.17189285714286,66.0612142857143,18.79016527984991,37.58033056,2.5401207,35.04020986,WIN,TAKE_PROFIT,2026-07-26T11:15:41.190286+00:00,2026-07-26T11:15:41.199721+00:00,3793.07326583
BTCUSDT,SHORT,44393.2,44565.00357142857,0.11038982584267644,44565.00357142857,44049.59285714285,18.96536632914991,-18.96536633,9.8200806,-28.78544693,LOSS,STOP_LOSS,2026-07-26T11:15:41.216788+00:00,2026-07-26T11:15:41.225671+00:00,3764.2878189
ETHUSDT,LONG,2379.16,2365.953571428571,1.4251725205419448,2365.953571428571,2405.5728571428567,18.821439094499908,-18.82143909,6.76260547,-25.58404456,LOSS,STOP_LOSS,2026-07-26T11:15:41.240270+00:00,2026-07-26T11:15:41.249323+00:00,3738.70377434
SOLUSDT,SHORT,66.063,63.80678571428571,16.57069453913308,67.19110714285715,63.80678571428571,18.693518871699908,37.38703774,2.15203255,35.23500519,WIN,TAKE_PROFIT,2026-07-26T11:15:41.263806+00:00,2026-07-26T11:15:41.272632+00:00,3773.93877953
BTCUSDT,LONG,44610.3,44392.53214285715,0.08665050088301689,44392.53214285715,45045.83571428572,18.869693897649906,-18.8696939,7.71213999,-26.58183388,LOSS,STOP_LOSS,2026-07-26T11:15:41.287109+00:00,2026-07-26T11:15:41.295390+00:00,3747.35694565
ETHUSDT,SHORT,2360.03,2373.368214285714,1.404744617749758,2373.368214285714,2333.3535714285717,18.736784728249905,-18.73678473,6.64921567,-25.38600039,LOSS,STOP_LOSS,2026-07-26T11:15:41.309920+00:00,2026-07-26T11:15:41.319024+00:00,3721.97094526
SOLUSDT,LONG,63.891,62.58396428571429,14.238214398349523,62.58396428571429,66.50507142857143,18.609854726299908,-18.60985473,1.80077766,-20.41063238,LOSS,STOP_LOSS,2026-07-26T11:15:41.333756+00:00,2026-07-26T11:15:41.342086+00:00,3701.56031288
BTCUSDT,SHORT,44572.0,44086.19285714286,0.07619402817155485,44814.90357142857,44086.19285714286,18.507801564399905,37.01560313,6.75522484,30.26037828,WIN,TAKE_PROFIT,2026-07-26T11:15:41.356683+00:00,2026-07-26T11:15:41.365432+00:00,3731.82069116
ETHUSDT,LONG,2372.96,2362.0110714285715,1.7041944637844522,2362.0110714285715,2394.857857142857,18.659103455799908,-18.65910346,8.06931149,-26.72841494,LOSS,STOP_LOSS,2026-07-26T11:15:41.379879+00:00,2026-07-26T11:15:41.388380+00:00,3705.09227622
SOLUSDT,SHORT,62.289,63.78375,12.393685486603053,63.78375,59.2995,18.525461381099905,-18.52546138,1.56250601,-20.08796739,LOSS,STOP_LOSS,2026-07-26T11:15:41.403045+00:00,2026-07-26T11:15:41.412399+00:00,3685.00430883
BTCUSDT,LONG,44084.6,43895.86785714285,0.0976252442494456,43895.86785714285,44462.06428571429,18.425021544149907,-18.42502154,8.58911466,-27.01413621,LOSS,STOP_LOSS,2026-07-26T11:15:41.427924+00:00,2026-07-26T11:15:41.437283+00:00,3657.99017262
ETHUSDT,SHORT,2367.03,2344.789285714286,1.6447269299123295,2378.150357142857,2344.789285714286,18.289950863099907,36.57990173,7.74965607,28.83024566,WIN,TAKE_PROFIT,2026-07-26T11:15:41.452262+00:00,2026-07-26T11:15:41.460703+00:00,3686.82041828
SOLUSDT,LONG,63.319,62.52089285714286,23.09727742243695,62.52089285714286,64.91521428571428,18.434102091399907,-18.43410209,2.90655892,-21.34066101,LOSS,STOP_LOSS,2026-07-26T11:15:41.475365+00:00,2026-07-26T11:15:41.485715+00:00,3665.47975727
BTCUSDT,SHORT,43795.7,43949.10714285714,0.11946900545183257,43949.10714285714,43488.885714285716,18.327398786349907,-18.32739879,10.48278484,-28.81018363,LOSS,STOP_LOSS,2026-07-26T11:15:41.500961+00:00,2026-07-26T11:15:41.509533+00:00,3636.66957364
ETHUSDT,LONG,2351.47,2375.982142857142,1.483619606345549,2339.2139285714284,2375.982142857142,18.183347868199906,36.36669574,7.01374069,29.35295505,WIN,TAKE_PROFIT,2026-07-26T11:15:41.524839+00:00,2026-07-26T11:15:41.533374+00:00,3666.02252869
SOLUSDT,SHORT,62.735,63.647107142857145,20.09644676833852,63.647107142857145,60.910785714285716,18.330112643449908,-18.33011264,2.53983129,-20.86994393,LOSS,STOP_LOSS,2026-07-26T11:15:41.548259+00:00,2026-07-26T11:15:41.557305+00:00,3645.15258476
BTCUSDT,LONG,43957.4,43778.19285714286,0.101702212496791,43778.19285714286,44315.81428571429,18.225762923799905,-18.22576292,8.92290391,-27.14866683,LOSS,STOP_LOSS,2026-07-26T11:15:41.578195+00:00,2026-07-26T11:15:41.586905+00:00,3618.00391793
ETHUSDT,SHORT,2367.39,2382.6964285714284,1.1818576427042797,2382.6964285714284,2336.7771428571427,18.09001958964991,-18.09001959,5.61392595,-23.70394554,LOSS,STOP_LOSS,2026-07-26T11:15:41.601943+00:00,2026-07-26T11:15:41.612970+00:00,3594.29997239
SOLUSDT,LONG,63.291,62.40192857142857,20.21378629929288,62.40192857142857,65.06914285714285,17.97149986194991,-17.97149986,2.54073,-20.51222986,LOSS,STOP_LOSS,2026-07-26T11:15:41.631623+00:00,2026-07-26T11:15:41.641576+00:00,3573.78774253
BTCUSDT,SHORT,43838.3,44017.34642857143,0.09980058722881137,44017.34642857143,43480.20714285715,17.868938712649907,-17.86893871,8.7680451,-26.63698382,LOSS,STOP_LOSS,2026-07-26T11:15:41.657406+00:00,2026-07-26T11:15:41.665821+00:00,3547.15075871
ETHUSDT,LONG,2372.49,2389.0864285714283,2.1372976381295397,2364.1917857142853,2389.0864285714283,17.735753793549907,35.47150759,10.17690605,25.29460153,WIN,TAKE_PROFIT,2026-07-26T11:15:41.681080+00:00,2026-07-26T11:15:41.689398+00:00,3572.44536024
SOLUSDT,SHORT,62.576,63.32814285714286,23.748449688205,63.32814285714286,61.071714285714286,17.86222680119991,-17.8622268,2.9900282,-20.852255,LOSS,STOP_LOSS,2026-07-26T11:15:41.705208+00:00,2026-07-26T11:15:41.713316+00:00,3551.59310524
BTCUSDT,LONG,43993.5,43870.77857142857,0.14470142446120624,43870.77857142857,44238.94285714286,17.75796552619991,-17.75796553,12.71408627,-30.47205179,LOSS,STOP_LOSS,2026-07-26T11:15:41.728579+00:00,2026-07-26T11:15:41.736903+00:00,3521.12105345
ETHUSDT,SHORT,2384.52,2394.3385714285714,1.7930923449839973,2394.3385714285714,2364.882857142857,17.60560526724991,-17.60560527,8.56893472,-26.17453999,LOSS,STOP_LOSS,2026-07-26T11:15:41.761866+00:00,2026-07-26T11:15:41.770259+00:00,3494.94651346
SOLUSDT,LONG,63.5,62.88907142857143,28.603560849082022,62.88907142857143,64.72185714285715,17.47473256729991,-17.47473257,3.6151775,-21.08991006,LOSS,STOP_LOSS,2026-07-26T11:15:41.788006+00:00,2026-07-26T11:15:41.797284+00:00,3473.8566034
BTCUSDT,SHORT,43902.7,44061.271428571425,0.10953601902612446,44061.271428571425,43585.557142857135,17.36928301699991,-17.36928302,9.63522325,-27.00450627,LOSS,STOP_LOSS,2026-07-26T11:15:41.814818+00:00,2026-07-26T11:15:41.823049+00:00,3446.85209713
ETHUSDT,LONG,2403.2,2390.2560714285714,1.3314551598879771,2390.2560714285714,2429.087857142857,17.23426048564991,-17.23426049,6.38227182,-23.61653231,LOSS,STOP_LOSS,2026-07-26T11:15:41.837970+00:00,2026-07-26T11:15:41.846192+00:00,3423.23556482
SOLUSDT,SHORT,63.064,62.011428571428574,32.52259629986411,63.59028571428571,62.011428571428574,17.11617782409991,34.23235565,4.06777767,30.16457798,WIN,TAKE_PROFIT,2026-07-26T11:15:41.861102+00:00,2026-07-26T11:15:41.869329+00:00,3453.4001428
BTCUSDT,LONG,44088.0,43908.06428571429,0.09596205390655335,43908.06428571429,44447.87142857143,17.26700071399991,-17.26700071,8.44428306,-25.71128378,LOSS,STOP_LOSS,2026-07-26T11:15:41.884266+00:00,2026-07-26T11:15:41.892848+00:00,3427.68885902
ETHUSDT,SHORT,2365.38,2330.8885714285716,0.9937799044541058,2382.6257142857144,2330.8885714285716,17.13844429509991,34.27688859,4.66705733,29.60983126,WIN,TAKE_PROFIT,2026-07-26T11:15:41.907796+00:00,2026-07-26T11:15:41.918091+00:00,3457.29869028
SOLUSDT,LONG,62.135,63.64828571428571,22.84630494851308,61.37835714285714,63.64828571428571,17.28649345139991,34.5729869,2.8736833,31.6993036,WIN,TAKE_PROFIT,2026-07-26T11:15:41.933180+00:00,2026-07-26T11:15:41.941317+00:00,3488.99799388
BTCUSDT,SHORT,43907.9,44066.15,0.1102369034401269,44066.15,43591.4,17.44498996939991,-17.44498997,9.69798686,-27.14297682,LOSS,STOP_LOSS,2026-07-26T11:15:41.956326+00:00,2026-07-26T11:15:41.965017+00:00,3461.85501706
ETHUSDT,LONG,2337.83,2360.5442857142857,1.5240871144289163,2326.472857142857,2360.5442857142857,17.30927508529991,34.61855017,7.16073171,27.45781846,WIN,TAKE_PROFIT,2026-07-26T11:15:41.980386+00:00,2026-07-26T11:15:41.989873+00:00,3489.31283552
SOLUSDT,SHORT,63.239,64.1897857142857,18.34962801340235,64.1897857142857,61.33742857142857,17.44656417759991,-17.44656418,2.33827082,-19.78483499,LOSS,STOP_LOSS,2026-07-26T11:15:42.005039+00:00,2026-07-26T11:15:42.013523+00:00,3469.52800053
BTCUSDT,LONG,44043.5,43931.857142857145,0.15538513118176503,43931.857142857145,44266.78571428572,17.34764000264991,-17.34764,13.67006241,-31.01770241,LOSS,STOP_LOSS,2026-07-26T11:15:42.029140+00:00,2026-07-26T11:15:42.037538+00:00,3438.51029812
ETHUSDT,SHORT,2358.96,2348.427857142857,3.2647774956717304,2364.2260714285717,2348.427857142857,17.19255149059991,34.38510298,15.36857394,19.01652904,WIN,TAKE_PROFIT,2026-07-26T11:15:42.052893+00:00,2026-07-26T11:15:42.061176+00:00,3457.52682716
SOLUSDT,LONG,64.289,66.73957142857144,14.109063652862224,63.06371428571428,66.73957142857144,17.28763413579991,34.57526827,1.84869045,32.72657782,WIN,TAKE_PROFIT,2026-07-26T11:15:42.076315+00:00,2026-07-26T11:15:42.085296+00:00,3490.25340498
BTCUSDT,SHORT,43931.6,43699.50714285714,0.15038176736441636,44047.646428571425,43699.50714285714,17.45126702489991,34.90253405,13.17812077,21.72441328,WIN,TAKE_PROFIT,2026-07-26T11:15:42.100649+00:00,2026-07-26T11:15:42.108964+00:00,3511.97781826
ETHUSDT,LONG,2349.71,2344.3367857142857,3.2680418381947565,2344.3367857142857,2360.4564285714287,17.55988909129991,-17.55988909,15.34034129,-32.90023038,LOSS,STOP_LOSS,2026-07-26T11:15:42.124406+00:00,2026-07-26T11:15:42.133058+00:00,3479.07758788
SOLUSDT,SHORT,67.502,65.00321428571428,13.923072986970725,68.75139285714286,65.00321428571428,17.39538793939991,34.79077588,1.84487977,32.94589611,WIN,TAKE_PROFIT,2026-07-26T11:15:42.148326+00:00,2026-07-26T11:15:42.156784+00:00,3512.02348399
BTCUSDT,LONG,43703.5,44005.364285714284,0.11634445180156612,43552.56785714286,44005.364285714284,17.56011741994991,35.12023484,10.20443973,24.91579511,WIN,TAKE_PROFIT,2026-07-26T11:15:42.172233+00:00,2026-07-26T11:15:42.181287+00:00,3536.9392791
ETHUSDT,SHORT,2342.89,2328.657142857143,2.485052188467331,2350.0064285714284,2328.657142857143,17.684696395499913,35.36939279,11.60903845,23.76035434,WIN,TAKE_PROFIT,2026-07-26T11:15:42.196768+00:00,2026-07-26T11:15:42.204945+00:00,3560.69963344
SOLUSDT,LONG,64.59,67.11985714285714,14.074706326771631,63.325071428571434,67.11985714285714,17.803498167199912,35.60699633,1.85377756,33.75321877,WIN,TAKE_PROFIT,2026-07-26T11:15:42.221445+00:00,2026-07-26T11:15:42.230751+00:00,3594.45285221
BTCUSDT,SHORT,43987.0,43795.15,0.18735745906749912,44082.925,43795.15,17.97226426104991,35.94452852,16.44664058,19.49788795,WIN,TAKE_PROFIT,2026-07-26T11:15:42.246137+00:00,2026-07-26T11:15:42.254857+00:00,3613.95074016
ETHUSDT,LONG,2324.52,2343.805714285714,1.8739003837866761,2314.877142857143,2343.805714285714,18.06975370079991,36.1395074,8.74797735,27.39153005,WIN,TAKE_PROFIT,2026-07-26T11:15:42.269980+00:00,2026-07-26T11:15:42.278827+00:00,3641.34227021
SOLUSDT,SHORT,67.628,68.78996428571429,15.66890787857377,68.78996428571429,65.30407142857143,18.20671135104991,-18.20671135,2.13752052,-20.34423187,LOSS,STOP_LOSS,2026-07-26T11:15:42.294013+00:00,2026-07-26T11:15:42.302118+00:00,3620.99803834
BTCUSDT,LONG,43799.8,43701.88214285715,0.18489977946806457,43701.88214285715,43995.635714285716,18.104990191699912,-18.10499019,16.17904173,-34.28403192,LOSS,STOP_LOSS,2026-07-26T11:15:42.317310+00:00,2026-07-26T11:15:42.325347+00:00,3586.71400642
ETHUSDT,SHORT,2345.57,2354.8507142857143,1.932348037015319,2354.8507142857143,2327.0085714285715,17.93357003209991,-17.93357003,9.08284874,-27.01641877,LOSS,STOP_LOSS,2026-07-26T11:15:42.341381+00:00,2026-07-26T11:15:42.349692+00:00,3559.69758765
SOLUSDT,LONG,68.628,67.42596428571429,14.806954341474217,67.42596428571429,71.03207142857143,17.79848793824991,-17.79848794,2.01454484,-19.81303278,LOSS,STOP_LOSS,2026-07-26T11:15:42.364970+00:00,2026-07-26T11:15:42.373424+00:00,3539.88455487
BTCUSDT,SHORT,43666.6,43783.62142857143,0.15124941637117403,43783.62142857143,43432.557142857135,17.69942277434991,-17.69942277,13.22679495,-30.92621773,LOSS,STOP_LOSS,2026-07-26T11:15:42.388908+00:00,2026-07-26T11:15:42.397298+00:00,3508.95833714
ETHUSDT,LONG,2347.64,2362.9014285714284,2.2992332078985105,2340.0092857142854,2362.9014285714284,17.54479168569991,35.08958337,10.83063328,24.25895009,WIN,TAKE_PROFIT,2026-07-26T11:15:42.412425+00:00,2026-07-26T11:15:42.421104+00:00,3533.21728723
SOLUSDT,SHORT,67.241,68.5775,13.218171669397575,68.5775,64.568,17.666086436149907,-17.66608644,1.79527225,-19.46135869,LOSS,STOP_LOSS,2026-07-26T11:15:42.436901+00:00,2026-07-26T11:15:42.446575+00:00,3513.75592854
BTCUSDT,LONG,43778.0,44056.142857142855,0.12632918078982913,43638.92857142857,44056.142857142855,17.56877964269991,35.13755929,11.09601531,24.04154397,WIN,TAKE_PROFIT,2026-07-26T11:15:42.462561+00:00,2026-07-26T11:15:42.472564+00:00,3537.79747251
ETHUSDT,SHORT,2357.16,2365.3789285714283,2.1522254645261127,2365.3789285714283,2340.7221428571424,17.68898736254991,-17.68898736,10.16396854,-27.8529559,LOSS,STOP_LOSS,2026-07-26T11:15:42.488382+00:00,2026-07-26T11:15:42.496831+00:00,3509.94451661
SOLUSDT,LONG,68.59,71.32921428571429,12.813690900033817,67.22039285714285,71.32921428571429,17.54972258304991,35.09944517,1.79288156,33.3065636,WIN,TAKE_PROFIT,2026-07-26T11:15:42.512443+00:00,2026-07-26T11:15:42.521130+00:00,3543.25108021
BTCUSDT,SHORT,44021.2,43814.32857142857,0.17127793357827514,44124.63571428571,43814.32857142857,17.71625540104991,35.4325108,15.04428783,20.38822297,WIN,TAKE_PROFIT,2026-07-26T11:15:42.537327+00:00,2026-07-26T11:15:42.545768+00:00,3563.63930318
ETHUSDT,LONG,2373.66,2364.551785714286,1.9562777024083502,2364.551785714286,2391.8764285714283,17.81819651589991,-17.81819652,9.26925807,-27.08745458,LOSS,STOP_LOSS,2026-07-26T11:15:42.561207+00:00,2026-07-26T11:15:42.569626+00:00,3536.5518486
SOLUSDT,SHORT,70.837,71.99671428571429,15.247513513303693,71.99671428571429,68.51757142857143,17.682759242999907,-17.68275924,2.17785899,-19.86061823,LOSS,STOP_LOSS,2026-07-26T11:15:42.585261+00:00,2026-07-26T11:15:42.593441+00:00,3516.69123037
BTCUSDT,LONG,43826.6,43700.674999999996,0.13963435498788856,43700.674999999996,44078.45,17.58345615184991,-17.58345615,12.22181459,-29.80527074,LOSS,STOP_LOSS,2026-07-26T11:15:42.608951+00:00,2026-07-26T11:15:42.618209+00:00,3486.88595963
ETHUSDT,SHORT,2364.58,2343.4085714285716,1.6469771739143084,2375.1657142857143,2343.4085714285716,17.434429798149907,34.8688596,7.75394971,27.11490988,WIN,TAKE_PROFIT,2026-07-26T11:15:42.634256+00:00,2026-07-26T11:15:42.642961+00:00,3514.00086951
SOLUSDT,LONG,71.942,70.71789285714286,14.353322297050255,70.71789285714286,74.39021428571428,17.570004347549908,-17.57000435,2.04764342,-19.61764777,LOSS,STOP_LOSS,2026-07-26T11:15:42.658786+00:00,2026-07-26T11:15:42.667640+00:00,3494.38322174
BTCUSDT,SHORT,43693.0,43383.44285714286,0.11288330126992543,43847.77857142857,43383.44285714286,17.471916108699908,34.94383222,9.82947633,25.11435588,WIN,TAKE_PROFIT,2026-07-26T11:15:42.683400+00:00,2026-07-26T11:15:42.691847+00:00,3519.49757762
ETHUSDT,LONG,2334.66,2323.245,1.5416108530967947,2323.245,2357.49,17.597487888099906,-17.59748789,7.1806769,-24.77816479,LOSS,STOP_LOSS,2026-07-26T11:15:42.707326+00:00,2026-07-26T11:15:42.715693+00:00,3494.71941283
SOLUSDT,SHORT,70.656,71.78775,15.439449581753877,71.78775,68.39250000000001,17.473597064149907,-17.47359706,2.1992531,-19.67285016,LOSS,STOP_LOSS,2026-07-26T11:15:42.731443+00:00,2026-07-26T11:15:42.739806+00:00,3475.04656267
BTCUSDT,LONG,43408.9,43240.525,0.10319366184617709,43240.525,43745.65,17.375232813349907,-17.37523281,8.94167146,-26.31690428,LOSS,STOP_LOSS,2026-07-26T11:15:42.755359+00:00,2026-07-26T11:15:42.763463+00:00,3448.72965839
ETHUSDT,SHORT,2204.0,2238.113214285714,0.5054829529555963,2238.113214285714,2135.7735714285714,17.243648291949906,-17.24364829,2.2454125,-19.4890608,LOSS,STOP_LOSS,2026-07-26T11:15:42.779309+00:00,2026-07-26T11:15:42.787705+00:00,3429.24059759
SOLUSDT,LONG,71.877,74.12764285714286,15.236715975200653,70.75167857142857,74.12764285714286,17.146202987949906,34.29240598,2.22463127,32.0677747,WIN,TAKE_PROFIT,2026-07-26T11:15:42.803422+00:00,2026-07-26T11:15:42.812072+00:00,3461.30837229
BTCUSDT,SHORT,43287.0,42903.235714285714,0.09019360323870695,43478.88214285714,42903.235714285714,17.306541861449904,34.61308372,7.77380792,26.8392758,WIN,TAKE_PROFIT,2026-07-26T11:15:42.828076+00:00,2026-07-26T11:15:42.836352+00:00,3488.14764809
ETHUSDT,LONG,2240.83,2202.5553571428572,0.45567344169731605,2202.5553571428572,2317.3792857142857,17.440738240449903,-17.44073824,2.0247327,-19.46547094,LOSS,STOP_LOSS,2026-07-26T11:15:42.852046+00:00,2026-07-26T11:15:42.862146+00:00,3468.68217715
SOLUSDT,SHORT,73.5,74.60442857142857,15.703515224453445,74.60442857142857,71.29114285714286,17.343410885749904,-17.34341089,2.32576015,-19.66917103,LOSS,STOP_LOSS,2026-07-26T11:15:42.878130+00:00,2026-07-26T11:15:42.887983+00:00,3449.01300612
BTCUSDT,LONG,41725.9,41211.34642857143,0.03351461536399778,41211.34642857143,42755.00714285714,17.245065030599903,-17.24506503,2.77960991,-20.02467494,LOSS,STOP_LOSS,2026-07-26T11:15:42.904006+00:00,2026-07-26T11:15:42.914596+00:00,3428.98833118
ETHUSDT,SHORT,2220.05,2187.804285714286,1.0633935104669472,2236.172857142857,2187.804285714286,17.144941655899903,34.28988331,4.68728364,29.60259967,WIN,TAKE_PROFIT,2026-07-26T11:15:42.930393+00:00,2026-07-26T11:15:42.939082+00:00,3458.59093085
SOLUSDT,LONG,74.872,74.00392857142856,19.92111948979653,74.00392857142856,76.60814285714287,17.292954654249904,-17.29295465,2.96577516,-20.25872982,LOSS,STOP_LOSS,2026-07-26T11:15:42.955010+00:00,2026-07-26T11:15:42.963210+00:00,3438.33220103
BTCUSDT,SHORT,41045.9,40300.65714285715,0.04613707019228621,41418.52142857143,40300.65714285715,17.191661005149903,34.38332201,3.75309182,30.63023019,WIN,TAKE_PROFIT,2026-07-26T11:15:42.989763+00:00,2026-07-26T11:15:42.998040+00:00,3468.96243122
ETHUSDT,LONG,2189.39,2166.1217857142856,0.7454294490810504,2166.1217857142856,2235.9264285714285,17.344812156099906,-17.34481216,3.24672675,-20.59153891,LOSS,STOP_LOSS,2026-07-26T11:15:43.013933+00:00,2026-07-26T11:15:43.021906+00:00,3448.37089231
SOLUSDT,SHORT,73.966,74.93596428571428,17.775762175462837,74.93596428571428,72.02607142857141,17.241854461549902,-17.24185446,2.6468459,-19.88870037,LOSS,STOP_LOSS,2026-07-26T11:15:43.038064+00:00,2026-07-26T11:15:43.046947+00:00,3428.48219194
BTCUSDT,LONG,40540.1,41564.74999999999,0.033460032127458086,40027.775,41564.74999999999,17.1424109596999,34.28482192,2.74723092,31.537591,WIN,TAKE_PROFIT,2026-07-26T11:15:43.063089+00:00,2026-07-26T11:15:43.071946+00:00,3460.01978294
ETHUSDT,SHORT,2168.37,2193.9557142857143,0.6761624366437675,2193.9557142857143,2117.198571428571,17.300098914699902,-17.30009891,2.94964078,-20.2497397,LOSS,STOP_LOSS,2026-07-26T11:15:43.088187+00:00,2026-07-26T11:15:43.096240+00:00,3439.77004324
SOLUSDT,LONG,74.812,76.16135714285714,25.491917106219702,74.13732142857143,76.16135714285714,17.1988502161999,34.39770043,3.84860031,30.54910013,WIN,TAKE_PROFIT,2026-07-26T11:15:43.112264+00:00,2026-07-26T11:15:43.120244+00:00,3470.31914337
BTCUSDT,SHORT,41675.7,41942.26071428571,0.06509434731725511,41942.26071428571,41142.57857142857,17.3515957168499,-17.35159572,5.44305658,-22.79465229,LOSS,STOP_LOSS,2026-07-26T11:15:43.136853+00:00,2026-07-26T11:15:43.145154+00:00,3447.52449108
ETHUSDT,LONG,2186.12,2245.0807142857143,0.5847155233523478,2156.6396428571425,2245.0807142857143,17.2376224553999,34.47524491,2.59099184,31.88425307,WIN,TAKE_PROFIT,2026-07-26T11:15:43.161063+00:00,2026-07-26T11:15:43.170712+00:00,3479.40874415
SOLUSDT,SHORT,76.279,77.14192857142856,20.160467849557033,77.14192857142856,74.55314285714286,17.3970437207499,-17.39704372,3.0930377,-20.49008142,LOSS,STOP_LOSS,2026-07-26T11:15:43.186971+00:00,2026-07-26T11:15:43.195266+00:00,3458.91866273
BTCUSDT,LONG,41907.9,41643.84642857143,0.06549653246530042,41643.84642857143,42436.00714285714,17.2945933136499,-17.29459331,5.47234967,-22.76694299,LOSS,STOP_LOSS,2026-07-26T11:15:43.211306+00:00,2026-07-26T11:15:43.219760+00:00,3436.15171974
ETHUSDT,SHORT,2242.09,2217.9100000000003,1.4210718443920551,2254.1800000000003,2217.9100000000003,17.1807585986999,34.3615172,6.33798043,28.02353677,WIN,TAKE_PROFIT,2026-07-26T11:15:43.236228+00:00,2026-07-26T11:15:43.244812+00:00,3464.17525651
SOLUSDT,LONG,76.538,75.49249999999999,16.567074397465216,75.49249999999999,78.629,17.3208762825499,-17.32087628,2.5187006,-19.83957689,LOSS,STOP_LOSS,2026-07-26T11:15:43.260707+00:00,2026-07-26T11:15:43.268952+00:00,3444.33567962
BTCUSDT,SHORT,41690.0,41869.389285714286,0.09600171119209946,41869.389285714286,41331.22142857143,17.2216783980999,-17.2216784,8.02184436,-25.24352276,LOSS,STOP_LOSS,2026-07-26T11:15:43.285251+00:00,2026-07-26T11:15:43.294432+00:00,3419.09215686
ETHUSDT,LONG,2218.14,2235.7842857142855,1.9377900654214197,2209.317857142857,2235.7842857142855,17.095460784299902,34.19092157,8.63077023,25.56015134,WIN,TAKE_PROFIT,2026-07-26T11:15:43.311001+00:00,2026-07-26T11:15:43.319462+00:00,3444.6523082
SOLUSDT,SHORT,75.344,76.82610714285714,11.620793829923535,76.82610714285714,72.3797857142857,17.2232615409999,-17.22326154,1.76833744,-18.99159898,LOSS,STOP_LOSS,2026-07-26T11:15:43.336321+00:00,2026-07-26T11:15:43.344814+00:00,3425.66070922
BTCUSDT,LONG,41810.1,41615.52857142857,0.08803092865102738,41615.52857142857,42199.24285714285,17.1283035460999,-17.12830355,7.34403556,-24.4723391,LOSS,STOP_LOSS,2026-07-26T11:15:43.360995+00:00,2026-07-26T11:15:43.370095+00:00,3401.18837012
ETHUSDT,SHORT,2233.92,2211.5207142857143,1.5184360847501466,2245.119642857143,2211.5207142857143,17.005941850599903,34.0118837,6.75011759,27.26176611,WIN,TAKE_PROFIT,2026-07-26T11:15:43.386458+00:00,2026-07-26T11:15:43.395412+00:00,3428.45013623
SOLUSDT,LONG,76.474,74.88207142857144,10.768228542921817,74.88207142857144,79.65785714285715,17.1422506811499,-17.14225068,1.62983677,-18.77208745,LOSS,STOP_LOSS,2026-07-26T11:15:43.411900+00:00,2026-07-26T11:15:43.424419+00:00,3409.67804878
BTCUSDT,SHORT,41658.4,41839.78214285715,0.09399155823915507,41839.78214285715,41295.635714285716,17.048390243899902,-17.04839024,7.84812425,-24.89651449,LOSS,STOP_LOSS,2026-07-26T11:15:43.441050+00:00,2026-07-26T11:15:43.449142+00:00,3384.78153429
ETHUSDT,LONG,2209.51,2227.1800000000003,1.9155526509847183,2200.675,2227.1800000000003,16.9239076714499,33.84781534,8.49871329,25.34910205,WIN,TAKE_PROFIT,2026-07-26T11:15:43.465814+00:00,2026-07-26T11:15:43.473935+00:00,3410.13063634
SOLUSDT,SHORT,74.512,72.22835714285715,14.932854433317651,75.65382142857142,72.22835714285715,17.0506531816999,34.10130636,2.19125239,31.91005397,WIN,TAKE_PROFIT,2026-07-26T11:15:43.490312+00:00,2026-07-26T11:15:43.499455+00:00,3442.04069031
BTCUSDT,LONG,41819.7,41641.017857142855,0.09631742252671263,41641.017857142855,42177.06428571428,17.2102034515499,-17.21020345,8.03872123,-25.24892468,LOSS,STOP_LOSS,2026-07-26T11:15:43.516095+00:00,2026-07-26T11:15:43.524398+00:00,3416.79176563
ETHUSDT,SHORT,2225.97,2208.0471428571427,1.9063878813494466,2234.931428571428,2208.0471428571427,17.0839588281499,34.16791766,8.45295655,25.71496111,WIN,TAKE_PROFIT,2026-07-26T11:15:43.540951+00:00,2026-07-26T11:15:43.549402+00:00,3442.50672674
SOLUSDT,LONG,72.649,71.72425,18.61317505671792,71.72425,74.4985,17.2125336336999,-17.21253363,2.68724458,-19.89977821,LOSS,STOP_LOSS,2026-07-26T11:15:43.565870+00:00,2026-07-26T11:15:43.573865+00:00,3422.60694853
BTCUSDT,SHORT,41642.3,41174.96428571429,0.0732365801265831,41875.96785714286,41174.96428571429,17.1130347426499,34.22606949,6.06525321,28.16081627,WIN,TAKE_PROFIT,2026-07-26T11:15:43.590358+00:00,2026-07-26T11:15:43.601075+00:00,3450.7677648
ETHUSDT,LONG,2207.77,2193.702142857143,1.2264724221172925,2193.702142857143,2235.905714285714,17.2538388239999,-17.25383882,5.3982842,-22.65212302,LOSS,STOP_LOSS,2026-07-26T11:15:43.626606+00:00,2026-07-26T11:15:43.635090+00:00,3428.11564178
SOLUSDT,SHORT,72.442,73.45407142857142,16.93613486658188,73.45407142857142,70.41785714285713,17.1405782088999,-17.14057821,2.47091554,-19.61149375,LOSS,STOP_LOSS,2026-07-26T11:15:43.655170+00:00,2026-07-26T11:15:43.664568+00:00,3408.50414803
BTCUSDT,LONG,41278.4,40990.78571428572,0.05925477831473148,40990.78571428572,41853.62857142858,17.042520740149897,-17.04252074,4.87484236,-21.9173631,LOSS,STOP_LOSS,2026-07-26T11:15:43.684670+00:00,2026-07-26T11:15:43.694824+00:00,3386.58678493
ETHUSDT,SHORT,2191.73,2207.144642857143,1.0984966749848222,2207.144642857143,2160.9007142857145,16.932933924649898,-16.93293392,4.83214917,-21.76508309,LOSS,STOP_LOSS,2026-07-26T11:15:43.711295+00:00,2026-07-26T11:15:43.721349+00:00,3364.82170184
SOLUSDT,LONG,73.348,72.36153571428571,17.054959569081408,72.36153571428571,75.32092857142857,16.8241085091999,-16.82410851,2.48507024,-19.30917875,LOSS,STOP_LOSS,2026-07-26T11:15:43.741056+00:00,2026-07-26T11:15:43.749386+00:00,3345.51252309
BTCUSDT,SHORT,40920.9,41267.81785714286,0.04821764654380883,41267.81785714286,40227.06428571429,16.727562615449898,-16.72756262,3.96294655,-20.69050916,LOSS,STOP_LOSS,2026-07-26T11:15:43.769330+00:00,2026-07-26T11:15:43.777544+00:00,3324.82201393
ETHUSDT,LONG,2202.99,2187.4264285714285,1.0681423698889363,2187.4264285714285,2234.1171428571424,16.624110069649895,-16.62411007,4.68958981,-21.31369988,LOSS,STOP_LOSS,2026-07-26T11:15:43.795070+00:00,2026-07-26T11:15:43.803439+00:00,3303.50831405
SOLUSDT,SHORT,72.595,73.54192857142857,17.443281434977706,73.54192857142857,70.70114285714287,16.517541570249897,-16.51754157,2.54910757,-19.06664914,LOSS,STOP_LOSS,2026-07-26T11:15:43.820035+00:00,2026-07-26T11:15:43.828390+00:00,3284.44166491
BTCUSDT,LONG,41425.6,41025.05714285714,0.040999878119640926,41025.05714285714,42226.68571428571,16.422208324549896,-16.42220832,3.38046689,-19.80267522,LOSS,STOP_LOSS,2026-07-26T11:15:43.845780+00:00,2026-07-26T11:15:43.855720+00:00,3264.63898969
ETHUSDT,SHORT,2180.79,2155.032857142857,1.2674693803566217,2193.6685714285713,2155.032857142857,16.323194948449895,32.6463899,5.49552271,27.15086719,WIN,TAKE_PROFIT,2026-07-26T11:15:43.872662+00:00,2026-07-26T11:15:43.881961+00:00,3291.78985688
SOLUSDT,LONG,73.562,72.78810714285714,21.267736395920306,72.78810714285714,75.1097857142857,16.458949284399896,-16.45894928,3.1125355,-19.57148478,LOSS,STOP_LOSS,2026-07-26T11:15:43.900455+00:00,2026-07-26T11:15:43.909789+00:00,3272.2183721
BTCUSDT,SHORT,41033.5,40590.078571428574,0.0737947731268217,41255.21071428571,40590.078571428574,16.361091860499897,32.72218372,6.02339346,26.69879026,WIN,TAKE_PROFIT,2026-07-26T11:15:43.926787+00:00,2026-07-26T11:15:43.935448+00:00,3298.91716236
ETHUSDT,LONG,2167.27,2150.6746428571428,0.9939277395364366,2150.6746428571428,2200.4607142857144,16.494585811799894,-16.49458581,4.29172496,-20.78631077,LOSS,STOP_LOSS,2026-07-26T11:15:43.954909+00:00,2026-07-26T11:15:43.964347+00:00,3278.13085159
SOLUSDT,SHORT,72.97,71.73614285714285,26.568155564582458,73.58692857142857,71.73614285714285,16.390654257949894,32.78130852,3.84457531,28.9367332,WIN,TAKE_PROFIT,2026-07-26T11:15:43.984727+00:00,2026-07-26T11:15:43.993451+00:00,3307.06758479
BTCUSDT,LONG,40892.7,41485.75714285714,0.055763051244230546,40596.171428571426,41485.75714285714,16.535337923949896,33.07067585,4.59367413,28.47700172,WIN,TAKE_PROFIT,2026-07-26T11:15:44.010802+00:00,2026-07-26T11:15:44.020671+00:00,3335.54458651
ETHUSDT,SHORT,2163.36,2183.6485714285714,0.8220254930844189,2183.6485714285714,2122.782857142857,16.677722932549894,-16.67772293,3.57335186,-20.2510748,LOSS,STOP_LOSS,2026-07-26T11:15:44.040290+00:00,2026-07-26T11:15:44.049808+00:00,3315.29351171
SOLUSDT,LONG,72.16,71.4877857142857,24.659499077643023,71.4877857142857,73.50442857142856,16.576467558549897,-16.57646756,3.54228244,-20.11875,LOSS,STOP_LOSS,2026-07-26T11:15:44.069129+00:00,2026-07-26T11:15:44.077637+00:00,3295.17476171
BTCUSDT,SHORT,41473.0,41655.732142857145,0.09016407048556611,41655.732142857145,41107.53571428572,16.475873808549895,-16.47587381,7.49522486,-23.97109867,LOSS,STOP_LOSS,2026-07-26T11:15:44.094770+00:00,2026-07-26T11:15:44.104416+00:00,3271.20366304
ETHUSDT,LONG,2181.97,2169.8082142857143,1.3448697995054653,2169.8082142857143,2206.2935714285713,16.356018315199893,-16.35601832,5.85257509,-22.20859341,LOSS,STOP_LOSS,2026-07-26T11:15:44.123423+00:00,2026-07-26T11:15:44.131897+00:00,3248.99506963
SOLUSDT,SHORT,71.307,72.12482142857144,19.86371936539575,72.12482142857144,69.67135714285715,16.244975348149893,-16.24497535,2.84908945,-19.0940648,LOSS,STOP_LOSS,2026-07-26T11:15:44.150569+00:00,2026-07-26T11:15:44.160652+00:00,3229.90100483
BTCUSDT,LONG,41833.0,42287.02857142857,0.07113871699015158,41605.985714285714,42287.02857142857,16.149505024149892,32.29901005,5.98419091,26.31481914,WIN,TAKE_PROFIT,2026-07-26T11:15:44.180032+00:00,2026-07-26T11:15:44.188890+00:00,3256.21582397
ETHUSDT,SHORT,2177.45,2190.3971428571426,1.2575036283675336,2190.3971428571426,2151.555714285714,16.281079119849895,-16.28107912,5.49258363,-21.77366275,LOSS,STOP_LOSS,2026-07-26T11:15:44.206192+00:00,2026-07-26T11:15:44.215070+00:00,3234.44216122
SOLUSDT,LONG,72.241,73.81192857142857,20.58936491478183,71.45553571428572,73.81192857142857,16.172210806099894,32.34442161,3.00713704,29.33728457,WIN,TAKE_PROFIT,2026-07-26T11:15:44.232322+00:00,2026-07-26T11:15:44.241053+00:00,3263.77944579
BTCUSDT,SHORT,42390.0,42665.49642857143,0.0592345146308092,42665.49642857143,41839.00714285715,16.318897228949893,-16.31889723,5.03822105,-21.35711828,LOSS,STOP_LOSS,2026-07-26T11:15:44.258255+00:00,2026-07-26T11:15:44.266858+00:00,3242.42232751
ETHUSDT,LONG,2191.47,2213.3078571428573,1.4847712879056478,2180.551071428571,2213.3078571428573,16.212111637549896,32.42422328,6.54008769,25.88413558,WIN,TAKE_PROFIT,2026-07-26T11:15:44.285224+00:00,2026-07-26T11:15:44.293701+00:00,3268.30646309
SOLUSDT,SHORT,74.658,73.062,20.478110670989786,75.456,73.062,16.341532315449896,32.68306463,3.02502651,29.65803812,WIN,TAKE_PROFIT,2026-07-26T11:15:44.327023+00:00,2026-07-26T11:15:44.335795+00:00,3297.96450121
BTCUSDT,LONG,42747.6,43371.149999999994,0.05289013713751894,42435.825,43371.149999999994,16.489822506049894,32.97964501,4.5548325,28.42481251,WIN,TAKE_PROFIT,2026-07-26T11:15:44.354265+00:00,2026-07-26T11:15:44.362764+00:00,3326.38931372
ETHUSDT,SHORT,2211.64,2224.363214285714,1.3072126425846884,2224.363214285714,2186.193571428571,16.631946568599894,-16.63194657,5.79879948,-22.43074605,LOSS,STOP_LOSS,2026-07-26T11:15:44.380064+00:00,2026-07-26T11:15:44.388198+00:00,3303.95856767
SOLUSDT,LONG,72.621,74.24035714285714,20.402902363098132,71.81132142857143,74.24035714285714,16.519792838349893,33.03958568,2.99639793,30.04318775,WIN,TAKE_PROFIT,2026-07-26T11:15:44.405601+00:00,2026-07-26T11:15:44.415090+00:00,3334.00175542
BTCUSDT,SHORT,43383.1,42615.978571428575,0.04346119963861176,43766.66071428571,42615.978571428575,16.670008777099895,33.34001755,3.73762312,29.60239443,WIN,TAKE_PROFIT,2026-07-26T11:15:44.432326+00:00,2026-07-26T11:15:44.443603+00:00,3363.60414985
ETHUSDT,LONG,2222.92,2209.4167857142857,1.2454827712422827,2209.4167857142857,2249.926428571429,16.818020749249897,-16.81802075,5.5203991,-22.33841985,LOSS,STOP_LOSS,2026-07-26T11:15:44.463051+00:00,2026-07-26T11:15:44.471255+00:00,3341.26573
SOLUSDT,SHORT,73.942,74.67121428571429,22.910040268390503,74.67121428571429,72.48357142857142,16.706328649999897,-16.70632865,3.40473472,-20.11106337,LOSS,STOP_LOSS,2026-07-26T11:15:44.490299+00:00,2026-07-26T11:15:44.499046+00:00,3321.15466663
BTCUSDT,LONG,42439.5,42087.642857142855,0.04719464609502599,42087.642857142855,43143.21428571429,16.605773333149894,-16.60577333,3.98922859,-20.59500193,LOSS,STOP_LOSS,2026-07-26T11:15:44.518394+00:00,2026-07-26T11:15:44.526557+00:00,3300.5596647
ETHUSDT,SHORT,2204.45,2219.8624999999997,1.070741172652062,2219.8624999999997,2173.625,16.502798323499896,-16.50279832,4.73729355,-21.24009188,LOSS,STOP_LOSS,2026-07-26T11:15:44.545614+00:00,2026-07-26T11:15:44.553870+00:00,3279.31957282
SOLUSDT,LONG,74.391,73.54092857142858,19.288494252365265,73.54092857142858,76.09114285714286,16.396597864099896,-16.39659786,2.85338415,-19.24998202,LOSS,STOP_LOSS,2026-07-26T11:15:44.573734+00:00,2026-07-26T11:15:44.583931+00:00,3260.0695908
BTCUSDT,SHORT,42491.1,42980.25,0.03332382286415182,42980.25,41512.799999999996,16.300347953999896,-16.30034795,2.84823213,-19.14858008,LOSS,STOP_LOSS,2026-07-26T11:15:44.601780+00:00,2026-07-26T11:15:44.612409+00:00,3240.92101072
ETHUSDT,LONG,2220.32,2251.532857142857,1.0383288514366733,2204.7135714285714,2251.532857142857,16.204605053599895,32.40921011,4.64325384,27.76595627,WIN,TAKE_PROFIT,2026-07-26T11:15:44.631880+00:00,2026-07-26T11:15:44.640779+00:00,3268.68696699
SOLUSDT,SHORT,74.083,74.99725,17.876330144872732,74.99725,72.2545,16.343434834949896,-16.34343483,2.66500777,-19.0084426,LOSS,STOP_LOSS,2026-07-26T11:15:44.660259+00:00,2026-07-26T11:15:44.668447+00:00,3249.67852439
BTCUSDT,LONG,43288.4,42936.71428571428,0.046201457613798326,42936.71428571428,43991.77142857143,16.248392621949897,-16.24839262,3.98372596,-20.23211858,LOSS,STOP_LOSS,2026-07-26T11:15:44.687808+00:00,2026-07-26T11:15:44.697704+00:00,3229.44640581
ETHUSDT,SHORT,2251.25,2267.910714285714,0.9691800574778044,2267.910714285714,2217.9285714285716,16.147232029049896,-16.14723203,4.37988044,-20.52711247,LOSS,STOP_LOSS,2026-07-26T11:15:44.717251+00:00,2026-07-26T11:15:44.725860+00:00,3208.91929334
SOLUSDT,LONG,74.355,73.39392857142857,16.694489077205393,73.39392857142857,76.27714285714286,16.044596466699897,-16.04459647,2.46659287,-18.51118934,LOSS,STOP_LOSS,2026-07-26T11:15:44.745016+00:00,2026-07-26T11:15:44.753564+00:00,3190.408104
BTCUSDT,SHORT,42867.3,43190.00357142858,0.04943248830306406,43190.00357142858,42221.892857142855,15.952040519999898,-15.95204052,4.25402665,-20.20606717,LOSS,STOP_LOSS,2026-07-26T11:15:44.771265+00:00,2026-07-26T11:15:44.780686+00:00,3170.20203683
ETHUSDT,LONG,2262.59,2298.275,0.8883850460501542,2244.7475,2298.275,15.851010184149898,31.70202037,4.05180426,27.65021611,WIN,TAKE_PROFIT,2026-07-26T11:15:44.800444+00:00,2026-07-26T11:15:44.810966+00:00,3197.85225294
SOLUSDT,SHORT,73.142,71.10135714285714,15.670808058090797,74.16232142857143,71.10135714285714,15.989261264699898,31.97852253,2.26040996,29.71811257,WIN,TAKE_PROFIT,2026-07-26T11:15:44.831561+00:00,2026-07-26T11:15:44.841744+00:00,3227.57036551
BTCUSDT,LONG,43099.0,42915.57142857143,0.08797894298508549,42915.57142857143,43465.857142857145,16.1378518275499,-16.13785183,7.56747108,-23.7053229,LOSS,STOP_LOSS,2026-07-26T11:15:44.860546+00:00,2026-07-26T11:15:44.869117+00:00,3203.86504261
ETHUSDT,SHORT,2294.61,2307.1982142857146,1.2725653416330363,2307.1982142857146,2269.4335714285717,16.0193252130499,-16.01932521,5.85610164,-21.87542686,LOSS,STOP_LOSS,2026-07-26T11:15:44.887367+00:00,2026-07-26T11:15:44.896648+00:00,3181.98961575
SOLUSDT,LONG,67.767,71.63828571428571,8.219464670375235,65.83135714285714,71.63828571428571,15.909948078749899,31.81989616,1.14583682,30.67405934,WIN,TAKE_PROFIT,2026-07-26T11:15:44.914378+00:00,2026-07-26T11:15:44.923126+00:00,3212.66367509
BTCUSDT,SHORT,42964.9,42615.25,0.09188227298984616,43139.725,42615.25,16.0633183754499,32.12663675,7.8632987,24.26333805,WIN,TAKE_PROFIT,2026-07-26T11:15:44.943507+00:00,2026-07-26T11:15:44.952798+00:00,3236.92701314
ETHUSDT,LONG,2308.57,2295.443928571429,1.2330143983881492,2295.443928571429,2334.8221428571433,16.1846350656999,-16.18463507,5.67681546,-21.86145053,LOSS,STOP_LOSS,2026-07-26T11:15:44.971514+00:00,2026-07-26T11:15:44.979947+00:00,3215.06556261
SOLUSDT,SHORT,71.828,66.60328571428572,6.15357201713555,74.44035714285715,66.60328571428572,16.0753278130499,32.15065563,0.85184689,31.29880874,WIN,TAKE_PROFIT,2026-07-26T11:15:45.001359+00:00,2026-07-26T11:15:45.017607+00:00,3246.36437135
BTCUSDT,LONG,42802.0,42611.33928571428,0.08513459061328037,42611.33928571428,43183.32142857143,16.2318218567499,-16.23182186,7.27162967,-23.50345153,LOSS,STOP_LOSS,2026-07-26T11:15:45.040424+00:00,2026-07-26T11:15:45.049291+00:00,3222.86091982
ETHUSDT,SHORT,2284.0,2250.5735714285715,0.9641654994439739,2300.7132142857145,2250.5735714285715,16.1143045990999,32.2286092,4.37207939,27.85652981,WIN,TAKE_PROFIT,2026-07-26T11:15:45.067566+00:00,2026-07-26T11:15:45.076449+00:00,3250.71744963
SOLUSDT,LONG,66.551,68.88414285714285,13.932783582788351,65.38442857142857,68.88414285714285,16.2535872481499,32.5071745,1.88698853,30.62018596,WIN,TAKE_PROFIT,2026-07-26T11:15:45.094672+00:00,2026-07-26T11:15:45.103754+00:00,3281.33763559
BTCUSDT,SHORT,42637.1,42821.70714285714,0.08887352853213333,42821.70714285714,42267.885714285716,16.4066881779499,-16.40668818,7.59502573,-24.00171391,LOSS,STOP_LOSS,2026-07-26T11:15:45.122005+00:00,2026-07-26T11:15:45.131462+00:00,3257.33592168
ETHUSDT,LONG,2277.7,2328.303571428571,0.6436968438636417,2252.398214285714,2328.303571428571,16.2866796083999,32.57335922,2.96486996,29.60848926,WIN,TAKE_PROFIT,2026-07-26T11:15:45.149870+00:00,2026-07-26T11:15:45.161629+00:00,3286.94441094
SOLUSDT,SHORT,68.896,67.08121428571428,18.11202493531691,69.80339285714285,67.08121428571428,16.4347220546999,32.86944411,2.4628227,30.40662141,WIN,TAKE_PROFIT,2026-07-26T11:15:45.180157+00:00,2026-07-26T11:15:45.189743+00:00,3317.35103235
BTCUSDT,LONG,42882.8,42730.775,0.1091054442476553,42730.775,43186.850000000006,16.5867551617499,-16.58675516,9.34090713,-25.9276623,LOSS,STOP_LOSS,2026-07-26T11:15:45.209942+00:00,2026-07-26T11:15:45.218735+00:00,3291.42337005
ETHUSDT,SHORT,2325.63,2304.7907142857143,1.5794319513521755,2336.0496428571428,2304.7907142857143,16.4571168502499,32.9142337,7.31343442,25.60079928,WIN,TAKE_PROFIT,2026-07-26T11:15:45.241392+00:00,2026-07-26T11:15:45.253019+00:00,3317.02416933
SOLUSDT,LONG,66.803,65.8985,18.33623089734641,65.8985,68.61200000000001,16.5851208466499,-16.58512085,2.43324534,-19.01836619,LOSS,STOP_LOSS,2026-07-26T11:15:45.275735+00:00,2026-07-26T11:15:45.283989+00:00,3298.00580314
BTCUSDT,SHORT,42749.0,42417.17857142857,0.09939098319655473,42914.91071428572,42417.17857142857,16.4900290156999,32.98005803,8.46475022,24.51530781,WIN,TAKE_PROFIT,2026-07-26T11:15:45.301888+00:00,2026-07-26T11:15:45.310345+00:00,3322.52111095
ETHUSDT,LONG,2304.98,2292.8117857142856,1.3652459732118176,2292.8117857142856,2329.3164285714283,16.6126055547499,-16.61260555,6.27711672,-22.88972228,LOSS,STOP_LOSS,2026-07-26T11:15:45.329269+00:00,2026-07-26T11:15:45.339343+00:00,3299.63138867
SOLUSDT,SHORT,66.427,64.1692857142857,14.614920096614611,67.55585714285715,64.1692857142857,16.4981569433499,32.99631389,1.90865428,31.08765961,WIN,TAKE_PROFIT,2026-07-26T11:15:45.360743+00:00,2026-07-26T11:15:45.369541+00:00,3330.71904828
BTCUSDT,LONG,42322.0,42134.017857142855,0.0885913682453119,42134.017857142855,42697.96428571428,16.653595241399902,-16.65359524,7.48207418,-24.13566942,LOSS,STOP_LOSS,2026-07-26T11:15:45.388308+00:00,2026-07-26T11:15:45.397351+00:00,3306.58337886
ETHUSDT,SHORT,2291.16,2265.0792857142856,1.26782700145263,2304.200357142857,2265.0792857142856,16.532916894299902,33.06583379,5.77652319,27.2893106,WIN,TAKE_PROFIT,2026-07-26T11:15:45.420513+00:00,2026-07-26T11:15:45.430017+00:00,3333.87268946
SOLUSDT,LONG,65.17,67.30171428571428,15.639397417383623,64.10414285714286,67.30171428571428,16.6693634472999,33.33872689,2.07177779,31.26694911,WIN,TAKE_PROFIT,2026-07-26T11:15:45.449014+00:00,2026-07-26T11:15:45.459148+00:00,3365.13963857
BTCUSDT,SHORT,42152.5,41715.74285714286,0.07704830232554834,42370.87857142857,41715.74285714286,16.825698192849902,33.65139639,6.46190573,27.18949065,WIN,TAKE_PROFIT,2026-07-26T11:15:45.477996+00:00,2026-07-26T11:15:45.486902+00:00,3392.32912922
ETHUSDT,LONG,2269.23,2256.8089285714286,1.3655541507541795,2256.8089285714286,2294.072142857143,16.961645646099903,-16.96164565,6.18055125,-23.14219689,LOSS,STOP_LOSS,2026-07-26T11:15:45.505811+00:00,2026-07-26T11:15:45.513953+00:00,3369.18693233
SOLUSDT,SHORT,67.107,67.93982142857143,20.227547087190523,67.93982142857143,65.44135714285714,16.845934661649903,-16.84593466,2.73166594,-19.5776006,LOSS,STOP_LOSS,2026-07-26T11:15:45.532135+00:00,2026-07-26T11:15:45.540947+00:00,3349.60933173
BTCUSDT,LONG,41811.3,42368.03571428571,0.06016515998129404,41532.93214285715,42368.03571428571,16.7480466586499,33.49609332,5.0646632,28.43143012,WIN,TAKE_PROFIT,2026-07-26T11:15:45.559646+00:00,2026-07-26T11:15:45.569909+00:00,3378.04076185
ETHUSDT,SHORT,2260.9,2272.875357142857,1.4104133687006093,2272.875357142857,2236.949285714286,16.890203809249904,-16.89020381,6.39449737,-23.28470118,LOSS,STOP_LOSS,2026-07-26T11:15:45.603117+00:00,2026-07-26T11:15:45.611200+00:00,3354.75606067
SOLUSDT,LONG,67.727,69.63585714285715,17.574683748458188,66.77257142857142,69.63585714285715,16.773780303349906,33.54756061,2.41410877,31.13345183,WIN,TAKE_PROFIT,2026-07-26T11:15:45.629847+00:00,2026-07-26T11:15:45.639087+00:00,3385.8895125
BTCUSDT,SHORT,42354.5,42532.95714285714,0.09486562034702165,42532.95714285714,41997.58571428571,16.929447562499902,-16.92944756,8.05290128,-24.98234884,LOSS,STOP_LOSS,2026-07-26T11:15:45.662253+00:00,2026-07-26T11:15:45.672976+00:00,3360.90716366
ETHUSDT,LONG,2267.28,2255.798571428572,1.46362760642155,2255.798571428572,2290.2428571428572,16.804535818299904,-16.80453582,6.62010266,-23.42463848,LOSS,STOP_LOSS,2026-07-26T11:15:45.693442+00:00,2026-07-26T11:15:45.704767+00:00,3337.48252518
SOLUSDT,SHORT,70.068,71.04610714285714,17.060925020089744,71.04610714285714,68.11178571428572,16.687412625899903,-16.68741263,2.4075372,-19.09494983,LOSS,STOP_LOSS,2026-07-26T11:15:45.726376+00:00,2026-07-26T11:15:45.735202+00:00,3318.38757535
BTCUSDT,LONG,42495.5,42385.16428571429,0.15037685652521182,42385.16428571429,42716.17142857143,16.591937876749903,-16.59193788,12.76408748,-29.35602535,LOSS,STOP_LOSS,2026-07-26T11:15:45.755242+00:00,2026-07-26T11:15:45.764209+00:00,3289.03155
ETHUSDT,SHORT,2260.3,2238.2285714285717,1.490176106796108,2271.3357142857144,2238.2285714285717,16.445157749999904,32.8903155,6.70359979,26.18671571,WIN,TAKE_PROFIT,2026-07-26T11:15:45.797078+00:00,2026-07-26T11:15:45.806152+00:00,3315.21826571
SOLUSDT,LONG,70.625,72.68342857142856,16.10557836072585,69.59578571428571,72.68342857142856,16.576091328549904,33.15218266,2.30806513,30.84411753,WIN,TAKE_PROFIT,2026-07-26T11:15:45.824370+00:00,2026-07-26T11:15:45.834782+00:00,3346.06238324
BTCUSDT,SHORT,42386.1,42506.517857142855,0.13893547280410196,42506.517857142855,42145.26428571428,16.730311916199902,-16.73031192,11.794596,-28.52490792,LOSS,STOP_LOSS,2026-07-26T11:15:45.854227+00:00,2026-07-26T11:15:45.863205+00:00,3317.53747532
ETHUSDT,LONG,2244.68,2231.2989285714284,1.2396382057405078,2231.2989285714284,2271.4421428571427,16.587687376599902,-16.58768738,5.54859449,-22.13628186,LOSS,STOP_LOSS,2026-07-26T11:15:45.881534+00:00,2026-07-26T11:15:45.889767+00:00,3295.40119346
SOLUSDT,SHORT,72.615,73.50846428571428,18.441706323076172,73.50846428571428,70.82807142857142,16.477005967299903,-16.47700597,2.69476602,-19.17177198,LOSS,STOP_LOSS,2026-07-26T11:15:45.908436+00:00,2026-07-26T11:15:45.917344+00:00,3276.22942148
BTCUSDT,LONG,42457.5,42295.58571428571,0.10117172203264474,42295.58571428571,42781.328571428574,16.381147107399904,-16.38114711,8.57461563,-24.95576274,LOSS,STOP_LOSS,2026-07-26T11:15:45.935937+00:00,2026-07-26T11:15:45.945603+00:00,3251.27365874
ETHUSDT,SHORT,2230.46,2246.21,1.0321503678539652,2246.21,2198.96,16.256368293699904,-16.25636829,4.62059659,-20.87696488,LOSS,STOP_LOSS,2026-07-26T11:15:45.964232+00:00,2026-07-26T11:15:45.972920+00:00,3230.39669386
SOLUSDT,LONG,73.523,72.62278571428571,17.942376304863757,72.62278571428571,75.32342857142858,16.151983469299907,-16.15198347,2.62220268,-18.77418615,LOSS,STOP_LOSS,2026-07-26T11:15:45.991969+00:00,2026-07-26T11:15:46.000225+00:00,3211.62250771
BTCUSDT,SHORT,42359.8,42083.264285714286,0.11613771176014266,42498.06785714286,42083.264285714286,16.058112538549906,32.11622508,9.80702426,22.30920082,WIN,TAKE_PROFIT,2026-07-26T11:15:46.019268+00:00,2026-07-26T11:15:46.028303+00:00,3233.93170853
ETHUSDT,LONG,2243.5,2226.3132142857144,0.9408192323716291,2226.3132142857144,2277.8735714285713,16.169658542649906,-16.16965854,4.20528624,-20.37494478,LOSS,STOP_LOSS,2026-07-26T11:15:46.048946+00:00,2026-07-26T11:15:46.058095+00:00,3213.55676375
SOLUSDT,SHORT,71.806,69.87764285714285,16.664738560765844,72.77017857142857,69.87764285714285,16.067783818749906,32.13556764,2.36112087,29.77444677,WIN,TAKE_PROFIT,2026-07-26T11:15:46.077061+00:00,2026-07-26T11:15:46.085362+00:00,3243.33121052
BTCUSDT,LONG,42104.1,41975.67857142857,0.12627687009088323,41975.67857142857,42360.94285714286,16.216656052599905,-16.21665605,10.61733128,-26.83398733,LOSS,STOP_LOSS,2026-07-26T11:15:46.103930+00:00,2026-07-26T11:15:46.112004+00:00,3216.49722319
ETHUSDT,SHORT,2216.77,2232.568214285714,1.0179939216606744,2232.568214285714,2185.1735714285714,16.082486115949905,-16.08248612,4.52939926,-20.61188537,LOSS,STOP_LOSS,2026-07-26T11:15:46.131753+00:00,2026-07-26T11:15:46.140863+00:00,3195.88533782
SOLUSDT,LONG,71.197,74.05085714285715,11.198476930840378,69.77007142857143,74.05085714285715,15.979426689099904,31.95885338,1.62655478,30.3322986,WIN,TAKE_PROFIT,2026-07-26T11:15:46.159941+00:00,2026-07-26T11:15:46.168640+00:00,3226.21763642
BTCUSDT,SHORT,42029.0,41735.96428571429,0.11009639709903711,42175.517857142855,41735.96428571429,16.131088182099905,32.26217636,9.22222077,23.03995559,WIN,TAKE_PROFIT,2026-07-26T11:15:46.187323+00:00,2026-07-26T11:15:46.196390+00:00,3249.25759201
ETHUSDT,LONG,2224.83,2258.8821428571428,0.9542006227453648,2207.8039285714285,2258.8821428571428,16.246287960049905,32.49257592,4.27836092,28.214215,WIN,TAKE_PROFIT,2026-07-26T11:15:46.215534+00:00,2026-07-26T11:15:46.225411+00:00,3277.47180701
SOLUSDT,SHORT,73.159,75.24689285714287,7.848754776370529,75.24689285714287,68.9832142857143,16.387359035049904,-16.38735904,1.16480146,-17.5521605,LOSS,STOP_LOSS,2026-07-26T11:15:46.245103+00:00,2026-07-26T11:15:46.254211+00:00,3259.91964651
BTCUSDT,LONG,41750.1,41561.65714285714,0.0864962380622012,41561.65714285714,42126.985714285714,16.299598232549904,-16.29959823,7.20615358,-23.50575181,LOSS,STOP_LOSS,2026-07-26T11:15:46.273187+00:00,2026-07-26T11:15:46.282339+00:00,3236.4138947
ETHUSDT,SHORT,2255.57,2234.1157142857146,1.5085162646757222,2266.297142857143,2234.1157142857146,16.182069473499904,32.36413895,6.77276392,25.59137502,WIN,TAKE_PROFIT,2026-07-26T11:15:46.301206+00:00,2026-07-26T11:15:46.312084+00:00,3262.00526972
SOLUSDT,LONG,75.615,74.72839285714285,18.396001521079473,74.72839285714285,77.38821428571428,16.310026348599905,-16.31002635,2.76571728,-19.07574363,LOSS,STOP_LOSS,2026-07-26T11:15:46.330991+00:00,2026-07-26T11:15:46.340050+00:00,3242.92952609
BTCUSDT,SHORT,41761.1,41922.2,0.10064958181533111,41922.2,41438.899999999994,16.214647630449903,-16.21464763,8.42268915,-24.63733678,LOSS,STOP_LOSS,2026-07-26T11:15:46.358928+00:00,2026-07-26T11:15:46.367367+00:00,3218.29218931
ETHUSDT,LONG,2234.37,2222.4139285714286,1.345881968227131,2222.4139285714286,2258.282142857143,16.0914609465499,-16.09146095,5.99830513,-22.08976607,LOSS,STOP_LOSS,2026-07-26T11:15:46.386303+00:00,2026-07-26T11:15:46.394992+00:00,3196.20242324
SOLUSDT,SHORT,74.936,76.06153571428572,14.198582873349077,76.06153571428572,72.68492857142857,15.981012116199901,-15.98101212,2.14395102,-18.12496314,LOSS,STOP_LOSS,2026-07-26T11:15:46.414302+00:00,2026-07-26T11:15:46.423792+00:00,3178.0774601
BTCUSDT,LONG,42012.6,42465.62142857143,0.07015291683048673,41786.08928571428,42465.62142857143,15.890387300499901,31.7807746,5.92639364,25.85438096,WIN,TAKE_PROFIT,2026-07-26T11:15:46.443296+00:00,2026-07-26T11:15:46.452003+00:00,3203.93184106
ETHUSDT,SHORT,2227.99,2207.435714285714,1.5587658387141883,2238.2671428571425,2207.435714285714,16.019659205299902,32.03931841,6.91379008,25.12552833,WIN,TAKE_PROFIT,2026-07-26T11:15:46.471333+00:00,2026-07-26T11:15:46.481106+00:00,3229.05736939
SOLUSDT,LONG,76.068,75.06857142857143,16.154518000092807,75.06857142857143,78.06685714285715,16.1452868469499,-16.14528685,2.44153846,-18.58682531,LOSS,STOP_LOSS,2026-07-26T11:15:46.500149+00:00,2026-07-26T11:15:46.508427+00:00,3210.47054408
BTCUSDT,SHORT,42457.0,41926.47142857143,0.06051456447359732,42722.264285714286,41926.47142857143,16.052352720399902,32.10470544,5.10642902,26.99827642,WIN,TAKE_PROFIT,2026-07-26T11:15:46.527181+00:00,2026-07-26T11:15:46.535423+00:00,3237.4688205
ETHUSDT,LONG,2215.6,2206.3289285714286,1.7460057585808424,2206.3289285714286,2234.1421428571425,16.1873441024999,-16.1873441,7.72071337,-23.90805748,LOSS,STOP_LOSS,2026-07-26T11:15:46.555127+00:00,2026-07-26T11:15:46.563290+00:00,3213.56076302
SOLUSDT,SHORT,75.105,76.08760714285715,16.35221556438036,76.08760714285715,73.13978571428572,16.0678038150999,-16.06780382,2.4723341,-18.54013792,LOSS,STOP_LOSS,2026-07-26T11:15:46.582242+00:00,2026-07-26T11:15:46.590885+00:00,3195.0206251
BTCUSDT,LONG,41919.0,41622.99642857143,0.05396929181766588,41622.99642857143,42511.00714285715,15.975103125499903,-15.97510313,4.50870238,-20.48380551,LOSS,STOP_LOSS,2026-07-26T11:15:46.609779+00:00,2026-07-26T11:15:46.618977+00:00,3174.53681959
ETHUSDT,SHORT,2206.26,2215.1357142857146,1.7883275178762228,2215.1357142857146,2188.5085714285715,15.872684097949902,-15.8726841,7.90690362,-23.77958772,LOSS,STOP_LOSS,2026-07-26T11:15:46.638085+00:00,2026-07-26T11:15:46.647060+00:00,3150.75723187
SOLUSDT,LONG,76.777,79.01757142857143,14.062293179730862,75.65671428571429,79.01757142857143,15.753786159349902,31.50757232,2.19082894,29.31674338,WIN,TAKE_PROFIT,2026-07-26T11:15:46.665979+00:00,2026-07-26T11:15:46.674751+00:00,3180.07397525
BTCUSDT,SHORT,41592.1,41273.521428571425,0.09982071176318777,41751.389285714286,41273.521428571425,15.900369876249902,31.80073975,8.27170531,23.52903444,WIN,TAKE_PROFIT,2026-07-26T11:15:46.693846+00:00,2026-07-26T11:15:46.702416+00:00,3203.60300969
ETHUSDT,LONG,2215.8,2206.0157142857147,1.6371164453080773,2206.0157142857147,2235.3685714285716,16.0180150484499,-16.01801505,7.23902722,-23.25704227,LOSS,STOP_LOSS,2026-07-26T11:15:46.721402+00:00,2026-07-26T11:15:46.730882+00:00,3180.34596742
SOLUSDT,SHORT,79.037,76.42250000000001,12.164260728322747,80.34425,76.42250000000001,15.901729837099902,31.80345967,1.89104989,29.91240978,WIN,TAKE_PROFIT,2026-07-26T11:15:46.751208+00:00,2026-07-26T11:15:46.760170+00:00,3210.2583772
BTCUSDT,LONG,41421.3,41229.70714285714,0.08377813309622267,41229.70714285714,41804.48571428572,16.051291885999902,-16.05129189,6.92434708,-22.97563896,LOSS,STOP_LOSS,2026-07-26T11:15:46.780988+00:00,2026-07-26T11:15:46.789158+00:00,3187.28273824
ETHUSDT,SHORT,2206.09,2215.7275,1.653583781188052,2215.7275,2186.815,15.9364136911999,-15.93641369,7.3118457,-23.24825939,LOSS,STOP_LOSS,2026-07-26T11:15:46.808924+00:00,2026-07-26T11:15:46.817147+00:00,3164.03447885
SOLUSDT,LONG,76.383,75.09375,12.270833736086779,75.09375,78.9615,15.820172394249902,-15.82017239,1.85874601,-17.67891841,LOSS,STOP_LOSS,2026-07-26T11:15:46.838148+00:00,2026-07-26T11:15:46.847830+00:00,3146.35556044
BTCUSDT,SHORT,41247.4,40819.042857142864,0.07345168892139384,41461.578571428574,40819.042857142864,15.731777802199902,31.4635556,6.02791883,25.43563677,WIN,TAKE_PROFIT,2026-07-26T11:15:46.868834+00:00,2026-07-26T11:15:46.878454+00:00,3171.79119721
ETHUSDT,LONG,2214.74,2236.318571428571,1.4698800649102883,2203.950714285714,2236.318571428571,15.858955986049903,31.71791197,6.54252226,25.17538971,WIN,TAKE_PROFIT,2026-07-26T11:15:46.899343+00:00,2026-07-26T11:15:46.908048+00:00,3196.96658692
SOLUSDT,SHORT,74.851,76.30728571428571,10.976440115970124,76.30728571428571,71.93842857142857,15.984832934599904,-15.98483293,1.65917987,-17.64401281,LOSS,STOP_LOSS,2026-07-26T11:15:46.927604+00:00,2026-07-26T11:15:46.937079+00:00,3179.32257411
BTCUSDT,LONG,40896.3,40600.81071428572,0.053797594833677305,40600.81071428572,41487.27857142858,15.896612870549905,-15.89661287,4.38434854,-20.28096141,LOSS,STOP_LOSS,2026-07-26T11:15:46.957902+00:00,2026-07-26T11:15:46.968046+00:00,3159.0416127
ETHUSDT,SHORT,2241.33,2213.0335714285716,1.1164100107989354,2255.4782142857143,2213.0335714285716,15.795208063499905,31.59041613,4.97289608,26.61752004,WIN,TAKE_PROFIT,2026-07-26T11:15:46.988041+00:00,2026-07-26T11:15:46.996359+00:00,3185.65913274
SOLUSDT,LONG,76.269,74.71382142857144,10.242100782721282,74.71382142857144,79.37935714285715,15.928295663699902,-15.92829566,1.54638127,-17.47467694,LOSS,STOP_LOSS,2026-07-26T11:15:47.016524+00:00,2026-07-26T11:15:47.025231+00:00,3168.1844558
BTCUSDT,SHORT,40732.9,40999.02142857143,0.05952516625224747,40999.02142857143,40200.65714285714,15.840922278999903,-15.84092228,4.86510621,-20.70602849,LOSS,STOP_LOSS,2026-07-26T11:15:47.045599+00:00,2026-07-26T11:15:47.054215+00:00,3147.47842731
ETHUSDT,LONG,2225.47,2210.745357142857,1.0687792083809886,2210.745357142857,2254.9192857142853,15.737392136549904,-15.73739214,4.74133474,-20.47872687,LOSS,STOP_LOSS,2026-07-26T11:15:47.073720+00:00,2026-07-26T11:15:47.087142+00:00,3126.99970044
SOLUSDT,SHORT,74.762,72.72200000000001,15.328429904117625,75.782,72.72200000000001,15.634998502199903,31.269997,2.26069816,29.00929885,WIN,TAKE_PROFIT,2026-07-26T11:15:47.107349+00:00,2026-07-26T11:15:47.115872+00:00,3156.00899929
BTCUSDT,LONG,41210.8,41835.50714285715,0.050519816131055335,40898.446428571435,41835.50714285715,15.780044996449904,31.56008999,4.19548417,27.36460583,WIN,TAKE_PROFIT,2026-07-26T11:15:47.135911+00:00,2026-07-26T11:15:47.148574+00:00,3183.37360512
ETHUSDT,SHORT,2212.79,2189.889285714286,1.3900761196369469,2224.240357142857,2189.889285714286,15.916868025599904,31.83373605,6.12005934,25.71367671,WIN,TAKE_PROFIT,2026-07-26T11:15:47.169251+00:00,2026-07-26T11:15:47.177601+00:00,3209.08728183
SOLUSDT,LONG,72.552,71.3942142857143,13.85872723351837,71.3942142857143,74.86757142857142,16.045436409149904,-16.04543641,1.99491132,-18.04034773,LOSS,STOP_LOSS,2026-07-26T11:15:47.204958+00:00,2026-07-26T11:15:47.213347+00:00,3191.0469341
BTCUSDT,SHORT,41684.5,41888.767857142855,0.07810937508068809,41888.767857142855,41275.96428571428,15.955234670499904,-15.95523467,6.52785573,-22.4830904,LOSS,STOP_LOSS,2026-07-26T11:15:47.247389+00:00,2026-07-26T11:15:47.256030+00:00,3168.5638437
ETHUSDT,LONG,2200.29,2184.4575,1.0006517744197003,2184.4575,2231.955,15.842819218499903,-15.84281922,4.38760537,-20.23042458,LOSS,STOP_LOSS,2026-07-26T11:15:47.276182+00:00,2026-07-26T11:15:47.285192+00:00,3148.33341912
SOLUSDT,SHORT,72.231,73.68985714285714,10.790410269212625,73.68985714285714,69.31328571428571,15.741667095599903,-15.7416671,1.57454592,-17.31621301,LOSS,STOP_LOSS,2026-07-26T11:15:47.305641+00:00,2026-07-26T11:15:47.313844+00:00,3131.01720611
BTCUSDT,LONG,41913.0,42339.83571428571,0.07335415246002899,41699.58214285714,42339.83571428571,15.655086030549903,31.31017206,6.18029536,25.1298767,WIN,TAKE_PROFIT,2026-07-26T11:15:47.334184+00:00,2026-07-26T11:15:47.342390+00:00,3156.14708281
ETHUSDT,SHORT,2175.6,2139.18,0.8665972220785205,2193.81,2139.18,15.780735414049902,31.56147083,3.73917636,27.82229447,WIN,TAKE_PROFIT,2026-07-26T11:15:47.362445+00:00,2026-07-26T11:15:47.372223+00:00,3183.96937728
SOLUSDT,LONG,73.694,76.71071428571429,10.554428015797644,72.18564285714287,76.71071428571429,15.919846886399903,31.83969377,1.58743573,30.25225804,WIN,TAKE_PROFIT,2026-07-26T11:15:47.394437+00:00,2026-07-26T11:15:47.405375+00:00,3214.22163532
BTCUSDT,SHORT,42462.9,42727.62857142858,0.06070787180195305,42727.62857142858,41933.44285714286,16.071108176599903,-16.07110818,5.17173569,-21.24284386,LOSS,STOP_LOSS,2026-07-26T11:15:47.426515+00:00,2026-07-26T11:15:47.434914+00:00,3192.97879146
ETHUSDT,LONG,2129.03,2166.5214285714287,0.8516556752103306,2110.284285714286,2166.5214285714287,15.964893957299903,31.92978791,3.65833075,28.27145716,WIN,TAKE_PROFIT,2026-07-26T11:15:47.454969+00:00,2026-07-26T11:15:47.464919+00:00,3221.25024862
SOLUSDT,SHORT,76.466,74.54878571428571,16.801722544122715,77.42460714285714,74.54878571428571,16.1062512430999,32.21250249,2.53730853,29.67519396,WIN,TAKE_PROFIT,2026-07-26T11:15:47.485680+00:00,2026-07-26T11:15:47.496301+00:00,3250.92544258
BTCUSDT,LONG,42643.1,43209.02857142857,0.05744409465621573,42360.135714285716,43209.02857142857,16.2546272128999,32.50925443,4.9316978,27.57755663,WIN,TAKE_PROFIT,2026-07-26T11:15:47.516741+00:00,2026-07-26T11:15:47.525438+00:00,3278.50299921
ETHUSDT,SHORT,2166.16,2180.6467857142857,1.1315494906426968,2180.6467857142857,2137.186428571428,16.3925149960499,-16.392515,4.918627,-21.311142,LOSS,STOP_LOSS,2026-07-26T11:15:47.545246+00:00,2026-07-26T11:15:47.554279+00:00,3257.19185721
SOLUSDT,LONG,75.078,74.13546428571429,17.278877648039007,74.13546428571429,76.96307142857142,16.285959286049902,-16.28595929,2.57824119,-18.86420048,LOSS,STOP_LOSS,2026-07-26T11:15:47.574682+00:00,2026-07-26T11:15:47.583245+00:00,3238.32765673
BTCUSDT,SHORT,43346.1,42745.82142857143,0.05394708075324499,43646.239285714284,42745.82142857143,16.1916382836499,32.38327657,4.64440784,27.73886873,WIN,TAKE_PROFIT,2026-07-26T11:15:47.603567+00:00,2026-07-26T11:15:47.613657+00:00,3266.06652546
ETHUSDT,LONG,2174.54,2194.145,1.6659354886304372,2164.7374999999997,2194.145,16.330332627299903,32.66066525,7.27794738,25.38271787,WIN,TAKE_PROFIT,2026-07-26T11:15:47.633721+00:00,2026-07-26T11:15:47.642345+00:00,3291.44924333
SOLUSDT,SHORT,73.98,72.11335714285715,17.63298871412383,74.91332142857144,72.11335714285715,16.4572462166499,32.91449243,2.57606252,30.33842992,WIN,TAKE_PROFIT,2026-07-26T11:15:47.663766+00:00,2026-07-26T11:15:47.674241+00:00,3321.78767325
BTCUSDT,LONG,42649.2,42450.47142857142,0.08357599637966262,42450.47142857142,43046.65714285714,16.6089383662499,-16.60893837,7.11228983,-23.7212282,LOSS,STOP_LOSS,2026-07-26T11:15:47.694778+00:00,2026-07-26T11:15:47.703117+00:00,3298.06644505
ETHUSDT,SHORT,2209.06,2221.3664285714285,1.339977080233893,2221.3664285714285,2184.447142857143,16.4903322252499,-16.49033223,5.93666987,-22.4270021,LOSS,STOP_LOSS,2026-07-26T11:15:47.723334+00:00,2026-07-26T11:15:47.731784+00:00,3275.63944295
SOLUSDT,LONG,72.85,72.07942857142856,21.25461262574137,72.07942857142856,74.39114285714285,16.3781972147499,-16.37819721,3.08041886,-19.45861608,LOSS,STOP_LOSS,2026-07-26T11:15:47.753925+00:00,2026-07-26T11:15:47.764660+00:00,3256.18082687
BTCUSDT,SHORT,42386.6,42633.5,0.06594128851498497,42633.5,41892.799999999996,16.2809041343499,-16.28090413,5.60633494,-21.88723908,LOSS,STOP_LOSS,2026-07-26T11:15:47.787380+00:00,2026-07-26T11:15:47.797212+00:00,3234.29358779
ETHUSDT,LONG,2223.3,2248.699285714286,1.2733797415298367,2210.6003571428573,2248.699285714286,16.1714679389499,32.34293588,5.69455329,26.64838258,WIN,TAKE_PROFIT,2026-07-26T11:15:47.818964+00:00,2026-07-26T11:15:47.828885+00:00,3260.94197037
SOLUSDT,SHORT,72.675,73.58871428571429,17.844429168691246,73.58871428571429,70.84757142857143,16.3047098518499,-16.30470985,2.60999249,-18.91470234,LOSS,STOP_LOSS,2026-07-26T11:15:47.849180+00:00,2026-07-26T11:15:47.859495+00:00,3242.02726803
BTCUSDT,LONG,42583.8,42310.75714285715,0.0593684687809597,42310.75714285715,43129.88571428572,16.2101363401499,-16.21013634,5.04005987,-21.25019621,LOSS,STOP_LOSS,2026-07-26T11:15:47.879862+00:00,2026-07-26T11:15:47.889557+00:00,3220.77707182
ETHUSDT,SHORT,2248.55,2218.9057142857146,1.086474844717837,2263.372142857143,2218.9057142857146,16.1038853590999,32.20777072,4.85377825,27.35399246,WIN,TAKE_PROFIT,2026-07-26T11:15:47.917225+00:00,2026-07-26T11:15:47.927658+00:00,3248.13106428
SOLUSDT,LONG,73.966,72.93935714285713,15.81918698250869,72.93935714285713,76.01928571428572,16.2406553213999,-16.24065532,2.32392331,-18.56457863,LOSS,STOP_LOSS,2026-07-26T11:15:47.948276+00:00,2026-07-26T11:15:47.959025+00:00,3229.56648565
BTCUSDT,SHORT,42038.7,42393.71785714285,0.045484563954629666,42393.71785714285,41328.66428571428,16.1478324282499,-16.14783243,3.84037171,-19.98820414,LOSS,STOP_LOSS,2026-07-26T11:15:47.981443+00:00,2026-07-26T11:15:47.990263+00:00,3209.57828151
ETHUSDT,LONG,2208.0,2198.007857142857,1.606051037999144,2198.007857142857,2227.9842857142858,16.047891407549898,-16.04789141,7.07627349,-23.1241649,LOSS,STOP_LOSS,2026-07-26T11:15:48.012433+00:00,2026-07-26T11:15:48.020785+00:00,3186.45411661
SOLUSDT,SHORT,72.045,70.46892857142858,20.217701170423606,72.83303571428571,70.46892857142858,15.932270583049899,31.86454117,2.88130402,28.98323715,WIN,TAKE_PROFIT,2026-07-26T11:15:48.045323+00:00,2026-07-26T11:15:48.053900+00:00,3215.43735376
BTCUSDT,LONG,42302.2,42872.60714285714,0.056370916704408754,42016.99642857142,42872.60714285714,16.0771867687999,32.15437354,4.80138196,27.35299158,WIN,TAKE_PROFIT,2026-07-26T11:15:48.075987+00:00,2026-07-26T11:15:48.085641+00:00,3242.79034534
ETHUSDT,SHORT,2189.0,2202.4967857142856,1.2013194896869612,2202.4967857142856,2162.006428571429,16.2139517266999,-16.21395173,5.27559068,-21.4895424,LOSS,STOP_LOSS,2026-07-26T11:15:48.109674+00:00,2026-07-26T11:15:48.119418+00:00,3221.30080294
SOLUSDT,LONG,70.337,69.20342857142857,14.20863618183986,69.20342857142857,72.60414285714286,16.106504014699897,-16.10650401,1.98267918,-18.0891832,LOSS,STOP_LOSS,2026-07-26T11:15:48.141407+00:00,2026-07-26T11:15:48.151344+00:00,3203.21161974
BTCUSDT,SHORT,42841.0,43026.796428571426,0.08620218494965641,43026.796428571426,42469.40714285714,16.016058098699897,-16.0160581,7.40199167,-23.41804977,LOSS,STOP_LOSS,2026-07-26T11:15:48.171381+00:00,2026-07-26T11:15:48.179629+00:00,3179.79356997
ETHUSDT,LONG,2205.71,2189.7039285714286,0.9933085654903216,2189.7039285714286,2237.722142857143,15.898967849849898,-15.89896785,4.3660023,-20.26497015,LOSS,STOP_LOSS,2026-07-26T11:15:48.199730+00:00,2026-07-26T11:15:48.207938+00:00,3159.52859982
SOLUSDT,SHORT,69.134,70.32628571428572,13.249880301186062,70.32628571428572,66.74942857142857,15.7976429990999,-15.797643,1.84783209,-17.64547509,LOSS,STOP_LOSS,2026-07-26T11:15:48.227970+00:00,2026-07-26T11:15:48.237881+00:00,3141.88312473
BTCUSDT,LONG,42989.8,42781.203571428574,0.07531008910955853,42781.203571428574,43406.99285714286,15.709415623649898,-15.70941562,6.45942192,-22.16883755,LOSS,STOP_LOSS,2026-07-26T11:15:48.257840+00:00,2026-07-26T11:15:48.266214+00:00,3119.71428718
ETHUSDT,SHORT,2206.38,2169.405,0.8437361155321144,2224.8675,2169.405,15.598571435899899,31.19714287,3.69200784,27.50513503,WIN,TAKE_PROFIT,2026-07-26T11:15:48.290997+00:00,2026-07-26T11:15:48.299148+00:00,3147.21942221
SOLUSDT,LONG,70.507,72.65457142857144,14.654783446730383,69.43321428571429,72.65457142857144,15.736097111049899,31.47219422,2.09800183,29.37419239,WIN,TAKE_PROFIT,2026-07-26T11:15:48.319151+00:00,2026-07-26T11:15:48.328059+00:00,3176.5936146
BTCUSDT,SHORT,42807.0,43004.31428571429,0.08049578374674088,43004.31428571429,42412.37142857142,15.8829680729999,-15.88296807,6.907449,-22.79041707,LOSS,STOP_LOSS,2026-07-26T11:15:48.348625+00:00,2026-07-26T11:15:48.357914+00:00,3153.80319753
ETHUSDT,LONG,2165.88,2143.5214285714287,0.7052783331004401,2143.5214285714287,2210.597142857143,15.769015987649901,-15.76901599,3.03932746,-18.80834344,LOSS,STOP_LOSS,2026-07-26T11:15:48.378347+00:00,2026-07-26T11:15:48.386990+00:00,3134.99485409
SOLUSDT,SHORT,72.45,73.33585714285715,17.694697612183372,73.33585714285715,70.67828571428572,15.6749742704499,-15.67497427,2.57963666,-18.25461093,LOSS,STOP_LOSS,2026-07-26T11:15:48.407467+00:00,2026-07-26T11:15:48.423037+00:00,3116.74024316
BTCUSDT,LONG,42891.4,43262.114285714284,0.0840739179272445,42706.04285714286,43262.114285714284,15.583701215799898,31.16740243,7.24326349,23.92413894,WIN,TAKE_PROFIT,2026-07-26T11:15:48.443297+00:00,2026-07-26T11:15:48.451685+00:00,3140.6643821
ETHUSDT,SHORT,2142.15,2164.340357142857,0.7076642259250299,2164.340357142857,2097.769285714286,15.703321910499898,-15.70332191,3.04754917,-18.75087108,LOSS,STOP_LOSS,2026-07-26T11:15:48.471889+00:00,2026-07-26T11:15:48.480003+00:00,3121.91351102
SOLUSDT,LONG,74.577,73.52967857142856,14.904275926438025,73.52967857142856,76.67164285714287,15.6095675550999,-15.60956756,2.2074228,-17.81699036,LOSS,STOP_LOSS,2026-07-26T11:15:48.500433+00:00,2026-07-26T11:15:48.511751+00:00,3104.09652066
BTCUSDT,SHORT,43198.0,43414.63214285714,0.07164441249854123,43414.63214285714,42764.73571428572,15.5204826032999,-15.5204826,6.20531114,-21.72579375,LOSS,STOP_LOSS,2026-07-26T11:15:48.531948+00:00,2026-07-26T11:15:48.539962+00:00,3082.37072691
ETHUSDT,LONG,2170.04,2212.061428571428,0.7335235454145815,2149.029285714286,2212.061428571428,15.4118536345499,30.82370727,3.21437458,27.60933269,WIN,TAKE_PROFIT,2026-07-26T11:15:48.560758+00:00,2026-07-26T11:15:48.570372+00:00,3109.9800596
SOLUSDT,SHORT,73.182,74.07567857142857,17.39988044375171,74.07567857142857,71.39464285714287,15.5499002979999,-15.5499003,2.562266,-18.1121663,LOSS,STOP_LOSS,2026-07-26T11:15:48.590739+00:00,2026-07-26T11:15:48.598828+00:00,3091.8678933
BTCUSDT,LONG,43430.1,43893.53571428571,0.0667162197040735,43198.38214285714,43893.53571428571,15.4593394664999,30.91867893,5.82590287,25.09277607,WIN,TAKE_PROFIT,2026-07-26T11:15:48.619164+00:00,2026-07-26T11:15:48.627363+00:00,3116.96066937
ETHUSDT,SHORT,2215.26,2227.0307142857146,1.3240320823830285,2227.0307142857146,2191.7185714285715,15.5848033468499,-15.58480335,5.88173542,-21.46653877,LOSS,STOP_LOSS,2026-07-26T11:15:48.648870+00:00,2026-07-26T11:15:48.658838+00:00,3095.4941306
SOLUSDT,LONG,74.022,73.05310714285716,15.974388229717212,73.05310714285716,75.95978571428572,15.4774706529999,-15.47747065,2.34943486,-17.82690551,LOSS,STOP_LOSS,2026-07-26T11:15:48.680425+00:00,2026-07-26T11:15:48.688798+00:00,3077.66722509
BTCUSDT,SHORT,43686.6,43962.53571428571,0.05576783043573791,43962.53571428571,43134.72857142857,15.3883361254499,-15.38833613,4.88800214,-20.27633826,LOSS,STOP_LOSS,2026-07-26T11:15:48.709034+00:00,2026-07-26T11:15:48.717215+00:00,3057.39088683
ETHUSDT,LONG,2233.7,2261.4971428571425,1.0998939360576572,2219.8014285714285,2261.4971428571425,15.2869544341499,30.57390887,4.94424008,25.62966879,WIN,TAKE_PROFIT,2026-07-26T11:15:48.738225+00:00,2026-07-26T11:15:48.746447+00:00,3083.02055562
SOLUSDT,SHORT,72.891,73.99832142857143,13.921073303879957,73.99832142857143,70.67635714285716,15.4151027780999,-15.41510278,2.04485701,-17.45995979,LOSS,STOP_LOSS,2026-07-26T11:15:48.782100+00:00,2026-07-26T11:15:48.790594+00:00,3065.56059583
BTCUSDT,LONG,44112.8,43788.639285714286,0.04728457923386737,43788.639285714286,44761.12142857143,15.327802979149899,-15.32780298,4.15638257,-19.48418555,LOSS,STOP_LOSS,2026-07-26T11:15:48.811520+00:00,2026-07-26T11:15:48.819936+00:00,3046.07641028
ETHUSDT,SHORT,2251.38,2215.4357142857148,0.8474438564429079,2269.352142857143,2215.4357142857148,15.2303820513999,30.4607641,3.78537553,26.67538857,WIN,TAKE_PROFIT,2026-07-26T11:15:48.840233+00:00,2026-07-26T11:15:48.848738+00:00,3072.75179885
SOLUSDT,LONG,73.656,75.48407142857144,16.808707530926302,72.74196428571429,75.48407142857144,15.363758994249899,30.72751799,2.50685184,28.22066615,WIN,TAKE_PROFIT,2026-07-26T11:15:48.869378+00:00,2026-07-26T11:15:48.877557+00:00,3100.972465
BTCUSDT,SHORT,43725.9,44165.18571428572,0.035295621552845304,44165.18571428572,42847.328571428574,15.504862324999898,-15.50486233,3.1021705,-18.60703282,LOSS,STOP_LOSS,2026-07-26T11:15:48.897872+00:00,2026-07-26T11:15:48.906402+00:00,3082.36543218
ETHUSDT,LONG,2224.76,2201.381428571429,0.6592287817066887,2201.381428571429,2271.517142857143,15.4118271608999,-15.41182716,2.91783982,-18.32966698,LOSS,STOP_LOSS,2026-07-26T11:15:48.926937+00:00,2026-07-26T11:15:48.935436+00:00,3064.0357652
SOLUSDT,SHORT,75.022,72.91664285714286,14.553520173977846,76.07467857142858,72.91664285714286,15.320178825999898,30.64035765,2.15302802,28.48732963,WIN,TAKE_PROFIT,2026-07-26T11:15:48.956645+00:00,2026-07-26T11:15:48.965302+00:00,3092.52309483
BTCUSDT,LONG,44178.4,43858.953571428574,0.048404408661881525,43858.953571428574,44817.29285714286,15.4626154741499,-15.46261547,4.26139604,-19.72401151,LOSS,STOP_LOSS,2026-07-26T11:15:48.986812+00:00,2026-07-26T11:15:48.995026+00:00,3072.79908332
ETHUSDT,SHORT,2203.94,2170.582142857143,0.9211620129436164,2220.6189285714286,2170.582142857143,15.3639954165999,30.72799083,4.02964362,26.69834721,WIN,TAKE_PROFIT,2026-07-26T11:15:49.017895+00:00,2026-07-26T11:15:49.029769+00:00,3099.49743053
SOLUSDT,LONG,72.857,75.26385714285715,12.877778972999682,71.65357142857142,75.26385714285715,15.497487152649901,30.99497431,1.90746766,29.08750665,WIN,TAKE_PROFIT,2026-07-26T11:15:49.051085+00:00,2026-07-26T11:15:49.060402+00:00,3128.58493718
BTCUSDT,SHORT,43899.2,43294.1,0.051703601672120326,44201.74999999999,43294.1,15.6429246858999,31.28584937,4.50820765,26.77764172,WIN,TAKE_PROFIT,2026-07-26T11:15:49.080832+00:00,2026-07-26T11:15:49.089046+00:00,3155.3625789
ETHUSDT,LONG,2176.99,2221.070714285714,0.7158147570949364,2154.949642857143,2221.070714285714,15.7768128944999,31.55362579,3.14819676,28.40542903,WIN,TAKE_PROFIT,2026-07-26T11:15:49.110935+00:00,2026-07-26T11:15:49.120837+00:00,3183.76800793
SOLUSDT,SHORT,75.269,76.23896428571429,16.4117795614786,76.23896428571429,73.32907142857144,15.918840039649899,-15.91884004,2.48651531,-18.40535535,LOSS,STOP_LOSS,2026-07-26T11:15:49.141658+00:00,2026-07-26T11:15:49.152589+00:00,3165.36265258
BTCUSDT,LONG,43578.9,44303.57142857143,0.043679970366984025,43216.56428571429,44303.57142857143,15.8268132628999,31.65362653,3.83870375,27.81492278,WIN,TAKE_PROFIT,2026-07-26T11:15:49.174185+00:00,2026-07-26T11:15:49.187429+00:00,3193.17757536
ETHUSDT,SHORT,2219.01,2228.6785714285716,1.6513181905673862,2228.6785714285716,2199.6728571428575,15.9658878767999,-15.96588788,7.34454904,-23.31043692,LOSS,STOP_LOSS,2026-07-26T11:15:49.209304+00:00,2026-07-26T11:15:49.218563+00:00,3169.86713844
SOLUSDT,LONG,76.12,77.70571428571428,19.990153125297233,75.32714285714286,77.70571428571428,15.8493356921999,31.69867138,3.07499958,28.6236718,WIN,TAKE_PROFIT,2026-07-26T11:15:49.239378+00:00,2026-07-26T11:15:49.248257+00:00,3198.49081024
BTCUSDT,SHORT,44159.5,44353.353571428575,0.08249759823018013,44353.353571428575,43771.79285714286,15.9924540511999,-15.99245405,7.30209783,-23.29455188,LOSS,STOP_LOSS,2026-07-26T11:15:49.270265+00:00,2026-07-26T11:15:49.280441+00:00,3175.19625836
ETHUSDT,LONG,2225.8,2249.217142857143,1.3559281239946317,2214.091428571429,2249.217142857143,15.8759812917999,31.75196258,6.0678016,25.68416098,WIN,TAKE_PROFIT,2026-07-26T11:15:49.301363+00:00,2026-07-26T11:15:49.309913+00:00,3200.88041934
SOLUSDT,SHORT,78.05,78.98085714285713,17.1931882561233,78.98085714285713,76.18828571428571,16.0044020966999,-16.0044021,2.69986109,-18.70426319,LOSS,STOP_LOSS,2026-07-26T11:15:49.331464+00:00,2026-07-26T11:15:49.340778+00:00,3182.17615615
BTCUSDT,LONG,44017.1,43821.32857142857,0.08127274187481622,43821.32857142857,44408.64285714286,15.910880780749899,-15.91088078,7.13886993,-23.04975071,LOSS,STOP_LOSS,2026-07-26T11:15:49.362318+00:00,2026-07-26T11:15:49.370353+00:00,3159.12640544
ETHUSDT,SHORT,2247.51,2259.7382142857145,1.2917366066812705,2259.7382142857145,2223.053571428572,15.795632027199899,-15.79563203,5.82217751,-21.61780954,LOSS,STOP_LOSS,2026-07-26T11:15:49.394310+00:00,2026-07-26T11:15:49.402907+00:00,3137.5085959
SOLUSDT,LONG,78.991,81.27892857142858,13.713315332833702,77.84703571428571,81.27892857142858,15.687542979499899,31.37508596,2.19783207,29.17725389,WIN,TAKE_PROFIT,2026-07-26T11:15:49.425869+00:00,2026-07-26T11:15:49.435054+00:00,3166.68584979
BTCUSDT,SHORT,43973.9,43497.77857142857,0.06651004680237566,44211.96071428571,43497.77857142857,15.8334292489499,31.6668585,5.81774544,25.84911306,WIN,TAKE_PROFIT,2026-07-26T11:15:49.460658+00:00,2026-07-26T11:15:49.470014+00:00,3192.53496285
ETHUSDT,LONG,2255.72,2241.885714285714,1.1538488610052684,2241.885714285714,2283.388571428571,15.9626748142499,-15.96267481,5.18955723,-21.15223204,LOSS,STOP_LOSS,2026-07-26T11:15:49.493235+00:00,2026-07-26T11:15:49.502229+00:00,3171.38273081
SOLUSDT,SHORT,80.628,81.97553571428571,11.767342034756453,81.97553571428571,77.93292857142856,15.8569136540499,-15.85691365,1.91341142,-17.77032507,LOSS,STOP_LOSS,2026-07-26T11:15:49.525230+00:00,2026-07-26T11:15:49.533759+00:00,3153.61240574
BTCUSDT,LONG,43628.7,43327.62857142857,0.052373159763178925,43327.62857142857,44230.84285714285,15.768062028699898,-15.76806203,4.55417769,-20.32223972,LOSS,STOP_LOSS,2026-07-26T11:15:49.554869+00:00,2026-07-26T11:15:49.566092+00:00,3133.29016602
ETHUSDT,SHORT,2237.68,2256.5939285714285,0.8283023154568607,2256.5939285714285,2199.852142857143,15.666450830099897,-15.66645083,3.7226175,-19.38906833,LOSS,STOP_LOSS,2026-07-26T11:15:49.587219+00:00,2026-07-26T11:15:49.598242+00:00,3113.90109769
SOLUSDT,LONG,81.622,80.00253571428571,9.613985084939808,80.00253571428571,84.86092857142859,15.569505488449897,-15.56950549,1.55385588,-17.12336136,LOSS,STOP_LOSS,2026-07-26T11:15:49.621136+00:00,2026-07-26T11:15:49.631420+00:00,3096.77773633
BTCUSDT,SHORT,43406.3,43588.81785714286,0.0848349247796104,43588.81785714286,43041.26428571429,15.483888681649896,-15.48388868,7.38022428,-22.86411296,LOSS,STOP_LOSS,2026-07-26T11:15:49.654267+00:00,2026-07-26T11:15:49.663333+00:00,3073.91362337
ETHUSDT,LONG,2257.38,2241.799285714286,0.9864482356204943,2241.799285714286,2288.5414285714287,15.369568116849896,-15.36956812,4.43820747,-19.80777558,LOSS,STOP_LOSS,2026-07-26T11:15:49.686943+00:00,2026-07-26T11:15:49.695443+00:00,3054.10584779
SOLUSDT,SHORT,80.742,82.63950000000001,8.04770974384709,82.63950000000001,76.94699999999999,15.270529238949896,-15.27052924,1.31484689,-16.58537613,LOSS,STOP_LOSS,2026-07-26T11:15:49.718556+00:00,2026-07-26T11:15:49.729202+00:00,3037.52047166
BTCUSDT,LONG,43572.0,43894.92857142857,0.09406168237832273,43410.53571428572,43894.92857142857,15.187602358299896,30.37520472,8.22728645,22.14791826,WIN,TAKE_PROFIT,2026-07-26T11:15:49.754068+00:00,2026-07-26T11:15:49.764273+00:00,3059.66838992
ETHUSDT,SHORT,2244.72,2259.7339285714284,1.0189433016693912,2259.7339285714284,2214.6921428571427,15.298341949599896,-15.29834195,4.58978316,-19.88812511,LOSS,STOP_LOSS,2026-07-26T11:15:49.787359+00:00,2026-07-26T11:15:49.796277+00:00,3039.78026481
SOLUSDT,LONG,83.273,81.88378571428571,10.94064571631951,81.88378571428571,86.05142857142857,15.198901324049896,-15.19890132,1.80692188,-17.0058232,LOSS,STOP_LOSS,2026-07-26T11:15:49.817962+00:00,2026-07-26T11:15:49.826264+00:00,3022.77444161
BTCUSDT,SHORT,43782.0,43902.86785714286,0.12504459469473433,43902.86785714286,43540.26428571428,15.113872208049894,-15.11387221,10.96451876,-26.07839097,LOSS,STOP_LOSS,2026-07-26T11:15:49.850097+00:00,2026-07-26T11:15:49.867131+00:00,2996.69605064
ETHUSDT,LONG,2257.71,2245.4035714285715,1.217532785099532,2245.4035714285715,2282.322857142857,14.983480253199895,-14.98348025,5.48268841,-20.46616866,LOSS,STOP_LOSS,2026-07-26T11:15:49.888932+00:00,2026-07-26T11:15:49.897106+00:00,2976.22988198
SOLUSDT,SHORT,81.826,83.25614285714285,10.4053586923683,83.25614285714285,78.96571428571427,14.881149409899894,-14.88114941,1.71773891,-16.59888832,LOSS,STOP_LOSS,2026-07-26T11:15:49.918301+00:00,2026-07-26T11:15:49.926748+00:00,2959.63099366
BTCUSDT,LONG,43859.2,43743.33571428571,0.12771972724012234,43743.33571428571,44090.928571428565,14.798154968299896,-14.79815497,11.18857197,-25.98672694,LOSS,STOP_LOSS,2026-07-26T11:15:49.949029+00:00,2026-07-26T11:15:49.957738+00:00,2933.64426672
ETHUSDT,SHORT,2234.64,2248.6789285714285,1.044824842506291,2248.6789285714285,2206.5621428571426,14.668221333599895,-14.66822133,4.68428299,-19.35250433,LOSS,STOP_LOSS,2026-07-26T11:15:49.978907+00:00,2026-07-26T11:15:49.987205+00:00,2914.29176239
SOLUSDT,LONG,83.019,86.13557142857144,9.35095449978447,81.46071428571429,86.13557142857144,14.571458811949894,29.14291762,1.5817567,27.56116092,WIN,TAKE_PROFIT,2026-07-26T11:15:50.008314+00:00,2026-07-26T11:15:50.017013+00:00,2941.85292331
BTCUSDT,SHORT,43700.1,43470.12857142857,0.12792253983830235,43815.08571428571,43470.12857142857,14.709264616549895,29.41852923,11.15103704,18.2674922,WIN,TAKE_PROFIT,2026-07-26T11:15:50.038099+00:00,2026-07-26T11:15:50.046832+00:00,2960.12041551
ETHUSDT,LONG,2250.98,2276.6364285714285,1.153753885607613,2238.151785714286,2276.6364285714285,14.800602077549895,29.60120416,5.22375505,24.37744911,WIN,TAKE_PROFIT,2026-07-26T11:15:50.067925+00:00,2026-07-26T11:15:50.076731+00:00,2984.49786462
SOLUSDT,SHORT,85.923,87.25992857142857,11.161770076582698,87.25992857142857,83.24914285714286,14.922489323099894,-14.92248932,1.93302803,-16.85551735,LOSS,STOP_LOSS,2026-07-26T11:15:50.097763+00:00,2026-07-26T11:15:50.105957+00:00,2967.64234727
BTCUSDT,LONG,43550.1,43819.392857142855,0.11020130198609998,43415.45357142857,43819.392857142855,14.838211736349894,29.67642347,9.62823187,20.04819161,WIN,TAKE_PROFIT,2026-07-26T11:15:50.130796+00:00,2026-07-26T11:15:50.140373+00:00,2987.69053888
ETHUSDT,SHORT,2273.78,2286.127142857143,1.2098712120883937,2286.127142857143,2249.085714285715,14.938452694399894,-14.93845269,5.51690038,-20.45535308,LOSS,STOP_LOSS,2026-07-26T11:15:50.163074+00:00,2026-07-26T11:15:50.171778+00:00,2967.2351858
SOLUSDT,LONG,87.217,85.89046428571429,11.184151145895513,85.89046428571429,89.87007142857142,14.836175928999895,-14.83617593,1.93606005,-16.77223597,LOSS,STOP_LOSS,2026-07-26T11:15:50.196016+00:00,2026-07-26T11:15:50.204719+00:00,2950.46294983
BTCUSDT,SHORT,43900.0,43654.9,0.12037792532966096,44022.55,43654.9,14.752314749149894,29.5046295,10.53967721,18.96495228,WIN,TAKE_PROFIT,2026-07-26T11:15:50.228784+00:00,2026-07-26T11:15:50.237311+00:00,2969.42790211
ETHUSDT,LONG,2283.0,2267.845714285714,0.9797320566916435,2267.845714285714,2313.308571428571,14.847139510549894,-14.84713951,4.45860943,-19.30574894,LOSS,STOP_LOSS,2026-07-26T11:15:50.260212+00:00,2026-07-26T11:15:50.269526+00:00,2950.12215317
SOLUSDT,SHORT,85.717,87.05339285714285,11.037630654047318,87.05339285714285,83.04421428571428,14.750610765849894,-14.75061077,1.90697578,-16.65758655,LOSS,STOP_LOSS,2026-07-26T11:15:50.293747+00:00,2026-07-26T11:15:50.302745+00:00,2933.46456662
BTCUSDT,LONG,43643.6,43510.603571428575,0.1102835842334121,43510.603571428575,43909.59285714285,14.667322833099895,-14.66732283,9.61167795,-24.27900078,LOSS,STOP_LOSS,2026-07-26T11:15:50.324947+00:00,2026-07-26T11:15:50.334301+00:00,2909.18556584
ETHUSDT,SHORT,2265.94,2282.989642857143,0.8531514678095434,2282.989642857143,2231.8407142857145,14.545927829199895,-14.54592783,3.880926,-18.42685383,LOSS,STOP_LOSS,2026-07-26T11:15:50.372629+00:00,2026-07-26T11:15:50.381701+00:00,2890.75871201
SOLUSDT,LONG,86.733,89.31128571428572,11.211940926457135,85.44385714285714,89.31128571428572,14.453793560049895,28.90758712,1.97379813,26.93378899,WIN,TAKE_PROFIT,2026-07-26T11:15:50.404321+00:00,2026-07-26T11:15:50.413819+00:00,2917.692501
BTCUSDT,SHORT,43504.6,43302.97857142857,0.14471142882346227,43605.41071428572,43302.97857142857,14.588462504999896,29.17692501,12.56204873,16.61487628,WIN,TAKE_PROFIT,2026-07-26T11:15:50.436522+00:00,2026-07-26T11:15:50.445136+00:00,2934.30737728
ETHUSDT,LONG,2278.88,2319.7507142857144,0.7179486408696377,2258.444642857143,2319.7507142857144,14.671536886399895,29.34307377,3.30158067,26.0414931,WIN,TAKE_PROFIT,2026-07-26T11:15:50.468275+00:00,2026-07-26T11:15:50.477062+00:00,2960.34887038
SOLUSDT,SHORT,88.62,90.25414285714287,9.057803170145906,90.25414285714287,85.35171428571428,14.801744351899895,-14.80174435,1.62020678,-16.42195113,LOSS,STOP_LOSS,2026-07-26T11:15:50.502378+00:00,2026-07-26T11:15:50.512455+00:00,2943.92691925
BTCUSDT,LONG,43058.8,42865.02142857143,0.07596110595580237,42865.02142857143,43446.35714285715,14.719634596249897,-14.7196346,6.5268685,-21.2465031,LOSS,STOP_LOSS,2026-07-26T11:15:50.535582+00:00,2026-07-26T11:15:50.544955+00:00,2922.68041615
ETHUSDT,SHORT,2320.24,2255.1914285714283,0.44930739476105447,2352.7642857142855,2255.1914285714283,14.613402080749895,29.22680416,2.05577518,27.17102899,WIN,TAKE_PROFIT,2026-07-26T11:15:50.568127+00:00,2026-07-26T11:15:50.586308+00:00,2949.85144514
SOLUSDT,LONG,92.248,96.58278571428572,6.805068669065805,90.08060714285715,96.58278571428572,14.749257225699896,29.49851445,1.28500646,28.21350799,WIN,TAKE_PROFIT,2026-07-26T11:15:50.608946+00:00,2026-07-26T11:15:50.618798+00:00,2978.06495313
BTCUSDT,SHORT,43090.1,43341.5,0.059229613228519475,43341.5,42587.299999999996,14.890324765649895,-14.89032477,5.11931024,-20.009635,LOSS,STOP_LOSS,2026-07-26T11:15:50.641158+00:00,2026-07-26T11:15:50.651366+00:00,2958.05531813
ETHUSDT,LONG,2262.0,2248.5375,1.098627787606309,2248.5375,2288.9249999999997,14.790276590649896,-14.79027659,4.95540183,-19.74567843,LOSS,STOP_LOSS,2026-07-26T11:15:50.674137+00:00,2026-07-26T11:15:50.682384+00:00,2938.3096397
SOLUSDT,SHORT,96.093,98.06035714285714,7.467656928402814,98.06035714285714,92.15828571428573,14.691548198499895,-14.6915482,1.44987066,-16.14141886,LOSS,STOP_LOSS,2026-07-26T11:15:50.704443+00:00,2026-07-26T11:15:50.712624+00:00,2922.16822084
BTCUSDT,LONG,43360.3,43272.61428571429,0.1666273830716831,43272.61428571429,43535.67142857143,14.610841104199894,-14.6108411,14.4354158,-29.0462569,LOSS,STOP_LOSS,2026-07-26T11:15:50.735009+00:00,2026-07-26T11:15:50.743809+00:00,2893.12196394
ETHUSDT,SHORT,2260.98,2276.705357142857,0.919890701895479,2276.705357142857,2229.529285714286,14.465609819699894,-14.46560982,4.17417457,-18.63978439,LOSS,STOP_LOSS,2026-07-26T11:15:50.766546+00:00,2026-07-26T11:15:50.777209+00:00,2874.48217955
SOLUSDT,LONG,97.856,95.68614285714285,6.623666882892187,95.68614285714285,102.19571428571427,14.372410897749894,-14.3724109,1.28195868,-15.65436958,LOSS,STOP_LOSS,2026-07-26T11:15:50.801814+00:00,2026-07-26T11:15:50.811061+00:00,2858.82780997
ETHUSDT,LONG,2273.98,2256.2125,0.8045104291459113,2256.2125,2309.515,14.294139049849894,-14.29413905,3.64458711,-17.93872616,LOSS,STOP_LOSS,2026-07-26T11:15:50.837916+00:00,2026-07-26T11:15:50.851255+00:00,2840.88908381
SOLUSDT,SHORT,95.213,91.40064285714284,7.451791575017258,97.11917857142856,91.40064285714284,14.204445419049893,28.40889084,1.39060597,27.01828487,WIN,TAKE_PROFIT,2026-07-26T11:15:50.877156+00:00,2026-07-26T11:15:50.886100+00:00,2867.90736868
ETHUSDT,SHORT,2254.4,2236.929285714286,1.6415512965174395,2263.135357142857,2236.929285714286,14.339536843399895,28.67907369,7.37274741,21.30632627,WIN,TAKE_PROFIT,2026-07-26T11:15:50.914697+00:00,2026-07-26T11:15:50.922947+00:00,2889.21369495
SOLUSDT,LONG,90.96,95.92842857142857,5.815145882472141,88.4757857142857,95.92842857142857,14.446068474749895,28.89213695,1.08678348,27.80535347,WIN,TAKE_PROFIT,2026-07-26T11:15:50.945538+00:00,2026-07-26T11:15:50.954816+00:00,2917.01904842
BTCUSDT,SHORT,43144.3,43242.732142857145,0.1481741108010542,43242.732142857145,42947.43571428571,14.585095242099896,-14.58509524,12.80032167,-27.38541691,LOSS,STOP_LOSS,2026-07-26T11:15:50.977285+00:00,2026-07-26T11:15:50.986079+00:00,2889.63363151
ETHUSDT,LONG,2236.96,2224.5882142857145,1.1678320730100151,2224.5882142857145,2261.703571428571,14.448168157549896,-14.44816816,5.2103391,-19.65850726,LOSS,STOP_LOSS,2026-07-26T11:15:51.009090+00:00,2026-07-26T11:15:51.017300+00:00,2869.97512425
SOLUSDT,SHORT,96.335,98.11625,8.056070524210469,98.11625,92.7725,14.349875621249897,-14.34987562,1.56651298,-15.9163886,LOSS,STOP_LOSS,2026-07-26T11:15:51.039465+00:00,2026-07-26T11:15:51.048859+00:00,2854.05873565
BTCUSDT,LONG,43226.8,43112.40357142857,0.1247442237179559,43112.40357142857,43455.59285714287,14.270293678249896,-14.27029368,10.77031693,-25.0406106,LOSS,STOP_LOSS,2026-07-26T11:15:51.072804+00:00,2026-07-26T11:15:51.081200+00:00,2829.01812505
ETHUSDT,SHORT,2231.64,2245.9789285714282,0.9864816994370966,2245.9789285714282,2202.962142857143,14.145090625249896,-14.14509063,4.41708913,-18.56217976,LOSS,STOP_LOSS,2026-07-26T11:15:51.104112+00:00,2026-07-26T11:15:51.113325+00:00,2810.45594529
SOLUSDT,LONG,98.275,96.99775000000001,11.001980603992866,96.99775000000001,100.82950000000001,14.052279726449894,-14.05227973,2.14838701,-16.20066673,LOSS,STOP_LOSS,2026-07-26T11:15:51.135770+00:00,2026-07-26T11:15:51.144886+00:00,2794.25527856
BTCUSDT,SHORT,43112.3,43233.542857142864,0.11523381023871436,43233.542857142864,42869.81428571428,13.971276392799894,-13.97127639,9.94996047,-23.92123686,LOSS,STOP_LOSS,2026-07-26T11:15:51.168092+00:00,2026-07-26T11:15:51.176669+00:00,2770.3340417
ETHUSDT,LONG,2245.28,2234.3825,1.2710869656801973,2234.3825,2267.0750000000003,13.851670208499893,-13.85167021,5.69404061,-19.54571082,LOSS,STOP_LOSS,2026-07-26T11:15:51.198891+00:00,2026-07-26T11:15:51.207714+00:00,2750.78833088
SOLUSDT,SHORT,96.501,93.91671428571429,10.644288731984425,97.79314285714287,93.91671428571429,13.753941654399894,27.50788331,2.02686113,25.48102218,WIN,TAKE_PROFIT,2026-07-26T11:15:51.230872+00:00,2026-07-26T11:15:51.239387+00:00,2776.26935306
BTCUSDT,LONG,43252.7,43122.87499999999,0.10692352601809879,43122.87499999999,43512.35,13.881346765299893,-13.88134677,9.23558104,-23.11692781,LOSS,STOP_LOSS,2026-07-26T11:15:51.262712+00:00,2026-07-26T11:15:51.271410+00:00,2753.15242525
ETHUSDT,SHORT,2236.45,2246.1324999999997,1.421715685644187,2246.1324999999997,2217.0849999999996,13.765762126249893,-13.76576213,6.37295785,-20.13871998,LOSS,STOP_LOSS,2026-07-26T11:15:51.294328+00:00,2026-07-26T11:15:51.302570+00:00,2733.01370527
SOLUSDT,LONG,94.02,97.26214285714285,8.429652318523841,92.39892857142857,97.26214285714285,13.665068526349891,27.33013705,1.61244196,25.71769509,WIN,TAKE_PROFIT,2026-07-26T11:15:51.325215+00:00,2026-07-26T11:15:51.335614+00:00,2758.73140036
BTCUSDT,SHORT,43126.0,43253.00714285715,0.10860536416691877,43253.00714285715,42871.985714285714,13.793657001799891,-13.793657,9.38122353,-23.17488053,LOSS,STOP_LOSS,2026-07-26T11:15:51.358742+00:00,2026-07-26T11:15:51.367010+00:00,2735.55651983
ETHUSDT,LONG,2241.55,2230.6707142857144,1.2572316747954677,2230.6707142857144,2263.3085714285717,13.677782599149891,-13.6777826,5.62261754,-19.30040014,LOSS,STOP_LOSS,2026-07-26T11:15:51.389905+00:00,2026-07-26T11:15:51.398214+00:00,2716.25611969
SOLUSDT,SHORT,96.77,97.7045,14.533205562814281,97.7045,94.90100000000001,13.581280598449892,-13.5812806,2.82633789,-16.40761848,LOSS,STOP_LOSS,2026-07-26T11:15:51.421617+00:00,2026-07-26T11:15:51.430885+00:00,2699.84850121
BTCUSDT,LONG,43700.1,43518.55714285714,0.07435843369715893,43518.55714285714,44063.18571428571,13.49924250604989,-13.49924251,6.48544273,-19.98468524,LOSS,STOP_LOSS,2026-07-26T11:15:51.453766+00:00,2026-07-26T11:15:51.463220+00:00,2679.86381597
ETHUSDT,SHORT,2230.64,2206.085,1.0913719470453978,2242.9175,2206.085,13.39931907984989,26.79863816,4.8421172,21.95652096,WIN,TAKE_PROFIT,2026-07-26T11:15:51.487164+00:00,2026-07-26T11:15:51.496995+00:00,2701.82033693
SOLUSDT,LONG,97.528,99.65050000000001,12.729424437832604,96.46675,99.65050000000001,13.50910168464989,27.01820337,2.50996882,24.50823455,WIN,TAKE_PROFIT,2026-07-26T11:15:51.520022+00:00,2026-07-26T11:15:51.528623+00:00,2726.32857148
BTCUSDT,SHORT,43560.3,43762.09285714286,0.06755265300470721,43762.09285714286,43156.71428571429,13.631642857399891,-13.63164286,5.8988593,-19.53050216,LOSS,STOP_LOSS,2026-07-26T11:15:51.551818+00:00,2026-07-26T11:15:51.561576+00:00,2706.79806932
ETHUSDT,LONG,2199.6,2239.195714285714,0.6836088496316277,2179.802142857143,2239.195714285714,13.53399034659989,27.06798069,3.03440003,24.03358066,WIN,TAKE_PROFIT,2026-07-26T11:15:51.584028+00:00,2026-07-26T11:15:51.594614+00:00,2730.83164998
SOLUSDT,SHORT,100.89,102.29453571428571,9.721474584819484,102.29453571428571,98.08092857142856,13.65415824989989,-13.65415825,1.9752533,-15.62941155,LOSS,STOP_LOSS,2026-07-26T11:15:51.617905+00:00,2026-07-26T11:15:51.626238+00:00,2715.20223843
BTCUSDT,LONG,43663.6,43500.421428571426,0.08319726710006498,43500.421428571426,43989.95714285714,13.57601119214989,-13.57601119,7.25180837,-20.82781956,LOSS,STOP_LOSS,2026-07-26T11:15:51.651073+00:00,2026-07-26T11:15:51.660371+00:00,2694.37441887
ETHUSDT,SHORT,2242.09,2251.326785714286,1.4585021793364836,2251.326785714286,2223.6164285714285,13.471872094349889,-13.47187209,6.55365817,-20.02553027,LOSS,STOP_LOSS,2026-07-26T11:15:51.683583+00:00,2026-07-26T11:15:51.692571+00:00,2674.3488886
SOLUSDT,LONG,102.985,101.30103571428572,7.940634226294166,101.30103571428572,106.35292857142858,13.371744442999889,-13.37174444,1.62216069,-14.99390513,LOSS,STOP_LOSS,2026-07-26T11:15:51.721279+00:00,2026-07-26T11:15:51.729650+00:00,2659.35498347
BTCUSDT,SHORT,43491.2,43213.85,0.09588444144474496,43629.87499999999,43213.85,13.29677491734989,26.59354983,8.31366529,18.27988455,WIN,TAKE_PROFIT,2026-07-26T11:15:51.752823+00:00,2026-07-26T11:15:51.762608+00:00,2677.63486802
ETHUSDT,LONG,2253.8,2273.362142857143,1.3687840271763803,2244.0189285714287,2273.362142857143,13.38817434009989,26.77634868,6.19670723,20.57964145,WIN,TAKE_PROFIT,2026-07-26T11:15:51.785251+00:00,2026-07-26T11:15:51.793824+00:00,2698.21450947
SOLUSDT,SHORT,102.688,104.63457142857143,6.930684561239472,104.63457142857143,98.79485714285714,13.49107254734989,-13.49107255,1.43688734,-14.92795989,LOSS,STOP_LOSS,2026-07-26T11:15:51.817044+00:00,2026-07-26T11:15:51.825785+00:00,2683.28654958
BTCUSDT,LONG,43265.1,43119.68571428571,0.09226351236398263,43119.68571428571,43555.92857142857,13.416432747899892,-13.41643275,7.97016374,-21.38659649,LOSS,STOP_LOSS,2026-07-26T11:15:51.851311+00:00,2026-07-26T11:15:51.861886+00:00,2661.89995309
ETHUSDT,SHORT,2272.26,2283.632142857143,1.1703598813912262,2283.632142857143,2249.5157142857142,13.30949976544989,-13.30949977,5.33203339,-18.64153315,LOSS,STOP_LOSS,2026-07-26T11:15:51.890179+00:00,2026-07-26T11:15:51.899696+00:00,2643.25841994
SOLUSDT,LONG,108.001,112.66750000000002,5.664327482995766,105.66775,112.66750000000002,13.21629209969989,26.4325842,1.24993865,25.18264555,WIN,TAKE_PROFIT,2026-07-26T11:15:51.922929+00:00,2026-07-26T11:15:51.933109+00:00,2668.44106549
BTCUSDT,SHORT,43121.4,42792.985714285714,0.08125228352007306,43285.607142857145,42792.985714285714,13.34220532744989,26.68441065,6.98074003,19.70367063,WIN,TAKE_PROFIT,2026-07-26T11:15:51.955964+00:00,2026-07-26T11:15:51.964890+00:00,2688.14473612
ETHUSDT,LONG,2285.84,2312.439285714286,1.010607865562435,2272.5403571428574,2312.439285714286,13.44072368059989,26.88144736,4.64705721,22.23439015,WIN,TAKE_PROFIT,2026-07-26T11:15:51.989855+00:00,2026-07-26T11:15:51.998732+00:00,2710.37912627
SOLUSDT,SHORT,111.965,115.15185714285714,4.252432733523815,115.15185714285714,105.59128571428572,13.55189563134989,-13.55189563,0.96579916,-14.51769479,LOSS,STOP_LOSS,2026-07-26T11:15:52.038967+00:00,2026-07-26T11:15:52.049016+00:00,2695.86143148
BTCUSDT,LONG,42783.5,42572.65357142857,0.06392950190680316,42572.65357142857,43205.19285714286,13.479307157399889,-13.47930716,5.45677638,-18.93608354,LOSS,STOP_LOSS,2026-07-26T11:15:52.074023+00:00,2026-07-26T11:15:52.082684+00:00,2676.92534794
ETHUSDT,SHORT,2304.52,2321.9585714285713,0.767530000638149,2321.9585714285713,2269.642857142857,13.38462673969989,-13.38462674,3.5509611,-16.93558784,LOSS,STOP_LOSS,2026-07-26T11:15:52.107224+00:00,2026-07-26T11:15:52.115558+00:00,2659.9897601
SOLUSDT,LONG,116.333,113.18942857142858,4.230840336446229,113.18942857142858,122.62014285714285,13.29994880049989,-13.2999488,0.97107275,-14.27102155,LOSS,STOP_LOSS,2026-07-26T11:15:52.140309+00:00,2026-07-26T11:15:52.148979+00:00,2645.71873855
BTCUSDT,SHORT,42711.9,42235.07142857143,0.05548574261444589,42950.31428571429,42235.07142857143,13.22859369274989,26.45718739,4.71334579,21.74384159,WIN,TAKE_PROFIT,2026-07-26T11:15:52.175088+00:00,2026-07-26T11:15:52.183907+00:00,2667.46258014
ETHUSDT,LONG,2319.32,2356.267142857143,0.7219672142048404,2300.8464285714285,2356.267142857143,13.33731290069989,26.6746258,3.37562062,23.29900518,WIN,TAKE_PROFIT,2026-07-26T11:15:52.206536+00:00,2026-07-26T11:15:52.215075+00:00,2690.76158532
SOLUSDT,SHORT,112.815,115.91646428571428,4.337889037952084,115.91646428571428,106.61207142857143,13.453807926599891,-13.45380793,0.99221171,-14.44601964,LOSS,STOP_LOSS,2026-07-26T11:15:52.239976+00:00,2026-07-26T11:15:52.250087+00:00,2676.31556568
BTCUSDT,LONG,42449.0,42861.15714285714,0.06493434875657657,42242.921428571426,42861.15714285714,13.381577828399891,26.76315566,5.5395595,21.22359616,WIN,TAKE_PROFIT,2026-07-26T11:15:52.275034+00:00,2026-07-26T11:15:52.284277+00:00,2697.53916184
ETHUSDT,SHORT,2355.39,2377.995,0.5966686931740729,2377.995,2310.18,13.48769580919989,-13.48769581,2.82426264,-16.31195845,LOSS,STOP_LOSS,2026-07-26T11:15:52.309030+00:00,2026-07-26T11:15:52.317421+00:00,2681.22720339
SOLUSDT,LONG,115.62,113.64450000000001,6.7861989455580405,113.64450000000001,119.571,13.40613601694989,-13.40613602,1.55583451,-14.96197053,LOSS,STOP_LOSS,2026-07-26T11:15:52.342418+00:00,2026-07-26T11:15:52.350883+00:00,2666.26523286
BTCUSDT,SHORT,42811.2,42520.2,0.09162423480618481,42956.7,42520.2,13.33132616429989,26.66265233,7.81842423,18.8442281,WIN,TAKE_PROFIT,2026-07-26T11:15:52.375743+00:00,2026-07-26T11:15:52.384009+00:00,2685.10946096
ETHUSDT,LONG,2375.83,2350.5625,0.5313365906718074,2350.5625,2426.365,13.425547304799888,-13.4255473,2.51130528,-15.93685258,LOSS,STOP_LOSS,2026-07-26T11:15:52.407085+00:00,2026-07-26T11:15:52.415449+00:00,2669.17260838
SOLUSDT,SHORT,113.275,115.51835714285714,5.949058572502903,115.51835714285714,108.78828571428572,13.345863041899888,-13.34586304,1.36110508,-14.70696812,LOSS,STOP_LOSS,2026-07-26T11:15:52.438251+00:00,2026-07-26T11:15:52.446993+00:00,2654.46564026
BTCUSDT,LONG,42538.6,42379.010714285716,0.08316553421425506,42379.010714285716,42857.77857142857,13.272328201299889,-13.2723282,7.06221846,-20.33454666,LOSS,STOP_LOSS,2026-07-26T11:15:52.472565+00:00,2026-07-26T11:15:52.486799+00:00,2634.1310936
ETHUSDT,SHORT,2352.19,2377.6867857142856,0.5165614056449663,2377.6867857142856,2301.196428571429,13.170655467999888,-13.17065547,2.4432718,-15.61392727,LOSS,STOP_LOSS,2026-07-26T11:15:52.509994+00:00,2026-07-26T11:15:52.522029+00:00,2618.51716633
SOLUSDT,LONG,115.609,113.36317857142856,5.829753721772131,113.36317857142856,120.10064285714284,13.092585831649888,-13.09258583,1.33485141,-14.42743724,LOSS,STOP_LOSS,2026-07-26T11:15:52.550294+00:00,2026-07-26T11:15:52.559001+00:00,2604.08972909
BTCUSDT,SHORT,42423.1,42008.22142857143,0.06276751580885924,42630.53928571429,42008.22142857143,13.020448645449887,26.04089729,5.2995443,20.74135299,WIN,TAKE_PROFIT,2026-07-26T11:15:52.585240+00:00,2026-07-26T11:15:52.593953+00:00,2624.83108208
ETHUSDT,LONG,2386.47,2416.3971428571426,0.877073730228638,2371.5064285714284,2416.3971428571426,13.124155410399887,26.24831082,4.2124686,22.03584222,WIN,TAKE_PROFIT,2026-07-26T11:15:52.619214+00:00,2026-07-26T11:15:52.628358+00:00,2646.8669243
SOLUSDT,SHORT,112.604,108.23257142857143,6.054924336633937,114.78971428571428,108.23257142857143,13.234334621499888,26.46866924,1.33714873,25.13152051,WIN,TAKE_PROFIT,2026-07-26T11:15:52.651741+00:00,2026-07-26T11:15:52.660877+00:00,2671.99844481
BTCUSDT,LONG,42015.7,42676.79285714286,0.040417899179215816,41685.15357142857,42676.79285714286,13.359992224049888,26.71998445,3.42309264,23.29689181,WIN,TAKE_PROFIT,2026-07-26T11:15:52.686071+00:00,2026-07-26T11:15:52.697064+00:00,2695.29533662
ETHUSDT,SHORT,2430.35,2383.8714285714286,0.5799006410431804,2453.589285714286,2383.8714285714286,13.476476683099888,26.95295337,2.79177009,24.16118327,WIN,TAKE_PROFIT,2026-07-26T11:15:52.723231+00:00,2026-07-26T11:15:52.732749+00:00,2719.45651989
SOLUSDT,LONG,108.793,114.12892857142857,5.0965009810127695,106.12503571428572,114.12892857142857,13.597282599449889,27.1945652,1.13612183,26.05844337,WIN,TAKE_PROFIT,2026-07-26T11:15:52.759971+00:00,2026-07-26T11:15:52.769137+00:00,2745.51496326
BTCUSDT,SHORT,42765.1,42897.239285714284,0.10388715772220579,42897.239285714284,42500.82142857142,13.727574816299889,-13.72757482,8.89921695,-22.62679177,LOSS,STOP_LOSS,2026-07-26T11:15:52.792367+00:00,2026-07-26T11:15:52.800866+00:00,2722.88817149
ETHUSDT,LONG,2386.16,2369.0439285714283,0.7954185581817335,2369.0439285714283,2420.392142857143,13.614440857449887,-13.61444086,3.78237745,-17.39681831,LOSS,STOP_LOSS,2026-07-26T11:15:52.825938+00:00,2026-07-26T11:15:52.835891+00:00,2705.49135318
SOLUSDT,SHORT,114.026,111.20642857142856,9.59539923608442,115.43578571428571,111.20642857142856,13.527456765899888,27.05491353,2.16119507,24.89371846,WIN,TAKE_PROFIT,2026-07-26T11:15:52.859034+00:00,2026-07-26T11:15:52.867800+00:00,2730.38507164
BTCUSDT,LONG,43100.4,42934.28571428572,0.08218393318489738,42934.28571428572,43432.62857142858,13.651925358199888,-13.65192536,7.07066886,-20.72259422,LOSS,STOP_LOSS,2026-07-26T11:15:52.891832+00:00,2026-07-26T11:15:52.900263+00:00,2709.66247742
ETHUSDT,SHORT,2374.97,2394.242857142857,0.7029737358957744,2394.242857142857,2336.4242857142854,13.54831238709989,-13.54831239,3.35263138,-16.90094377,LOSS,STOP_LOSS,2026-07-26T11:15:52.924870+00:00,2026-07-26T11:15:52.935258+00:00,2692.76153365
SOLUSDT,LONG,110.947,113.773,9.528526304493914,109.534,113.773,13.463807668249888,26.92761534,2.14125043,24.78636491,WIN,TAKE_PROFIT,2026-07-26T11:15:52.959456+00:00,2026-07-26T11:15:52.971558+00:00,2717.54789856
BTCUSDT,SHORT,43059.3,43277.946428571435,0.06214480420091057,43277.946428571435,42622.00714285715,13.587739492799887,-13.58773949,5.36541127,-18.95315077,LOSS,STOP_LOSS,2026-07-26T11:15:52.995358+00:00,2026-07-26T11:15:53.005108+00:00,2698.59474779
ETHUSDT,LONG,2394.89,2377.8489285714286,0.7917913961869382,2377.8489285714286,2428.972142857143,13.492973738949889,-13.49297374,3.77901362,-17.27198736,LOSS,STOP_LOSS,2026-07-26T11:15:53.029324+00:00,2026-07-26T11:15:53.038470+00:00,2681.32276043
SOLUSDT,SHORT,114.172,115.83078571428571,8.082185472596088,115.83078571428571,110.85442857142857,13.406613802149888,-13.4066138,1.85892517,-15.26553898,LOSS,STOP_LOSS,2026-07-26T11:15:53.065571+00:00,2026-07-26T11:15:53.074816+00:00,2666.05722145
BTCUSDT,LONG,43351.7,43800.99285714285,0.059338962974038574,43127.05357142857,43800.99285714285,13.330286107249888,26.66057221,5.17155041,21.4890218,WIN,TAKE_PROFIT,2026-07-26T11:15:53.100594+00:00,2026-07-26T11:15:53.110093+00:00,2687.54624325
ETHUSDT,SHORT,2375.98,2392.8785714285714,0.795199243501138,2392.8785714285714,2342.1828571428573,13.437731216249889,-13.43773122,3.79219273,-17.22992394,LOSS,STOP_LOSS,2026-07-26T11:15:53.135339+00:00,2026-07-26T11:15:53.143797+00:00,2670.31631931
SOLUSDT,LONG,115.176,118.71321428571429,7.54920709806744,113.40739285714287,118.71321428571429,13.351581596549888,26.70316319,1.76567812,24.93748508,WIN,TAKE_PROFIT,2026-07-26T11:15:53.189274+00:00,2026-07-26T11:15:53.198211+00:00,2695.25380439
BTCUSDT,SHORT,43678.8,43211.31428571429,0.05765424957440939,43912.542857142864,43211.31428571429,13.476269021949888,26.95253804,5.00958433,21.94295371,WIN,TAKE_PROFIT,2026-07-26T11:15:53.224757+00:00,2026-07-26T11:15:53.234109+00:00,2717.1967581
ETHUSDT,LONG,2406.29,2385.029642857143,0.6390289541803108,2385.029642857143,2448.8107142857143,13.585983790499888,-13.58598379,3.06179198,-16.64777577,LOSS,STOP_LOSS,2026-07-26T11:15:53.257720+00:00,2026-07-26T11:15:53.265954+00:00,2700.54898233
SOLUSDT,SHORT,119.384,121.71435714285714,5.794281341397665,121.71435714285714,114.72328571428572,13.502744911649888,-13.50274491,1.39699171,-14.89973662,LOSS,STOP_LOSS,2026-07-26T11:15:53.289575+00:00,2026-07-26T11:15:53.297763+00:00,2685.64924571
BTCUSDT,LONG,43206.8,43020.90714285715,0.07223648307385117,43020.90714285715,43578.58571428572,13.428246228549888,-13.42824623,6.22878631,-19.65703254,LOSS,STOP_LOSS,2026-07-26T11:15:53.321231+00:00,2026-07-26T11:15:53.330086+00:00,2665.99221317
ETHUSDT,SHORT,2389.68,2341.4078571428568,0.5522837925508591,2413.8160714285714,2341.4078571428568,13.329961065849888,26.65992213,2.61290314,24.04701899,WIN,TAKE_PROFIT,2026-07-26T11:15:53.353874+00:00,2026-07-26T11:15:53.363703+00:00,2690.03923216
SOLUSDT,LONG,122.888,119.921,4.53326463120994,119.921,128.822,13.450196160799889,-13.45019616,1.10071745,-14.55091361,LOSS,STOP_LOSS,2026-07-26T11:15:53.387256+00:00,2026-07-26T11:15:53.396133+00:00,2675.48831855
BTCUSDT,SHORT,43128.7,42748.12857142856,0.07030187023216851,43318.985714285714,42748.12857142856,13.37744159274989,26.75488319,6.03730166,20.71758153,WIN,TAKE_PROFIT,2026-07-26T11:15:53.419663+00:00,2026-07-26T11:15:53.429316+00:00,2696.20590008
ETHUSDT,LONG,2347.04,2330.5507142857145,0.8175629759826704,2330.5507142857145,2380.0185714285712,13.481029500399892,-13.4810295,3.82422498,-17.30525449,LOSS,STOP_LOSS,2026-07-26T11:15:53.459364+00:00,2026-07-26T11:15:53.468375+00:00,2678.90064559
SOLUSDT,SHORT,120.437,115.45764285714286,5.380013059382267,122.92667857142857,115.45764285714286,13.39450322794989,26.78900646,1.26911626,25.5198902,WIN,TAKE_PROFIT,2026-07-26T11:15:53.492890+00:00,2026-07-26T11:15:53.503084+00:00,2704.42053579
BTCUSDT,LONG,42724.5,42547.607142857145,0.07644233293167682,42547.607142857145,43078.28571428572,13.52210267894989,-13.52210268,6.5183988,-20.04050148,LOSS,STOP_LOSS,2026-07-26T11:15:53.527721+00:00,2026-07-26T11:15:53.537910+00:00,2684.38003431
ETHUSDT,SHORT,2344.79,2365.1675,0.6586627491865957,2365.1675,2304.035,13.421900171549892,-13.42190017,3.10227356,-16.52417373,LOSS,STOP_LOSS,2026-07-26T11:15:53.565663+00:00,2026-07-26T11:15:53.576865+00:00,2667.85586058
SOLUSDT,LONG,114.989,112.56360714285715,5.499842742430487,112.56360714285715,119.83978571428572,13.339279302899893,-13.3392793,1.25150355,-14.59078286,LOSS,STOP_LOSS,2026-07-26T11:15:53.603850+00:00,2026-07-26T11:15:53.613018+00:00,2653.26507772
BTCUSDT,SHORT,42709.0,42183.57142857143,0.05049716026111962,42971.71428571429,42183.57142857143,13.266325388599892,26.53265078,4.28683378,22.24581699,WIN,TAKE_PROFIT,2026-07-26T11:15:53.639997+00:00,2026-07-26T11:15:53.649990+00:00,2675.51089471
ETHUSDT,LONG,2360.59,2344.237857142857,0.8180918299467002,2344.237857142857,2393.294285714286,13.377554473549893,-13.37755447,3.84898123,-17.2265357,LOSS,STOP_LOSS,2026-07-26T11:15:53.675983+00:00,2026-07-26T11:15:53.686283+00:00,2658.28435901
SOLUSDT,SHORT,112.052,114.95889285714286,4.572381043350133,114.95889285714286,106.23821428571429,13.291421795049892,-13.2914218,1.0379803,-14.3294021,LOSS,STOP_LOSS,2026-07-26T11:15:53.711143+00:00,2026-07-26T11:15:53.719983+00:00,2643.95495691
BTCUSDT,LONG,42504.8,42262.80714285714,0.05462878095094229,42262.80714285714,42988.78571428572,13.219774784549891,-13.21977478,4.63075104,-17.85052583,LOSS,STOP_LOSS,2026-07-26T11:15:53.743838+00:00,2026-07-26T11:15:53.752542+00:00,2626.10443108
