symbol,side,entry_price,exit_price,quantity,stop,target,risk_usdt,gross_pnl,fee_usdt,pnl,result,close_reason,balance_after
BTCUSDT,SHORT,87961.2,87256.22969861775,0.1418499471593759,88313.68515069112,87256.22969861775,50.0,100.0,24.85458314,75.14541686,WIN,TAKE_PROFIT,10075.14541686
BTCUSDT,SHORT,86978.7,86245.72127522044,0.1374548138472932,87345.18936238978,86245.72127522044,50.375727084299996,100.75145417,23.81053058,76.94092359,WIN,TAKE_PROFIT,10152.08634045
BTCUSDT,SHORT,85301.1,84248.96975556185,0.09649077568216154,85827.16512221908,84248.96975556185,50.760431702249996,101.5208634,16.36001775,85.16084566,WIN,TAKE_PROFIT,10237.24718611
SOLUSDT,SHORT,117.92,119.38930274624073,34.837092669643674,119.38930274624073,114.98139450751856,51.18623593055,-51.18623593,8.26716617,-59.4534021,LOSS,STOP_LOSS,10177.79378401
ETHUSDT,SHORT,2838.8,2779.1224854338107,1.7054654266342857,2868.638757283095,2779.1224854338107,50.888968920050004,101.77793784,9.58117257,92.19676527,WIN,TAKE_PROFIT,10269.99054928
ETHUSDT,SHORT,2802.8,2739.266317873832,1.6164639299333217,2834.566841063084,2739.266317873832,51.34995274640001,102.69990549,8.9585503,93.74135519,WIN,TAKE_PROFIT,10363.73190447
BTCUSDT,SHORT,81988.5,82723.97338183702,0.07045619977832616,82723.97338183702,80517.55323632597,51.81865952235001,-51.81865952,11.60501493,-63.42367445,LOSS,STOP_LOSS,10300.30823002
BTCUSDT,SHORT,82983.6,83708.31539473559,0.0710645054930714,83708.31539473559,81534.16921052885,51.50154115010001,-51.50154115,11.84587854,-63.34741969,LOSS,STOP_LOSS,10236.96081033
ETHUSDT,SHORT,2736.37,2681.9893645294087,1.8824643591864842,2763.5603177352955,2681.9893645294087,51.184804051650005,102.3696081,10.19986839,92.16973971,WIN,TAKE_PROFIT,10329.13055004
BTCUSDT,SHORT,82468.3,83287.66531857589,0.06303128968158367,83287.66531857589,80829.56936284823,51.64565275020001,-51.64565275,10.44781227,-62.09346502,LOSS,STOP_LOSS,10267.03708502
BTCUSDT,LONG,83897.3,82968.14061816671,0.05524906321648746,82968.14061816671,85755.61876366659,51.33518542510001,-51.33518543,9.21915928,-60.5543447,LOSS,STOP_LOSS,10206.48274032
BTCUSDT,SHORT,82754.4,83094.46935715452,0.15006472246898309,83094.46935715452,82074.26128569094,51.03241370160001,-51.0324137,24.88806455,-75.92047825,LOSS,STOP_LOSS,10130.56226207
BTCUSDT,SHORT,83031.1,82287.38547957016,0.13621573848275687,83402.95726021493,82287.38547957016,50.65281131035001,101.30562262,22.51897958,78.78664304,WIN,TAKE_PROFIT,10209.34890511
BTCUSDT,SHORT,81568.6,82055.78095294164,0.10477984456766341,82055.78095294164,80594.23809411675,51.04674452555001,-51.04674453,17.1445372,-68.19128173,LOSS,STOP_LOSS,10141.15762338
BTCUSDT,SHORT,81078.5,79583.66722412923,0.0678414186996441,81825.91638793539,79583.66722412923,50.70578811690001,101.41157623,10.89954936,90.51202688,WIN,TAKE_PROFIT,10231.66965026
BTCUSDT,SHORT,78817.1,76826.24274468365,0.05139328609792351,79812.52862765818,76826.24274468365,51.15834825130001,102.3166965,7.99902284,94.31767366,WIN,TAKE_PROFIT,10325.98732392
BTCUSDT,SHORT,77518.8,78784.481457395,0.04079220432435161,78784.481457395,74987.43708521,51.62993661960001,-51.62993662,6.37595539,-58.00589201,LOSS,STOP_LOSS,10267.98143191
BTCUSDT,SHORT,78310.9,79146.59529282188,0.06143376371810209,79146.59529282188,76639.50941435622,51.33990715955001,-51.33990716,9.67320656,-61.01311372,LOSS,STOP_LOSS,10206.96831819
BTCUSDT,SHORT,78334.0,78821.10419132053,0.10477192046448124,78821.10419132053,77359.79161735895,51.03484159095001,-51.03484159,16.46544208,-67.50028367,LOSS,STOP_LOSS,10139.46803452
ETHUSDT,SHORT,2410.65,2355.771580690397,1.8476239224962068,2438.0892096548014,2355.771580690397,50.69734017260001,101.39468035,8.80655454,92.58812581,WIN,TAKE_PROFIT,10232.05616033
BTCUSDT,SHORT,77812.9,78278.40578730352,0.10990256662113632,78278.40578730352,76881.88842539294,51.16028080165,-51.1602808,17.15483513,-68.31511593,LOSS,STOP_LOSS,10163.7410444
BTCUSDT,SHORT,78179.4,77041.01042801738,0.08928174760683133,78748.5947859913,77041.01042801738,50.818705222000006,101.63741044,13.85834951,87.77906094,WIN,TAKE_PROFIT,10251.52010534
BTCUSDT,SHORT,76961.7,77609.62713690066,0.07911013076545728,77609.62713690066,75665.84572619866,51.25760052670001,-51.25760053,12.2281579,-63.48575843,LOSS,STOP_LOSS,10188.03434691
BTCUSDT,SHORT,77563.8,78261.3718680419,0.07302498003186426,78261.3718680419,76168.6562639162,50.940171734550006,-50.94017173,11.37913006,-62.3193018,LOSS,STOP_LOSS,10125.71504511
BTCUSDT,SHORT,77705.2,76393.3059590874,0.0771839396272143,78361.1470204563,76393.3059590874,50.62857522555,101.25715045,11.89392978,89.36322067,WIN,TAKE_PROFIT,10215.07826578
BTCUSDT,SHORT,76489.0,77236.38831861551,0.06833849293164385,77236.38831861551,74994.22336276896,51.075391328900004,-51.07539133,10.50536136,-61.58075269,LOSS,STOP_LOSS,10153.49751309
BTCUSDT,SHORT,77158.9,78024.34298901031,0.058660695401213096,78024.34298901031,75428.01402197935,50.767487565450004,-50.76748757,9.10315695,-59.87064451,LOSS,STOP_LOSS,10093.62686858
ETHUSDT,SHORT,2291.44,2190.022271004397,0.9952527007400863,2342.1488644978017,2190.022271004397,50.4681343429,100.93626869,4.46018743,96.47608126,WIN,TAKE_PROFIT,10190.10294984
BTCUSDT,SHORT,75045.8,76053.21460105701,0.050575517463952745,76053.21460105701,73030.97079788598,50.9505147492,-50.95051475,7.64191085,-58.5924256,LOSS,STOP_LOSS,10131.51052424
BTCUSDT,SHORT,76256.2,77388.7562121359,0.044728510672035086,77388.7562121359,73991.0875757282,50.657552621200004,-50.65755262,6.87231006,-57.52986268,LOSS,STOP_LOSS,10073.98066156
ETHUSDT,LONG,2307.61,2374.8713491943,1.4977369294896248,2273.97932540285,2374.8713491943,50.3699033078,100.73980662,7.01312524,93.72668138,WIN,TAKE_PROFIT,10167.70734294
BTCUSDT,LONG,78567.2,77751.64365173751,0.06233601985075571,77751.64365173751,80198.31269652497,50.838536714700005,-50.83853671,9.74429454,-60.58283126,LOSS,STOP_LOSS,10107.12451168
BTCUSDT,SHORT,77774.8,78284.89433370302,0.09907113100343205,78284.89433370302,76754.61133259397,50.5356225584,-50.53562256,15.46101042,-65.99663298,LOSS,STOP_LOSS,10041.1278787
ETHUSDT,SHORT,2327.23,2352.570691482922,1.9812261014004087,2352.570691482922,2276.548617034156,50.20563939349999,-50.20563939,9.27174328,-59.47738267,LOSS,STOP_LOSS,9981.65049603
BTCUSDT,LONG,78949.2,78397.40741635277,0.09044748689855049,78397.40741635277,80052.78516729445,49.90825248015,-49.90825248,14.23160521,-64.13985769,LOSS,STOP_LOSS,9917.51063834
ETHUSDT,SHORT,2322.11,2272.725557185827,2.0082256826624936,2346.8022214070866,2272.725557185827,49.587553191699996,99.17510638,9.22746677,89.94763961,WIN,TAKE_PROFIT,10007.45827795
ETHUSDT,SHORT,2272.44,2299.5803699611224,1.8436480954912124,2299.5803699611224,2218.1592600777553,50.037291389749996,-50.03729139,8.42919665,-58.46648804,LOSS,STOP_LOSS,9948.99178991
SOLUSDT,SHORT,103.05,101.45459063943375,62.36011920087294,103.84770468028313,101.45459063943375,49.74495894955,99.4899179,12.75293065,86.73698725,WIN,TAKE_PROFIT,10035.72877716
BTCUSDT,SHORT,77164.5,77701.4981390988,0.09344286363824403,77701.4981390988,76090.5037218024,50.1786438858,-50.17864389,14.47112235,-64.64976623,LOSS,STOP_LOSS,9971.07901093
BTCUSDT,SHORT,77700.0,76423.60269890104,0.07811892897568094,78338.19865054947,76423.60269890104,49.855395054649996,99.71079011,12.03997077,87.67081934,WIN,TAKE_PROFIT,10058.74983027
ETHUSDT,SHORT,2221.12,2151.5045080153595,1.4449010620350609,2255.92774599232,2151.5045080153595,50.29374915135,100.5874983,6.3180098,94.26948851,WIN,TAKE_PROFIT,10153.01931878
BTCUSDT,SHORT,74071.0,74931.32987607007,0.059006548541347834,74931.32987607007,72350.34024785987,50.765096593900005,-50.76509659,8.79211321,-59.5572098,LOSS,STOP_LOSS,10093.46210898
BTCUSDT,SHORT,74898.2,75957.86007237705,0.04762594331943675,75957.86007237705,72778.87985524588,50.46731054490001,-50.46731054,7.18466217,-57.65197271,LOSS,STOP_LOSS,10035.81013627
BTCUSDT,SHORT,75803.5,76780.4899114017,0.051360868823463586,76780.4899114017,73849.5201771966,50.179050681350006,-50.17905068,7.83684629,-58.01589697,LOSS,STOP_LOSS,9977.7942393
SOLUSDT,SHORT,98.7,96.03715279646767,37.47039719764683,100.03142360176618,96.03715279646767,49.88897119650001,99.77794239,7.29687846,92.48106393,WIN,TAKE_PROFIT,10070.27530323
BTCUSDT,SHORT,75785.0,76203.33682404779,0.1203608518823548,76203.33682404779,74948.32635190443,50.351376516150005,-50.35137652,18.2934457,-68.64482221,LOSS,STOP_LOSS,10001.63048102
SOLUSDT,SHORT,96.18,93.75911683923455,41.31397435082153,97.39044158038274,93.75911683923455,50.0081524051,100.01630481,7.8471398,92.16916501,WIN,TAKE_PROFIT,10093.79964603
BTCUSDT,SHORT,75313.9,74300.54513848676,0.09960774876983396,75820.57743075662,74300.54513848676,50.46899823015,100.93799646,14.90275806,86.0352384,WIN,TAKE_PROFIT,10179.83488443
BTCUSDT,SHORT,74328.9,75018.19829277415,0.07384201434374761,75018.19829277415,72950.30341445169,50.89917442215,-50.89917442,11.02809057,-61.927265,LOSS,STOP_LOSS,10117.90761943
BTCUSDT,SHORT,74821.5,73270.36745627657,0.06522916213944141,75597.06627186171,73270.36745627657,50.58953809715,101.17907619,9.65990843,91.51916776,WIN,TAKE_PROFIT,10209.42678719
BTCUSDT,SHORT,73074.7,74047.23725669397,0.05248861530454712,74047.23725669397,71129.62548661203,51.047133935949994,-51.04713394,7.72222677,-58.7693607,LOSS,STOP_LOSS,10150.65742649
BTCUSDT,SHORT,73961.9,71613.76559031205,0.043228604736638476,75135.96720484397,71613.76559031205,50.75328713245,101.50657426,6.29303291,95.21354136,WIN,TAKE_PROFIT,10245.87096785
BTCUSDT,SHORT,72294.3,70388.96118542063,0.05377453547605342,73246.96940728968,70388.96118542063,51.22935483925,102.45870968,7.67272609,94.78598359,WIN,TAKE_PROFIT,10340.65695144
ETHUSDT,SHORT,2093.48,2134.4980114803557,1.260501981719957,2134.4980114803557,2011.4439770392892,51.7032847572,-51.70328476,5.32937466,-57.03265942,LOSS,STOP_LOSS,10283.62429202
BTCUSDT,SHORT,71327.4,69886.4790035996,0.07136841171521399,72047.8604982002,69886.4790035996,51.418121460100004,102.83624292,10.07821026,92.75803266,WIN,TAKE_PROFIT,10376.38232468
BTCUSDT,SHORT,70445.4,68801.8095096264,0.06313240667583479,71267.19524518678,68801.8095096264,51.8819116234,103.76382325,8.79101146,94.97281179,WIN,TAKE_PROFIT,10471.35513647
BTCUSDT,SHORT,67963.4,65837.8419005259,0.0492640268880952,69026.17904973704,65837.8419005259,52.35677568235,104.71355136,6.59158798,98.12196339,WIN,TAKE_PROFIT,10569.47709986
ETHUSDT,SHORT,1935.63,1829.740519400845,0.9981611997768476,1988.5747402995778,1829.740519400845,52.847385499299996,105.694771,3.75844676,101.93632424,WIN,TAKE_PROFIT,10671.4134241
SOLUSDT,SHORT,78.77,81.26647738060616,21.372942344682727,81.26647738060616,73.77704523878768,53.3570671205,-53.35706712,3.4204504,-56.77751752,LOSS,STOP_LOSS,10614.63590658
BTCUSDT,SHORT,64536.3,61388.58936911531,0.0337217652805546,66110.15531544235,61388.58936911531,53.07317953289999,106.14635907,4.24640956,101.8999495,WIN,TAKE_PROFIT,10716.53585608
BTCUSDT,SHORT,60199.1,61940.65369024231,0.030767170475774788,61940.65369024231,56715.99261951537,53.5826792804,-53.58267928,3.75789462,-57.3405739,LOSS,STOP_LOSS,10659.19528218
BTCUSDT,SHORT,62915.8,64838.80573291302,0.027714933709618188,64838.80573291302,59069.78853417397,53.295976410899996,-53.29597641,3.54071043,-56.83668684,LOSS,STOP_LOSS,10602.35859534
SOLUSDT,SHORT,76.42,80.2079840417652,13.994724474075824,80.2079840417652,68.84403191646962,53.01179297669999,-53.01179298,2.19196548,-55.20375846,LOSS,STOP_LOSS,10547.15483688
SOLUSDT,SHORT,77.94,81.44339929240044,15.052744429901004,81.44339929240044,70.9332014151991,52.735774184399986,-52.73577418,2.39915758,-55.13493176,LOSS,STOP_LOSS,10492.01990512
BTCUSDT,SHORT,65034.4,66257.85579685326,0.04287862271814646,66257.85579685326,62587.48840629349,52.460099525599986,-52.46009953,5.6296311,-58.08973063,LOSS,STOP_LOSS,10433.93017449
BTCUSDT,LONG,66270.9,67801.91863214955,0.06815024948351388,65505.390683925216,67801.91863214955,52.16965087244999,104.33930174,9.13709604,95.20220571,WIN,TAKE_PROFIT,10529.1323802
ETHUSDT,LONG,1971.92,2034.1434808902418,1.692147759906382,1940.8082595548792,2034.1434808902418,52.645661901,105.2913238,6.77885135,98.51247246,WIN,TAKE_PROFIT,10627.64485266
ETHUSDT,LONG,2067.5,2031.6495721445685,1.4822200861195374,2031.6495721445685,2139.200855710863,53.13822426329999,-53.13822426,6.07584183,-59.2140661,LOSS,STOP_LOSS,10568.43078656
BTCUSDT,SHORT,67977.3,68840.35799093678,0.061226655088893585,68840.35799093678,66251.18401812643,52.842153932799995,-52.84215393,8.37688756,-61.21904149,LOSS,STOP_LOSS,10507.21174507
ETHUSDT,SHORT,2029.48,2054.1682670591645,2.127976767241267,2054.1682670591645,1980.103465881671,52.536058725349996,-52.53605873,8.68990864,-61.22596736,LOSS,STOP_LOSS,10445.98577771
ETHUSDT,LONG,2055.9,2129.9194648051566,1.4112484878413103,2018.8902675974218,2129.9194648051566,52.22992888854999,104.45985778,5.90723139,98.55262639,WIN,TAKE_PROFIT,10544.5384041
ETHUSDT,LONG,2122.9,2102.2431069255194,2.552305026240017,2102.2431069255194,2164.213786148962,52.72269202049999,-52.72269202,10.78385399,-63.50654601,LOSS,STOP_LOSS,10481.03185809
SOLUSDT,SHORT,86.14,87.08822254596942,55.266729854934425,87.08822254596942,84.24355490806116,52.405159290449994,-52.40515929,9.57375738,-61.97891667,LOSS,STOP_LOSS,10419.05294142
BTCUSDT,LONG,71270.0,70760.95412335162,0.1023390368076484,70760.95412335162,72288.09175329676,52.09526470709999,-52.09526471,14.53531104,-66.63057575,LOSS,STOP_LOSS,10352.42236567
SOLUSDT,SHORT,86.84,87.72759310724308,58.3173882333617,87.72759310724308,85.06481378551386,51.76211182835,-51.76211183,10.1803261,-61.94243793,LOSS,STOP_LOSS,10290.47992774
BTCUSDT,LONG,71320.9,70764.2839589916,0.09243786712557958,70764.2839589916,72434.13208201677,51.4523996387,-51.45239964,13.13405136,-64.58645099,LOSS,STOP_LOSS,10225.89347675
SOLUSDT,SHORT,86.58,87.67302670770339,46.77787562133816,87.67302670770339,84.39394658459321,51.12946738375,-51.12946738,8.15118641,-59.28065379,LOSS,STOP_LOSS,10166.61282296
SOLUSDT,SHORT,86.19,87.46274566748389,39.93968741240561,87.46274566748389,83.64450866503222,50.8330641148,-50.83306411,6.93563638,-57.7687005,LOSS,STOP_LOSS,10108.84412246
ETHUSDT,SHORT,2080.44,2027.8137224223944,1.920873865257322,2106.753138788803,2027.8137224223944,50.544220612299995,101.08844122,7.89143721,93.19700402,WIN,TAKE_PROFIT,10202.04112648
BTCUSDT,SHORT,69000.0,69557.8136687088,0.09144667564435228,69557.8136687088,67884.37266258239,51.010205632399995,-51.01020563,12.67065144,-63.68085708,LOSS,STOP_LOSS,10138.3602694
BTCUSDT,SHORT,69138.1,69816.97361040606,0.07467045495652672,69816.97361040606,67780.3527791879,50.691801346999995,-50.69180135,10.37583857,-61.06763991,LOSS,STOP_LOSS,10077.29262949
BTCUSDT,SHORT,68884.5,69628.59131634916,0.06771542959897463,69628.59131634916,67396.31736730167,50.386463147449994,-50.38646315,9.37947348,-59.76593663,LOSS,STOP_LOSS,10017.52669286
BTCUSDT,SHORT,69164.3,69949.36706341805,0.06380045195913259,69949.36706341805,67594.16587316392,50.0876334643,-50.08763346,8.87551483,-58.9631483,LOSS,STOP_LOSS,9958.56354456
BTCUSDT,LONG,70362.4,69704.7369214583,0.07571174260414697,69704.7369214583,71677.7261570834,49.7928177228,-49.79281772,10.60472702,-60.39754474,LOSS,STOP_LOSS,9898.16599982
BTCUSDT,SHORT,69508.0,68537.23186586173,0.10196220551271348,69993.38406706914,68537.23186586173,49.490829999099994,98.98166,14.0753963,84.9062637,WIN,TAKE_PROFIT,9983.07226352
ETHUSDT,SHORT,2007.91,2024.896917859749,2.938458979417101,2024.896917859749,1973.9361642805022,49.9153613176,-49.91536132,11.8502377,-61.76559902,LOSS,STOP_LOSS,9921.3066645
SOLUSDT,SHORT,84.18,84.89469253583111,69.40961439427043,84.89469253583111,82.75061492833781,49.6065333225,-49.60653332,11.73540921,-61.34194254,LOSS,STOP_LOSS,9859.96472196
SOLUSDT,SHORT,84.38,82.56353368097251,54.28102144629298,85.28823315951374,82.56353368097251,49.299823609799994,98.59964722,9.06186553,89.53778169,WIN,TAKE_PROFIT,9949.50250365
BTCUSDT,SHORT,68880.0,67581.90140989827,0.07664673992805379,69529.04929505086,67581.90140989827,49.74751251825,99.49502504,10.45935987,89.03566517,WIN,TAKE_PROFIT,10038.53816882
SOLUSDT,SHORT,82.52,80.97839159284838,65.1173029561244,83.2908042035758,80.97839159284838,50.1926908441,100.38538169,10.6465743,89.73880739,WIN,TAKE_PROFIT,10128.27697621
BTCUSDT,SHORT,66883.0,67366.30872235782,0.10478061441555803,67366.30872235782,65916.38255528438,50.64138488105,-50.64138488,14.06672505,-64.70810993,LOSS,STOP_LOSS,10063.56886628
ETHUSDT,SHORT,1949.04,1964.5287241453043,3.2486758663498407,1964.5287241453043,1918.0625517093915,50.3178443314,-50.31784433,12.71391627,-63.0317606,LOSS,STOP_LOSS,10000.53710568
SOLUSDT,SHORT,81.08,78.95468276964952,47.05432658648735,82.14265861517524,78.95468276964952,50.0026855284,100.00537106,7.53032423,92.47504683,WIN,TAKE_PROFIT,10093.01215251
BTCUSDT,SHORT,66087.9,66948.62015557829,0.05863120601450793,66948.62015557829,64366.45968884342,50.46506076255,-50.46506076,7.80009162,-58.26515238,LOSS,STOP_LOSS,10034.74700013
BTCUSDT,SHORT,66579.1,67509.76276649078,0.05391183230617382,67509.76276649078,64717.77446701848,50.173735000650005,-50.173735,7.22897628,-57.40271128,LOSS,STOP_LOSS,9977.34428885
SOLUSDT,SHORT,79.54,80.72512430732465,42.094083410428446,80.72512430732465,77.16975138535071,49.88672144425001,-49.88672144,6.74621351,-56.63293495,LOSS,STOP_LOSS,9920.7113539
BTCUSDT,LONG,68153.5,67433.23939431318,0.06886890158625222,67433.23939431318,69594.02121137363,49.60355676950001,-49.60355677,9.33770981,-58.94126658,LOSS,STOP_LOSS,9861.77008732
SOLUSDT,SHORT,79.76,80.79386445110065,47.6937285000044,80.79386445110065,77.69227109779872,49.30885043660001,-49.30885044,7.65741242,-56.96626286,LOSS,STOP_LOSS,9804.80382446
ETHUSDT,LONG,1972.38,1956.7081739924238,3.1281625445943484,1956.7081739924238,2003.7236520151528,49.02401912230002,-49.02401912,12.29082646,-61.31484558,LOSS,STOP_LOSS,9743.48897888
BTCUSDT,SHORT,66777.9,67236.92598642675,0.10613221546265066,67236.92598642675,65859.84802714648,48.71744489440002,-48.71744489,14.22329039,-62.94073528,LOSS,STOP_LOSS,9680.5482436
ETHUSDT,LONG,1978.42,1962.3304553690011,3.008335060318929,1962.3304553690011,2010.5990892619977,48.40274121800001,-48.40274122,11.85509776,-60.25783898,LOSS,STOP_LOSS,9620.29040462
BTCUSDT,SHORT,66896.3,67301.20021760644,0.11879828642091579,67301.20021760644,66086.49956478714,48.10145202310001,-48.10145202,15.94243307,-64.04388509,LOSS,STOP_LOSS,9556.24651953
ETHUSDT,LONG,1976.77,1963.1026883865534,3.496022769440634,1963.1026883865534,2004.1046232268934,47.78123259765002,-47.7812326,13.77388463,-61.55511722,LOSS,STOP_LOSS,9494.69140231
BTCUSDT,SHORT,67382.0,67947.43915937457,0.08395855897928986,67947.43915937457,66251.12168125086,47.47345701155002,-47.47345701,11.3620647,-58.83552171,LOSS,STOP_LOSS,9435.8558806
BTCUSDT,SHORT,67374.4,66115.3391027112,0.07494360202051159,68003.93044864439,66115.3391027112,47.17927940300002,94.35855881,10.00420188,84.35435692,WIN,TAKE_PROFIT,9520.21023752
BTCUSDT,SHORT,66034.5,66745.34987087162,0.06696357858127297,66745.34987087162,64612.80025825674,47.601051187600014,-47.60105119,8.89141391,-56.4924651,LOSS,STOP_LOSS,9463.71777242
ETHUSDT,LONG,1953.29,1938.949528385929,3.299653605232237,1938.949528385929,1981.970943228142,47.318588862100015,-47.31858886,12.84304219,-60.16163105,LOSS,STOP_LOSS,9403.55614137
SOLUSDT,SHORT,78.17,78.83983387860144,70.19319596825906,78.83983387860144,76.83033224279711,47.01778070685002,-47.01778071,11.02102204,-58.03880275,LOSS,STOP_LOSS,9345.51733862
BTCUSDT,SHORT,66094.0,66459.49520908072,0.12784733023074982,66459.49520908072,65363.00958183855,46.72758669310002,-46.72758669,16.94661048,-63.67419717,LOSS,STOP_LOSS,9281.84314145
SOLUSDT,LONG,78.96,80.32789682824686,67.85484803956925,78.27605158587656,80.32789682824686,46.40921570725002,92.81843141,10.80845603,82.00997538,WIN,TAKE_PROFIT,9363.85311683
ETHUSDT,LONG,1957.6,1984.7277244710854,3.4517650482666284,1944.0361377644572,1984.7277244710854,46.819265584150024,93.63853117,13.60798905,80.03054212,WIN,TAKE_PROFIT,9443.88365895
BTCUSDT,LONG,67310.3,68168.12554515543,0.11009095861372296,66881.3872274223,68168.12554515543,47.21941829475002,94.43883659,14.91494974,79.52388685,WIN,TAKE_PROFIT,9523.4075458
SOLUSDT,LONG,84.89,84.29367442963506,79.85073942051379,84.29367442963506,86.08265114072988,47.617037729000025,-47.61703773,13.5094415,-61.12647923,LOSS,STOP_LOSS,9462.28106657
BTCUSDT,LONG,69152.4,69500.10473298341,0.2721355267551439,68978.54763350828,69500.10473298341,47.311405332850015,94.62281067,37.73227241,56.89053825,WIN,TAKE_PROFIT,9519.17160482
SOLUSDT,LONG,86.7,86.07634376668635,76.31745740952503,86.07634376668635,87.94731246662732,47.59585802410002,-47.59585802,13.18585126,-60.78170928,LOSS,STOP_LOSS,9458.38989554
ETHUSDT,LONG,2084.01,2070.4425735903956,3.485697880345323,2070.4425735903956,2111.1448528192095,47.291949477700015,-47.29194948,14.48116653,-61.77311601,LOSS,STOP_LOSS,9396.61677953
ETHUSDT,LONG,2094.03,2083.278016752076,4.369713271895262,2083.278016752076,2115.5339664958487,46.98308389765002,-46.9830839,18.25363828,-65.23672218,LOSS,STOP_LOSS,9331.38005735
SOLUSDT,LONG,88.53,87.86302670580017,69.95317607539879,87.86302670580017,89.86394658839967,46.65690028675002,-46.65690029,12.33925246,-58.99615274,LOSS,STOP_LOSS,9272.38390461
SOLUSDT,LONG,88.38,87.67799458629864,66.04211109798258,87.67799458629864,89.7840108274027,46.36191952305003,-46.36191952,11.62724164,-57.98916116,LOSS,STOP_LOSS,9214.39474345
ETHUSDT,SHORT,2059.22,2074.0112079999767,3.1148215694973906,2074.0112079999767,2029.6375840000462,46.07197371725003,-46.07197372,12.87427772,-58.94625144,LOSS,STOP_LOSS,9155.44849201
BTCUSDT,LONG,70406.1,70013.94266962374,0.11673182907514933,70013.94266962374,71190.41466075255,45.777242460050026,-45.77724246,16.39148842,-62.16873088,LOSS,STOP_LOSS,9093.27976113
ETHUSDT,SHORT,2009.78,2027.8523773879983,2.5157951181256126,2027.8523773879983,1973.6352452240033,45.46639880565003,-45.46639881,10.15785582,-55.62425463,LOSS,STOP_LOSS,9037.6555065
BTCUSDT,SHORT,69020.0,68134.37755419007,0.10204862748521132,69462.81122290497,68134.37755419007,45.18827753250003,90.37655506,13.99641598,76.38013908,WIN,TAKE_PROFIT,9114.03564558
BTCUSDT,SHORT,68156.2,68587.12578413445,0.10574948147841934,68587.12578413445,67294.34843173108,45.57017822790003,-45.57017823,14.4605358,-60.03071403,LOSS,STOP_LOSS,9054.00493155
ETHUSDT,SHORT,1956.02,1976.618330308587,2.1977521468755974,1976.618330308587,1914.8233393828257,45.270024657750035,-45.27002466,8.64296433,-53.91298899,LOSS,STOP_LOSS,9000.09194256
BTCUSDT,SHORT,68716.7,69114.4505328873,0.11313739641311776,69114.4505328873,67921.19893422538,45.00045971280004,-45.00045971,15.59385752,-60.59431723,LOSS,STOP_LOSS,8939.49762533
ETHUSDT,LONG,1991.3,2021.3036616126967,2.9794688864065373,1976.2981691936516,2021.3036616126967,44.69748812665004,89.39497625,11.95542776,77.43954849,WIN,TAKE_PROFIT,9016.93717382
SOLUSDT,LONG,86.23,85.46218975632145,58.718526146643455,85.46218975632145,87.76562048735713,45.08468586910004,-45.08468587,10.08151233,-55.1661982,LOSS,STOP_LOSS,8961.77097562
SOLUSDT,SHORT,84.94,83.12620954745411,49.40907569030922,85.84689522627295,83.12620954745411,44.808854878100036,89.61770976,8.30399607,81.31371369,WIN,TAKE_PROFIT,9043.08468931
ETHUSDT,SHORT,1950.09,1973.5221778133277,1.929629580603147,1973.5221778133277,1903.2256443733443,45.21542344655004,-45.21542345,7.57111812,-52.78654157,LOSS,STOP_LOSS,8990.29814774
BTCUSDT,SHORT,67703.9,68291.05490547328,0.07655814559271275,68291.05490547328,66529.5901890534,44.95149073870004,-44.95149074,10.41152156,-55.3630123,LOSS,STOP_LOSS,8934.93513544
ETHUSDT,LONG,1992.29,1976.2734398424127,2.7892802972451682,1976.2734398424127,2024.3231203151745,44.67467567720004,-44.67467568,11.06943581,-55.74411149,LOSS,STOP_LOSS,8879.19102395
BTCUSDT,SHORT,68019.0,68385.61467988433,0.12109704699702135,68385.61467988433,67285.77064023135,44.39595511975004,-44.39595512,16.51819603,-60.91415115,LOSS,STOP_LOSS,8818.2768728
BTCUSDT,SHORT,68347.3,67620.04380342139,0.12125406307001094,68710.92809828931,67620.04380342139,44.09138436400004,88.18276873,16.48659288,71.69617585,WIN,TAKE_PROFIT,8889.97304865
BTCUSDT,SHORT,67067.0,67545.32416063697,0.0929283295747762,67545.32416063697,66110.35167872607,44.449865243250045,-44.44986524,12.50929842,-56.95916367,LOSS,STOP_LOSS,8833.01388498
SOLUSDT,SHORT,84.49,85.44156168470516,46.413249014523224,85.44156168470516,82.58687663058967,44.16506942490004,-44.16506942,7.88707589,-52.05214531,LOSS,STOP_LOSS,8780.96173967
BTCUSDT,SHORT,67573.0,68145.68973414424,0.07666421463614363,68145.68973414424,66427.62053171152,43.904808698350045,-43.9048087,10.40476676,-54.30957546,LOSS,STOP_LOSS,8726.65216421
BTCUSDT,LONG,68078.4,67797.0831277331,0.15510360423619954,67797.0831277331,68641.03374453378,43.633260821050044,-43.63326082,21.07477716,-64.70803798,LOSS,STOP_LOSS,8661.94412623
SOLUSDT,SHORT,84.22,83.178396662577,83.15971939625608,84.7408016687115,83.178396662577,43.30972063115004,86.61944126,13.92080369,72.69863757,WIN,TAKE_PROFIT,8734.6427638
BTCUSDT,SHORT,67355.3,66696.7847838491,0.13264147205063762,67684.55760807545,66696.7847838491,43.67321381900004,87.34642764,17.78086586,69.56556178,WIN,TAKE_PROFIT,8804.20832558
BTCUSDT,SHORT,67190.5,67576.64563501865,0.11400113748734685,67576.64563501865,66418.2087299627,44.02104162790004,-44.02104163,15.3636079,-59.38464953,LOSS,STOP_LOSS,8744.82367605
SOLUSDT,SHORT,82.95,81.1726634533626,49.2018447074338,83.8386682733187,81.1726634533626,43.72411838025004,87.44823676,8.0751378,79.37309896,WIN,TAKE_PROFIT,8824.19677501
ETHUSDT,SHORT,1951.15,1970.4760409342678,2.282980980176745,1970.4760409342678,1912.497918131465,44.120983875050044,-44.12098388,8.95299766,-53.07398154,LOSS,STOP_LOSS,8771.12279347
SOLUSDT,SHORT,81.37,81.92821876033072,78.56348995036949,81.92821876033072,80.25356247933857,43.855613967350045,-43.85561397,12.82927797,-56.68489194,LOSS,STOP_LOSS,8714.43790153
ETHUSDT,LONG,1975.14,1962.6783231820311,3.496494905470624,1962.6783231820311,2000.063353635938,43.572189507650045,-43.57218951,13.76856171,-57.34075121,LOSS,STOP_LOSS,8657.09715032
SOLUSDT,SHORT,81.14,81.69058393592076,78.61741494366814,81.69058393592076,80.03883212815849,43.28548575160004,-43.28548575,12.80131958,-56.08680533,LOSS,STOP_LOSS,8601.01034499
SOLUSDT,SHORT,81.6,80.42659504927951,73.29959141308261,82.18670247536024,80.42659504927951,43.00505172495004,86.01010345,11.87648322,74.13362023,WIN,TAKE_PROFIT,8675.14396522
BTCUSDT,SHORT,66356.8,65772.44948092461,0.1484578807073978,66648.97525953769,65772.44948092461,43.375719826100045,86.75143965,19.61562836,67.13581129,WIN,TAKE_PROFIT,8742.27977651
BTCUSDT,SHORT,65871.2,66196.01743629895,0.134572205792302,66196.01743629895,65221.5651274021,43.71139888255005,-43.71139888,17.77257676,-61.48397565,LOSS,STOP_LOSS,8680.79580086
BTCUSDT,SHORT,66219.5,66601.75820245947,0.11354623321366616,66601.75820245947,65454.98359508105,43.40397900430005,-43.403979,15.08135356,-58.48533256,LOSS,STOP_LOSS,8622.3104683
SOLUSDT,SHORT,80.74,81.49463892933237,57.128715026192054,81.49463892933237,79.23072214133524,43.111552341500044,-43.11155234,9.26825645,-52.3798088,LOSS,STOP_LOSS,8569.9306595
ETHUSDT,SHORT,1928.34,1949.522610334804,2.02286935463736,1949.522610334804,1885.9747793303916,42.84965329750005,-42.8496533,7.84440944,-50.69406273,LOSS,STOP_LOSS,8519.23659677
ETHUSDT,SHORT,1938.71,1953.0214234425237,2.976376399938243,1953.0214234425237,1910.087153114953,42.59618298385005,-42.59618298,11.58325756,-54.17944055,LOSS,STOP_LOSS,8465.05715622
BTCUSDT,LONG,67159.1,67813.89040196167,0.12927888269070173,66831.70479901916,67813.89040196167,42.32528578110005,84.65057156,17.44915739,67.20141417,WIN,TAKE_PROFIT,8532.25857039
ETHUSDT,LONG,1958.86,1945.4151911802146,3.1730680163462144,1945.4151911802146,1985.7496176395705,42.661292851950044,-42.66129285,12.38853074,-55.04982359,LOSS,STOP_LOSS,8477.2087468
ETHUSDT,SHORT,1942.98,1953.9087005869553,3.8784156814207713,1953.9087005869553,1921.1225988260894,42.38604373400005,-42.38604373,15.11375425,-57.49979798,LOSS,STOP_LOSS,8419.70894882
BTCUSDT,SHORT,66859.1,67421.84107978507,0.07480979487081185,67421.84107978507,65733.61784042987,42.09854474410005,-42.09854474,10.04552966,-52.1440744,LOSS,STOP_LOSS,8367.56487442
SOLUSDT,LONG,84.01,82.97809812231333,40.54438244253639,82.97809812231333,86.07380375537336,41.83782437210006,-41.83782437,6.77042931,-48.60825369,LOSS,STOP_LOSS,8318.95662073
ETHUSDT,LONG,1965.6,1944.6748999464576,1.9877937499567013,1944.6748999464576,2007.4502001070846,41.59478310365006,-41.5947831,7.77282001,-49.36760311,LOSS,STOP_LOSS,8269.58901762
BTCUSDT,SHORT,67622.4,67242.98970427478,0.21795900403317664,67812.1051478626,67242.98970427478,41.34794508810006,82.69589018,29.39512602,53.30076416,WIN,TAKE_PROFIT,8322.88978178
BTCUSDT,SHORT,67232.3,67474.19415301608,0.17203577841806342,67474.19415301608,66748.51169396784,41.61444890890006,-41.61444891,23.17433658,-64.78878549,LOSS,STOP_LOSS,8258.10099629
ETHUSDT,SHORT,1940.39,1947.0545644026058,6.19552944305052,1947.0545644026058,1927.0608711947887,41.290504981450056,-41.29050498,24.08477726,-65.37528224,LOSS,STOP_LOSS,8192.72571405
SOLUSDT,SHORT,83.27,82.45654894637954,100.71565680057056,83.67672552681022,82.45654894637954,40.96362857025006,81.92725714,16.69125823,65.23599891,WIN,TAKE_PROFIT,8257.96171296
SOLUSDT,SHORT,82.52,81.49400804290268,80.48758721582026,83.03299597854866,81.49400804290268,41.28980856480006,82.57961713,13.20109178,69.37852535,WIN,TAKE_PROFIT,8327.34023831
ETHUSDT,SHORT,1928.14,1907.146440022458,3.9666165467972707,1938.6367799887712,1907.146440022458,41.63670119155005,83.27340238,15.21311065,68.06029173,WIN,TAKE_PROFIT,8395.40053004
BTCUSDT,SHORT,65444.4,64625.544741381476,0.10252606234957487,65853.82762930926,64625.544741381476,41.977002650200056,83.9540053,13.33555926,70.61844604,WIN,TAKE_PROFIT,8466.01897608
BTCUSDT,SHORT,64387.2,64906.40608658617,0.08152850279303261,64906.40608658617,63348.787826827654,42.330094880400054,-42.33009488,10.54111412,-52.87120901,LOSS,STOP_LOSS,8413.14776707
BTCUSDT,SHORT,64725.6,65215.77991959782,0.08581693609535013,65215.77991959782,63745.24016080436,42.06573883535006,-42.06573884,11.1511711,-53.21690993,LOSS,STOP_LOSS,8359.93085714
SOLUSDT,SHORT,78.39,79.1946547960953,51.94731267189171,79.1946547960953,76.78069040780939,41.79965428570005,-41.79965429,8.18609933,-49.98575362,LOSS,STOP_LOSS,8309.94510352
ETHUSDT,SHORT,1877.89,1890.4770339238137,3.300994163445588,1890.4770339238137,1852.7159321523732,41.54972551760005,-41.54972552,12.43935758,-53.9890831,LOSS,STOP_LOSS,8255.95602042
BTCUSDT,LONG,66391.8,66018.82927786483,0.11067833921596407,66018.82927786483,67137.74144427036,41.279780102100055,-41.2797801,14.65498854,-55.93476865,LOSS,STOP_LOSS,8200.02125177
BTCUSDT,SHORT,65805.2,66209.13637698663,0.10150139624638549,66209.13637698663,64997.327246026725,41.00010625885005,-41.00010626,13.39963947,-54.39974573,LOSS,STOP_LOSS,8145.62150604
BTCUSDT,SHORT,65788.7,64861.52939486907,0.08785461339005368,66252.28530256546,64861.52939486907,40.728107530200056,81.45621506,11.47822539,69.97798967,WIN,TAKE_PROFIT,8215.59949571
SOLUSDT,SHORT,78.21,79.1031737582699,45.99104832425728,79.1031737582699,76.42365248346017,41.07799747855005,-41.07799748,7.23499778,-48.31299525,LOSS,STOP_LOSS,8167.28650046
BTCUSDT,SHORT,64857.6,63738.54224957499,0.07298360158229682,65417.128875212504,63738.54224957499,40.83643250230005,81.672865,9.38540961,72.28745539,WIN,TAKE_PROFIT,8239.57395585
BTCUSDT,SHORT,64409.2,63371.500096350115,0.0794022812074001,64928.04995182494,63371.500096350115,41.19786977925005,82.39573956,10.14607908,72.24966048,WIN,TAKE_PROFIT,8311.82361633
BTCUSDT,SHORT,63570.5,62556.65655059572,0.08198330443633978,64077.421724702144,62556.65655059572,41.55911808165005,83.11823616,10.34032107,72.77791509,WIN,TAKE_PROFIT,8384.60153142
ETHUSDT,SHORT,1816.81,1830.4141339455082,3.0816373776547694,1830.4141339455082,1789.6017321089837,41.92300765710005,-41.92300766,11.23942222,-53.16242987,LOSS,STOP_LOSS,8331.43910155
BTCUSDT,LONG,64009.5,65013.05933360212,0.08301889905847004,63507.72033319894,65013.05933360212,41.657195507750046,83.31439102,10.71131083,72.60308019,WIN,TAKE_PROFIT,8404.04218174
BTCUSDT,LONG,65403.8,64902.13878536222,0.08376212807091402,64902.13878536222,66407.12242927557,42.020210908700044,-42.02021091,10.91470273,-52.93491364,LOSS,STOP_LOSS,8351.1072681
SOLUSDT,LONG,82.14,83.64071236432204,55.64762086752488,81.38964381783897,83.64071236432204,41.75553634050005,83.51107268,9.22530223,74.28577045,WIN,TAKE_PROFIT,8425.39303855
BTCUSDT,LONG,69183.9,68530.93619826733,0.06451653993830055,68530.93619826733,70489.82760346532,42.12696519275005,-42.12696519,8.88488473,-51.01184992,LOSS,STOP_LOSS,8374.38118863
SOLUSDT,LONG,89.07,87.84171042842218,34.08960469261582,87.84171042842218,91.52657914315562,41.87190594315005,-41.87190594,6.03085027,-47.90275622,LOSS,STOP_LOSS,8326.47843241
SOLUSDT,LONG,88.92,87.64116879198161,32.55503298716141,87.64116879198161,91.47766241603678,41.632392162050046,-41.63239216,5.74795467,-47.38034684,LOSS,STOP_LOSS,8279.09808557
ETHUSDT,LONG,2061.45,2041.0227742406892,2.0264861668247973,2041.0227742406892,2102.304451518621,41.39549042785004,-41.39549043,8.31360433,-49.70909475,LOSS,STOP_LOSS,8229.38899082
BTCUSDT,SHORT,67659.8,66778.41906405492,0.09336926469819554,68100.49046797254,66778.41906405492,41.14694495410004,82.29388991,12.55239766,69.74149225,WIN,TAKE_PROFIT,8299.13048307
BTCUSDT,SHORT,67007.1,67582.47269191065,0.07211960699343442,67582.47269191065,65856.35461617872,41.495652415350044,-41.49565242,9.70654709,-51.2021995,LOSS,STOP_LOSS,8247.92828357
BTCUSDT,LONG,67466.1,66889.01859642386,0.07146243348389092,66889.01859642386,68620.26280715228,41.239641417850045,-41.23964142,9.60134373,-50.84098514,LOSS,STOP_LOSS,8197.08729843
BTCUSDT,SHORT,66960.0,67342.7984540414,0.107067925848302,67342.7984540414,66194.40309191718,40.98543649215005,-40.98543649,14.37952207,-55.36495856,LOSS,STOP_LOSS,8141.72233987
SOLUSDT,LONG,86.09,87.48248866325345,58.4688590630785,85.39375566837329,87.48248866325345,40.70861169935005,81.4172234,10.14858538,71.26863802,WIN,TAKE_PROFIT,8212.99097789
BTCUSDT,LONG,67557.4,67185.18530057193,0.11032598914698763,67185.18530057193,68301.82939885612,41.06495488945004,-41.06495489,14.865609,-55.93056389,LOSS,STOP_LOSS,8157.060414
BTCUSDT,SHORT,65869.1,64927.74243265722,0.08665209370999531,66339.7787836714,64927.74243265722,40.78530207000005,81.57060414,11.33382025,70.23678389,WIN,TAKE_PROFIT,8227.29719789
BTCUSDT,SHORT,65565.1,65960.49427308756,0.10403915481178742,65960.49427308756,64774.3114538249,41.13648598945005,-41.13648599,13.68381166,-54.82029765,LOSS,STOP_LOSS,8172.47690024
BTCUSDT,SHORT,65732.1,65219.02590635571,0.15928453612210322,65988.63704682216,65219.02590635571,40.86238450120005,81.724769,20.85848934,60.86627966,WIN,TAKE_PROFIT,8233.3431799
BTCUSDT,SHORT,64527.8,63868.94290214677,0.12496402037296006,64857.228548926614,63868.94290214677,41.16671589950005,82.3334318,16.0449732,66.2884586,WIN,TAKE_PROFIT,8299.6316385
BTCUSDT,SHORT,64003.7,63173.825551993425,0.10001069027292557,64418.63722400328,63173.825551993425,41.49815819250005,82.99631639,12.71911212,70.27720427,WIN,TAKE_PROFIT,8369.90884277
BTCUSDT,SHORT,63173.8,63671.65242228877,0.08406013979294547,63671.65242228877,62178.095155422474,41.84954421385005,-41.84954421,10.66264646,-52.51219068,LOSS,STOP_LOSS,8317.39665209
BTCUSDT,SHORT,63727.9,64276.95582069671,0.07574272358624545,64276.95582069671,62629.78835860658,41.586983260450054,-41.58698326,9.69543641,-51.28241967,LOSS,STOP_LOSS,8266.11423242
BTCUSDT,SHORT,64027.2,64648.51598825379,0.06652101658973773,64648.51598825379,62784.56802349241,41.33057116210005,-41.33057116,8.55963944,-49.8902106,LOSS,STOP_LOSS,8216.22402182
ETHUSDT,SHORT,1874.63,1897.3489788004608,1.8082291668966688,1897.3489788004608,1829.192042399079,41.08112010910005,-41.08112011,6.82060241,-47.90172252,LOSS,STOP_LOSS,8168.3222993
BTCUSDT,LONG,65395.4,66492.4432010712,0.07445761745138298,64846.8783994644,66492.4432010712,40.84161149650005,81.68322299,9.82005458,71.86316842,WIN,TAKE_PROFIT,8240.18546772
ETHUSDT,LONG,1944.0,1990.6145775142745,1.7677271589979886,1920.6927112428627,1990.6145775142745,41.20092733860005,82.40185468,6.95532505,75.44652963,WIN,TAKE_PROFIT,8315.63199735
BTCUSDT,LONG,67311.6,66621.79900879652,0.0602755874766274,66621.79900879652,68691.20198240697,41.57815998675005,-41.57815999,8.07291431,-49.65107429,LOSS,STOP_LOSS,8265.98092306
SOLUSDT,SHORT,84.73,85.42570108686951,59.407560797806134,85.42570108686951,83.338597826261,41.32990461530006,-41.32990462,10.10853516,-51.43843977,LOSS,STOP_LOSS,8214.54248329
ETHUSDT,LONG,2005.86,1987.423707832642,2.2278184812655106,1987.423707832642,2042.7325843347153,41.07271241645006,-41.07271242,8.89631125,-49.96902366,LOSS,STOP_LOSS,8164.57345963
ETHUSDT,LONG,1997.75,1976.9328606802048,1.9610219574853511,1976.9328606802048,2039.3842786395903,40.82286729815006,-40.8228673,7.79444036,-48.61730766,LOSS,STOP_LOSS,8115.95615197
BTCUSDT,SHORT,66112.2,66641.38921452164,0.07668293239220976,66641.38921452164,65053.8215709567,40.57978075985006,-40.57978076,10.17993451,-50.75971527,LOSS,STOP_LOSS,8065.1964367
BTCUSDT,SHORT,66386.5,65336.685950620056,0.07682500002227653,66911.40702468996,65336.685950620056,40.32598218350006,80.65196437,10.11963376,70.5323306,WIN,TAKE_PROFIT,8135.7287673
BTCUSDT,SHORT,65420.4,65918.7307468247,0.08162980930977957,65918.7307468247,64423.73850635061,40.67864383650006,-40.67864384,10.7211882,-51.39983203,LOSS,STOP_LOSS,8084.32893527
BTCUSDT,SHORT,65841.6,66404.27174333838,0.0718387677272096,66404.27174333838,64716.25651332324,40.42164467635006,-40.42164468,9.50038046,-49.92202514,LOSS,STOP_LOSS,8034.40691013
SOLUSDT,LONG,84.95,83.915040192567,38.815067273277684,83.915040192567,87.01991961486598,40.17203455065006,-40.17203455,6.5545079,-46.72654245,LOSS,STOP_LOSS,7987.68036768
ETHUSDT,SHORT,1944.18,1969.1519142608204,1.599332811304,1969.1519142608204,1894.2361714783597,39.93840183840006,-39.93840184,6.25872013,-46.19712197,LOSS,STOP_LOSS,7941.48324571
SOLUSDT,LONG,84.45,83.3741157765461,36.90677431915304,83.3741157765461,86.60176844690778,39.70741622855006,-39.70741623,6.19384677,-45.90126299,LOSS,STOP_LOSS,7895.58198272
SOLUSDT,SHORT,83.32,84.22231006547057,43.75204425211823,84.22231006547057,81.51537986905885,39.47790991360006,-39.47790991,7.33031856,-46.80822848,LOSS,STOP_LOSS,7848.77375424
ETHUSDT,SHORT,1945.44,1962.5176907197736,2.297961089420686,1962.5176907197736,1911.2846185604533,39.243868771200056,-39.24386877,8.98033471,-48.22420348,LOSS,STOP_LOSS,7800.54955076
SOLUSDT,LONG,85.61,87.6418809803117,38.390779904654636,84.59405950984416,87.6418809803117,39.00274775380006,78.00549551,6.65127483,71.35422068,WIN,TAKE_PROFIT,7871.90377144
SOLUSDT,LONG,87.78,90.20246091028943,32.49548315931132,86.56876954485529,90.20246091028943,39.35951885720006,78.71903771,5.78362606,72.93541165,WIN,TAKE_PROFIT,7944.83918309
ETHUSDT,LONG,2063.35,2028.6426243084952,1.144546227537837,2028.6426243084952,2132.7647513830093,39.72419591545006,-39.72419592,4.68347472,-44.40767064,LOSS,STOP_LOSS,7900.43151245
ETHUSDT,LONG,2028.1,1994.0651769700307,1.1606394288422341,1994.0651769700307,2096.1696460599383,39.50215756225006,-39.50215756,4.66828349,-44.17044106,LOSS,STOP_LOSS,7856.26107139
ETHUSDT,SHORT,2006.01,1971.7625819609284,2.293971785676536,2023.133709019536,1971.7625819609284,39.281305356950064,78.56261071,9.12489807,69.43771264,WIN,TAKE_PROFIT,7925.69878403
SOLUSDT,SHORT,84.31,85.14585757033143,47.41058204980678,85.14585757033143,82.63828485933716,39.62849392015006,-39.62849392,8.03400084,-47.66249476,LOSS,STOP_LOSS,7878.03628927
ETHUSDT,SHORT,1949.21,1967.783084328747,2.120820685952682,1967.783084328747,1912.063831342506,39.39018144635006,-39.39018145,8.30723996,-47.69742141,LOSS,STOP_LOSS,7830.33886786
BTCUSDT,SHORT,66428.6,67033.25105411747,0.06475089073721156,67033.25105411747,65219.29789176507,39.151694339300064,-39.15169434,8.64177374,-47.79346807,LOSS,STOP_LOSS,7782.54539979
BTCUSDT,LONG,67692.5,69098.83324558382,0.055339269154226677,66989.3333772081,69098.83324558382,38.91272699895006,77.825454,7.56993241,70.25552159,WIN,TAKE_PROFIT,7852.80092138
ETHUSDT,LONG,2005.72,2041.2619774801735,2.2094440090623966,1987.9490112599133,2041.2619774801735,39.26400460690006,78.52800921,8.94158008,69.58642913,WIN,TAKE_PROFIT,7922.38735051
BTCUSDT,LONG,70993.7,72356.8079073293,0.05812003076140958,70312.14604633534,72356.8079073293,39.611936752550065,79.22387351,8.33153593,70.89233758,WIN,TAKE_PROFIT,7993.27968809
BTCUSDT,LONG,71379.1,72734.82911532151,0.058959268468572135,70701.23544233925,72734.82911532151,39.966398440450064,79.93279688,8.49685184,71.43594504,WIN,TAKE_PROFIT,8064.71563313
BTCUSDT,LONG,72930.9,72161.5480746426,0.0524123965075133,72161.5480746426,74469.60385071476,40.32357816565006,-40.32357817,7.60464292,-47.92822108,LOSS,STOP_LOSS,8016.78741205
SOLUSDT,SHORT,89.9,90.64677321462325,53.67618478452347,90.64677321462325,88.40645357075351,40.083937060250065,-40.08393706,9.69106196,-49.77499902,LOSS,STOP_LOSS,7967.01241303
SOLUSDT,LONG,90.81,90.06075774324809,53.167132134059266,90.06075774324809,92.30848451350384,39.83506206515006,-39.83506207,9.61637948,-49.45144154,LOSS,STOP_LOSS,7917.56097149
BTCUSDT,SHORT,72025.5,72511.67967587551,0.08142628501728374,72511.67967587551,71053.14064824897,39.58780485745007,-39.58780486,11.76912559,-51.35693045,LOSS,STOP_LOSS,7866.20404104
BTCUSDT,LONG,72576.6,72071.66228878808,0.07789281594911834,72071.66228878808,73586.47542242387,39.33102020520007,-39.33102021,11.26706047,-50.59808068,LOSS,STOP_LOSS,7815.60596036
ETHUSDT,SHORT,2098.03,2119.4488398718404,1.8244699542843381,2119.4488398718404,2055.1923202563194,39.078029801800064,-39.0780298,7.69466343,-46.77269323,LOSS,STOP_LOSS,7768.83326713
BTCUSDT,SHORT,71757.1,70393.94578580855,0.056991594833883295,72438.67710709573,70393.94578580855,38.844166335650065,77.68833267,8.10141481,69.58691786,WIN,TAKE_PROFIT,7838.42018499
BTCUSDT,SHORT,70423.0,70840.24569215109,0.09393051063726415,70840.24569215109,69588.50861569784,39.19210092495006,-39.19210092,13.2689288,-52.46102973,LOSS,STOP_LOSS,7785.95915526
BTCUSDT,LONG,71217.0,70761.93917360442,0.08554855421120981,70761.93917360442,72127.12165279116,38.92979577630007,-38.92979578,12.14609297,-51.07588875,LOSS,STOP_LOSS,7734.88326651
BTCUSDT,SHORT,70487.0,70919.88676187054,0.08934072311528891,70919.88676187054,69621.22647625892,38.67441633255007,-38.67441633,12.63339352,-51.30780985,LOSS,STOP_LOSS,7683.57545666
ETHUSDT,LONG,2079.32,2066.010206231647,2.886436706077764,2066.010206231647,2105.9395875367068,38.417877283300065,-38.41787728,11.96523327,-50.38311055,LOSS,STOP_LOSS,7633.19234611
ETHUSDT,SHORT,2063.74,2036.1138250321253,2.7630290313394386,2077.553087483937,2036.1138250321253,38.165961730550066,76.33192346,11.32801514,65.00390832,WIN,TAKE_PROFIT,7698.19625443
BTCUSDT,SHORT,68078.0,68337.90047159561,0.14809892816216322,68337.90047159561,67558.1990568088,38.490981272150066,-38.49098127,20.20304864,-58.69402992,LOSS,STOP_LOSS,7639.50222451
BTCUSDT,SHORT,68202.7,67645.05648067253,0.1369961625972695,68481.52175966374,67645.05648067253,38.19751112255007,76.39502225,18.61062134,57.78440091,WIN,TAKE_PROFIT,7697.28662542
BTCUSDT,SHORT,67665.7,67933.70987064259,0.14360080483164092,67933.70987064259,67129.68025871481,38.48643312710007,-38.48643313,19.47218439,-57.95861752,LOSS,STOP_LOSS,7639.3280079
SOLUSDT,SHORT,84.24,83.50044281057993,103.29597382307139,84.60977859471004,83.50044281057993,38.19664003950007,76.39328008,17.32691239,59.06636769,WIN,TAKE_PROFIT,7698.39437559
SOLUSDT,SHORT,83.5,83.98503068415472,79.35986966480492,83.98503068415472,82.52993863169056,38.49197187795007,-38.49197188,13.29159021,-51.78356208,LOSS,STOP_LOSS,7646.61081351
SOLUSDT,SHORT,83.92,83.08304866620091,91.3626695449595,84.33847566689955,83.08304866620091,38.23305406755007,76.46610814,15.25784435,61.20826379,WIN,TAKE_PROFIT,7707.8190773
ETHUSDT,SHORT,1970.53,1953.876143067372,4.628248644432004,1978.856928466314,1953.876143067372,38.53909538650007,77.07819077,18.16312741,58.91506336,WIN,TAKE_PROFIT,7766.73414066
ETHUSDT,SHORT,1954.01,1963.8712042603318,3.9380251821286074,1963.8712042603318,1934.2875914793367,38.83367070330007,-38.8336707,15.42871484,-54.26238555,LOSS,STOP_LOSS,7712.47175511
ETHUSDT,SHORT,1961.8,1972.1504039560223,3.72568635382709,1972.1504039560223,1941.0991920879553,38.562358775550074,-38.56235878,14.65666534,-53.21902411,LOSS,STOP_LOSS,7659.252731
BTCUSDT,SHORT,67314.1,66835.0780395598,0.159893561538629,67553.61098022011,66835.0780395598,38.296263655000075,76.59252731,21.44958985,55.14293746,WIN,TAKE_PROFIT,7714.39566846
BTCUSDT,SHORT,66894.8,67189.8984807416,0.13070883403183844,67189.8984807416,66304.60303851683,38.57197834230008,-38.57197834,17.5260546,-56.09803294,LOSS,STOP_LOSS,7658.29763552
ETHUSDT,SHORT,1947.86,1958.6817449388432,3.538383910727564,1958.6817449388432,1926.2165101223136,38.29148817760008,-38.29148818,13.82284446,-52.11433263,LOSS,STOP_LOSS,7606.18330289
ETHUSDT,SHORT,1950.01,1959.701357072576,3.9242096054914053,1959.701357072576,1930.6272858548477,38.03091651445008,-38.03091651,15.34252686,-53.37344338,LOSS,STOP_LOSS,7552.80985951
ETHUSDT,SHORT,1955.18,1932.3901043907447,3.3141046317222784,1966.5749478046278,1932.3901043907447,37.76404929755008,75.5280986,12.88381409,62.64428451,WIN,TAKE_PROFIT,7615.45414402
ETHUSDT,SHORT,1934.21,1948.0328425460218,2.754662841114323,1948.0328425460218,1906.5643149079567,38.077270720100074,-38.07727072,10.6942701,-48.77154082,LOSS,STOP_LOSS,7566.6826032
ETHUSDT,SHORT,1948.04,1963.6429966498772,2.4247530051413277,1963.6429966498772,1916.8340067002453,37.83341301600008,-37.83341302,9.4848651,-47.31827812,LOSS,STOP_LOSS,7519.36432508
BTCUSDT,SHORT,67070.8,67416.54580897646,0.1087412215832813,67416.54580897646,66379.30838204708,37.596821625400075,-37.59682163,14.62431827,-52.2211399,LOSS,STOP_LOSS,7467.14318518
BTCUSDT,SHORT,66733.5,65931.41057891626,0.09309614350842269,67134.54471054187,65931.41057891626,37.335715925900075,74.67143185,12.35059155,62.3208403,WIN,TAKE_PROFIT,7529.46402548
ETHUSDT,SHORT,1927.72,1946.2224221020217,2.0347238820849483,1946.2224221020217,1890.7151557959564,37.64732012740008,-37.64732013,7.88240316,-45.52972329,LOSS,STOP_LOSS,7483.93430219
BTCUSDT,SHORT,66198.4,66730.54806031157,0.07031815823784163,66730.54806031157,65134.10387937684,37.419671510950074,-37.41967151,9.3473188,-46.76699032,LOSS,STOP_LOSS,7437.16731187
BTCUSDT,LONG,67893.0,67335.90218931547,0.06674920605711678,67335.90218931547,69007.19562136906,37.18583655935007,-37.18583656,9.02642186,-46.21225842,LOSS,STOP_LOSS,7390.95505345
SOLUSDT,SHORT,82.75,83.63826864403043,41.603151834304555,83.63826864403043,80.97346271193912,36.95477526725008,-36.95477527,6.9222764,-43.87705167,LOSS,STOP_LOSS,7347.07800178
SOLUSDT,LONG,83.69,85.40075511560657,42.94640381171695,82.83462244219672,85.40075511560657,36.735390008900076,73.47078002,7.26183985,66.20894017,WIN,TAKE_PROFIT,7413.28694195
ETHUSDT,LONG,2020.06,2000.0358562002293,1.8510871216463574,2000.0358562002293,2060.108287599541,37.06643470975008,-37.06643471,7.44154767,-44.50798238,LOSS,STOP_LOSS,7368.77895957
BTCUSDT,LONG,68943.4,69780.17577973142,0.08806157083006268,68525.01211013428,69780.17577973142,36.843894797850076,73.6877896,12.21621599,61.4715736,WIN,TAKE_PROFIT,7430.25053317
SOLUSDT,LONG,86.62,85.81405362352388,46.09643240569954,85.81405362352388,88.23189275295225,37.15125266585007,-37.15125267,7.9485947,-45.09984736,LOSS,STOP_LOSS,7385.15068581
SOLUSDT,LONG,86.64,85.8854733842685,48.93896737261029,85.8854733842685,88.149053231463,36.925753429050076,-36.92575343,8.44321851,-45.36897194,LOSS,STOP_LOSS,7339.78171387
BTCUSDT,LONG,70410.0,71626.4500862934,0.06033771378351241,69801.7749568533,71626.4500862934,36.698908569350074,73.39781714,8.57015467,64.82766247,WIN,TAKE_PROFIT,7404.60937634
BTCUSDT,LONG,71157.8,70444.53861075616,0.05190670270396926,70444.53861075616,72584.32277848768,37.023046881700076,-37.02304688,7.35011049,-44.37315737,LOSS,STOP_LOSS,7360.23621897
BTCUSDT,SHORT,69697.5,70242.80288696567,0.06748759629649123,70242.80288696567,68606.89422606867,36.80118109485008,-36.80118109,9.44423467,-46.24541576,LOSS,STOP_LOSS,7313.99080321
BTCUSDT,LONG,70089.7,69729.6478770133,0.10156849989577879,69729.6478770133,70809.80424597341,36.569954016050076,-36.56995402,14.20124142,-50.77119544,LOSS,STOP_LOSS,7263.21960777
BTCUSDT,SHORT,69494.9,69879.88808826596,0.09433044591697101,69879.88808826596,68724.92382346808,36.31609803885008,-36.31609804,13.14728591,-49.46338395,LOSS,STOP_LOSS,7213.75622382
BTCUSDT,LONG,69907.0,69547.74523644066,0.10039889453864778,69547.74523644066,70625.50952711866,36.06878111910007,-36.06878112,14.00110226,-50.06988338,LOSS,STOP_LOSS,7163.68634044
BTCUSDT,SHORT,69500.0,69849.34189706262,0.10253116503738102,69849.34189706262,68801.31620587474,35.81843170220008,-35.8184317,14.28765037,-50.10608207,LOSS,STOP_LOSS,7113.58025837
ETHUSDT,LONG,2049.88,2030.3137295256415,1.817817112283178,2030.3137295256415,2089.0125409487173,35.56790129185008,-35.56790129,7.41704598,-42.98494727,LOSS,STOP_LOSS,7070.5953111
BTCUSDT,LONG,70024.8,69319.80626688474,0.05014651179845292,69319.80626688474,71434.78746623054,35.35297655550008,-35.35297656,6.98764594,-42.3406225,LOSS,STOP_LOSS,7028.2546886
SOLUSDT,SHORT,85.15,85.63971805039391,71.75817475940273,85.63971805039391,84.17056389921218,35.141273443000074,-35.14127344,12.25555843,-47.39683188,LOSS,STOP_LOSS,6980.85785672
BTCUSDT,LONG,69782.6,70348.15959415516,0.12343275454725765,69499.82020292243,70348.15959415516,34.90428928360008,69.80857857,17.29672565,52.51185291,WIN,TAKE_PROFIT,7033.36970963
BTCUSDT,LONG,69914.9,70687.59102965861,0.09102434789151637,69528.55448517068,70687.59102965861,35.16684854815008,70.3336971,12.79825006,57.53544704,WIN,TAKE_PROFIT,7090.90515667
SOLUSDT,LONG,86.94,86.33137092781922,58.25309273563515,86.33137092781922,88.15725814436153,35.45452578335008,-35.45452578,10.09359324,-45.54811902,LOSS,STOP_LOSS,7045.35703765
ETHUSDT,LONG,2064.54,2047.6260900359082,2.082710932187565,2047.6260900359082,2098.3678199281835,35.226785188250076,-35.22678519,8.56445327,-43.79123846,LOSS,STOP_LOSS,7001.56579919
ETHUSDT,LONG,2067.5,2044.936344894311,1.55151409786989,2044.936344894311,2112.627310211378,35.00782899595008,-35.007829,6.38050297,-41.38833196,LOSS,STOP_LOSS,6960.17746723
ETHUSDT,LONG,2060.78,2097.343859733691,1.9035674892978414,2042.498070133155,2097.343859733691,34.800887336150076,69.60177467,7.9152694,61.68650528,WIN,TAKE_PROFIT,7021.86397251
BTCUSDT,LONG,71449.1,70998.65785707023,0.077944127594702,70998.65785707023,72349.98428585958,35.10931986255008,-35.10931986,11.10296621,-46.21228608,LOSS,STOP_LOSS,6975.65168643
BTCUSDT,LONG,71117.8,71953.64072925216,0.08345670942203628,70699.87963537393,71953.64072925216,34.878258432150076,69.75651686,11.94027166,57.81624521,WIN,TAKE_PROFIT,7033.46793164
BTCUSDT,LONG,71890.0,72639.54696254974,0.0938362542049973,71515.22651872513,72639.54696254974,35.16733965820008,70.33467932,13.56211131,56.77256801,WIN,TAKE_PROFIT,7090.24049965
BTCUSDT,LONG,72735.3,73514.14379544294,0.09103546232422245,72345.87810227853,73514.14379544294,35.451202498250076,70.902405,13.31388573,57.58851927,WIN,TAKE_PROFIT,7147.82901892
BTCUSDT,LONG,73344.8,72880.69838554709,0.0770071552901836,72880.69838554709,74273.00322890581,35.739145094600076,-35.73914509,11.26040966,-46.99955476,LOSS,STOP_LOSS,7100.82946416
BTCUSDT,LONG,72899.9,72335.38371102294,0.06289304314873925,72335.38371102294,74028.93257795411,35.50414732080007,-35.50414732,9.13428897,-44.63843629,LOSS,STOP_LOSS,7056.19102787
ETHUSDT,LONG,2150.39,2124.6833240513615,1.3724432987695943,2124.6833240513615,2201.8033518972766,35.28095513935008,-35.28095514,5.86729574,-41.14825087,LOSS,STOP_LOSS,7015.042777
BTCUSDT,SHORT,70810.7,71271.55291538111,0.07610934576814721,71271.55291538111,69888.99416923776,35.075213885000075,-35.07521388,10.81378731,-45.8890012,LOSS,STOP_LOSS,6969.1537758
BTCUSDT,LONG,71236.6,70962.70304511687,0.12722218432062155,70962.70304511687,71784.3939097663,34.845768879000076,-34.84576888,18.09090594,-52.93667482,LOSS,STOP_LOSS,6916.21710098
BTCUSDT,LONG,71070.1,70787.60288073852,0.12241217041541269,70787.60288073852,71635.09423852297,34.581085504900074,-34.5810855,17.3651093,-51.9461948,LOSS,STOP_LOSS,6864.27090618
BTCUSDT,SHORT,70669.9,70935.80072691428,0.12907582062369696,70935.80072691428,70138.0985461714,34.321354530900074,-34.32135453,18.27787203,-52.59922656,LOSS,STOP_LOSS,6811.67167962
ETHUSDT,LONG,2092.69,2085.8571511406367,4.984503403939484,2085.8571511406367,2106.3556977187263,34.058358398100076,-34.0583584,20.8279825,-54.8863409,LOSS,STOP_LOSS,6756.78533872
BTCUSDT,LONG,71035.5,70828.6249127685,0.1633059211996615,70828.6249127685,71449.250174463,33.78392669360008,-33.78392669,23.1672516,-56.9511783,LOSS,STOP_LOSS,6699.83416042
SOLUSDT,LONG,87.59,88.35304291439573,87.80415929457682,87.20847854280214,88.35304291439573,33.49917080210008,66.9983416,15.44853097,51.54981064,WIN,TAKE_PROFIT,6751.38397106
ETHUSDT,LONG,2100.82,2119.689750996857,3.5778871550475873,2091.3851245015717,2119.689750996857,33.75691985530008,67.51383971,15.10050763,52.41333208,WIN,TAKE_PROFIT,6803.79730314
BTCUSDT,LONG,71779.8,71557.52013438332,0.1530457399788247,71557.52013438332,72224.35973123339,34.01898651570008,-34.01898652,21.93716623,-55.95615274,LOSS,STOP_LOSS,6747.8411504
BTCUSDT,LONG,71588.0,71326.70272926596,0.12912192177599094,71326.70272926596,72110.59454146808,33.73920575200008,-33.73920575,18.45342107,-52.19262682,LOSS,STOP_LOSS,6695.64852358
SOLUSDT,SHORT,87.66,88.09644519594954,76.70663562939181,88.09644519594954,86.7871096081009,33.47824261790008,-33.47824262,13.4816856,-46.95992822,LOSS,STOP_LOSS,6648.68859536
BTCUSDT,LONG,71788.0,71525.4891424337,0.12663644957391545,71525.4891424337,72313.0217151326,33.24344297680008,-33.24344298,18.14871144,-51.39215442,LOSS,STOP_LOSS,6597.29644094
ETHUSDT,SHORT,2098.05,2108.9875106185327,3.015904016477692,2108.9875106185327,2076.1749787629346,32.98648220470008,-32.9864822,12.68802133,-45.67450353,LOSS,STOP_LOSS,6551.62193741
ETHUSDT,LONG,2110.28,2133.9482340058466,2.7681076398820696,2098.4458829970768,2133.9482340058466,32.75810968705008,65.51621937,11.7484806,53.76773877,WIN,TAKE_PROFIT,6605.38967618
BTCUSDT,LONG,71810.0,72364.23993934579,0.11917924363186189,71532.8800303271,72364.23993934579,33.02694838090007,66.05389676,17.18257687,48.87131989,WIN,TAKE_PROFIT,6654.26099607
BTCUSDT,LONG,72350.1,73112.23918244657,0.08731031220188569,71969.03040877671,73112.23918244657,33.27130498035008,66.54260996,12.70036225,53.84224771,WIN,TAKE_PROFIT,6708.10324378
BTCUSDT,LONG,72715.6,72278.16752243553,0.07667587099532655,72278.16752243553,73590.46495512896,33.54051621890008,-33.54051622,11.11752341,-44.65803963,LOSS,STOP_LOSS,6663.44520415
BTCUSDT,LONG,72288.3,73237.19445471039,0.0702232494991636,71813.85277264481,73237.19445471039,33.317226020750084,66.63445204,10.21927311,56.41517894,WIN,TAKE_PROFIT,6719.86038309
BTCUSDT,LONG,73747.1,73193.87573290693,0.06073360102585236,73193.87573290693,74853.54853418615,33.599301915450084,-33.59930192,8.92425459,-42.52355651,LOSS,STOP_LOSS,6677.33682658
ETHUSDT,LONG,2242.6,2283.9502512173203,1.6148237628561428,2221.9248743913395,2283.9502512173203,33.38668413290008,66.77336827,7.30958091,59.46378736,WIN,TAKE_PROFIT,6736.80061394
BTCUSDT,LONG,73560.1,74379.95583337365,0.08217055169588237,73150.17208331318,74379.95583337365,33.68400306970008,67.36800614,12.15631601,55.21169013,WIN,TAKE_PROFIT,6792.01230407
BTCUSDT,LONG,74045.7,73600.54709491192,0.07628853172064823,73600.54709491192,74936.00581017614,33.96006152035008,-33.96006152,11.2637154,-45.22377693,LOSS,STOP_LOSS,6746.78852714
ETHUSDT,LONG,2279.64,2254.930181615306,1.3652039893824528,2254.930181615306,2329.059636769388,33.73394263570008,-33.73394264,6.1906133,-39.92455594,LOSS,STOP_LOSS,6706.8639712
ETHUSDT,LONG,2286.84,2342.2719317042174,1.2099278818186625,2259.1240341478915,2342.2719317042174,33.53431985600008,67.06863971,5.60089159,61.46774812,WIN,TAKE_PROFIT,6768.33171932
BTCUSDT,LONG,74217.7,75286.09392113563,0.0633505262939506,73683.50303943218,75286.09392113563,33.841658596600084,67.68331719,9.47114403,58.21217317,WIN,TAKE_PROFIT,6826.54389249
ETHUSDT,LONG,2366.2,2339.520739911796,1.2793727918092457,2339.520739911796,2419.558520176407,34.13271946245008,-34.13271946,6.02037108,-40.15309054,LOSS,STOP_LOSS,6786.39080195
ETHUSDT,LONG,2334.25,2311.9766956193876,1.5234360124529054,2311.9766956193876,2378.796608761225,33.93195400975008,-33.93195401,7.07822907,-41.01018308,LOSS,STOP_LOSS,6745.38061887
ETHUSDT,SHORT,2309.6,2331.2895091212226,1.5549869250544337,2331.2895091212226,2266.2209817575545,33.72690309435008,-33.72690309,7.21652251,-40.9434256,LOSS,STOP_LOSS,6704.43719327
ETHUSDT,LONG,2327.24,2307.8981302374877,1.7331409206012707,2307.8981302374877,2365.923739525024,33.52218596635007,-33.52218597,8.03334757,-41.55553353,LOSS,STOP_LOSS,6662.88165974
BTCUSDT,SHORT,73857.3,74397.0399109793,0.06172307739528602,74397.0399109793,72777.82017804141,33.31440829870008,-33.3144083,9.1507141,-42.4651224,LOSS,STOP_LOSS,6620.41653734
ETHUSDT,LONG,2328.17,2306.377454192187,1.5189635473810614,2306.377454192187,2371.7550916156265,33.10208268670008,-33.10208269,7.03970864,-40.14179133,LOSS,STOP_LOSS,6580.27474601
BTCUSDT,SHORT,73691.8,74084.55338187992,0.08377107683342669,74084.55338187992,72906.29323624018,32.901373730050075,-32.90137373,12.37938425,-45.28075798,LOSS,STOP_LOSS,6534.99398803
ETHUSDT,LONG,2329.21,2315.4695726899195,2.378017015248048,2315.4695726899195,2356.6908546201607,32.67496994015008,-32.67496994,11.04512705,-43.72009699,LOSS,STOP_LOSS,6491.27389104
BTCUSDT,SHORT,73911.2,74208.97527624076,0.10899618620102791,74208.97527624076,73315.64944751849,32.456369455200075,-32.45636946,16.1445342,-48.60090366,LOSS,STOP_LOSS,6442.67298738
BTCUSDT,LONG,74204.0,73948.72681040522,0.12619172811698806,73948.72681040522,74714.54637918955,32.21336493690008,-32.21336494,18.69564862,-50.90901356,LOSS,STOP_LOSS,6391.76397382
BTCUSDT,SHORT,73837.6,73308.87193523448,0.12088944014451884,74101.96403238278,73308.87193523448,31.958819869100076,63.91763974,17.78845461,46.12918513,WIN,TAKE_PROFIT,6437.89315895
ETHUSDT,SHORT,2180.26,2204.179295406179,1.3457530938154354,2204.179295406179,2132.4214091876433,32.18946579475008,-32.18946579,5.90037275,-38.08983854,LOSS,STOP_LOSS,6399.80332041
BTCUSDT,SHORT,70835.9,70122.14930023103,0.08966440694883558,71192.77534988447,70122.14930023103,31.999016602050077,63.9980332,12.6389199,51.35911331,WIN,TAKE_PROFIT,6451.16243372
SOLUSDT,SHORT,89.41,90.0138747976479,53.41473479972453,90.0138747976479,88.20225040470419,32.25581216860008,-32.25581217,9.58387869,-41.83969086,LOSS,STOP_LOSS,6409.32274286
BTCUSDT,SHORT,69773.1,70136.77277123374,0.08811936512481876,70136.77277123374,69045.75445753254,32.04661371430008,-32.04661371,12.32876916,-44.37538288,LOSS,STOP_LOSS,6364.94735998
BTCUSDT,SHORT,69478.4,70004.75534525722,0.06046245580416333,70004.75534525722,68425.68930948555,31.82473679990008,-31.8247368,8.43349412,-40.25823092,LOSS,STOP_LOSS,6324.68912906
BTCUSDT,SHORT,70036.9,70466.3823535384,0.07363153662720112,70466.3823535384,69177.93529292317,31.62344564530008,-31.62344565,10.34547258,-41.96891823,LOSS,STOP_LOSS,6282.72021083
BTCUSDT,LONG,70540.4,70170.06845631095,0.08482561528846598,70170.06845631095,71281.06308737808,31.41360105415008,-31.41360105,11.93585206,-43.34945312,LOSS,STOP_LOSS,6239.37075771
BTCUSDT,LONG,70696.1,70343.86864906052,0.08856921368679926,70343.86864906052,71400.562701879,31.19685378855008,-31.19685379,12.49179912,-43.68865291,LOSS,STOP_LOSS,6195.6821048
BTCUSDT,SHORT,70244.0,70566.55203755232,0.09604158993717492,70566.55203755232,69598.89592489536,30.97841052400008,-30.97841052,13.5236693,-44.50207982,LOSS,STOP_LOSS,6151.18002498
BTCUSDT,LONG,70819.5,70465.27528394724,0.08682595745328689,70465.27528394724,71527.94943210552,30.755900124900077,-30.75590012,12.26718589,-43.02308601,LOSS,STOP_LOSS,6108.15693897
BTCUSDT,SHORT,70471.1,69729.9293730838,0.08241229100489644,70841.6853134581,69729.9293730838,30.540784694850075,61.08156939,11.55428803,49.52728136,WIN,TAKE_PROFIT,6157.68422033
BTCUSDT,SHORT,69781.2,70243.06973773114,0.06666039921319009,70243.06973773114,68857.46052453769,30.78842110165008,-30.7884211,9.33407372,-40.12249482,LOSS,STOP_LOSS,6117.56172551
ETHUSDT,LONG,2159.65,2143.073150151167,1.8452123839260455,2143.073150151167,2192.803699697667,30.58780862755008,-30.58780863,7.93943804,-38.52724667,LOSS,STOP_LOSS,6079.03447884
SOLUSDT,LONG,89.83,89.3499584920807,63.31780042510446,89.3499584920807,90.79008301583859,30.39517239420008,-30.39517239,11.34528085,-41.74045325,LOSS,STOP_LOSS,6037.29402559
SOLUSDT,SHORT,89.64,89.99921343610397,84.0349137697974,89.99921343610397,88.92157312779206,30.186470127950077,-30.18647013,15.09596581,-45.28243594,LOSS,STOP_LOSS,5992.01158965
BTCUSDT,SHORT,70337.5,70004.238247748,0.17979895830107187,70504.130876126,70004.238247748,29.96005794825008,59.9201159,25.23329834,34.68681755,WIN,TAKE_PROFIT,6026.6984072
BTCUSDT,SHORT,68881.5,68243.2134285639,0.09441994672769548,69200.64328571805,68243.2134285639,30.133492036000078,60.26698407,12.94730814,47.31967594,WIN,TAKE_PROFIT,6074.01808314
BTCUSDT,SHORT,68652.2,69026.65447959532,0.08110489277233521,69026.65447959532,67903.29104080933,30.37009041570008,-30.37009042,11.16642873,-41.53651915,LOSS,STOP_LOSS,6032.48156399
BTCUSDT,SHORT,68860.3,69252.43987390996,0.07691747212341979,69252.43987390996,68076.0202521801,30.16240781995008,-30.16240782,10.62328282,-40.78569064,LOSS,STOP_LOSS,5991.69587335
BTCUSDT,SHORT,69314.7,68518.85307711062,0.07528703951755825,69712.62346144469,68518.85307711062,29.95847936675008,59.91695873,10.37708016,49.53987858,WIN,TAKE_PROFIT,6041.23575193
BTCUSDT,SHORT,68581.1,68883.99968764924,0.0997233737481746,68883.99968764924,67975.30062470153,30.20617875965008,-30.20617876,13.70848351,-43.91466227,LOSS,STOP_LOSS,5997.32108966
ETHUSDT,SHORT,2075.27,2047.8000200531383,2.183227327162703,2089.004989973431,2047.8000200531383,29.98660544830008,59.9732109,9.00159914,50.97161176,WIN,TAKE_PROFIT,6048.29270142
BTCUSDT,SHORT,67751.6,68100.59730271234,0.08665242760350816,68100.59730271234,67053.60539457534,30.24146350710008,-30.24146351,11.77192269,-42.0133862,LOSS,STOP_LOSS,6006.27931522
SOLUSDT,SHORT,86.46,87.19920036543742,40.62686922283727,87.19920036543742,84.98159926912513,30.03139657610008,-30.03139658,7.05522962,-37.0866262,LOSS,STOP_LOSS,5969.19268902
BTCUSDT,LONG,68864.2,68483.00749352583,0.07829630157518062,68483.00749352583,69626.58501294833,29.84596344510008,-29.84596345,10.75377838,-40.59974182,LOSS,STOP_LOSS,5928.5929472
ETHUSDT,SHORT,2032.61,2049.236347726074,1.7828909405949953,2049.236347726074,1999.3573045478513,29.642964736000078,-29.64296474,7.27748687,-36.92045161,LOSS,STOP_LOSS,5891.67249559
ETHUSDT,SHORT,2046.73,2065.0652847096108,1.6066487619092638,2065.0652847096108,2010.0594305807783,29.458362477950075,-29.45836248,6.6062108,-36.06457328,LOSS,STOP_LOSS,5855.60792231
SOLUSDT,LONG,89.06,91.9789974296919,20.060339425951675,87.60050128515405,91.9789974296919,29.278039611550074,58.55607922,3.63170374,54.92437549,WIN,TAKE_PROFIT,5910.5322978
SOLUSDT,LONG,90.88,89.72421752567953,25.569397482320678,89.72421752567953,93.19156494864093,29.552661489000073,-29.55266149,4.61794102,-34.17060251,LOSS,STOP_LOSS,5876.36169529
BTCUSDT,SHORT,69829.8,68900.38118823268,0.06322619706949931,70294.50940588365,68900.38118823268,29.381808476450075,58.76361695,8.77138178,49.99223518,WIN,TAKE_PROFIT,5926.35393047
ETHUSDT,SHORT,2103.66,2121.534503413654,1.657767433679559,2121.534503413654,2067.9109931726916,29.631769652350073,-29.63176965,7.00438985,-36.6361595,LOSS,STOP_LOSS,5889.71777097
BTCUSDT,SHORT,69493.5,69980.18872719916,0.06050805619502134,69980.18872719916,68520.12254560168,29.448588854850072,-29.44858885,8.4392818,-37.88787065,LOSS,STOP_LOSS,5851.82990032
SOLUSDT,LONG,89.98,91.55809083644631,37.08170509054935,89.19095458177685,91.55809083644631,29.259149501600074,58.518299,6.73174195,51.78655706,WIN,TAKE_PROFIT,5903.61645738
SOLUSDT,LONG,91.41,92.81614955866577,41.984271310241546,90.70692522066712,92.81614955866577,29.51808228690007,59.03616457,7.73460065,51.30156393,WIN,TAKE_PROFIT,5954.91802131
SOLUSDT,LONG,92.55,91.88978414856066,45.09826603169078,91.88978414856066,93.87043170287865,29.77459010655007,-29.77459011,8.31791445,-38.09250456,LOSS,STOP_LOSS,5916.82551675
SOLUSDT,LONG,92.14,93.28676826087803,51.595651175589026,91.56661586956098,93.28676826087803,29.584127583750075,59.16825517,9.56721485,49.60104031,WIN,TAKE_PROFIT,5966.42655706
SOLUSDT,LONG,93.07,92.50017225002259,52.35289574170925,92.50017225002259,94.2096554999548,29.83213278530007,-29.83213279,9.71513588,-39.54726867,LOSS,STOP_LOSS,5926.87928839
SOLUSDT,LONG,92.55,91.93418674682931,48.122375232051375,91.93418674682931,93.78162650634137,29.63439644195007,-29.63439644,8.87781726,-38.5122137,LOSS,STOP_LOSS,5888.36707469
BTCUSDT,LONG,71475.3,70951.0966716933,0.05616491499310737,70951.0966716933,72523.70665661342,29.441835373450072,-29.44183537,7.99936646,-37.44120184,LOSS,STOP_LOSS,5850.92587285
BTCUSDT,LONG,71128.4,70739.55404471181,0.07523449573384042,70739.55404471181,71906.09191057636,29.25462936425007,-29.25462936,10.67336398,-39.92799335,LOSS,STOP_LOSS,5810.9978795
SOLUSDT,SHORT,90.82,89.76831384771546,55.25410662560373,91.34584307614226,89.76831384771546,29.054989397500073,58.1099788,9.97824595,48.13173285,WIN,TAKE_PROFIT,5859.12961235
ETHUSDT,SHORT,2067.33,2081.0103630483136,2.141437910550274,2081.0103630483136,2039.9692739033726,29.29564806175007,-29.29564806,8.88341332,-38.17906138,LOSS,STOP_LOSS,5820.95055097
BTCUSDT,SHORT,69518.9,69823.71910779232,0.09548204824048853,69823.71910779232,68909.26178441533,29.104752754850068,-29.10475275,13.30471868,-42.40947143,LOSS,STOP_LOSS,5778.54107954
ETHUSDT,SHORT,2080.07,2052.84752752515,2.122709862184101,2093.6812362374253,2052.84752752515,28.89270539770007,57.7854108,8.7729848,49.012426,WIN,TAKE_PROFIT,5827.55350554
ETHUSDT,SHORT,2064.7,2033.0239864177736,1.8397370270133788,2080.538006791113,2033.0239864177736,29.13776752770007,58.27553506,7.53873454,50.73680051,WIN,TAKE_PROFIT,5878.29030605
BTCUSDT,SHORT,67780.5,67044.31714386152,0.07984823684816023,68148.59142806924,67044.31714386152,29.39145153025007,58.78290306,10.76552393,48.01737913,WIN,TAKE_PROFIT,5926.30768518
BTCUSDT,SHORT,66846.6,65965.21216571369,0.06723836493589379,67287.29391714316,65965.21216571369,29.63153842590007,59.26307685,8.93004909,50.33302776,WIN,TAKE_PROFIT,5976.64071294
BTCUSDT,SHORT,66153.9,66624.3195298223,0.06352458108188669,66624.3195298223,65213.06094035538,29.88320356470007,-29.88320356,8.43468077,-38.31788434,LOSS,STOP_LOSS,5938.3228286
SOLUSDT,LONG,83.76,83.17557029177259,50.804423055520324,83.17557029177259,84.92885941645484,29.69161414300007,-29.69161414,8.48106534,-38.17267948,LOSS,STOP_LOSS,5900.15014912
SOLUSDT,SHORT,83.19,82.22919679321072,61.40851849190411,83.67040160339464,82.22919679321072,29.500750745600072,59.00150149,10.15814781,48.84335369,WIN,TAKE_PROFIT,5948.99350281
BTCUSDT,SHORT,66359.5,66590.98777375687,0.1284947668350298,66590.98777375687,65896.52445248625,29.74496751405007,-29.74496751,17.08344193,-46.82840944,LOSS,STOP_LOSS,5902.16509337
BTCUSDT,LONG,66935.3,66698.77631036485,0.12476900522045516,66698.77631036485,67408.34737927032,29.510825466850076,-29.51082547,16.67339076,-46.18421623,LOSS,STOP_LOSS,5855.98087714
ETHUSDT,SHORT,2004.96,1989.4473722891087,3.774976739130097,2012.7163138554458,1989.4473722891087,29.279904385700075,58.55980877,15.07879492,43.48101385,WIN,TAKE_PROFIT,5899.46189099
ETHUSDT,SHORT,1988.52,1997.205865948829,3.3960125137467636,1997.205865948829,1971.148268102342,29.497309454950074,-29.49730945,13.53557492,-43.03288437,LOSS,STOP_LOSS,5856.42900662
ETHUSDT,SHORT,1994.14,2004.219878107156,2.905009834624078,2004.219878107156,1973.9802437856881,29.282145033100072,-29.28214503,11.61527477,-40.8974198,LOSS,STOP_LOSS,5815.53158682
BTCUSDT,SHORT,66274.5,65767.70651384785,0.11475150619978677,66527.89674307608,65767.70651384785,29.077657934100074,58.15531587,15.15204208,43.00327379,WIN,TAKE_PROFIT,5858.53486061
BTCUSDT,SHORT,65645.9,64993.02398387901,0.0897342637185241,65972.33800806048,64993.02398387901,29.292674303050077,58.58534861,11.72278766,46.86256095,WIN,TAKE_PROFIT,5905.39742156
BTCUSDT,SHORT,65820.3,66232.5138646276,0.07163026196237987,66232.5138646276,64995.8722707448,29.52698710780008,-29.52698711,9.45897765,-38.98596476,LOSS,STOP_LOSS,5866.4114568
BTCUSDT,SHORT,66061.3,66501.00573143992,0.06670838059796419,66501.00573143992,65181.888537120176,29.33205728400008,-29.33205728,8.84301674,-38.17507403,LOSS,STOP_LOSS,5828.23638277
BTCUSDT,LONG,67087.0,66553.2245120719,0.0545944551087654,66553.2245120719,68154.5509758562,29.141181913850076,-29.14118191,7.29601524,-36.43719715,LOSS,STOP_LOSS,5791.79918562
SOLUSDT,SHORT,82.78,83.45983408749404,42.597151953422866,83.45983408749404,81.42033182501193,28.958995928100077,-28.95899593,7.08134347,-36.0403394,LOSS,STOP_LOSS,5755.75884622
BTCUSDT,SHORT,66749.2,67104.02026143111,0.08110809150251105,67104.02026143111,66039.55947713777,28.778794231100072,-28.77879423,10.85657924,-39.63537347,LOSS,STOP_LOSS,5716.12347275
SOLUSDT,SHORT,82.68,83.245190121075,50.56814742159603,83.245190121075,81.54961975785001,28.580617363750076,-28.58061736,8.39052947,-36.97114684,LOSS,STOP_LOSS,5679.15232591
SOLUSDT,SHORT,82.82,81.6724051128593,49.487431405867795,83.39379744357035,81.6724051128593,28.395761629550076,56.79152326,8.14030661,48.65121664,WIN,TAKE_PROFIT,5727.80354255
BTCUSDT,SHORT,66403.9,66781.59583281325,0.07582561210546959,66781.59583281325,65648.50833437349,28.639017712750075,-28.63901771,10.09887175,-38.73788946,LOSS,STOP_LOSS,5689.06565309
BTCUSDT,SHORT,66610.0,67009.93949353693,0.0711240793298216,67009.93949353693,65810.12101292612,28.445328265450076,-28.44532827,9.50359518,-37.94892344,LOSS,STOP_LOSS,5651.11672965
SOLUSDT,SHORT,81.24,81.95502164322228,39.51710261652323,81.95502164322228,79.80995671355542,28.255583648250077,-28.25558365,6.44899442,-34.70457807,LOSS,STOP_LOSS,5616.41215158
ETHUSDT,LONG,2074.36,2057.860020367969,1.701945177155512,2057.860020367969,2107.359959264063,28.082060757900077,-28.08206076,7.03281193,-35.11487269,LOSS,STOP_LOSS,5581.29727889
BTCUSDT,SHORT,66555.9,67098.80235387658,0.051402404493523096,67098.80235387658,65470.09529224682,27.906486394450077,-27.90648639,6.87017307,-34.77665947,LOSS,STOP_LOSS,5546.52061942
ETHUSDT,LONG,2074.71,2120.847773240004,1.2021647838458995,2051.6411133799984,2120.847773240004,27.73260309710008,55.46520619,5.0437518,50.42145439,WIN,TAKE_PROFIT,5596.94207381
ETHUSDT,LONG,2096.38,2129.8059907867155,1.6744281746270369,2079.6670046066424,2129.8059907867155,27.984710369050077,55.96942074,7.07644489,48.89297584,WIN,TAKE_PROFIT,5645.83504965
BTCUSDT,LONG,68552.9,68172.7855194842,0.07426492989676163,68172.7855194842,69313.1289610316,28.229175248250076,-28.22917525,10.15392345,-38.3830987,LOSS,STOP_LOSS,5607.45195095
ETHUSDT,LONG,2132.21,2116.7296634946256,1.8111531196376962,2116.7296634946256,2163.170673010749,28.037259754750075,-28.03725975,7.69548033,-35.73274008,LOSS,STOP_LOSS,5571.71921087
SOLUSDT,SHORT,82.72,83.37713148909103,42.39424912186978,83.37713148909103,81.40573702181796,27.858596054350073,-27.85859605,7.04156317,-34.90015923,LOSS,STOP_LOSS,5536.81905164
ETHUSDT,LONG,2130.47,2165.5642839199186,1.5776982554407966,2112.9228580400404,2165.5642839199186,27.684095258200074,55.36819052,6.7778458,48.59034472,WIN,TAKE_PROFIT,5585.40939636
ETHUSDT,LONG,2151.58,2133.1484791766247,1.5151786577688522,2133.1484791766247,2188.44304164675,27.92704698180007,-27.92704698,6.49212915,-34.41917613,LOSS,STOP_LOSS,5550.99022023
ETHUSDT,LONG,2139.28,2120.437183575764,1.4729725363905914,2120.437183575764,2176.9656328484734,27.754951101150073,-27.7549511,6.27444642,-34.02939753,LOSS,STOP_LOSS,5516.9608227
SOLUSDT,SHORT,80.81,79.14194309639431,33.07417637116861,81.64402845180285,79.14194309639431,27.584804113500073,55.16960823,5.29027878,49.87932945,WIN,TAKE_PROFIT,5566.84015215
SOLUSDT,SHORT,79.1,77.19259379229916,29.185393911767953,80.05370310385041,77.19259379229916,27.834200760750072,55.66840152,4.56146092,51.10694061,WIN,TAKE_PROFIT,5617.94709276
BTCUSDT,SHORT,65826.6,66174.28840865652,0.08078996815666105,66174.28840865652,65131.223182686976,28.08973546380007,-28.08973546,10.66434757,-38.75408303,LOSS,STOP_LOSS,5579.19300973
BTCUSDT,SHORT,66227.3,66598.3678080382,0.07517754018095471,66598.3678080382,65485.16438392361,27.89596504865007,-27.89596505,9.98550698,-37.88147203,LOSS,STOP_LOSS,5541.3115377
BTCUSDT,LONG,67201.9,66769.03878893472,0.06400794753661126,66769.03878893472,68067.62242213055,27.70655768850007,-27.70655769,8.57520482,-36.28176251,LOSS,STOP_LOSS,5505.02977519
SOLUSDT,SHORT,78.56,79.35408122029874,34.662888596703986,79.35408122029874,76.97183755940252,27.525148875950073,-27.52514888,5.47375821,-32.99890708,LOSS,STOP_LOSS,5472.03086811
BTCUSDT,SHORT,66793.9,66265.44247391602,0.10354722182990343,67058.12876304198,66265.44247391602,27.36015434055007,54.72030868,13.77792525,40.94238343,WIN,TAKE_PROFIT,5512.97325154
ETHUSDT,SHORT,2043.07,2055.005907906664,2.3094067475428295,2055.005907906664,2019.1981841866716,27.564866257700068,-27.56486626,9.46412415,-37.02899041,LOSS,STOP_LOSS,5475.94426113
BTCUSDT,SHORT,66602.1,66891.80578320024,0.09450871502529169,66891.80578320024,66022.68843359953,27.37972130565007,-27.37972131,12.6163375,-39.9960588,LOSS,STOP_LOSS,5435.94820233
ETHUSDT,LONG,2068.28,2058.295860548279,2.722291805225598,2058.295860548279,2088.2482789034425,27.179741011650066,-27.17974101,11.23374365,-38.41348466,LOSS,STOP_LOSS,5397.53471767
SOLUSDT,LONG,80.01,79.5452659902443,58.07122573735603,79.5452659902443,80.93946801951141,26.987673588350066,-26.98767359,9.26556987,-36.25324346,LOSS,STOP_LOSS,5361.28147421
BTCUSDT,SHORT,66690.4,66968.42471424706,0.09641735427602778,66968.42471424706,66134.35057150587,26.806407371050067,-26.80640737,12.88703025,-39.69343763,LOSS,STOP_LOSS,5321.58803658
SOLUSDT,LONG,80.42,79.85204322618915,46.8485303984798,79.85204322618915,81.5559135476217,26.60794018290007,-26.60794018,7.50850969,-34.11644987,LOSS,STOP_LOSS,5287.47158671
ETHUSDT,SHORT,2046.55,2055.896246994628,2.828660311325483,2055.896246994628,2027.8575060107435,26.43735793355007,-26.43735793,11.60442688,-38.04178481,LOSS,STOP_LOSS,5249.4298019
SOLUSDT,LONG,80.32,79.95295940166865,71.51020657885365,79.95295940166865,81.05408119666266,26.24714900950007,-26.24714901,11.46115244,-37.70830145,LOSS,STOP_LOSS,5211.72150045
ETHUSDT,SHORT,2051.09,2057.3830135598064,4.140878969129859,2057.3830135598064,2038.503972880388,26.05860750225007,-26.0586075,17.0126895,-43.071297,LOSS,STOP_LOSS,5168.65020345
SOLUSDT,SHORT,80.0,80.22230098107008,116.25342764053114,80.22230098107008,79.55539803785983,25.84325101725007,-25.84325102,18.62639167,-44.46964269,LOSS,STOP_LOSS,5124.18056076
SOLUSDT,SHORT,80.09,79.67334188962123,122.98285892243057,80.2983290551894,79.67334188962123,25.620902803800067,51.24180561,19.64815254,31.59365307,WIN,TAKE_PROFIT,5155.77421383
ETHUSDT,SHORT,2048.38,2052.6534293175073,6.0323616360144765,2052.6534293175073,2039.8331413649857,25.778871069150068,-25.77887107,24.73891673,-50.5177878,LOSS,STOP_LOSS,5105.25642603
ETHUSDT,LONG,2055.69,2066.0160158638646,4.944071840811015,2050.526992068068,2066.0160158638646,25.526282130150065,51.05256426,20.37801065,30.67455361,WIN,TAKE_PROFIT,5135.93097964
SOLUSDT,LONG,81.17,80.75651531262044,62.10545561177462,80.75651531262044,81.99696937475913,25.679654898200067,-25.6796549,10.05652001,-35.73617491,LOSS,STOP_LOSS,5100.19480473
BTCUSDT,LONG,67325.0,67187.46890870141,0.18541970243139502,67187.46890870141,67600.06218259719,25.500974023650066,-25.50097402,24.94126196,-50.44223598,LOSS,STOP_LOSS,5049.75256875
ETHUSDT,SHORT,2055.69,2046.2075203026154,5.325350256370982,2060.4312398486923,2046.2075203026154,25.248762843750065,50.49752569,21.84404101,28.65348468,WIN,TAKE_PROFIT,5078.40605343
BTCUSDT,SHORT,66620.2,66776.01121148457,0.162966644217796,66776.01121148457,66308.57757703085,25.392030267150062,-25.39203027,21.73913289,-47.13116316,LOSS,STOP_LOSS,5031.27489027
BTCUSDT,SHORT,66792.0,66955.03339153517,0.15430197589874545,66955.03339153517,66465.93321692967,25.15637445135006,-25.15637445,20.63743152,-45.79380597,LOSS,STOP_LOSS,4985.4810843
SOLUSDT,SHORT,79.79,80.09070144073337,82.89752573418401,80.09070144073337,79.18859711853328,24.927405421500062,-24.92740542,13.25371456,-38.18111998,LOSS,STOP_LOSS,4947.29996432
SOLUSDT,SHORT,79.79,79.20302080753854,84.28407732093169,80.08348959623073,79.20302080753854,24.73649982160006,49.47299964,13.40058006,36.07241958,WIN,TAKE_PROFIT,4983.3723839
BTCUSDT,SHORT,66751.4,66888.21833962912,0.1821163886876778,66888.21833962912,66477.76332074175,24.91686191950006,-24.91686192,24.33796468,-49.2548266,LOSS,STOP_LOSS,4934.1175573
SOLUSDT,SHORT,79.16,79.55929931857078,61.78469794239436,79.55929931857078,78.36140136285842,24.67058778650006,-24.67058779,9.80642397,-34.47701175,LOSS,STOP_LOSS,4899.64054555
SOLUSDT,SHORT,79.41,79.89189740149642,50.83696789332467,79.89189740149642,78.44620519700716,24.49820272775006,-24.49820273,8.09842544,-32.59662817,LOSS,STOP_LOSS,4867.04391738
SOLUSDT,SHORT,79.64,80.06651185346607,57.05637343754632,80.06651185346607,78.78697629306787,24.335219586900056,-24.33521959,9.11227438,-33.44749397,LOSS,STOP_LOSS,4833.59642341
BTCUSDT,LONG,67524.4,67316.10303942593,0.11602657115324055,67316.10303942593,67940.99392114811,24.167982117050055,-24.16798212,15.64508122,-39.81306334,LOSS,STOP_LOSS,4793.78336007
SOLUSDT,SHORT,79.42,79.9069656782314,49.22095718819887,79.9069656782314,78.4460686435372,23.96891680035006,-23.9689168,7.84222576,-31.81114256,LOSS,STOP_LOSS,4761.97221751
ETHUSDT,LONG,2069.38,2092.794955346064,2.03373106936568,2057.672522326968,2092.794955346064,23.809861087550058,47.61972218,8.46474452,39.15497765,WIN,TAKE_PROFIT,4801.12719516
BTCUSDT,LONG,69092.4,69754.71276643236,0.07249033143392242,68761.24361678382,69754.71276643236,24.005635975800054,48.01127195,10.06507322,37.94619873,WIN,TAKE_PROFIT,4839.07339389
BTCUSDT,LONG,69604.0,70241.83570341945,0.07586708250961256,69285.08214829027,70241.83570341945,24.195366969450056,48.39073394,10.60969556,37.78103838,WIN,TAKE_PROFIT,4876.85443227
BTCUSDT,LONG,69899.9,69532.64056626953,0.06639522343555755,69532.64056626953,70634.4188674609,24.384272161350054,-24.38427216,9.25765469,-33.64192685,LOSS,STOP_LOSS,4843.21250542
BTCUSDT,LONG,69612.1,69297.87293584025,0.07706548954290221,69297.87293584025,70240.5541283195,24.216062527100053,-24.21606253,10.70516507,-34.92122759,LOSS,STOP_LOSS,4808.29127783
ETHUSDT,LONG,2145.0,2168.3333319570643,2.0606963834731356,2133.333334021468,2168.3333319570643,24.041456389150053,48.08291278,8.8884704,39.19444238,WIN,TAKE_PROFIT,4847.48572021
BTCUSDT,LONG,69787.1,69402.77742634456,0.06306532653161251,69402.77742634456,70555.74514731088,24.237428601050052,-24.2374286,8.77805507,-33.01548367,LOSS,STOP_LOSS,4814.47023654
BTCUSDT,LONG,69710.5,69285.55984904172,0.056648803668974866,69285.55984904172,70560.38030191655,24.07235118270005,-24.07235118,7.87396051,-31.94631169,LOSS,STOP_LOSS,4782.52392485
SOLUSDT,SHORT,81.15,80.2941500735406,55.88040352629388,81.5779249632297,80.2941500735406,23.912619624250052,47.82523925,9.02156425,38.803675,WIN,TAKE_PROFIT,4821.32759985
SOLUSDT,SHORT,80.11,79.14720082871614,50.07615028813233,80.59139958564194,79.14720082871614,24.10663799925005,48.213276,7.97498752,40.23828848,WIN,TAKE_PROFIT,4861.56588833
SOLUSDT,SHORT,79.25,79.75961133304915,47.69876151734912,79.75961133304915,78.23077733390168,24.30782944165005,-24.30782944,7.58456153,-31.89239097,LOSS,STOP_LOSS,4829.67349736
BTCUSDT,LONG,68670.0,69461.49196568642,0.061019867626470214,68274.2540171568,69461.49196568642,24.14836748680005,48.29673497,8.42876535,39.86796962,WIN,TAKE_PROFIT,4869.54146698
BTCUSDT,LONG,69399.8,70249.67540812373,0.05729712167728853,68974.86229593815,70249.67540812373,24.34770733490005,48.69541467,8.00151298,40.69390169,WIN,TAKE_PROFIT,4910.23536867
BTCUSDT,LONG,70261.8,71318.85829996875,0.0464518879310177,69733.27085001563,71318.85829996875,24.55117684335005,49.10235369,6.57668887,42.52566481,WIN,TAKE_PROFIT,4952.76103348
BTCUSDT,LONG,71479.9,72730.80524235834,0.0395934149587741,70854.44737882081,72730.80524235834,24.76380516740005,49.52761033,5.70979429,43.81781604,WIN,TAKE_PROFIT,4996.57884952
BTCUSDT,LONG,72738.2,71988.41687255469,0.03332016063461276,71988.41687255469,74237.76625489062,24.98289424760005,-24.98289425,4.82231412,-29.80520837,LOSS,STOP_LOSS,4966.77364115
BTCUSDT,LONG,71989.3,71198.74423880079,0.031413177190789024,71198.74423880079,73570.41152239844,24.83386820575005,-24.83386821,4.49799141,-29.33185961,LOSS,STOP_LOSS,4937.44178154
BTCUSDT,LONG,71276.7,72398.15253984356,0.04402720227668952,70715.97373007821,72398.15253984356,24.68720890770005,49.37441782,6.32560179,43.04881602,WIN,TAKE_PROFIT,4980.49059756
ETHUSDT,LONG,2260.68,2246.92440362624,1.810350661008335,2246.92440362624,2288.1911927475194,24.902452987800054,-24.90245299,8.16034461,-33.0627976,LOSS,STOP_LOSS,4947.42779996
BTCUSDT,LONG,71560.9,71115.84152383788,0.05558177256417372,71115.84152383788,72451.01695232421,24.737138999800052,-24.737139,7.9302262,-32.6673652,LOSS,STOP_LOSS,4914.76043476
BTCUSDT,LONG,71476.4,71116.04159931283,0.0681926718703932,71116.04159931283,72197.11680137434,24.573802173800054,-24.57380217,9.72375958,-34.29756175,LOSS,STOP_LOSS,4880.46287301
ETHUSDT,SHORT,2192.51,2163.1301931375774,1.6611623404686753,2207.1999034312116,2163.1301931375774,24.402314365050056,48.80462873,7.23542546,41.56920327,WIN,TAKE_PROFIT,4922.03207628
SOLUSDT,SHORT,81.93,82.43380750695022,48.84833997487932,82.43380750695022,80.92238498609959,24.610160381400057,-24.61016038,8.02889915,-32.63905953,LOSS,STOP_LOSS,4889.39301675
ETHUSDT,SHORT,2177.83,2186.767170171108,2.7354257125798607,2186.767170171108,2159.9556596577845,24.446965083750055,-24.44696508,11.93903132,-36.38599641,LOSS,STOP_LOSS,4853.00702034
BTCUSDT,LONG,71294.3,71039.27358071141,0.09514714267403572,71039.27358071141,71804.35283857718,24.265035101700054,-24.2650351,13.54263283,-37.80766793,LOSS,STOP_LOSS,4815.19935241
ETHUSDT,SHORT,2179.22,2159.144047029564,2.3984910502135977,2189.257976485218,2159.144047029564,24.075996762050053,48.15199352,10.40552734,37.74646618,WIN,TAKE_PROFIT,4852.94581859
BTCUSDT,SHORT,70765.2,71061.88906166478,0.08178504780997242,71061.88906166478,70171.82187667044,24.264729092950056,-24.26472909,11.59933526,-35.86406435,LOSS,STOP_LOSS,4817.08175424
BTCUSDT,LONG,71300.5,72027.91772818878,0.06622167109171502,70936.7911359056,72027.91772818878,24.085408771200054,48.17081754,9.49144734,38.67937021,WIN,TAKE_PROFIT,4855.76112445
BTCUSDT,LONG,72045.3,72947.61528604032,0.053814461525513724,71594.14235697984,72947.61528604032,24.278805622250058,48.55761124,7.80271566,40.75489558,WIN,TAKE_PROFIT,4896.51602003
BTCUSDT,LONG,72592.1,72115.67943792715,0.05138858825410181,72115.67943792715,73544.94112414573,24.48258010015006,-24.4825801,7.43632849,-31.91890859,LOSS,STOP_LOSS,4864.59711144
ETHUSDT,SHORT,2185.12,2202.098932240282,1.4325391734289679,2202.098932240282,2151.1621355194357,24.32298555720006,-24.32298556,6.28486298,-30.60784854,LOSS,STOP_LOSS,4833.9892629
BTCUSDT,LONG,72263.3,71801.55344762716,0.0523446167389754,71801.55344762716,73186.79310474571,24.169946314500056,-24.16994631,7.54101954,-31.71096585,LOSS,STOP_LOSS,4802.27829705
SOLUSDT,SHORT,82.75,83.3553520102076,39.66517180147131,83.3553520102076,81.53929597958482,24.011391485250055,-24.01139149,6.58859732,-30.59998881,LOSS,STOP_LOSS,4771.67830824
BTCUSDT,LONG,72088.8,71762.45698498707,0.07310832603619438,71762.45698498707,72741.48603002586,23.858391541200056,-23.85839154,10.5167246,-34.37511614,LOSS,STOP_LOSS,4737.3031921
ETHUSDT,SHORT,2185.26,2196.019915108288,2.2013664347830675,2196.019915108288,2163.7401697834243,23.68651596050006,-23.68651596,9.64480255,-33.33131851,LOSS,STOP_LOSS,4703.97187359
SOLUSDT,LONG,83.49,83.10404373592218,60.939182899770785,83.10404373592218,84.26191252815562,23.519859367950062,-23.51985937,10.1521049,-33.67196427,LOSS,STOP_LOSS,4670.29990932
BTCUSDT,LONG,71872.4,72358.61218637183,0.09605476868381925,71629.29390681408,72358.61218637183,23.351499546600063,46.70299909,13.85407651,32.84892258,WIN,TAKE_PROFIT,4703.1488319
BTCUSDT,LONG,72277.6,71983.24724716313,0.07988966956437081,71983.24724716313,72866.30550567374,23.515744159500063,-23.51574416,11.52495142,-35.04069558,LOSS,STOP_LOSS,4668.10813632
ETHUSDT,LONG,2214.53,2239.544524154268,1.8661590792338034,2202.0227379228663,2239.544524154268,23.340540681600064,46.68108136,8.31201161,38.36906975,WIN,TAKE_PROFIT,4706.47720607
BTCUSDT,LONG,72933.0,72550.15196470435,0.06146664958637441,72550.15196470435,73698.69607059131,23.53238603035006,-23.53238603,8.94236192,-32.47474795,LOSS,STOP_LOSS,4674.00245812
ETHUSDT,LONG,2231.8,2266.2129400948024,1.3582107327196866,2214.593529952599,2266.2129400948024,23.370012290600062,46.74002458,6.10924945,40.63077513,WIN,TAKE_PROFIT,4714.63323325
BTCUSDT,LONG,73074.1,73461.4687244598,0.12170918650763106,72880.41563777011,73461.4687244598,23.57316616625006,47.14633233,17.83472486,29.31160747,WIN,TAKE_PROFIT,4743.94484072
BTCUSDT,LONG,73427.1,73193.62755886045,0.10159539210634899,73193.62755886045,73894.04488227912,23.719724203600062,-23.7197242,14.89599031,-38.61571451,LOSS,STOP_LOSS,4705.32912621
SOLUSDT,LONG,85.32,84.81837923810447,46.901259712911084,84.81837923810447,86.32324152379103,23.526645631050066,-23.52664563,7.97970431,-31.50634994,LOSS,STOP_LOSS,4673.82277627
SOLUSDT,SHORT,82.2,81.54493906329017,71.349435057831,82.52753046835493,81.54493906329017,23.369113881350064,46.73822776,11.6831089,35.05511887,WIN,TAKE_PROFIT,4708.87789514
ETHUSDT,SHORT,2194.45,2203.404004417358,2.6294815568839285,2203.404004417358,2176.541991165284,23.544389475700065,-23.54438948,11.56407599,-35.10846547,LOSS,STOP_LOSS,4673.76942967
BTCUSDT,SHORT,70922.9,71207.35858296807,0.08215201982839587,71207.35858296807,70353.98283406386,23.368847148350063,-23.36884715,11.67628782,-35.04513497,LOSS,STOP_LOSS,4638.7242947
SOLUSDT,SHORT,81.89,82.43353678336025,42.67166856695926,82.43353678336025,80.80292643327948,23.193621473500066,-23.19362147,7.0119595,-30.20558097,LOSS,STOP_LOSS,4608.51871373
ETHUSDT,SHORT,2191.91,2201.570276261892,2.38529343716067,2201.570276261892,2172.589447476216,23.04259356865007,-23.04259357,10.47973967,-33.52233324,LOSS,STOP_LOSS,4574.99638049
BTCUSDT,LONG,71623.0,72273.61768219883,0.07031773813813785,71297.69115890058,72273.61768219883,22.874981902450067,45.7499638,10.11848468,35.63147912,WIN,TAKE_PROFIT,4610.62785961
BTCUSDT,LONG,72347.2,71944.49987347354,0.05724641682359977,71944.49987347354,73152.60025305292,23.05313929805007,-23.0531393,8.2601828,-31.31332209,LOSS,STOP_LOSS,4579.31453752
BTCUSDT,LONG,71904.0,72778.514520692,0.0523640766295846,71466.742739654,72778.514520692,22.89657268760007,45.79314538,7.57616628,38.2169791,WIN,TAKE_PROFIT,4617.53151662
ETHUSDT,LONG,2240.73,2275.1308160783797,1.342273830393818,2223.52959196081,2275.1308160783797,23.087657583100068,46.17531517,6.0615218,40.11379337,WIN,TAKE_PROFIT,4657.64530999
BTCUSDT,LONG,73720.5,74610.89468746466,0.05230989555039198,73275.30265626767,74610.89468746466,23.288226549950068,46.5764531,7.75919976,38.81725334,WIN,TAKE_PROFIT,4696.46256333
BTCUSDT,LONG,74599.9,74075.18703929303,0.044752683038382084,74075.18703929303,75649.32592141394,23.48231281665007,-23.48231282,6.65360905,-30.13592186,LOSS,STOP_LOSS,4666.32664147
SOLUSDT,LONG,85.88,87.40847481201237,30.5293002200434,85.11576259399381,87.40847481201237,23.33163320735007,46.66326641,5.29037587,41.37289054,WIN,TAKE_PROFIT,4707.69953201
BTCUSDT,LONG,75325.6,74895.8079917505,0.05476718321478153,74895.8079917505,76185.18401649903,23.53849766005007,-23.53849766,8.22720337,-31.76570103,LOSS,STOP_LOSS,4675.93383098
BTCUSDT,LONG,75235.8,74746.4395460846,0.047775967526263466,74746.4395460846,76214.52090783083,23.37966915490007,-23.37966915,7.16554661,-30.54521576,LOSS,STOP_LOSS,4645.38861522
SOLUSDT,SHORT,83.66,84.21691953984052,41.70610189534999,84.21691953984052,82.54616092031895,23.22694307610007,-23.22694308,7.00149191,-30.22843499,LOSS,STOP_LOSS,4615.16018023
ETHUSDT,LONG,2338.87,2324.6887947725704,1.6272101370140746,2324.6887947725704,2367.232410454859,23.075800901150068,-23.0758009,7.58859015,-30.66439105,LOSS,STOP_LOSS,4584.49578918
BTCUSDT,SHORT,73803.0,74247.3852200806,0.05158245123846132,74247.3852200806,72914.22955983882,22.92247894590007,-22.92247895,7.63680178,-30.55928072,LOSS,STOP_LOSS,4553.93650846
ETHUSDT,LONG,2352.9,2335.5994383406373,1.3161238918493579,2335.5994383406373,2387.501123318725,22.76968254230007,-22.76968254,6.17064613,-28.94032867,LOSS,STOP_LOSS,4524.99617979
ETHUSDT,SHORT,2337.84,2348.711541864455,2.081119787886196,2348.711541864455,2316.0969162710903,22.62498089895007,-22.6249809,9.75327515,-32.37825605,LOSS,STOP_LOSS,4492.61792374
BTCUSDT,LONG,74933.5,74669.56508123188,0.08510844159440448,74669.56508123188,75461.36983753623,22.463089618700067,-22.46308962,12.73248373,-35.19557335,LOSS,STOP_LOSS,4457.42235039
SOLUSDT,LONG,85.7,85.21891425606663,46.32669338677469,85.21891425606663,86.66217148786676,22.287111751950068,-22.28711175,7.91810813,-30.20521989,LOSS,STOP_LOSS,4427.2171305
SOLUSDT,LONG,85.35,86.8601502503505,29.316401659188823,84.59492487482474,86.8601502503505,22.136085652500068,44.2721713,5.04858193,39.22358937,WIN,TAKE_PROFIT,4466.44071987
SOLUSDT,LONG,86.69,85.82445333454444,25.80127044634413,85.82445333454444,88.4210933309111,22.33220359935007,-22.3322036,4.45109207,-26.78329567,LOSS,STOP_LOSS,4439.6574242
SOLUSDT,LONG,85.9,87.68242519135252,24.90795936760281,85.00878740432374,87.68242519135252,22.198287121000067,44.39657424,4.32358399,40.07299025,WIN,TAKE_PROFIT,4479.73041445
SOLUSDT,LONG,87.81,89.68495458922239,23.892474197510783,86.87252270538882,89.68495458922239,22.398652072250066,44.79730414,4.24079362,40.55651052,WIN,TAKE_PROFIT,4520.28692497
BTCUSDT,LONG,75191.2,74690.53938429267,0.04514322460319543,74690.53938429267,76192.52123141465,22.601434624850068,-22.60143462,6.76614502,-29.36757965,LOSS,STOP_LOSS,4490.91934532
SOLUSDT,LONG,88.15,87.61505165951182,41.97526195914203,87.61505165951182,89.21989668097639,22.454596726600066,-22.45459673,7.37778409,-29.83238081,LOSS,STOP_LOSS,4461.08696451
BTCUSDT,SHORT,74587.3,74845.65387067558,0.08633675494864027,74845.65387067558,74070.59225864885,22.305434822550065,-22.30543482,12.90155632,-35.20699114,LOSS,STOP_LOSS,4425.87997337
BTCUSDT,LONG,74895.1,75348.32546789646,0.09765294068561019,74668.48726605179,75348.32546789646,22.12939986685006,44.25879973,14.67171232,29.58708742,WIN,TAKE_PROFIT,4455.46706079
SOLUSDT,LONG,88.53,88.0359510528812,45.09135265618368,88.0359510528812,89.5180978942376,22.277335303950064,-22.2773353,7.96159757,-30.23893287,LOSS,STOP_LOSS,4425.22812792
ETHUSDT,LONG,2345.34,2375.543878079587,1.4651191864367838,2330.238060960207,2375.543878079587,22.126140639600063,44.25228128,6.91665755,37.33562373,WIN,TAKE_PROFIT,4462.56375165
ETHUSDT,LONG,2370.72,2403.577696081167,1.358148709095833,2354.2911519594163,2403.577696081167,22.312818758250064,44.62563752,6.48420625,38.14143126,WIN,TAKE_PROFIT,4500.70518291
BTCUSDT,LONG,76877.4,76377.73695315636,0.04503740281916893,76377.73695315636,77876.72609368726,22.503525914550064,-22.50352591,6.90221334,-29.40573925,LOSS,STOP_LOSS,4471.29944366
BTCUSDT,LONG,76848.5,78010.76841751607,0.03847045464089804,76267.36579124197,78010.76841751607,22.356497218300063,44.71299444,5.95750646,38.75548798,WIN,TAKE_PROFIT,4510.05493164
SOLUSDT,LONG,90.25,89.33037087504977,24.521053157619683,89.33037087504977,92.08925824990048,22.550274658200063,-22.55027466,4.40349982,-26.95377448,LOSS,STOP_LOSS,4483.10115716
ETHUSDT,LONG,2427.23,2402.374381972853,0.901828542799372,2402.374381972853,2476.9412360542947,22.415505785800065,-22.41550579,4.35547508,-26.77098087,LOSS,STOP_LOSS,4456.33017629
SOLUSDT,SHORT,88.27,87.36304512370485,49.13508149924574,88.72347743814757,87.36304512370485,22.281650881450062,44.56330176,8.62974399,35.93355778,WIN,TAKE_PROFIT,4492.26373407
BTCUSDT,SHORT,75908.8,76203.40836640501,0.07624127903914348,76203.40836640501,75319.58326719,22.461318670350064,-22.46131867,11.59722932,-34.05854799,LOSS,STOP_LOSS,4458.20518608
BTCUSDT,SHORT,76041.2,75399.69928848761,0.0694964963572591,76361.9503557562,75399.69928848761,22.291025930400064,44.58205186,10.52461191,34.05743996,WIN,TAKE_PROFIT,4492.26262604
BTCUSDT,SHORT,75570.0,75159.38312905552,0.10940277772092652,75775.30843547224,75159.38312905552,22.461313130200065,44.92262626,16.4902132,28.43241306,WIN,TAKE_PROFIT,4520.6950391
BTCUSDT,SHORT,75048.0,75292.31736644606,0.09251685839733496,75292.31736644606,74559.36526710787,22.603475195500064,-22.6034752,13.90901385,-36.51248905,LOSS,STOP_LOSS,4484.18255005
BTCUSDT,LONG,75877.9,75584.11983422404,0.07631867417267721,75584.11983422404,76465.4603315519,22.420912750250064,-22.42091275,11.55938054,-33.98029329,LOSS,STOP_LOSS,4450.20225676
ETHUSDT,SHORT,2323.57,2295.9779549981745,1.6128569870285367,2337.366022500913,2295.9779549981745,22.25101128380006,44.50202257,7.4506702,37.05135237,WIN,TAKE_PROFIT,4487.25360913
ETHUSDT,SHORT,2306.17,2275.1914315751706,1.4485025736481338,2321.6592842124146,2275.1914315751706,22.436268045650063,44.87253609,6.63611382,38.23642227,WIN,TAKE_PROFIT,4525.4900314
SOLUSDT,SHORT,84.65,83.52429351218645,40.20133205583453,85.21285324390678,83.52429351218645,22.627450157000062,45.25490031,6.76083062,38.4940697,WIN,TAKE_PROFIT,4563.9841011
BTCUSDT,SHORT,74322.1,74611.20725707474,0.07893236834107253,74611.20725707474,73743.88548585054,22.819920505500065,-22.81992051,11.75565867,-34.57557917,LOSS,STOP_LOSS,4529.40852193
BTCUSDT,LONG,74996.5,75823.63679282418,0.05476009000234122,74582.9316035879,75823.63679282418,22.64704260965006,45.29408522,8.25892426,37.03516095,WIN,TAKE_PROFIT,4566.44368288
BTCUSDT,LONG,75668.6,76676.48034465991,0.04530739890974772,75164.65982767005,76676.48034465991,22.832218414400064,45.66443683,6.90235933,38.7620775,WIN,TAKE_PROFIT,4605.20576038
ETHUSDT,LONG,2322.09,2309.6197476630646,1.8464765731884503,2309.6197476630646,2347.0305046738713,23.02602880190006,-23.0260288,8.55234354,-31.57837234,LOSS,STOP_LOSS,4573.62738804
SOLUSDT,LONG,85.77,86.71602217432277,48.34587932692051,85.2969889128386,86.71602217432277,22.86813694020006,45.73627388,8.33898841,37.39728547,WIN,TAKE_PROFIT,4611.02467351
BTCUSDT,LONG,76425.6,75958.67480749915,0.049376482010032946,75958.67480749915,77359.45038500174,23.05512336755006,-23.05512337,7.5241994,-30.57932277,LOSS,STOP_LOSS,4580.44535074
ETHUSDT,SHORT,2297.93,2315.8020178422344,1.2814572453916455,2315.8020178422344,2262.185964315531,22.90222675370006,-22.90222675,5.91230032,-28.81452708,LOSS,STOP_LOSS,4551.63082366
SOLUSDT,LONG,86.05,85.37749125758671,33.84068144100646,85.37749125758671,87.39501748482658,22.758154118300062,-22.75815412,5.80122312,-28.55937724,LOSS,STOP_LOSS,4523.07144642
ETHUSDT,SHORT,2299.65,2317.6543388922955,1.2561059513147623,2317.6543388922955,2263.641322215409,22.615357232100063,-22.61535723,5.79982346,-28.41518069,LOSS,STOP_LOSS,4494.65626573
BTCUSDT,SHORT,74824.7,75385.2154392501,0.04009395594654166,75385.2154392501,73703.66912149978,22.473281328650064,-22.47328133,6.02250973,-28.49579106,LOSS,STOP_LOSS,4466.16047467
ETHUSDT,LONG,2326.13,2357.788113080048,1.410747527301234,2310.300943459976,2357.788113080048,22.330802373350068,44.66160475,6.6078259,38.05377885,WIN,TAKE_PROFIT,4504.21425352
BTCUSDT,LONG,77195.8,78054.58864405623,0.052448460802249824,76766.4056779719,78054.58864405623,22.521071267600064,45.04214254,8.14264392,36.89949861,WIN,TAKE_PROFIT,4541.11375213
BTCUSDT,LONG,78226.3,77785.82500031346,0.05154791708225853,77785.82500031346,79107.2499993731,22.705568760650063,-22.70556876,8.04210008,-30.74766884,LOSS,STOP_LOSS,4510.36608329
BTCUSDT,LONG,77855.1,78598.29809744142,0.06068861180912173,77483.50095127929,78598.29809744142,22.551830416450063,45.10366083,9.49493954,35.60872129,WIN,TAKE_PROFIT,4545.97480458
BTCUSDT,LONG,78564.8,79208.38107725275,0.07063561943097199,78243.00946137363,79208.38107725275,22.729874022900063,45.45974805,11.14440637,34.31534167,WIN,TAKE_PROFIT,4580.29014625
ETHUSDT,LONG,2410.86,2394.4340895354317,1.3942271742348464,2394.4340895354317,2443.7118209291375,22.901450731250062,-22.90145073,6.6996716,-29.60112233,LOSS,STOP_LOSS,4550.68902392
BTCUSDT,LONG,78888.3,78461.95861641744,0.05336907463310717,78461.95861641744,79740.98276716513,22.75344511960006,-22.75344512,8.3976377,-31.15108282,LOSS,STOP_LOSS,4519.5379411
ETHUSDT,LONG,2405.19,2392.3403591446113,1.7586242261411498,2392.3403591446113,2430.889281710778,22.59768970550006,-22.59768971,8.43705312,-31.03474282,LOSS,STOP_LOSS,4488.50319828
SOLUSDT,SHORT,86.97,86.09168705302518,51.10368933692511,87.4091564734874,86.09168705302518,22.44251599140006,44.88503198,8.84409069,36.04094129,WIN,TAKE_PROFIT,4524.54413957
SOLUSDT,SHORT,86.82,85.7286622366538,41.45869676219364,87.36566888167309,85.7286622366538,22.62272069785006,45.2454414,7.15364266,38.09179873,WIN,TAKE_PROFIT,4562.6359383
BTCUSDT,SHORT,77829.7,78231.22740454772,0.056815996699393995,78231.22740454772,77026.64519090454,22.813179691500057,-22.81317969,8.86675714,-31.67993683,LOSS,STOP_LOSS,4530.95600147
BTCUSDT,LONG,78156.4,77824.53265206104,0.06826456458596142,77824.53265206104,78820.13469587789,22.65478000735006,-22.65478001,10.64797045,-33.30275046,LOSS,STOP_LOSS,4497.65325101
BTCUSDT,SHORT,77704.3,77095.86598183907,0.07392179129965144,78008.51700908046,77095.86598183907,22.488266255050057,44.97653251,11.44310556,33.53342695,WIN,TAKE_PROFIT,4531.18667796
BTCUSDT,LONG,77826.8,77479.45649569346,0.06522630510978339,77479.45649569346,78521.4870086131,22.655933389800058,-22.65593339,10.13005327,-32.78598666,LOSS,STOP_LOSS,4498.4006913
SOLUSDT,SHORT,85.54,85.92996404143477,57.677121648824034,85.92996404143477,84.76007191713047,22.492003456500058,-22.49200346,9.88989398,-32.38189743,LOSS,STOP_LOSS,4466.01879387
BTCUSDT,LONG,78132.8,77744.03282547215,0.057438218636821366,77744.03282547215,78910.3343490557,22.330093969350056,-22.33009397,8.9532876,-31.28338157,LOSS,STOP_LOSS,4434.7354123
ETHUSDT,SHORT,2317.4,2289.443360654479,1.586290597196011,2331.3783196727604,2289.443360654479,22.173677061500058,44.34735412,7.30779231,37.03956182,WIN,TAKE_PROFIT,4471.77497412
BTCUSDT,LONG,77982.5,77456.7183182633,0.04252501684110992,77456.7183182633,79034.0633634734,22.358874870600058,-22.35887487,6.61005538,-28.96893025,LOSS,STOP_LOSS,4442.80604387
SOLUSDT,SHORT,85.29,85.68345863001728,56.45836315338758,85.68345863001728,84.50308273996544,22.214030219350057,-22.21403022,9.65288162,-31.86691184,LOSS,STOP_LOSS,4410.93913203
SOLUSDT,SHORT,85.58,84.8142578725125,57.603453874255,85.96287106374375,84.8142578725125,22.054695660150056,44.10939132,9.81529777,34.29409355,WIN,TAKE_PROFIT,4445.23322558
BTCUSDT,SHORT,77477.8,77779.7712477138,0.07360358410336568,77779.7712477138,76873.85750457243,22.226166127900054,-22.22616613,11.4275137,-33.65367983,LOSS,STOP_LOSS,4411.57954575
BTCUSDT,LONG,78194.8,77891.4292625889,0.07270937835661999,77891.4292625889,78801.5414748222,22.057897728750053,-22.05789773,11.3489327,-33.40683043,LOSS,STOP_LOSS,4378.17271532
BTCUSDT,LONG,78050.1,77727.45136634608,0.06784737728063929,77727.45136634608,78695.39726730784,21.890863576600054,-21.89086358,10.5690983,-32.45996188,LOSS,STOP_LOSS,4345.71275344
SOLUSDT,LONG,86.13,85.65205863778185,45.46282344419203,85.65205863778185,87.08588272443627,21.728563767200054,-21.72856377,7.8096974,-29.53826117,LOSS,STOP_LOSS,4316.17449227
ETHUSDT,SHORT,2307.3,2319.5611970716864,1.7600950653655967,2319.5611970716864,2282.777605856628,21.580872461350054,-21.58087246,8.14371556,-29.72458802,LOSS,STOP_LOSS,4286.44990425
BTCUSDT,LONG,77944.4,77565.78996136291,0.056607715945414416,77565.78996136291,78701.62007727414,21.432249521250057,-21.43224952,8.80307666,-30.23532618,LOSS,STOP_LOSS,4256.21457807
SOLUSDT,LONG,86.25,85.74532367245178,42.16776521644319,85.74532367245178,87.25935265509644,21.281072890350057,-21.28107289,7.25265843,-28.53373132,LOSS,STOP_LOSS,4227.68084675
ETHUSDT,SHORT,2307.16,2313.582766802137,3.291167947544975,2313.582766802137,2294.3144663957255,21.138404233750055,-21.13840423,15.20764049,-36.34604472,LOSS,STOP_LOSS,4191.33480203
SOLUSDT,LONG,86.34,86.12290410581939,96.5318763362466,86.12290410581939,86.77419178836124,20.95667401015006,-20.95667401,16.64816773,-37.60484174,LOSS,STOP_LOSS,4153.72996029
ETHUSDT,SHORT,2307.84,2312.732372338939,4.245108173012363,2312.732372338939,2298.055255322122,20.76864980145006,-20.7686498,19.61482954,-40.38347934,LOSS,STOP_LOSS,4113.34648095
SOLUSDT,LONG,86.52,86.19380760652464,63.050925822107224,86.19380760652464,87.1723847869507,20.56673240475006,-20.5667324,10.88976547,-31.45649788,LOSS,STOP_LOSS,4081.88998307
BTCUSDT,LONG,78022.0,77854.8104924732,0.12207374862970786,77854.8104924732,78356.37901505358,20.40944991535006,-20.40944992,19.02846658,-39.4379165,LOSS,STOP_LOSS,4042.45206657
ETHUSDT,LONG,2343.95,2357.9048211112304,2.8968139643987922,2336.9725894443845,2357.9048211112304,20.21226033285006,40.42452067,13.6203987,26.80412196,WIN,TAKE_PROFIT,4069.25618853
BTCUSDT,LONG,78063.2,78388.39863302956,0.12513140509296072,77900.60068348522,78388.39863302956,20.34628094265006,40.69256189,19.57700837,21.11555352,WIN,TAKE_PROFIT,4090.37174205
BTCUSDT,LONG,78359.9,78164.72312112196,0.10478627810740798,78164.72312112196,78750.25375775607,20.45185871025006,-20.45185871,16.40163269,-36.8534914,LOSS,STOP_LOSS,4053.51825065
BTCUSDT,LONG,78159.0,77923.12146961325,0.08592384911004397,77923.12146961325,78630.7570607735,20.26759125325006,-20.26759125,13.41117665,-33.67876791,LOSS,STOP_LOSS,4019.83948274
BTCUSDT,LONG,78369.7,78029.45614200221,0.05907291767727022,78029.45614200221,79050.18771599558,20.09919741370006,-20.09919741,9.23895448,-29.33815189,LOSS,STOP_LOSS,3990.50133085
BTCUSDT,LONG,78241.3,79023.82894024864,0.0509949361052647,77850.03552987568,79023.82894024864,19.952506654250058,39.90501331,8.0197252,31.88528811,WIN,TAKE_PROFIT,4022.38661896
SOLUSDT,LONG,87.31,86.78562917128913,38.35440873826606,86.78562917128913,88.35874165742175,20.11193309480006,-20.11193309,6.67733492,-26.78926802,LOSS,STOP_LOSS,3995.59735094
SOLUSDT,SHORT,85.27,85.7451191550247,42.048371536738586,85.7451191550247,84.31976168995058,19.977986754700062,-19.97798675,7.19090727,-27.16889402,LOSS,STOP_LOSS,3968.42845692
BTCUSDT,SHORT,77776.0,77140.6759264046,0.062463058175366154,78093.6620367977,77140.6759264046,19.84214228460006,39.68428457,9.67656934,30.00771523,WIN,TAKE_PROFIT,3998.43617215
SOLUSDT,SHORT,84.28,84.75904637720365,41.733288909209904,84.75904637720365,83.32190724559271,19.99218086075006,-19.99218086,7.05455536,-27.04673622,LOSS,STOP_LOSS,3971.38943593
SOLUSDT,SHORT,84.43,83.7897468901901,62.02842868048179,84.75012655490495,83.7897468901901,19.85694717965006,39.71389436,10.43440657,29.27948779,WIN,TAKE_PROFIT,4000.66892372
ETHUSDT,SHORT,2284.85,2294.6363057449494,2.044013863854998,2294.6363057449494,2265.2773885101014,20.00334461860006,-20.00334462,9.3605335,-29.36387812,LOSS,STOP_LOSS,3971.3050456
ETHUSDT,SHORT,2286.88,2266.783313671538,1.9760994328580404,2296.928343164231,2266.783313671538,19.85652522800006,39.71305046,8.99849149,30.71455896,WIN,TAKE_PROFIT,4002.01960456
ETHUSDT,SHORT,2270.58,2281.2748693022077,1.8709997717007922,2281.2748693022077,2249.190261395585,20.010098022800058,-20.01009802,8.51651942,-28.52661744,LOSS,STOP_LOSS,3973.49298712
ETHUSDT,SHORT,2281.42,2259.6406152571662,1.8244284831909499,2292.309692371417,2259.6406152571662,19.86746493560006,39.73492987,8.28484033,31.45008954,WIN,TAKE_PROFIT,4004.94307666
ETHUSDT,SHORT,2266.52,2276.977033355016,1.9149518513962298,2276.977033355016,2245.605933289968,20.024715383300062,-20.02471538,8.70057806,-28.72529344,LOSS,STOP_LOSS,3976.21778322
ETHUSDT,SHORT,2275.77,2287.2927481479473,1.7253773718591119,2287.2927481479473,2252.7245037041052,19.88108891610006,-19.88108892,7.87300521,-27.75409413,LOSS,STOP_LOSS,3948.46368909
ETHUSDT,LONG,2295.91,2284.1073637790987,1.6727041379525494,2284.1073637790987,2319.515272441802,19.742318445450064,-19.74231845,7.661014,-27.40333244,LOSS,STOP_LOSS,3921.06035665
BTCUSDT,SHORT,76240.8,76436.5084577787,0.10017605782483968,76436.5084577787,75849.38308444258,19.60530178325006,-19.60530178,15.29461088,-34.89991266,LOSS,STOP_LOSS,3886.16044399
ETHUSDT,LONG,2291.61,2284.150589480463,2.604871010793443,2284.150589480463,2306.5288210390745,19.43080221995006,-19.43080222,11.91926611,-31.35006833,LOSS,STOP_LOSS,3854.81037566
ETHUSDT,SHORT,2283.38,2291.4648097681415,2.3839833503875134,2291.4648097681415,2267.210380463717,19.27405187830006,-19.27405188,10.90635386,-30.18040574,LOSS,STOP_LOSS,3824.62996992
BTCUSDT,LONG,76534.9,76994.61511415732,0.08319565426798432,76305.04244292133,76994.61511415732,19.12314984960006,38.2462997,12.77298846,25.47331124,WIN,TAKE_PROFIT,3850.10328116
BTCUSDT,LONG,76978.5,77432.35704760197,0.08483074795252535,76751.57147619901,77432.35704760197,19.25051640580006,38.50103281,13.0987885,25.40224432,WIN,TAKE_PROFIT,3875.50552548
BTCUSDT,LONG,77552.5,77295.72361813512,0.07546460265024038,77295.72361813512,78066.05276372978,19.37752762740006,-19.37752763,11.68555967,-31.06308729,LOSS,STOP_LOSS,3844.44243819
SOLUSDT,SHORT,84.19,83.35629645291483,46.11282333667809,84.60685177354259,83.35629645291483,19.22221219095006,38.44442438,7.72603277,30.71839161,WIN,TAKE_PROFIT,3875.1608298
BTCUSDT,SHORT,76226.6,75458.57150864079,0.05045595148354402,76610.61424567961,75458.57150864079,19.37580414900006,38.7516083,7.65341965,31.09818864,WIN,TAKE_PROFIT,3906.25901844
BTCUSDT,SHORT,75146.9,75653.5312135298,0.03855130629658885,75653.5312135298,74133.63757294038,19.53129509220006,-19.53129509,5.81355361,-25.34484871,LOSS,STOP_LOSS,3880.91416973
BTCUSDT,SHORT,75484.4,75925.69155666538,0.043972223251404596,75925.69155666538,74601.81688666923,19.40457084865006,-19.40457085,6.65783835,-26.0624092,LOSS,STOP_LOSS,3854.85176053
ETHUSDT,SHORT,2251.52,2267.557125770788,1.2018524440182683,2267.557125770788,2219.4457484584236,19.27425880265006,-19.2742588,5.43126389,-24.70552269,LOSS,STOP_LOSS,3830.14623784
BTCUSDT,SHORT,75575.5,75939.71157321679,0.052581336227339764,75939.71157321679,74847.07685356644,19.15073118920006,-19.15073119,7.96687228,-27.11760347,LOSS,STOP_LOSS,3803.02863437
ETHUSDT,SHORT,2252.98,2267.509855713,1.3086945629361857,2267.509855713,2223.9202885740006,19.01514317185006,-19.01514317,5.9159405,-24.93108367,LOSS,STOP_LOSS,3778.0975507
SOLUSDT,SHORT,82.97,83.32271320223195,53.55764296307076,83.32271320223195,82.2645735955361,18.890487753500057,-18.89048775,8.90624576,-27.79673351,LOSS,STOP_LOSS,3750.30081719
BTCUSDT,LONG,76117.4,75876.10200150814,0.07771098062623895,75876.10200150814,76599.9959969837,18.751504085950057,-18.75150409,11.81156409,-30.56306818,LOSS,STOP_LOSS,3719.73774901
SOLUSDT,SHORT,82.9,83.25049946888521,53.063386384593315,83.25049946888521,82.19900106222961,18.598688745050058,-18.59868875,8.81650815,-27.4151969,LOSS,STOP_LOSS,3692.32255211
BTCUSDT,LONG,76298.8,76808.67611766687,0.0724160717510291,76043.86194116657,76808.67611766687,18.461612760550057,36.92322552,11.08744198,25.83578354,WIN,TAKE_PROFIT,3718.15833565
SOLUSDT,LONG,83.86,84.58063788908967,51.59537670641864,83.49968105545516,84.58063788908967,18.59079167825006,37.18158336,8.69075816,28.49082519,WIN,TAKE_PROFIT,3746.64916084
SOLUSDT,LONG,84.56,84.16596257425152,47.54179319037015,84.16596257425152,85.34807485149696,18.73324580420006,-18.7332458,8.02153482,-26.75478062,LOSS,STOP_LOSS,3719.89438022
BTCUSDT,LONG,78312.9,77891.9570439008,0.04418525510786037,77891.9570439008,79154.7859121984,18.59947190110006,-18.5994719,6.90195146,-25.50142336,LOSS,STOP_LOSS,3694.39295686
SOLUSDT,SHORT,83.46,83.8267912943743,50.360968397057086,83.8267912943743,82.72641741125139,18.47196478430006,-18.47196478,8.42472481,-26.89668959,LOSS,STOP_LOSS,3667.49626727
BTCUSDT,LONG,78300.0,78021.43321244032,0.06582795277567403,78021.43321244032,78857.13357511937,18.33748133635006,-18.33748134,10.29031992,-28.62780126,LOSS,STOP_LOSS,3638.86846601
SOLUSDT,SHORT,83.54,83.86264927293907,56.39046437115856,83.86264927293907,82.8947014541219,18.19434233005006,-18.19434233,9.43991313,-27.63425546,LOSS,STOP_LOSS,3611.23421055
BTCUSDT,LONG,78335.0,78107.31614860409,0.07930369651624243,78107.31614860409,78790.3677027918,18.05617105275006,-18.05617105,12.40645396,-30.46262501,LOSS,STOP_LOSS,3580.77158554
SOLUSDT,SHORT,83.58,83.83631816281344,69.85013364320564,83.83631816281344,83.06736367437311,17.90385792770006,-17.90385793,11.6940522,-29.59791013,LOSS,STOP_LOSS,3551.17367541
SOLUSDT,SHORT,83.64,83.82602156640641,95.45059059581438,83.82602156640641,83.26795686718718,17.75586837705006,-17.75586838,15.98473066,-33.74059904,LOSS,STOP_LOSS,3517.43307637
BTCUSDT,LONG,78767.0,78599.61972245808,0.10507310443099492,78599.61972245808,79101.76055508382,17.58716538185006,-17.58716538,16.53499927,-34.12216465,LOSS,STOP_LOSS,3483.31091172
BTCUSDT,LONG,78590.0,78403.44017137041,0.09335640307207209,78403.44017137041,78963.11965725917,17.416554558600062,-17.41655456,14.65634288,-32.07289744,LOSS,STOP_LOSS,3451.23801428
SOLUSDT,SHORT,83.7,84.00262280499201,57.02210734533296,84.00262280499201,83.09475439001599,17.256190071400063,-17.25619007,9.56275696,-26.81894703,LOSS,STOP_LOSS,3424.41906725
BTCUSDT,LONG,78473.8,78794.90622160846,0.10664443217876071,78313.24688919578,78794.90622160846,17.122095336250062,34.24419067,16.77183187,17.4723588,WIN,TAKE_PROFIT,3441.89142605
BTCUSDT,LONG,78620.5,78972.92850928061,0.09766211686664235,78444.2857453597,78972.92850928061,17.209457130250065,34.41891426,15.39090783,19.02800643,WIN,TAKE_PROFIT,3460.91943248
BTCUSDT,LONG,78884.7,79230.92132442367,0.09996263050062192,78711.58933778816,79230.92132442367,17.304597162400064,34.60919432,15.80565343,18.80354089,WIN,TAKE_PROFIT,3479.72297337
BTCUSDT,LONG,78978.2,78774.21152794614,0.08529214759869842,78774.21152794614,79386.1769441077,17.398614866850064,-17.39861487,13.45504197,-30.85365683,LOSS,STOP_LOSS,3448.86931654
BTCUSDT,LONG,78794.5,79259.66246413061,0.07414332803026102,78561.9187679347,79259.66246413061,17.244346582700064,34.48869317,11.71866161,22.77003155,WIN,TAKE_PROFIT,3471.63934809
BTCUSDT,LONG,79230.8,78953.9209987965,0.0626923553790647,78953.9209987965,79784.558002407,17.358196740450065,-17.35819674,9.91697274,-27.27516948,LOSS,STOP_LOSS,3444.36417861
BTCUSDT,LONG,79049.7,78738.89807031104,0.0554109201004159,78738.89807031104,79671.30385937792,17.221820893050065,-17.22182089,8.7432114,-25.96503229,LOSS,STOP_LOSS,3418.39914632
SOLUSDT,SHORT,83.87,84.28416895081104,41.26817256129425,84.28416895081104,83.04166209837793,17.091995731600065,-17.09199573,6.93941526,-24.03141099,LOSS,STOP_LOSS,3394.36773533
BTCUSDT,LONG,78749.9,79453.87782665434,0.04821696943867907,78397.91108667283,79453.87782665434,16.971838676650062,33.94367735,7.62810672,26.31557063,WIN,TAKE_PROFIT,3420.68330596
ETHUSDT,LONG,2350.48,2384.4613690717997,1.006634929491036,2333.4893154641,2384.4613690717997,17.103416529800064,34.20683306,4.76635737,29.44047569,WIN,TAKE_PROFIT,3450.12378165
BTCUSDT,LONG,80136.6,79609.9511225866,0.03275544608198014,79609.9511225866,81189.89775482682,17.25061890825006,-17.25061891,5.23256954,-22.48318845,LOSS,STOP_LOSS,3427.6405932
BTCUSDT,LONG,79824.7,79414.58387686494,0.04178865935577105,79414.58387686494,80644.9322462701,17.138202966000062,-17.13820297,6.65439619,-23.79259916,LOSS,STOP_LOSS,3403.84799404
SOLUSDT,SHORT,84.0,84.58661275210514,29.012734396114407,84.58661275210514,82.82677449578972,17.01923997020006,-17.01923997,4.89115862,-21.91039859,LOSS,STOP_LOSS,3381.93759545
ETHUSDT,LONG,2351.6,2336.037236826185,1.0865479213679414,2336.037236826185,2382.7255263476295,16.909687977250062,-16.90968798,5.0933425,-22.00303047,LOSS,STOP_LOSS,3359.93456498
BTCUSDT,LONG,79976.7,81247.12694941665,0.026447286611188576,79341.48652529168,81247.12694941665,16.799672824900064,33.59934565,4.26393276,29.33541289,WIN,TAKE_PROFIT,3389.26997787
BTCUSDT,LONG,80988.1,80653.95374959696,0.05071536750422655,80653.95374959696,81656.3925008061,16.946349889350063,-16.94634989,8.19773616,-25.14408605,LOSS,STOP_LOSS,3364.12589182
SOLUSDT,LONG,84.74,85.34145180140169,55.93342449020614,84.43927409929915,85.34145180140169,16.82062945910006,33.64125892,9.51323804,24.12802088,WIN,TAKE_PROFIT,3388.2539127
BTCUSDT,LONG,81579.9,81316.3822080266,0.06428890222793882,81316.3822080266,82106.93558394679,16.94126956350006,-16.94126956,10.47242316,-27.41369272,LOSS,STOP_LOSS,3360.84021998
BTCUSDT,LONG,81362.9,81069.58516916579,0.057290662910252026,81069.58516916579,81949.5296616684,16.80420109990006,-16.8042011,9.30586475,-26.11006585,LOSS,STOP_LOSS,3334.73015413
SOLUSDT,LONG,85.34,86.19643831094729,38.937190355737094,84.91178084452636,86.19643831094729,16.67365077065006,33.34730154,6.67914695,26.66815459,WIN,TAKE_PROFIT,3361.39830872
BTCUSDT,LONG,81490.0,81177.32039614531,0.053751480225781294,81177.32039614531,82115.35920770936,16.806991543600063,-16.80699154,8.74360926,-25.5506008,LOSS,STOP_LOSS,3335.84770792
SOLUSDT,LONG,86.35,87.35252378894542,33.27449926578864,85.84873810552729,87.35252378894542,16.67923853960006,33.35847708,5.7798645,27.57861258,WIN,TAKE_PROFIT,3363.4263205
BTCUSDT,LONG,81576.7,81225.98545347199,0.04795105241281145,81225.98545347199,82278.12909305602,16.81713160250006,-16.8171316,7.8065601,-24.62369171,LOSS,STOP_LOSS,3338.80262879
ETHUSDT,SHORT,2364.56,2375.781973203742,1.487618339561123,2375.781973203742,2342.116053592516,16.69401314395006,-16.69401314,7.05181966,-23.7458328,LOSS,STOP_LOSS,3315.05679599
BTCUSDT,LONG,81507.4,82058.80944144244,0.06011969594350925,81231.69527927878,82058.80944144244,16.57528397995006,33.15056796,9.83355078,23.31701718,WIN,TAKE_PROFIT,3338.37381317
BTCUSDT,LONG,81996.7,82632.54594966379,0.052502871409893875,81678.77702516809,82632.54594966379,16.691869065850064,33.38373813,8.64350813,24.74023,WIN,TAKE_PROFIT,3363.11404317
BTCUSDT,LONG,82643.0,82290.86162593291,0.04775273430621989,82290.86162593291,83347.27674813419,16.815570215850062,-16.81557022,7.87604287,-24.69161309,LOSS,STOP_LOSS,3338.42243008
BTCUSDT,LONG,82150.0,81791.18614875167,0.04652025581601077,81791.18614875167,82867.62770249665,16.692112150400064,-16.69211215,7.62658592,-24.31869807,LOSS,STOP_LOSS,3314.10373201
SOLUSDT,LONG,88.71,87.95479779199893,21.941830260150162,87.95479779199893,90.22040441600213,16.570518660050062,-16.57051866,3.87634901,-20.44686767,LOSS,STOP_LOSS,3293.65686434
SOLUSDT,SHORT,88.29,88.80478227157933,31.990775966655626,88.80478227157933,87.26043545684136,16.46828432170006,-16.46828432,5.6653995,-22.13368383,LOSS,STOP_LOSS,3271.52318051
SOLUSDT,LONG,88.53,89.58135990842946,31.117062333079282,88.00432004578526,89.58135990842946,16.357615902550062,32.71523181,5.54230229,27.17292952,WIN,TAKE_PROFIT,3298.69611003
SOLUSDT,LONG,90.14,89.55643947250488,28.2635301276232,89.55643947250488,91.30712105499025,16.49348055015006,-16.49348055,5.07885573,-21.57233628,LOSS,STOP_LOSS,3277.12377375
SOLUSDT,LONG,89.56,88.95814446517628,27.225169364852956,88.95814446517628,90.76371106964746,16.38561886875006,-16.38561887,4.86018672,-21.24580559,LOSS,STOP_LOSS,3255.87796816
ETHUSDT,SHORT,2317.29,2328.0858276362146,1.5079334710931012,2328.0858276362146,2295.6983447275707,16.27938984080006,-16.27938984,7.0049177,-23.28430754,LOSS,STOP_LOSS,3232.59366062
SOLUSDT,LONG,89.41,88.81873525312136,27.336262458444285,88.81873525312136,90.59252949375727,16.16296830310006,-16.1629683,4.87210748,-21.03507579,LOSS,STOP_LOSS,3211.55858483
BTCUSDT,SHORT,80457.5,79775.01362217695,0.047056742657252966,80798.74318891153,79775.01362217695,16.05779292415006,32.11558585,7.54002016,24.57556569,WIN,TAKE_PROFIT,3236.13415052
SOLUSDT,SHORT,88.03,88.72071078638645,23.426115635534643,88.72071078638645,86.6485784272271,16.18067075260006,-16.18067075,4.14058259,-20.32125334,LOSS,STOP_LOSS,3215.81289718
SOLUSDT,LONG,88.81,88.1497555017275,24.353197229162905,88.1497555017275,90.13048899654501,16.07906448590006,-16.07906449,4.30953583,-20.38860031,LOSS,STOP_LOSS,3195.42429687
ETHUSDT,SHORT,2288.99,2264.9496580754517,1.3291925326599068,2301.0101709622736,2264.9496580754517,15.977121484350059,31.95424297,6.05306259,25.90118038,WIN,TAKE_PROFIT,3221.32547725
ETHUSDT,SHORT,2271.7,2282.44749283929,1.4986404389466277,2282.44749283929,2250.2050143214187,16.106627386250057,-16.10662739,6.8250296,-22.93165698,LOSS,STOP_LOSS,3198.39382027
ETHUSDT,SHORT,2281.49,2290.8484088173427,1.7088342060579644,2290.8484088173427,2262.773182365314,15.99196910135006,-15.9919691,7.81336827,-23.80533738,LOSS,STOP_LOSS,3174.58848289
SOLUSDT,LONG,88.53,88.12442744591742,39.137121717605694,88.12442744591742,89.34114510816515,15.87294241445006,-15.87294241,6.91374583,-22.78668824,LOSS,STOP_LOSS,3151.80179465
ETHUSDT,SHORT,2275.01,2285.236398771871,1.541012562173665,2285.236398771871,2254.557202456259,15.759008973250062,-15.75900897,7.02739699,-22.78640596,LOSS,STOP_LOSS,3129.01538869
SOLUSDT,LONG,88.99,88.4982762158943,31.816799286826917,88.4982762158943,89.9734475682114,15.64507694345006,-15.64507694,5.64710886,-21.2921858,LOSS,STOP_LOSS,3107.72320289
ETHUSDT,SHORT,2276.84,2289.0325965542206,1.2744304254922234,2289.0325965542206,2252.4548068915597,15.53861601445006,-15.53861601,5.81888696,-21.35750297,LOSS,STOP_LOSS,3086.36569992
SOLUSDT,LONG,89.55,90.76618034541184,25.377533122974896,88.94190982729407,90.76618034541184,15.43182849960006,30.863657,4.57597984,26.28767716,WIN,TAKE_PROFIT,3112.65337708
SOLUSDT,LONG,91.47,92.92793586568511,21.349727723567064,90.74103206715745,92.92793586568511,15.56326688540006,31.12653377,3.93684572,27.18968805,WIN,TAKE_PROFIT,3139.84306513
SOLUSDT,LONG,93.15,92.62005623384565,29.624304177733094,92.62005623384565,94.20988753230871,15.699215325650059,-15.69921533,5.50330865,-21.20252398,LOSS,STOP_LOSS,3118.64054115
ETHUSDT,SHORT,2303.15,2309.449124247526,2.475455649549184,2309.449124247526,2290.5517515049482,15.593202705750059,-15.59320271,11.41828456,-27.01148727,LOSS,STOP_LOSS,3091.62905388
BTCUSDT,LONG,80614.1,80965.39763637252,0.08800597367531492,80438.45118181375,80965.39763637252,15.458145269400058,30.91629054,14.21996102,16.69632952,WIN,TAKE_PROFIT,3108.3253834
SOLUSDT,LONG,93.51,93.04992994508187,33.78100085163225,93.04992994508187,94.43014010983627,15.541626917000057,-15.54162692,6.30218115,-21.84380807,LOSS,STOP_LOSS,3086.48157533
SOLUSDT,SHORT,92.79,93.10340013096842,49.241867988259266,93.10340013096842,92.16319973806317,15.432407876650059,-15.43240788,9.15373827,-24.58614615,LOSS,STOP_LOSS,3061.89542918
SOLUSDT,LONG,93.33,93.99404961873786,46.10943734896857,92.99797519063107,93.99404961873786,15.30947714590006,30.61895429,8.63740653,21.98154776,WIN,TAKE_PROFIT,3083.87697694
SOLUSDT,LONG,94.46,94.06710698074498,39.2457593518398,94.06710698074498,95.24578603851002,15.41938488470006,-15.41938488,7.39888947,-22.81827436,LOSS,STOP_LOSS,3061.05870258
SOLUSDT,LONG,93.78,93.3393819375717,34.73596481394922,93.3393819375717,94.66123612485661,15.30529351290006,-15.30529351,6.49977227,-21.80506578,LOSS,STOP_LOSS,3039.2536368
ETHUSDT,SHORT,2321.0,2326.370430116824,2.8296184576342145,2326.370430116824,2310.259139766352,15.19626818400006,-15.19626818,13.15028515,-28.34655333,LOSS,STOP_LOSS,3010.90708347
SOLUSDT,LONG,93.71,94.63180169465053,32.663284315304715,93.24909915267473,94.63180169465053,15.05453541735006,30.10907083,6.15186182,23.95720902,WIN,TAKE_PROFIT,3034.86429249
BTCUSDT,LONG,81111.8,81452.15001527764,0.08916891894405572,80941.62499236118,81452.15001527764,15.17432146245006,30.34864292,14.49565168,15.85299124,WIN,TAKE_PROFIT,3050.71728373
BTCUSDT,LONG,81439.5,81242.81670259713,0.0775540507001295,81242.81670259713,81832.86659480572,15.253586418650059,-15.25358642,12.61667264,-27.87025906,LOSS,STOP_LOSS,3022.84702467
BTCUSDT,LONG,81229.5,81021.17265241162,0.0725504130797746,81021.17265241162,81646.15469517674,15.114235123350058,-15.11423512,11.77135332,-26.88558845,LOSS,STOP_LOSS,2995.96143622
SOLUSDT,LONG,95.77,95.02750688380203,20.17501153115894,95.02750688380203,97.25498623239592,14.979807181100059,-14.97980718,3.8493419,-18.82914908,LOSS,STOP_LOSS,2977.13228714
SOLUSDT,LONG,95.45,94.4943823949811,15.577006281090371,94.4943823949811,97.36123521003782,14.885661435700058,-14.88566144,2.95876484,-17.84442627,LOSS,STOP_LOSS,2959.28786087
SOLUSDT,LONG,95.54,94.83636455399224,21.028558734925703,94.83636455399224,96.94727089201555,14.796439304350057,-14.7964393,4.00334056,-18.79977987,LOSS,STOP_LOSS,2940.488081
SOLUSDT,SHORT,94.58,95.21565336653074,23.129650811483664,95.21565336653074,93.30869326693852,14.70244040500006,-14.70244041,4.38990719,-19.09234759,LOSS,STOP_LOSS,2921.39573341
BTCUSDT,LONG,80923.3,80674.62972635921,0.05874034903001648,80674.62972635921,81420.6405472816,14.60697866705006,-14.60697867,9.49231879,-24.09929746,LOSS,STOP_LOSS,2897.29643595
SOLUSDT,SHORT,94.6,95.39318825399621,18.26361157866966,95.39318825399621,93.01362349200757,14.48648217975006,-14.48648218,3.46996179,-17.95644397,LOSS,STOP_LOSS,2879.33999198
SOLUSDT,LONG,95.28,96.94585525434042,17.28445484370772,94.4470723728298,96.94585525434042,14.396699959900062,28.79339992,3.32251911,25.4708808,WIN,TAKE_PROFIT,2904.81087278
BTCUSDT,LONG,81751.6,81343.67088148383,0.035604357974569095,81343.67088148383,82567.45823703235,14.524054363900062,-14.52405436,5.80690241,-20.33095677,LOSS,STOP_LOSS,2884.47991601
BTCUSDT,LONG,81478.0,81073.11061136141,0.035620591659722554,81073.11061136141,82287.77877727718,14.422399580050062,-14.42239958,5.79016673,-20.21256631,LOSS,STOP_LOSS,2864.2673497
SOLUSDT,LONG,96.68,96.18332580540724,28.834469163920282,96.18332580540724,97.67334838918553,14.321336748500062,-14.32133675,5.56111162,-19.88244837,LOSS,STOP_LOSS,2844.38490133
BTCUSDT,SHORT,80989.9,80562.16820964034,0.06649926345054624,81203.76589517982,80562.16820964034,14.221924506650062,28.44384901,10.74309354,17.70075547,WIN,TAKE_PROFIT,2862.0856568
ETHUSDT,SHORT,2285.37,2266.969273005074,1.5554198796543233,2294.570363497463,2266.969273005074,14.31042828400006,28.62085657,7.080799,21.54005756,WIN,TAKE_PROFIT,2883.62571436
ETHUSDT,SHORT,2276.64,2289.5570778420442,1.116206679878472,2289.5570778420442,2250.805844315911,14.418128571800061,-14.41812857,5.09681968,-19.51494825,LOSS,STOP_LOSS,2864.11076611
ETHUSDT,SHORT,2281.18,2288.430450853183,1.975125977753807,2288.430450853183,2266.6790982936327,14.320553830550061,-14.32055383,9.02555631,-23.34611014,LOSS,STOP_LOSS,2840.76465597
BTCUSDT,LONG,81020.1,80761.59304737422,0.05494561417236543,80761.59304737422,81537.11390525156,14.203823279850063,-14.20382328,8.88919449,-23.09301777,LOSS,STOP_LOSS,2817.6716382
ETHUSDT,SHORT,2300.74,2282.1789603792554,1.518057013924415,2310.020519810372,2282.1789603792554,14.088358191000061,28.17671638,6.95713227,21.21958411,WIN,TAKE_PROFIT,2838.89122231
ETHUSDT,SHORT,2283.08,2258.4081850633047,1.1506616880818288,2295.4159074683475,2258.4081850633047,14.194456111550062,28.38891222,5.22571646,23.16319576,WIN,TAKE_PROFIT,2862.05441807
ETHUSDT,SHORT,2261.13,2234.2649553205188,1.0653451174998305,2274.5625223397406,2234.2649553205188,14.310272090350061,28.62054418,4.78914707,23.83139711,WIN,TAKE_PROFIT,2885.88581518
ETHUSDT,SHORT,2235.38,2250.1047178080107,0.979946051533172,2250.1047178080107,2205.9305643839793,14.429429075900062,-14.42942908,4.39553304,-18.82496211,LOSS,STOP_LOSS,2867.06085307
ETHUSDT,SHORT,2251.26,2265.569236524854,1.0018217422327842,2265.569236524854,2222.6415269502927,14.335304265350063,-14.33530427,4.52505774,-18.860362,LOSS,STOP_LOSS,2848.20049107
ETHUSDT,SHORT,2261.21,2237.9688905916664,1.225501089913008,2272.830554704167,2237.9688905916664,14.241002455350063,28.48200491,5.51374863,22.96825628,WIN,TAKE_PROFIT,2871.16874735
BTCUSDT,SHORT,79281.6,79579.4237958287,0.0482024738715231,79579.4237958287,78685.95240834264,14.355843736750062,-14.35584374,7.65749435,-22.01333809,LOSS,STOP_LOSS,2849.15540926
BTCUSDT,LONG,79797.9,79527.57679713686,0.052699053930316826,79527.57679713686,80338.54640572626,14.245777046300061,-14.24577705,8.39630189,-22.64207894,LOSS,STOP_LOSS,2826.51333032
ETHUSDT,SHORT,2259.98,2268.7056675868757,1.6196544861343087,2268.7056675868757,2242.5286648262486,14.132566651600062,-14.13256665,7.33490606,-21.46747271,LOSS,STOP_LOSS,2805.04585761
SOLUSDT,LONG,91.57,92.69975301778271,24.828841467626884,91.00512349110863,92.69975301778271,14.025229288050062,28.05045858,4.57520448,23.47525409,WIN,TAKE_PROFIT,2828.5211117
SOLUSDT,LONG,93.1,92.41977885216018,20.79118769449167,92.41977885216018,94.46044229567961,14.14260555850006,-14.14260556,3.85717654,-17.9997821,LOSS,STOP_LOSS,2810.5213296
SOLUSDT,LONG,93.27,92.51105864214252,18.51606385988921,92.51105864214252,94.78788271571494,14.05260664800006,-14.05260665,3.43993395,-17.49254059,LOSS,STOP_LOSS,2793.02878901
SOLUSDT,LONG,92.38,91.58563219654125,17.58019885026142,91.58563219654125,93.96873560691748,13.96514394505006,-13.96514395,3.2341524,-17.19929634,LOSS,STOP_LOSS,2775.82949267
ETHUSDT,SHORT,2267.87,2242.8728641532325,1.110459018059455,2280.3685679233836,2242.8728641532325,13.879147463350062,27.75829493,5.00899509,22.74929984,WIN,TAKE_PROFIT,2798.57879251
ETHUSDT,SHORT,2245.51,2258.314157320181,1.0928398966557156,2258.314157320181,2219.901685359638,13.992893962550061,-13.99289396,4.92195873,-18.91485269,LOSS,STOP_LOSS,2779.66393982
ETHUSDT,SHORT,2261.05,2238.0464155226923,1.2083612197751386,2272.551792238654,2238.0464155226923,13.898319699100062,27.7966394,5.43653363,22.36010577,WIN,TAKE_PROFIT,2802.02404559
ETHUSDT,SHORT,2223.44,2200.4167771032494,1.217042487125237,2234.9516114483754,2200.4167771032494,14.010120227950061,28.02024046,5.38402165,22.6362188,WIN,TAKE_PROFIT,2824.66026439
BTCUSDT,SHORT,78219.8,78449.95715460773,0.0613637292571706,78449.95715460773,77759.48569078452,14.12330132195006,-14.12330132,9.61384056,-23.73714188,LOSS,STOP_LOSS,2800.92312251
BTCUSDT,SHORT,78430.1,77899.42242715706,0.05278012989139362,78695.43878642148,77899.42242715706,14.00461561255006,28.00923123,8.2510925,19.75813873,WIN,TAKE_PROFIT,2820.68126124
BTCUSDT,SHORT,78025.3,78301.4012087402,0.051080567052029596,78301.4012087402,77473.09758251961,14.10340630620006,-14.10340631,7.98525654,-22.08866285,LOSS,STOP_LOSS,2798.59259839
SOLUSDT,SHORT,86.33,86.76950735561414,31.837835734051243,86.76950735561414,85.45098528877173,13.99296299195006,-13.99296299,5.51111368,-19.50407667,LOSS,STOP_LOSS,2779.08852172
ETHUSDT,SHORT,2177.42,2184.7995594596637,1.8829637032606523,2184.7995594596637,2162.6608810806733,13.89544260860006,-13.89544261,8.2139011,-22.1093437,LOSS,STOP_LOSS,2756.97917802
BTCUSDT,SHORT,78044.2,78223.24184979979,0.07699259086920296,78223.24184979979,77686.11630040043,13.78489589010006,-13.78489589,12.03143522,-25.81633111,LOSS,STOP_LOSS,2731.16284691
SOLUSDT,LONG,87.07,86.73200074199349,40.40190595414614,86.73200074199349,87.745998516013,13.655814234550059,-13.65581423,7.02193209,-20.67774632,LOSS,STOP_LOSS,2710.48510059
ETHUSDT,LONG,2191.68,2185.7664008330776,2.2917389428007784,2185.7664008330776,2203.5071983338444,13.55242550295006,-13.5524255,10.03196439,-23.58438989,LOSS,STOP_LOSS,2686.9007107
SOLUSDT,SHORT,86.28,86.62989610977279,38.395692830720996,86.62989610977279,85.58020778045443,13.43450355350006,-13.43450355,6.63899526,-20.07349881,LOSS,STOP_LOSS,2666.82721189
SOLUSDT,SHORT,86.25,86.5874901486368,39.50970454488654,86.5874901486368,85.5750197027264,13.334136059450062,-13.33413606,6.82875817,-20.16289423,LOSS,STOP_LOSS,2646.66431766
BTCUSDT,LONG,78369.0,78177.31040189258,0.06903515745744708,78177.31040189258,78752.37919621482,13.233321588300061,-13.23332159,10.80719919,-24.04052078,LOSS,STOP_LOSS,2622.62379688
BTCUSDT,SHORT,78087.6,77656.9441182681,0.060898362431112706,78302.92794086596,77656.9441182681,13.113118984400062,26.22623797,9.48458769,16.74165027,WIN,TAKE_PROFIT,2639.36544715
BTCUSDT,SHORT,77795.8,77274.68697530069,0.0506486179015183,78056.35651234967,77274.68697530069,13.19682723575006,26.39365447,7.85410584,18.53954863,WIN,TAKE_PROFIT,2657.90499578
BTCUSDT,SHORT,77216.0,77586.1096186104,0.035906997037246834,77586.1096186104,76475.7807627792,13.28952497890006,-13.28952498,5.55847889,-18.84800387,LOSS,STOP_LOSS,2639.05699191
BTCUSDT,SHORT,76785.0,76079.87188518734,0.03742663122447176,77137.56405740633,76079.87188518734,13.19528495955006,26.39056992,5.72121719,20.66935273,WIN,TAKE_PROFIT,2659.72634464
BTCUSDT,SHORT,76251.7,76673.73152814667,0.031510991090168826,76673.73152814667,75407.63694370666,13.29863172320006,-13.29863172,4.81883191,-18.11746363,LOSS,STOP_LOSS,2641.60888101
ETHUSDT,SHORT,2107.01,2077.896413910834,0.9073457570357546,2121.5667930445834,2077.896413910834,13.208044405050059,26.41608881,3.79715708,22.61893173,WIN,TAKE_PROFIT,2664.22781274
ETHUSDT,SHORT,2087.53,2103.735704206809,0.8220030980266307,2103.735704206809,2055.1185915863825,13.321139063700059,-13.32113906,3.44523339,-16.76637246,LOSS,STOP_LOSS,2647.46144028
SOLUSDT,LONG,85.47,84.99857796202701,28.079525637617195,84.99857796202701,86.41284407594596,13.237307201400059,-13.2373072,4.78667681,-18.02398401,LOSS,STOP_LOSS,2629.43745627
BTCUSDT,SHORT,76735.1,77046.83042734038,0.04217486048288433,77046.83042734038,76111.63914531926,13.147187281350059,-13.14718728,6.48573146,-19.63291874,LOSS,STOP_LOSS,2609.80453753
SOLUSDT,LONG,85.52,85.05743160084683,28.209931139997913,85.05743160084683,86.44513679830634,13.049022687650059,-13.04902269,4.8119776,-17.86100029,LOSS,STOP_LOSS,2591.94353724
BTCUSDT,LONG,77145.5,76877.45787574492,0.04834955595959559,76877.45787574492,77681.58424851017,12.959717686200058,-12.95971769,7.44694162,-20.40665931,LOSS,STOP_LOSS,2571.53687793
BTCUSDT,SHORT,76734.1,77003.97949963136,0.04764231594920503,77003.97949963136,76194.3410007373,12.857684389650057,-12.85768439,7.32443816,-20.18212255,LOSS,STOP_LOSS,2551.35475538
ETHUSDT,SHORT,2117.4,2094.0809876315857,1.0941092680390765,2129.0595061842073,2094.0809876315857,12.756773776900058,25.51354755,4.60782038,20.90572717,WIN,TAKE_PROFIT,2572.26048255
BTCUSDT,SHORT,76365.7,76735.40185383867,0.034788309225958124,76735.40185383867,75626.29629232263,12.861302412750058,-12.86130241,5.32612847,-18.18743089,LOSS,STOP_LOSS,2554.07305166
ETHUSDT,SHORT,2111.8,2122.8393953317,1.1567993422275502,2122.8393953317,2089.721209336601,12.770365258300057,-12.77036526,4.89862807,-17.66899333,LOSS,STOP_LOSS,2536.40405833
BTCUSDT,LONG,77199.8,77692.99000427504,0.051428537406357895,76953.20499786249,77692.99000427504,12.682020291650058,25.36404058,7.96590964,17.39813094,WIN,TAKE_PROFIT,2553.80218927
BTCUSDT,LONG,77590.2,77399.18460570692,0.0668480726048613,77399.18460570692,77972.23078858615,12.769010946350058,-12.76901095,10.36074164,-23.12975258,LOSS,STOP_LOSS,2530.67243669
ETHUSDT,SHORT,2119.74,2128.65567234057,1.4192269186330766,2128.65567234057,2101.9086553188586,12.653362183450058,-12.65336218,6.0294375,-18.68279968,LOSS,STOP_LOSS,2511.98963701
BTCUSDT,LONG,77384.1,77079.69218890615,0.04126026904473064,77079.69218890615,77992.91562218772,12.55994818505006,-12.55994819,6.37321762,-18.93316581,LOSS,STOP_LOSS,2493.0564712
SOLUSDT,LONG,86.43,85.73528596605891,17.943040944897678,85.73528596605891,87.81942806788219,12.46528235600006,-12.46528236,3.08916878,-15.55445113,LOSS,STOP_LOSS,2477.50202007
ETHUSDT,SHORT,2124.11,2133.064595475936,1.3833690347754344,2133.064595475936,2106.200809048128,12.38751010035006,-12.3875101,5.88924351,-18.27675361,LOSS,STOP_LOSS,2459.22526646
ETHUSDT,LONG,2141.83,2133.438570154874,1.4653195652278792,2133.438570154874,2158.6128596902518,12.296126332300059,-12.29612633,6.26463468,-18.56076101,LOSS,STOP_LOSS,2440.66450545
ETHUSDT,SHORT,2128.14,2135.430794326937,1.673798763210586,2135.430794326937,2113.5584113461255,12.203322527250059,-12.20332253,7.13635952,-19.33968205,LOSS,STOP_LOSS,2421.3248234
BTCUSDT,LONG,77846.2,77633.17096018336,0.056830862719093475,77633.17096018336,78272.25807963329,12.106624117000058,-12.10662412,8.83602679,-20.9426509,LOSS,STOP_LOSS,2400.3821725
ETHUSDT,SHORT,2127.08,2110.7051172612682,1.4658927399964694,2135.2674413693658,2110.7051172612682,12.001910862500058,24.00382173,6.21213844,17.79168329,WIN,TAKE_PROFIT,2418.17385579
ETHUSDT,SHORT,2115.88,2125.264349956239,1.2884077570990247,2125.264349956239,2097.1113000875225,12.09086927895006,-12.09086928,5.46432328,-17.55519256,LOSS,STOP_LOSS,2400.61866323
BTCUSDT,SHORT,77117.7,77452.15417964966,0.03588860312262612,77452.15417964966,76448.79164070069,12.003093316150059,-12.00309332,5.54729615,-17.55038947,LOSS,STOP_LOSS,2383.06827376
SOLUSDT,LONG,86.67,87.9094336876561,19.227073602191997,86.05028315617196,87.9094336876561,11.915341368800059,23.83068274,3.35665162,20.47403112,WIN,TAKE_PROFIT,2403.54230488
ETHUSDT,LONG,2146.66,2133.718074602226,0.928587606173881,2133.718074602226,2172.543850795548,12.017711524400058,-12.01771152,3.97470603,-15.99241755,LOSS,STOP_LOSS,2387.54988733
BTCUSDT,SHORT,77354.5,77750.10243797398,0.030176127067839356,77750.10243797398,76563.29512405202,11.937749436650058,-11.93774944,4.68045619,-16.61820563,LOSS,STOP_LOSS,2370.9316817
BTCUSDT,SHORT,77344.7,77582.90069016394,0.0497675233448791,77582.90069016394,76868.29861967212,11.85465840850006,-11.85465841,7.71036298,-19.56502139,LOSS,STOP_LOSS,2351.36666031
BTCUSDT,LONG,77580.0,77343.34162167399,0.0496785002276746,77343.34162167399,78053.31675665203,11.75683330155006,-11.7568333,7.69635926,-19.45319256,LOSS,STOP_LOSS,2331.91346775
BTCUSDT,SHORT,77386.0,77015.8699617936,0.06300254578229258,77571.0650191032,77015.8699617936,11.65956733875006,23.31913468,9.72771088,13.5914238,WIN,TAKE_PROFIT,2345.50489155
BTCUSDT,SHORT,77032.7,76594.45237817634,0.053520082591430485,77251.82381091182,76594.45237817634,11.727524457750059,23.45504892,8.22213788,15.23291103,WIN,TAKE_PROFIT,2360.73780258
BTCUSDT,SHORT,76880.0,76358.21513329682,0.04524350845006261,77140.89243335159,76358.21513329682,11.80368901290006,23.60737803,6.93303448,16.67434354,WIN,TAKE_PROFIT,2377.41214612
BTCUSDT,SHORT,76498.6,75895.31314221155,0.03940765682904505,76800.24342889423,75895.31314221155,11.88706073060006,23.77412146,6.00548703,17.76863443,WIN,TAKE_PROFIT,2395.18078055
BTCUSDT,SHORT,75782.4,75050.66208944561,0.032732768741411344,76148.26895527719,75050.66208944561,11.97590390275006,23.95180781,4.93718374,19.01462407,WIN,TAKE_PROFIT,2414.19540462
BTCUSDT,SHORT,74573.1,74836.08369083442,0.045900097396916466,74836.08369083442,74047.13261833118,12.070977023100061,-12.07097702,6.85789608,-18.92887311,LOSS,STOP_LOSS,2395.26653151
BTCUSDT,SHORT,74820.9,75019.30579767603,0.06036281599545653,75019.30579767603,74424.08840464793,11.97633265755006,-11.97633266,9.04477677,-21.02110943,LOSS,STOP_LOSS,2374.24542208
BTCUSDT,LONG,76890.7,76620.73542495762,0.04397327726623602,76620.73542495762,77430.62915008476,11.871227110400062,-11.87122711,6.75040091,-18.62162802,LOSS,STOP_LOSS,2355.62379406
BTCUSDT,LONG,76780.4,77201.1706601445,0.05598355629765176,76570.01466992774,77201.1706601445,11.778118970300062,23.55623794,8.62043593,14.93580201,WIN,TAKE_PROFIT,2370.55959607
BTCUSDT,LONG,77201.0,76972.45836033225,0.05186275025234746,76972.45836033225,77658.08327933548,11.85279798035006,-11.85279798,7.99585957,-19.84865755,LOSS,STOP_LOSS,2350.71093852
SOLUSDT,SHORT,85.22,85.75274502357325,22.06225149465659,85.75274502357325,84.15450995285347,11.75355469260006,-11.75355469,3.7720437,-15.52559839,LOSS,STOP_LOSS,2335.18534013
SOLUSDT,SHORT,85.47,84.46790647803832,23.3030679168416,85.97104676098084,84.46790647803832,11.67592670065006,23.3518534,3.96007458,19.39177882,WIN,TAKE_PROFIT,2354.57711895
ETHUSDT,SHORT,2087.8,2070.2094302346836,1.3385451127299823,2096.5952848826582,2070.2094302346836,11.77288559475006,23.54577119,5.5656832,17.98008799,WIN,TAKE_PROFIT,2372.55720694
ETHUSDT,SHORT,2068.56,2079.2545502481826,1.109236551272077,2079.2545502481826,2047.1708995036347,11.86278603470006,-11.86278603,4.60090751,-16.46369354,LOSS,STOP_LOSS,2356.0935134
ETHUSDT,SHORT,2090.52,2104.2853096271956,0.8558083970538412,2104.2853096271956,2062.9893807456087,11.78046756700006,-11.78046757,3.58994961,-15.37041717,LOSS,STOP_LOSS,2340.72309623
BTCUSDT,LONG,77159.5,77844.30703567748,0.034180768804664946,76817.09648216126,77844.30703567748,11.70361548115006,23.40723096,5.29814929,18.10908167,WIN,TAKE_PROFIT,2358.8321779
SOLUSDT,LONG,86.21,85.86084099338852,33.778767456008794,85.86084099338852,86.90831801322294,11.794160889500057,-11.79416089,5.81234092,-17.60650181,LOSS,STOP_LOSS,2341.22567609
SOLUSDT,SHORT,85.6,84.94741023790849,35.87591795167837,85.92629488104575,84.94741023790849,11.706128380450059,23.41225676,6.1185449,17.29371186,WIN,TAKE_PROFIT,2358.51938795
SOLUSDT,SHORT,84.79,83.98935111626706,29.457599153247237,85.19032444186648,83.98935111626706,11.792596939750059,23.58519388,4.97183447,18.61335941,WIN,TAKE_PROFIT,2377.13274736
BTCUSDT,SHORT,76750.1,77000.39193090788,0.047487203018042844,77000.39193090788,76249.51613818426,11.885663736800058,-11.88566374,7.30118082,-19.18684456,LOSS,STOP_LOSS,2357.9459028
BTCUSDT,SHORT,76650.0,76867.27129992525,0.054262709884168384,76867.27129992525,76215.45740014949,11.78972951400006,-11.78972951,8.33026315,-20.11999267,LOSS,STOP_LOSS,2337.82591013
SOLUSDT,LONG,85.28,84.83055818398853,26.00810412877085,84.83055818398853,86.17888363202293,11.689129550650058,-11.68912955,4.42425311,-16.11338266,LOSS,STOP_LOSS,2321.71252747
ETHUSDT,LONG,2116.78,2138.5137594953153,1.0682516883332984,2105.9131202523427,2138.5137594953153,11.60856263735006,23.21712527,4.54572474,18.67140053,WIN,TAKE_PROFIT,2340.383928
BTCUSDT,SHORT,76873.6,75842.41685548317,0.022696103407475673,77389.19157225842,75842.41685548317,11.70191964000006,23.40383928,3.46605851,19.93778077,WIN,TAKE_PROFIT,2360.32170877
BTCUSDT,SHORT,76005.5,75066.24870553079,0.02512982119554971,76475.12564723461,75066.24870553079,11.801608543850058,23.60321709,3.79640603,19.80681106,WIN,TAKE_PROFIT,2380.12851983
SOLUSDT,SHORT,83.03,83.58581536516303,21.411143601003815,83.58581536516303,81.91836926967393,11.90064259915006,-11.9006426,3.56743515,-15.46807775,LOSS,STOP_LOSS,2364.66044208
BTCUSDT,SHORT,75054.3,75371.56604984016,0.03726620675725382,75371.56604984016,74419.76790031971,11.823302210400062,-11.82330221,5.60580143,-17.42910364,LOSS,STOP_LOSS,2347.23133844
BTCUSDT,SHORT,75328.1,74613.87806037109,0.03286417300005592,75685.21096981446,74613.87806037109,11.736156692200062,23.47231338,4.92771911,18.54459428,WIN,TAKE_PROFIT,2365.77593272
BTCUSDT,SHORT,74600.0,73972.32217605581,0.03769092745469307,74913.8389119721,73972.32217605581,11.828879663600063,23.65775933,5.59982862,18.05793071,WIN,TAKE_PROFIT,2383.83386343
BTCUSDT,SHORT,73712.4,72967.85115181628,0.032017158702820625,74084.67442409185,72967.85115181628,11.919169317150063,23.83833863,4.69628488,19.14205375,WIN,TAKE_PROFIT,2402.97591718
BTCUSDT,SHORT,73053.6,73504.79351666539,0.026629105122560188,73504.79351666539,72151.21296666925,12.014879585900061,-12.01487959,3.90271887,-15.91759845,LOSS,STOP_LOSS,2387.05831873
SOLUSDT,SHORT,80.99,80.09677070824502,26.723914461425935,81.43661464587748,80.09677070824502,11.935291593650064,23.87058319,4.30486908,19.56571411,WIN,TAKE_PROFIT,2406.62403284
BTCUSDT,SHORT,72938.5,73357.16162390173,0.02874187524535208,73357.16162390173,72101.17675219654,12.033120164200064,-12.03312016,4.20481166,-16.23793182,LOSS,STOP_LOSS,2390.38610102
BTCUSDT,LONG,73877.8,73575.83844921901,0.039580968087451596,73575.83844921901,74481.723101562,11.951930505100062,-11.95193051,5.83635776,-17.78828826,LOSS,STOP_LOSS,2372.59781276
SOLUSDT,SHORT,82.04,82.57850343278801,22.02955142250706,82.57850343278801,80.96299313442398,11.862989063800063,-11.86298906,3.62647179,-15.48946085,LOSS,STOP_LOSS,2357.10835191
BTCUSDT,SHORT,73576.5,73154.45133863241,0.05584920810487027,73787.5243306838,73154.45133863241,11.785541759550062,23.57108352,8.19480744,15.37627608,WIN,TAKE_PROFIT,2372.48462799
BTCUSDT,SHORT,73099.3,73314.10780845086,0.05522342611983609,73314.10780845086,72669.68438309828,11.862423139950062,-11.86242314,8.08545001,-19.94787315,LOSS,STOP_LOSS,2352.53675484
BTCUSDT,SHORT,73114.6,72593.15130818766,0.045115402373789235,73375.32434590618,72593.15130818766,11.762683774200063,23.52536755,6.57366383,16.95170372,WIN,TAKE_PROFIT,2369.48845856
BTCUSDT,SHORT,72690.3,73011.95390029665,0.03683288864793368,73011.95390029665,72046.9921994067,11.847442292800062,-11.84744229,5.36663489,-17.21407719,LOSS,STOP_LOSS,2352.27438137
BTCUSDT,SHORT,73065.8,73442.997750766,0.031180917391383848,73442.997750766,72311.40449846802,11.761371906850064,-11.76137191,4.56827872,-16.32965063,LOSS,STOP_LOSS,2335.94473074
BTCUSDT,SHORT,73343.0,73795.65812344334,0.025802527445775294,73795.65812344334,72437.6837531133,11.679723653700064,-11.67972365,3.79654926,-15.47627292,LOSS,STOP_LOSS,2320.46845782
BTCUSDT,SHORT,73499.9,73879.5074148724,0.03056405600770441,73879.5074148724,72740.68517025518,11.602342289100063,-11.60234229,4.50451246,-16.10685475,LOSS,STOP_LOSS,2304.36160307
ETHUSDT,LONG,2022.49,2031.4256548719893,2.578839084635573,2018.0221725640054,2031.4256548719893,11.521808015350064,23.04361603,10.45439614,12.58921989,WIN,TAKE_PROFIT,2316.95082296
SOLUSDT,LONG,82.86,82.56621758142171,39.433108934368526,82.56621758142171,83.44756483715659,11.584754114800065,-11.58475411,6.52327006,-18.10802417,LOSS,STOP_LOSS,2298.84279879
BTCUSDT,LONG,74111.8,73959.7305146271,0.07558527580837936,73959.7305146271,74415.93897074583,11.494213993950064,-11.49421399,11.19202747,-22.68624147,LOSS,STOP_LOSS,2276.15655732
ETHUSDT,LONG,2029.39,2022.8460069275322,1.7391190150371196,2022.8460069275322,2042.4779861449358,11.380782786600063,-11.38078279,7.04732069,-18.42810348,LOSS,STOP_LOSS,2257.72845384
SOLUSDT,SHORT,82.69,82.95451895840665,42.67611795085677,82.95451895840665,82.16096208318669,11.288642269200063,-11.28864227,7.06906503,-18.3577073,LOSS,STOP_LOSS,2239.37074654
BTCUSDT,SHORT,73814.5,73963.9825494737,0.07490408594261752,73963.9825494737,73515.53490105258,11.196853732700063,-11.19685373,11.06921216,-22.26606589,LOSS,STOP_LOSS,2217.10468065
ETHUSDT,SHORT,2022.65,2011.9567062155934,2.073359925716322,2027.9966468922034,2011.9567062155934,11.085523403250063,22.17104681,8.36519186,13.80585495,WIN,TAKE_PROFIT,2230.9105356
BTCUSDT,SHORT,73689.7,73389.78137914841,0.07438386217119533,73839.65931042579,73389.78137914841,11.154552678000064,22.30910536,10.94033987,11.36876548,WIN,TAKE_PROFIT,2242.27930108
BTCUSDT,SHORT,73558.4,73736.69078825253,0.06288264590271789,73736.69078825253,73201.81842349494,11.211396505400064,-11.21139651,9.26230504,-20.47370154,LOSS,STOP_LOSS,2221.80559954
ETHUSDT,SHORT,2012.59,1998.1183200872701,1.535278290383991,2019.825839956365,1998.1183200872701,11.109027997700064,22.218056,6.15755341,16.06050258,WIN,TAKE_PROFIT,2237.86610212
BTCUSDT,SHORT,73464.7,73653.86700847399,0.059150538991257454,73653.86700847399,73086.36598305202,11.189330510600064,-11.18933051,8.70214253,-19.89147304,LOSS,STOP_LOSS,2217.97462908
ETHUSDT,SHORT,2004.5,2012.3788326283693,1.407552827746174,2012.3788326283693,1988.7423347432614,11.089873145400063,-11.08987315,5.65396916,-16.7438423,LOSS,STOP_LOSS,2201.23078678
ETHUSDT,SHORT,2002.33,2010.6602576148662,1.3212261184166059,2010.6602576148662,1985.6694847702674,11.006153933900064,-11.00615393,5.30206754,-16.30822148,LOSS,STOP_LOSS,2184.9225653
SOLUSDT,LONG,82.71,82.26738387219692,24.681913152881265,82.26738387219692,83.59523225560613,10.924612826500063,-10.92461283,4.07195746,-14.99657029,LOSS,STOP_LOSS,2169.92599501
ETHUSDT,SHORT,2003.58,2013.5495646839593,1.0882751974623974,2013.5495646839593,1983.640870632081,10.849629975050064,-10.84962998,4.37174247,-15.22137245,LOSS,STOP_LOSS,2154.70462256
SOLUSDT,LONG,82.62,82.04177376586253,18.632020611916193,82.04177376586253,83.77645246827495,10.773523112800062,-10.77352311,3.06798156,-13.84150468,LOSS,STOP_LOSS,2140.86311788
BTCUSDT,SHORT,73368.4,72736.06492186237,0.03385646616640921,73684.56753906881,72736.06492186237,10.704315589400062,21.40863118,4.94658087,16.46205031,WIN,TAKE_PROFIT,2157.32516819
BTCUSDT,SHORT,72776.1,73072.03921786671,0.036448788094752084,73072.03921786671,72184.2215642666,10.786625840950062,-10.78662584,5.31598792,-16.10261376,LOSS,STOP_LOSS,2141.22255443
BTCUSDT,SHORT,72976.2,72406.10067962967,0.037558763498246286,73261.24966018516,72406.10067962967,10.70611277215006,21.41222554,5.46037945,15.9518461,WIN,TAKE_PROFIT,2157.17440053
ETHUSDT,SHORT,1980.73,1989.4311422751894,1.23959264904854,1989.4311422751894,1963.3277154496216,10.78587200265006,-10.785872,4.92138257,-15.70725457,LOSS,STOP_LOSS,2141.46714596
SOLUSDT,SHORT,81.0,80.02551877358553,21.975458201892653,81.48724061320723,80.02551877358553,10.70733572980006,21.41467146,3.53860956,17.8760619,WIN,TAKE_PROFIT,2159.34320786
ETHUSDT,SHORT,1970.61,1984.9450301134355,0.753170098274212,1984.9450301134355,1941.9399397731288,10.79671603930006,-10.79671604,2.97920577,-13.77592181,LOSS,STOP_LOSS,2145.56728605
BTCUSDT,SHORT,71617.9,70728.81840567046,0.024132400217642923,72062.44079716476,70728.81840567046,10.727836430250061,21.45567286,3.43516798,18.02050488,WIN,TAKE_PROFIT,2163.58779093
BTCUSDT,SHORT,70615.2,70974.44269736586,0.03011317706378528,70974.44269736586,69896.71460526827,10.81793895465006,-10.81793895,4.26371398,-15.08165294,LOSS,STOP_LOSS,2148.50613799
BTCUSDT,SHORT,70881.6,69999.7837466046,0.024364555877908565,71322.5081266977,69999.7837466046,10.74253068995006,21.48506138,3.43251235,18.05254903,WIN,TAKE_PROFIT,2166.55868702
ETHUSDT,SHORT,1981.51,1956.8639447012556,0.8790691495082333,1993.8330276493723,1956.8639447012556,10.832793435100061,21.66558687,3.46210303,18.20348384,WIN,TAKE_PROFIT,2184.76217086
BTCUSDT,SHORT,67858.7,66890.09268229692,0.022555705815240763,68343.00365885154,66890.09268229692,10.923810854300061,21.84762171,3.03935413,18.80826758,WIN,TAKE_PROFIT,2203.57043844
BTCUSDT,SHORT,66950.0,67438.89598569635,0.022536188707924988,67438.89598569635,65972.20802860729,11.017852192200062,-11.01785219,3.02861352,-14.04646571,LOSS,STOP_LOSS,2189.52397273
BTCUSDT,SHORT,67286.7,67836.8217937892,0.01990035658875381,67836.8217937892,66186.45641242158,10.947619863650061,-10.94761986,2.68900627,-13.63662613,LOSS,STOP_LOSS,2175.8873466
ETHUSDT,SHORT,1908.69,1871.8877916377915,0.5912382553744756,1927.0911041811044,1871.8877916377915,10.87943673300006,21.75887347,2.23522222,19.52365125,WIN,TAKE_PROFIT,2195.41099785
BTCUSDT,SHORT,66354.2,66973.02082689076,0.017738664427963433,66973.02082689076,65116.55834621847,10.977054989250062,-10.97705499,2.36504683,-13.34210182,LOSS,STOP_LOSS,2182.06889603
BTCUSDT,SHORT,66747.9,65532.20760270652,0.017949186002051212,67355.74619864674,65532.20760270652,10.91034448015006,21.82068896,2.37432026,19.4463687,WIN,TAKE_PROFIT,2201.51526473
BTCUSDT,SHORT,65818.4,66415.41422055816,0.018437712109032917,66415.41422055816,64624.37155888367,11.007576323650062,-11.00757632,2.438089,-13.44566532,LOSS,STOP_LOSS,2188.06959941
BTCUSDT,SHORT,66314.5,66954.93820480401,0.017082597376273212,66954.93820480401,65033.62359039199,10.940347997050061,-10.940348,2.27658816,-13.21693615,LOSS,STOP_LOSS,2174.85266326
BTCUSDT,SHORT,66928.7,67379.30426560597,0.024132624003628134,67379.30426560597,66027.49146878804,10.874263316300063,-10.87426332,3.24120457,-14.11546788,LOSS,STOP_LOSS,2160.73719538
BTCUSDT,SHORT,67040.1,66293.25520365576,0.0289315424832131,67413.52239817212,66293.25520365576,10.803685976900063,21.60737195,3.85753963,17.74983232,WIN,TAKE_PROFIT,2178.4870277
BTCUSDT,SHORT,66579.7,65675.76491639623,0.024100038456466525,67031.66754180189,65675.76491639623,10.892435138500064,21.78487028,3.18736179,18.59750849,WIN,TAKE_PROFIT,2197.08453619
BTCUSDT,SHORT,65574.5,66107.61028507401,0.020606285394446623,66107.61028507401,64508.27942985196,10.985422680950064,-10.98542268,2.71347915,-13.69890183,LOSS,STOP_LOSS,2183.38563436
SOLUSDT,SHORT,73.66,71.92996763307812,12.620490090857386,74.52501618346093,71.92996763307812,10.916928171800064,21.83385634,1.83741674,19.9964396,WIN,TAKE_PROFIT,2203.38207396
ETHUSDT,SHORT,1814.84,1782.7843692214835,0.6873619456076052,1830.867815389258,1782.7843692214835,11.016910369800064,22.03382074,2.47287009,19.56095065,WIN,TAKE_PROFIT,2222.94302461
BTCUSDT,SHORT,64971.7,65496.98970019795,0.02115921008704649,65496.98970019795,63921.1205996041,11.114715123050065,-11.11471512,2.76061442,-13.87532954,LOSS,STOP_LOSS,2209.06769507
BTCUSDT,SHORT,65371.2,64260.42627106095,0.019887648019727637,65926.58686446951,64260.42627106095,11.045338475350063,22.09067695,2.57806816,19.5126088,WIN,TAKE_PROFIT,2228.58030387
ETHUSDT,SHORT,1815.72,1771.169859651333,0.5002409165107565,1837.9950701743337,1771.169859651333,11.142901519350064,22.28580304,1.79430907,20.49149397,WIN,TAKE_PROFIT,2249.07179784
ETHUSDT,SHORT,1773.04,1722.8137698771427,0.44778829554569594,1798.1531150614285,1722.8137698771427,11.245358989200065,22.49071798,1.5654024,20.92531558,WIN,TAKE_PROFIT,2269.99711342
ETHUSDT,SHORT,1744.9,1774.5493818476527,0.38280681956270435,1774.5493818476527,1685.601236304695,11.349985567100067,-11.34998557,1.34726922,-12.69725479,LOSS,STOP_LOSS,2257.29985863
BTCUSDT,SHORT,63371.8,64223.87196066384,0.013245946133888612,64223.87196066384,61667.65607867233,11.286499293150065,-11.28649929,1.6901254,-12.97662469,LOSS,STOP_LOSS,2244.32323394
SOLUSDT,SHORT,70.85,68.67223983034151,10.305649195025778,71.93888008482924,68.67223983034151,11.221616169700066,22.44323234,1.43786726,21.00536508,WIN,TAKE_PROFIT,2265.32859902
ETHUSDT,SHORT,1766.93,1787.7274296057617,0.5446174459925681,1787.7274296057617,1725.335140788477,11.326642995100066,-11.326643,1.93592845,-13.26257145,LOSS,STOP_LOSS,2252.06602757
SOLUSDT,SHORT,69.26,67.26959791956213,11.314628585368956,70.25520104021894,67.26959791956213,11.260330137850067,22.52066028,1.54478169,20.97587858,WIN,TAKE_PROFIT,2273.04190615
BTCUSDT,SHORT,62585.5,63090.310970812345,0.022513792662748958,63090.310970812345,61575.87805837532,11.365209530750066,-11.36520953,2.82943915,-14.19464868,LOSS,STOP_LOSS,2258.84725747
ETHUSDT,SHORT,1735.69,1699.379179507847,0.6220865369754353,1753.8454102460767,1699.379179507847,11.294236287350067,22.58847257,2.13691029,20.45156228,WIN,TAKE_PROFIT,2279.29881975
BTCUSDT,SHORT,62858.7,61649.58654384707,0.018850992089709487,63463.25672807646,61649.58654384707,11.396494098750068,22.7929882,2.34710472,20.44588347,WIN,TAKE_PROFIT,2299.74470322
BTCUSDT,SHORT,61642.4,62384.838987457726,0.015487768975433623,62384.838987457726,60157.52202508456,11.498723516100068,-11.49872352,1.92090522,-13.41962874,LOSS,STOP_LOSS,2286.32507448
ETHUSDT,SHORT,1673.41,1614.3688041716691,0.38724233857453855,1702.9305979141654,1614.3688041716691,11.431625372400067,22.86325074,1.27316715,21.59008359,WIN,TAKE_PROFIT,2307.91515807
SOLUSDT,SHORT,64.28,65.43941196298461,9.9529556005653,65.43941196298461,61.96117607403078,11.539575790350067,-11.53957579,1.29109155,-12.83066734,LOSS,STOP_LOSS,2295.08449073
BTCUSDT,SHORT,60809.7,59157.895899122035,0.013894410902056334,61635.60205043898,59157.895899122035,11.475422453650067,22.95084491,1.66687907,21.28396583,WIN,TAKE_PROFIT,2316.36845656
SOLUSDT,SHORT,62.86,64.18288885355435,8.754962483569125,64.18288885355435,60.21422229289131,11.581842282800066,-11.58184228,1.11225573,-12.69409801,LOSS,STOP_LOSS,2303.67435855
SOLUSDT,SHORT,64.0,60.90765608785493,7.4496059429302735,65.54617195607253,60.90765608785493,11.518371792750067,23.03674359,0.93051282,22.10623077,WIN,TAKE_PROFIT,2325.78058932
BTCUSDT,SHORT,59927.0,60502.16418782131,0.02021840579235234,60502.16418782131,58776.671624357376,11.628902946600068,-11.62890295,2.43488571,-14.06378866,LOSS,STOP_LOSS,2311.71680066
ETHUSDT,SHORT,1548.78,1576.1328897739534,0.42257268240471857,1576.1328897739534,1494.0742204520932,11.558584003300066,-11.558584,1.32050282,-12.87908683,LOSS,STOP_LOSS,2298.83771383
ETHUSDT,SHORT,1559.49,1583.8719333073016,0.4714223611508261,1583.8719333073016,1510.726133385397,11.494188569150067,-11.49418857,1.4818511,-12.97603967,LOSS,STOP_LOSS,2285.86167416
SOLUSDT,SHORT,62.66,63.57977772157774,12.426163520458772,63.57977772157774,60.82044455684451,11.429308370800067,-11.42930837,1.56867612,-12.99798449,LOSS,STOP_LOSS,2272.86368967
BTCUSDT,LONG,61452.5,62160.18753110729,0.032116768909489925,61098.65623444636,62160.18753110729,11.364318448350069,22.7286369,3.97004012,18.75859678,WIN,TAKE_PROFIT,2291.62228645
BTCUSDT,LONG,62104.2,62823.371489538855,0.03186475437060811,61744.61425523057,62823.371489538855,11.45811143225007,22.91622286,3.98078638,18.93543648,WIN,TAKE_PROFIT,2310.55772293
SOLUSDT,SHORT,64.28,64.92195507568789,17.996257140377992,64.92195507568789,62.99608984862422,11.55278861465007,-11.55278861,2.32515161,-13.87794022,LOSS,STOP_LOSS,2296.67978271
ETHUSDT,LONG,1629.85,1616.703069164426,0.8734661387643029,1616.703069164426,1656.1438616711478,11.48339891355007,-11.48339891,2.83575417,-14.31915309,LOSS,STOP_LOSS,2282.36062962
BTCUSDT,SHORT,61303.8,61682.149091120154,0.03016210007089984,61682.149091120154,60547.10181775969,11.41180314810007,-11.41180315,3.7095145,-15.12131765,LOSS,STOP_LOSS,2267.23931197
BTCUSDT,SHORT,61555.7,61960.092013183,0.02803269152281721,61960.092013183,60746.91597363399,11.336196559850071,-11.33619656,3.4624801,-14.79867666,LOSS,STOP_LOSS,2252.44063531
BTCUSDT,SHORT,61755.0,62145.154583141244,0.028866002510786776,62145.154583141244,60974.69083371751,11.26220317655007,-11.26220318,3.57650217,-14.83870535,LOSS,STOP_LOSS,2237.60192996
BTCUSDT,LONG,63133.3,62421.91744928524,0.015727135334650675,62421.91744928524,64556.06510142953,11.188009649800069,-11.18800965,1.9746239,-13.16263355,LOSS,STOP_LOSS,2224.43929641
BTCUSDT,LONG,63040.1,63976.88952689563,0.023745347621268117,62571.70523655218,63976.88952689563,11.12219648205007,22.24439296,3.01606257,19.22833039,WIN,TAKE_PROFIT,2243.6676268
BTCUSDT,LONG,63933.7,63426.62907494102,0.022123804737365256,63426.62907494102,64947.84185011796,11.218338134000069,-11.21833813,2.81769505,-14.03603319,LOSS,STOP_LOSS,2229.63159361
BTCUSDT,LONG,63691.7,63328.11092197823,0.030661421483575542,63328.11092197823,64418.87815604353,11.148157968050068,-11.14815797,3.89460796,-15.04276593,LOSS,STOP_LOSS,2214.58882768
ETHUSDT,LONG,1694.2,1679.719537266363,0.7646816501711896,1679.719537266363,1723.1609254672744,11.072944138400068,-11.07294414,2.57997436,-13.6529185,LOSS,STOP_LOSS,2200.93590918
BTCUSDT,SHORT,62698.3,63085.887667448864,0.028392749486416444,63085.887667448864,61923.124665102274,11.00467954590007,-11.00467955,3.57135893,-14.57603848,LOSS,STOP_LOSS,2186.3598707
BTCUSDT,SHORT,62999.9,62346.90502295551,0.0334820319843139,63326.39748852225,62346.90502295551,10.931799353500068,21.86359871,4.19686573,17.66673297,WIN,TAKE_PROFIT,2204.02660367
BTCUSDT,SHORT,62314.4,61702.57320404268,0.03602370177692853,62620.31339797866,61702.57320404268,11.020133018350068,22.04026604,4.46755046,17.57271558,WIN,TAKE_PROFIT,2221.59931925
BTCUSDT,SHORT,61572.2,60795.03561226215,0.028585963977539035,61960.782193868916,60795.03561226215,11.107996596250068,22.21599319,3.49798539,18.7180078,WIN,TAKE_PROFIT,2240.31732705
BTCUSDT,SHORT,61217.2,61688.639347818294,0.02376039820835544,61688.639347818294,60274.32130436341,11.201586635250068,-11.20158664,2.92029169,-14.12187832,LOSS,STOP_LOSS,2226.19544873
ETHUSDT,SHORT,1644.15,1660.8779418096565,0.6654122408068514,1660.8779418096565,1610.6941163806873,11.130977243650069,-11.13097724,2.19920605,-13.33018329,LOSS,STOP_LOSS,2212.86526544
BTCUSDT,SHORT,61777.0,60985.56158266156,0.027960043598613052,62172.71920866922,60985.56158266156,11.064326327200067,22.12865265,3.43244657,18.69620608,WIN,TAKE_PROFIT,2231.56147152
BTCUSDT,SHORT,61176.6,61527.24064247706,0.03182120383643183,61527.24064247706,60475.31871504587,11.157807357600069,-11.15780736,3.90458392,-15.06239128,LOSS,STOP_LOSS,2216.49908024
BTCUSDT,LONG,62604.8,62052.74795028851,0.020075091482754034,62052.74795028851,63708.90409942299,11.082495401200067,-11.0824954,2.50251168,-13.58500708,LOSS,STOP_LOSS,2202.91407316
ETHUSDT,SHORT,1627.14,1644.846184142717,0.6220747664781664,1644.846184142717,1591.727631714566,11.014570365800067,-11.01457037,2.03542004,-13.04999041,LOSS,STOP_LOSS,2189.86408275
ETHUSDT,LONG,1640.08,1664.4580070095187,0.8982949598361075,1627.8909964952404,1664.4580070095187,10.949320413750065,21.89864083,2.96844984,18.93019099,WIN,TAKE_PROFIT,2208.79427374
ETHUSDT,LONG,1665.76,1657.326624344484,1.3095552504502106,1657.326624344484,1682.6267513110322,11.043971368700065,-11.04397137,4.35176554,-15.39573691,LOSS,STOP_LOSS,2193.39853683
BTCUSDT,LONG,62978.3,62655.94773846086,0.034021764363574826,62655.94773846086,63623.004523078285,10.966992684150066,-10.96699268,4.27429877,-15.24129146,LOSS,STOP_LOSS,2178.15724537
BTCUSDT,LONG,62940.0,62609.570437827446,0.032959479034635315,62609.570437827446,63600.85912434511,10.890786226850066,-10.89078623,4.13804843,-15.02883466,LOSS,STOP_LOSS,2163.12841071
SOLUSDT,LONG,65.53,66.71327573601205,18.280848198580752,64.93836213199398,66.71327573601205,10.815642053550066,21.63128411,2.41751925,19.21376486,WIN,TAKE_PROFIT,2182.34217557
BTCUSDT,LONG,63302.4,62874.14349483968,0.025479381507036505,62874.14349483968,64158.91301032065,10.911710877850066,-10.91171088,3.21490029,-14.12661117,LOSS,STOP_LOSS,2168.2155644
ETHUSDT,SHORT,1653.94,1662.7334925159212,1.2328523396559061,1662.7334925159212,1636.3530149681578,10.841077822000067,-10.84107782,4.08896868,-14.9300465,LOSS,STOP_LOSS,2153.2855179
SOLUSDT,LONG,66.91,66.484680357357,25.313732332219942,66.484680357357,67.76063928528598,10.766427589500065,-10.76642759,3.37671723,-14.14314482,LOSS,STOP_LOSS,2139.14237308
ETHUSDT,SHORT,1656.77,1665.3941932119928,1.2401985440825454,1665.3941932119928,1639.5216135760143,10.695711865400064,-10.69571187,4.1201432,-14.81585506,LOSS,STOP_LOSS,2124.32651802
ETHUSDT,SHORT,1665.53,1674.9256794111361,1.1304805246452763,1674.9256794111361,1646.7386411777277,10.621632590100065,-10.62163259,3.77632009,-14.39795268,LOSS,STOP_LOSS,2109.92856534
SOLUSDT,LONG,67.18,68.19178028567563,20.8536240052463,66.6741098571622,68.19178028567563,10.549642826700065,21.09928565,2.82299221,18.27629345,WIN,TAKE_PROFIT,2128.20485879
ETHUSDT,SHORT,1658.98,1672.2329255432135,0.8029188920780665,1672.2329255432135,1632.4741489135731,10.641024293950066,-10.64102429,2.67469379,-13.31571809,LOSS,STOP_LOSS,2114.8891407
BTCUSDT,LONG,63827.6,63388.932082503605,0.024105810527132964,63388.932082503605,64704.935834992786,10.574445703500066,-10.5744457,3.06665762,-13.64110332,LOSS,STOP_LOSS,2101.24803738
ETHUSDT,SHORT,1661.73,1668.765303141584,1.4933599839927727,1668.765303141584,1647.6593937168323,10.506240186900065,-10.50624019,4.97362841,-15.4798686,LOSS,STOP_LOSS,2085.76816878
BTCUSDT,LONG,63801.0,63609.05901140445,0.05433357887863848,63609.05901140445,64184.88197719109,10.428840843900065,-10.42884084,6.92264449,-17.35148534,LOSS,STOP_LOSS,2068.41668344
ETHUSDT,SHORT,1663.89,1669.6695088264548,1.7894398516809775,1669.6695088264548,1652.3309823470906,10.342083417200065,-10.34208342,5.96520423,-16.30728765,LOSS,STOP_LOSS,2052.10939579
BTCUSDT,LONG,63749.4,64057.14687631578,0.06668172949006017,63595.52656184211,64057.14687631578,10.260546978950066,20.52109396,8.52236159,11.99873237,WIN,TAKE_PROFIT,2064.10812816
SOLUSDT,LONG,67.95,68.52401288418254,35.95926476632255,67.66299355790873,68.52401288418254,10.320540640800067,20.64108128,4.90750516,15.73357612,WIN,TAKE_PROFIT,2079.84170428
ETHUSDT,LONG,1682.61,1678.0984167922713,2.305002045309928,1678.0984167922713,1691.6331664154568,10.399208521400066,-10.39920852,7.74643977,-18.1456483,LOSS,STOP_LOSS,2061.69605598
BTCUSDT,LONG,64255.6,64644.698483001965,0.05298648404058644,64061.05075849901,64644.698483001965,10.308480279900065,20.61696056,6.82997361,13.78698695,WIN,TAKE_PROFIT,2075.48304293
ETHUSDT,LONG,1687.13,1680.4450282810687,1.5523499052751601,1680.4450282810687,1700.4999434378626,10.377415214650066,-10.37741521,5.22765478,-15.60506999,LOSS,STOP_LOSS,2059.87797294
ETHUSDT,LONG,1685.99,1680.1867761059596,1.7747703781129152,1680.1867761059596,1697.596447788081,10.299389864700066,-10.29938986,5.97419083,-16.27358069,LOSS,STOP_LOSS,2043.60439225
BTCUSDT,LONG,64515.0,64373.210821136876,0.07206489270322979,64373.210821136876,64798.57835772625,10.218021961250065,-10.21802196,9.28831508,-19.50633704,LOSS,STOP_LOSS,2024.09805521
BTCUSDT,LONG,64438.9,64303.89659691585,0.07496470492482306,64303.89659691585,64708.9068061683,10.120490276050065,-10.12049028,9.65116576,-19.77165603,LOSS,STOP_LOSS,2004.32639918
ETHUSDT,SHORT,1675.56,1666.0539683199052,2.108478560382846,1680.3130158400475,1666.0539683199052,10.021631995900064,20.04326399,7.04572141,12.99754258,WIN,TAKE_PROFIT,2017.32394176
ETHUSDT,SHORT,1667.76,1658.2466597907328,2.120521181188176,1672.5166701046335,1658.2466597907328,10.086619708800065,20.17323942,7.05286757,13.12037185,WIN,TAKE_PROFIT,2030.44431361
ETHUSDT,SHORT,1655.29,1661.4907229425592,1.6372641806602086,1661.4907229425592,1642.8885541148816,10.152221568050065,-10.15222157,5.43044627,-15.58266784,LOSS,STOP_LOSS,2014.86164577
ETHUSDT,SHORT,1661.87,1668.1216692719004,1.6114589225203106,1668.1216692719004,1649.366661456199,10.074308228850066,-10.07430823,5.36614479,-15.44045302,LOSS,STOP_LOSS,1999.42119275
BTCUSDT,LONG,64076.0,64427.72232912214,0.05684658115793631,63900.13883543893,64427.72232912214,9.997105963750066,19.99421193,7.30499728,12.68921465,WIN,TAKE_PROFIT,2012.1104074
SOLUSDT,LONG,70.21,69.65085163528553,17.992634284350693,69.65085163528553,71.32829672942891,10.060552037000067,-10.06055204,2.51646515,-12.57701719,LOSS,STOP_LOSS,1999.53339021
SOLUSDT,LONG,70.13,71.3856742207831,15.923982169220597,69.50216288960844,71.3856742207831,9.997666951050066,19.9953339,2.25349307,17.74184083,WIN,TAKE_PROFIT,2017.27523104
SOLUSDT,LONG,71.64,70.95319389975863,14.685915211957614,70.95319389975863,73.01361220048274,10.086376155200066,-10.08637616,2.09411156,-12.18048771,LOSS,STOP_LOSS,2005.09474333
BTCUSDT,LONG,65507.9,66306.8793493897,0.02509570172072182,65108.41032530516,66306.8793493897,10.025473716650065,20.05094743,3.30798438,16.74296305,WIN,TAKE_PROFIT,2021.83770638
BTCUSDT,LONG,66222.0,66744.44932715202,0.038699211603955404,65960.77533642399,66744.44932715202,10.109188531900065,20.21837706,5.14569676,15.07268031,WIN,TAKE_PROFIT,2036.91038669
BTCUSDT,LONG,66801.8,66503.84378454133,0.03418137097013371,66503.84378454133,67397.71243091735,10.184551933450065,-10.18455193,4.55656966,-14.7411216,LOSS,STOP_LOSS,2022.16926509
BTCUSDT,LONG,66541.3,67190.09011442326,0.031168311910665086,66216.90494278837,67190.09011442326,10.110846325450064,20.22169265,4.16818168,16.05351097,WIN,TAKE_PROFIT,2038.22277606
BTCUSDT,LONG,67248.5,66927.21897358457,0.03172024813915642,66927.21897358457,67891.06205283085,10.191113880300064,-10.19111388,4.2560871,-14.44720098,LOSS,STOP_LOSS,2023.77557508
BTCUSDT,LONG,66869.8,66548.48625379146,0.03149220347651331,66548.48625379146,67512.42749241707,10.118877875400065,-10.11887788,4.20163582,-14.32051369,LOSS,STOP_LOSS,2009.45506139
SOLUSDT,LONG,74.89,74.0915743430582,12.58385827108055,74.0915743430582,76.48685131388362,10.047275306950064,-10.04727531,1.87476302,-11.92203832,LOSS,STOP_LOSS,1997.53302307
BTCUSDT,SHORT,66028.2,66283.60296026825,0.039105518216624335,66283.60296026825,65517.394079463484,9.987665115350064,-9.98766512,5.17412162,-15.16178674,LOSS,STOP_LOSS,1982.37123633
BTCUSDT,LONG,66306.6,66822.77859651738,0.03840475466640682,66048.51070174131,66822.77859651738,9.911856181650064,19.82371236,5.11280112,14.71091124,WIN,TAKE_PROFIT,1997.08214757
BTCUSDT,LONG,66863.9,66583.0865320474,0.03555887404779106,66583.0865320474,67425.5269359052,9.985410737850065,-9.98541074,4.74522459,-14.73063532,LOSS,STOP_LOSS,1982.35151225
SOLUSDT,LONG,74.9,74.35703663834113,18.254928897904634,74.35703663834113,75.98592672331776,9.911757561250065,-9.91175756,2.72467659,-12.63643415,LOSS,STOP_LOSS,1969.7150781
ETHUSDT,LONG,1795.11,1817.0703142542793,0.8969430288167083,1784.12984287286,1817.0703142542793,9.848575390500065,19.69715078,3.23991995,16.45723083,WIN,TAKE_PROFIT,1986.17230893
BTCUSDT,LONG,66552.5,66293.61992147475,0.03836085650631245,66293.61992147475,67070.2601570505,9.930861544650066,-9.93086154,5.09609094,-15.02695249,LOSS,STOP_LOSS,1971.14535644
ETHUSDT,LONG,1802.02,1786.2043771883564,0.6231640005314346,1786.2043771883564,1833.6512456232872,9.855726782200065,-9.85572678,2.23605226,-12.09177904,LOSS,STOP_LOSS,1959.0535774
ETHUSDT,LONG,1794.24,1779.3187814529053,0.6564656804726776,1779.3187814529053,1824.0824370941893,9.795267887000065,-9.79526789,2.3459187,-12.14118658,LOSS,STOP_LOSS,1946.91239082
BTCUSDT,SHORT,65556.9,65792.87355857264,0.04125276583097798,65792.87355857264,65084.9528828547,9.734561954100066,-9.73456195,5.41854145,-15.1531034,LOSS,STOP_LOSS,1931.75928742
ETHUSDT,LONG,1796.95,1786.213725214226,0.8996413215781772,1786.213725214226,1818.4225495715477,9.658796437100065,-9.65879644,3.22356215,-12.88235859,LOSS,STOP_LOSS,1918.87692883
BTCUSDT,SHORT,65606.6,65148.72805102458,0.04190859328953948,65835.53597448772,65148.72805102458,9.594384644150066,19.18876929,5.47977186,13.70899742,WIN,TAKE_PROFIT,1932.58592625
ETHUSDT,SHORT,1760.14,1773.020982168924,0.7501702513463839,1773.020982168924,1734.378035662152,9.662929631250066,-9.66292963,2.65047226,-12.31340189,LOSS,STOP_LOSS,1920.27252436
BTCUSDT,LONG,65712.7,65332.21283473398,0.02523439290018436,65332.21283473398,66473.67433053203,9.601362621800066,-9.60136262,3.30683882,-12.90820144,LOSS,STOP_LOSS,1907.36432292
ETHUSDT,SHORT,1764.15,1783.3630080240657,0.4963731656518608,1783.3630080240657,1725.7239839518688,9.536821614600065,-9.53682161,1.76089026,-11.29771188,LOSS,STOP_LOSS,1896.06661104
BTCUSDT,LONG,66006.1,65445.08482851348,0.016898532405246594,65445.08482851348,67128.13034297306,9.480333055200067,-9.48033306,2.22133211,-11.70166516,LOSS,STOP_LOSS,1884.36494588
SOLUSDT,LONG,73.45,72.4504869729123,9.426415138232448,72.4504869729123,75.4490260541754,9.421824729400067,-9.42182473,1.37531856,-10.79714329,LOSS,STOP_LOSS,1873.56780259
ETHUSDT,SHORT,1740.0,1692.7940026541046,0.3968919010145483,1763.6029986729477,1692.7940026541046,9.367839012950066,18.73567803,1.36244814,17.37322989,WIN,TAKE_PROFIT,1890.94103248
BTCUSDT,SHORT,62664.2,63126.57192239109,0.020448268384261503,63126.57192239109,61739.456155217806,9.454705162400067,-9.45470516,2.57220346,-12.02690863,LOSS,STOP_LOSS,1878.91412385
BTCUSDT,SHORT,62895.1,63242.564046048865,0.02703753302270816,63242.564046048865,62200.17190790226,9.394570619250066,-9.39457062,3.41045126,-12.80502188,LOSS,STOP_LOSS,1866.10910197
ETHUSDT,LONG,1708.02,1696.8543117111951,0.8356444554524499,1696.8543117111951,1730.3513765776095,9.330545509850067,-9.33054551,2.84526434,-12.17580985,LOSS,STOP_LOSS,1853.93329212
ETHUSDT,SHORT,1695.82,1706.3635776421565,0.8791765731905876,1706.3635776421565,1674.732844715687,9.269666460600067,-9.26966646,2.9911201,-12.26078656,LOSS,STOP_LOSS,1841.67250556
ETHUSDT,LONG,1708.0,1700.00441115956,1.1516803466964336,1700.00441115956,1723.99117768088,9.208362527800068,-9.20836253,3.9249317,-13.13329423,LOSS,STOP_LOSS,1828.53921133
BTCUSDT,LONG,63233.6,63656.83441587419,0.043203934811236085,63021.9827920629,63656.83441587419,9.142696056650067,18.28539211,5.48216606,12.80322606,WIN,TAKE_PROFIT,1841.34243739
ETHUSDT,SHORT,1703.77,1710.2723465550296,1.4159061054395081,1710.2723465550296,1690.7653068899406,9.206712186950067,-9.20671219,4.8339634,-14.04067559,LOSS,STOP_LOSS,1827.3017618
ETHUSDT,LONG,1714.19,1725.7308143690975,1.58333866515775,1708.4195928154513,1725.7308143690975,9.136508809000066,18.27301762,5.44655963,12.82645799,WIN,TAKE_PROFIT,1840.12821979
BTCUSDT,LONG,63609.6,63406.197382105915,0.045233641504756845,63406.197382105915,64016.40523578817,9.200641098950067,-9.2006411,5.74538704,-14.94602814,LOSS,STOP_LOSS,1825.18219165
BTCUSDT,SHORT,63390.8,63567.2340228965,0.051724212872501875,63567.2340228965,63037.931954207015,9.125910958250067,-9.12591096,6.56680438,-15.69271534,LOSS,STOP_LOSS,1809.48947631
SOLUSDT,LONG,71.74,71.30884033732502,20.983983811051772,71.30884033732502,72.60231932534992,9.047447381550068,-9.04744738,3.00173455,-12.04918193,LOSS,STOP_LOSS,1797.44029438
ETHUSDT,SHORT,1716.56,1723.0077265199297,1.3938558721621845,1723.0077265199297,1703.6645469601403,8.987201471900068,-8.98720147,4.79426167,-13.78146315,LOSS,STOP_LOSS,1783.65883123
SOLUSDT,LONG,71.89,71.29923705830907,15.096231545302041,71.29923705830907,73.07152588338187,8.918294156150067,-8.91829416,2.16161788,-11.07991203,LOSS,STOP_LOSS,1772.5789192
SOLUSDT,LONG,71.64,71.04616560103044,14.924858868700014,71.04616560103044,72.82766879793913,8.862894596000068,-8.8628946,2.12957088,-10.99246548,LOSS,STOP_LOSS,1761.58645372
SOLUSDT,LONG,71.63,72.7645015488212,15.527404572963128,71.0627492255894,72.7645015488212,8.807932268600068,17.61586454,2.24207184,15.37379269,WIN,TAKE_PROFIT,1776.96024641
SOLUSDT,LONG,73.35,72.84968542400783,17.758429712807942,72.84968542400783,74.35062915198431,8.884801232050068,-8.88480123,2.59627684,-11.48107807,LOSS,STOP_LOSS,1765.47916834
SOLUSDT,LONG,73.09,74.03136888721102,18.754381967844438,72.6193155563945,74.03136888721102,8.827395841700067,17.65479168,2.75917035,14.89562134,WIN,TAKE_PROFIT,1780.37478968
SOLUSDT,LONG,74.01,73.58560304878667,20.975348486717145,73.58560304878667,74.85879390242668,8.901873948400068,-8.90187395,3.09586921,-11.99774316,LOSS,STOP_LOSS,1768.37704652
ETHUSDT,SHORT,1726.76,1733.2697136764295,1.3582602357174094,1733.2697136764295,1713.7405726471409,8.841885232600067,-8.84188523,4.69962077,-13.54150601,LOSS,STOP_LOSS,1754.83554051
SOLUSDT,LONG,74.27,73.748220223488,16.81586389032539,73.748220223488,75.31355955302398,8.774177702550068,-8.7741777,2.48905424,-11.26323195,LOSS,STOP_LOSS,1743.57230856
BTCUSDT,SHORT,63824.8,63427.13258231059,0.043844987821500696,64023.63370884471,63427.13258231059,8.717861542800067,17.43572309,5.57935943,11.85636365,WIN,TAKE_PROFIT,1755.42867221
BTCUSDT,SHORT,63295.1,63579.07520632869,0.03090813270117267,63579.07520632869,62727.14958734262,8.777143361050067,-8.77714336,3.92144384,-12.6985872,LOSS,STOP_LOSS,1742.73008501
BTCUSDT,SHORT,63698.9,63996.07111089801,0.029321997009462492,63996.07111089801,63104.55777820398,8.713650425050067,-8.71365043,3.74427156,-12.45792199,LOSS,STOP_LOSS,1730.27216302
ETHUSDT,LONG,1726.19,1749.4362757501556,0.7443223084921208,1714.5668621249224,1749.4362757501556,8.651360815100068,17.30272163,2.58698617,14.71573546,WIN,TAKE_PROFIT,1744.98789848
ETHUSDT,LONG,1743.74,1728.9997762713026,0.5919136407281022,1728.9997762713026,1773.2204474573948,8.724939492400066,-8.72493949,2.05556204,-10.78050154,LOSS,STOP_LOSS,1734.20739694
ETHUSDT,LONG,1730.95,1757.098575952274,0.6632129413491838,1717.8757120238631,1757.098575952274,8.671036984700068,17.34207397,2.31331896,15.02875501,WIN,TAKE_PROFIT,1749.23615195
SOLUSDT,LONG,74.17,73.65965809848419,17.137884884177048,73.65965809848419,75.19068380303163,8.746180759750068,-8.74618076,2.53348766,-11.27966842,LOSS,STOP_LOSS,1737.95648353
SOLUSDT,SHORT,73.09,71.82676158717427,13.757945181878975,73.72161920641287,71.82676158717427,8.689782417650067,17.37956484,1.99375686,15.38580797,WIN,TAKE_PROFIT,1753.3422915
BTCUSDT,SHORT,64007.0,63435.49912006047,0.030679607906912505,64292.750439969765,63435.49912006047,8.766711457500067,17.53342292,3.9098859,13.62353701,WIN,TAKE_PROFIT,1766.96582851
BTCUSDT,SHORT,63372.1,62874.65028929036,0.03552049162897996,63620.82485535482,62874.65028929036,8.834829142550069,17.66965829,4.48434664,13.18531165,WIN,TAKE_PROFIT,1780.15114016
BTCUSDT,SHORT,62740.0,63061.04745181104,0.027724112590181066,63061.04745181104,62097.905096377915,8.900755700800067,-8.9007557,3.4877224,-12.3884781,LOSS,STOP_LOSS,1767.76266206
BTCUSDT,SHORT,62966.3,62337.90151128826,0.028131236688427413,63280.49924435587,62337.90151128826,8.838813310300068,17.67762662,3.52496215,14.15266447,WIN,TAKE_PROFIT,1781.91532653
BTCUSDT,SHORT,61999.7,62374.792675396915,0.023753000836985266,62374.792675396915,61249.51464920616,8.909576632650067,-8.90957663,2.95426743,-11.86384406,LOSS,STOP_LOSS,1770.05148247
BTCUSDT,SHORT,62350.1,62745.01819858285,0.022410355977791917,62745.01819858285,61560.26360283429,8.850257412350068,-8.85025741,2.80342613,-11.65368354,LOSS,STOP_LOSS,1758.39779893
ETHUSDT,SHORT,1661.2,1672.766661157552,0.7601146843408342,1672.766661157552,1638.066677684896,8.791988994650067,-8.79198899,2.53419702,-11.32618601,LOSS,STOP_LOSS,1747.07161292
ETHUSDT,SHORT,1658.55,1670.2915272564462,0.7439711950422994,1670.2915272564462,1635.0669454871074,8.735358064600069,-8.73535806,2.47656221,-11.21192027,LOSS,STOP_LOSS,1735.85969265
ETHUSDT,SHORT,1662.88,1670.9053842196993,1.0814807398187751,1670.9053842196993,1646.829231560602,8.679298463250069,-8.67929846,3.60542468,-12.28472315,LOSS,STOP_LOSS,1723.5749695
BTCUSDT,LONG,62925.0,62686.30694099308,0.03610442165077934,62686.30694099308,63402.386118013834,8.617874847500069,-8.61787485,4.53512359,-13.15299844,LOSS,STOP_LOSS,1710.42197106
BTCUSDT,SHORT,62598.0,62854.75751953713,0.03330811837845063,62854.75751953713,62084.48496092574,8.552109855300069,-8.55210986,4.1785953,-12.73070515,LOSS,STOP_LOSS,1697.69126591
BTCUSDT,LONG,62900.9,62653.16297122539,0.03426397891157799,62653.16297122539,63396.37405754921,8.488456329550068,-8.48845633,4.30198177,-12.7904381,LOSS,STOP_LOSS,1684.90082781
BTCUSDT,SHORT,62640.5,62863.43094402395,0.03778974774423804,62863.43094402395,62194.638111952096,8.424504139050068,-8.42450414,4.74276189,-13.16726603,LOSS,STOP_LOSS,1671.73356178
BTCUSDT,SHORT,62589.5,62047.13129421445,0.030822824841243896,62860.68435289277,62047.13129421445,8.358667808900067,16.71733562,3.84165306,12.87568256,WIN,TAKE_PROFIT,1684.60924434
SOLUSDT,SHORT,68.71,69.25089098967456,15.57253935172382,69.25089098967456,67.62821802065085,8.42304622170007,-8.42304622,2.1484014,-10.57144763,LOSS,STOP_LOSS,1674.03779671
SOLUSDT,SHORT,68.74,69.36411008803572,13.411398315790317,69.36411008803572,67.49177982392854,8.370188983550069,-8.37018898,1.85216923,-10.22235821,LOSS,STOP_LOSS,1663.8154385
SOLUSDT,SHORT,69.03,67.65172645645625,12.07173602289493,69.71913677177187,67.65172645645625,8.319077192500067,16.63815439,1.64998572,14.98816866,WIN,TAKE_PROFIT,1678.80360716
BTCUSDT,SHORT,60549.9,59627.28922913106,0.018196228140485295,61011.20538543447,59627.28922913106,8.394018035800068,16.78803607,2.18677155,14.60126452,WIN,TAKE_PROFIT,1693.40487168
BTCUSDT,SHORT,59808.2,60351.82697002015,0.015575063095354065,60351.82697002015,58720.946059959686,8.467024358400069,-8.46702436,1.8715,-10.33852436,LOSS,STOP_LOSS,1683.06634732
BTCUSDT,SHORT,60786.9,61143.06111756752,0.02362787884897256,61143.06111756752,60074.57776486496,8.415331736600068,-8.41533174,2.88094635,-11.29627809,LOSS,STOP_LOSS,1671.77006923
SOLUSDT,SHORT,68.53,67.68604066213977,19.808656581354057,68.95197966893011,67.68604066213977,8.358850346150069,16.71770069,2.69825677,14.01944392,WIN,TAKE_PROFIT,1685.78951315
BTCUSDT,SHORT,60054.1,59199.200746670285,0.019719159966324642,60481.549626664855,59199.200746670285,8.428947565750068,16.85789513,2.35157491,14.50632022,WIN,TAKE_PROFIT,1700.29583337
BTCUSDT,SHORT,58248.4,58880.77465333165,0.013443738015210125,58880.77465333165,56983.6506933367,8.501479166850068,-8.50147917,1.57465394,-10.0761331,LOSS,STOP_LOSS,1690.21970027
SOLUSDT,SHORT,65.82,66.91825121338373,7.695050456909608,66.91825121338373,63.62349757323252,8.451098501350067,-8.4510985,1.02142754,-9.47252604,LOSS,STOP_LOSS,1680.74717423
BTCUSDT,SHORT,59459.9,60320.18098154871,0.009768594274886109,60320.18098154871,57739.3380369026,8.403735871150067,-8.40373587,1.17008301,-9.57381888,LOSS,STOP_LOSS,1671.17335535
ETHUSDT,SHORT,1561.9,1536.6155046492245,0.6609478782018667,1574.542247675388,1536.6155046492245,8.355866776750066,16.71173355,2.04795725,14.66377631,WIN,TAKE_PROFIT,1685.83713166
BTCUSDT,SHORT,59118.9,59573.01914587896,0.01856161700028118,59573.01914587896,58210.661708242085,8.429185658300065,-8.42918566,2.20311394,-10.6322996,LOSS,STOP_LOSS,1675.20483206
BTCUSDT,SHORT,59167.6,59646.78563545903,0.017479706277664774,59646.78563545903,58209.22872908193,8.376024160300068,-8.37602416,2.07684056,-10.45286472,LOSS,STOP_LOSS,1664.75196734
BTCUSDT,SHORT,59578.1,60218.61672426388,0.012995382511309574,60218.61672426388,58297.06655147225,8.323759836700066,-8.32375984,1.55680416,-9.88056399,LOSS,STOP_LOSS,1654.87140335
BTCUSDT,SHORT,59807.6,60326.83158285304,0.01593577372794755,60326.83158285304,58769.136834293924,8.274357016750066,-8.27435702,1.91443512,-10.18879214,LOSS,STOP_LOSS,1644.68261121
BTCUSDT,LONG,60275.4,60780.295616007395,0.032574705722656236,60022.9521919963,60780.295616007395,8.223413056050067,16.44682611,3.94335366,12.50347245,WIN,TAKE_PROFIT,1657.18608366
SOLUSDT,LONG,73.0,72.55515824822592,18.626692268103763,72.55515824822592,73.88968350354817,8.285930418300067,-8.28593042,2.71121114,-10.99714156,LOSS,STOP_LOSS,1646.1889421
ETHUSDT,SHORT,1580.56,1564.626872931954,1.0331863513481032,1588.526563534023,1564.626872931954,8.230944710500067,16.46188942,3.24956415,13.21232527,WIN,TAKE_PROFIT,1659.40126737
BTCUSDT,SHORT,60105.2,60331.11521531544,0.03672619537938163,60331.11521531544,59653.36956936911,8.297006336850067,-8.29700634,4.42316764,-12.72017398,LOSS,STOP_LOSS,1646.68109339
SOLUSDT,LONG,71.7,71.23333531565301,17.643086659688084,71.23333531565301,72.63332936869399,8.233405466950067,-8.23340547,2.52178522,-10.75519069,LOSS,STOP_LOSS,1635.9259027
ETHUSDT,SHORT,1573.03,1580.142349190034,1.1500601692843562,1580.142349190034,1558.8053016199317,8.179629513500066,-8.17962951,3.62633793,-11.80596744,LOSS,STOP_LOSS,1624.11993526
BTCUSDT,SHORT,60100.9,60297.78610239575,0.041245164475739685,60297.78610239575,59707.1277952085,8.120599676300067,-8.12059968,4.96586361,-13.08646329,LOSS,STOP_LOSS,1611.03347197
SOLUSDT,LONG,71.83,71.33480116310069,16.266531259014194,71.33480116310069,72.82039767379861,8.055167359850067,-8.05516736,2.32879471,-10.38396207,LOSS,STOP_LOSS,1600.6495099
SOLUSDT,LONG,71.64,71.11841721263433,15.344155795327502,71.11841721263433,72.68316557473135,8.003247549500067,-8.00324755,2.19050739,-10.19375494,LOSS,STOP_LOSS,1590.45575496
BTCUSDT,SHORT,59589.9,59833.247261331984,0.03267872722821137,59833.247261331984,59103.20547733604,7.9522787748000665,-7.95227877,3.90259645,-11.85487523,LOSS,STOP_LOSS,1578.60087973
BTCUSDT,SHORT,59606.7,59063.99321291442,0.029087546301150107,59878.05339354279,59063.99321291442,7.893004398650066,15.7860088,3.45183928,12.33416951,WIN,TAKE_PROFIT,1590.93504924
ETHUSDT,SHORT,1560.35,1571.2690136170695,0.7285159195849482,1571.2690136170695,1538.5119727658607,7.9546752462000665,-7.95467525,2.28143431,-10.23610955,LOSS,STOP_LOSS,1580.69893969
SOLUSDT,LONG,71.39,70.58592998055117,9.829361258696991,70.58592998055117,72.99814003889766,7.903494698450066,-7.9034947,1.39553271,-9.2990274,LOSS,STOP_LOSS,1571.39991229
BTCUSDT,SHORT,59355.5,59772.81283995319,0.018827600805025158,59772.81283995319,58520.874320093615,7.856999561450066,-7.85699956,2.24290032,-10.09989988,LOSS,STOP_LOSS,1561.30001241
SOLUSDT,LONG,72.07,71.09953474984292,8.04407995112297,71.09953474984292,74.01093050031415,7.806500062050065,-7.80650006,1.15166718,-8.95816725,LOSS,STOP_LOSS,1552.34184516
BTCUSDT,SHORT,59504.8,59942.94622597927,0.017714883218387645,59942.94622597927,58628.50754804146,7.761709225800065,-7.76170923,2.11600288,-9.8777121,LOSS,STOP_LOSS,1542.46413306
SOLUSDT,LONG,72.29,73.98489173611351,9.100664663083343,71.44255413194325,73.98489173611351,7.712320665300065,15.42464133,1.33119874,14.09344259,WIN,TAKE_PROFIT,1556.55757565
SOLUSDT,LONG,73.94,73.07462977010938,8.993593273059318,73.07462977010938,75.67074045978123,7.782787878250065,-7.78278788,1.32218979,-9.10497766,LOSS,STOP_LOSS,1547.45259799
SOLUSDT,LONG,73.47,72.53435371899792,8.269431672045437,72.53435371899792,75.34129256200414,7.7372629899500645,-7.73726299,1.20737303,-8.94463602,LOSS,STOP_LOSS,1538.50796197
BTCUSDT,SHORT,59070.2,59605.38211822934,0.014373686167431947,59605.38211822934,57999.835763541305,7.692539809850064,-7.69253981,1.70580557,-9.39834538,LOSS,STOP_LOSS,1529.10961659
BTCUSDT,SHORT,59289.2,59849.47820398346,0.013645985206263145,59849.47820398346,58168.64359203306,7.645548082950065,-7.64554808,1.62576464,-9.27131272,LOSS,STOP_LOSS,1519.83830387
SOLUSDT,LONG,73.99,76.38565022694894,6.344157785528035,72.79217488652553,76.38565022694894,7.599191519350065,15.19838304,0.95400685,14.24437619,WIN,TAKE_PROFIT,1534.08268006
SOLUSDT,LONG,75.89,74.61536856685952,6.017750073369402,74.61536856685952,78.43926286628096,7.670413400300065,-7.6704134,0.90570369,-8.57611709,LOSS,STOP_LOSS,1525.50656297
BTCUSDT,SHORT,59806.1,59272.10528013383,0.028567821107900595,60073.09735993308,59272.10528013383,7.627532814850065,15.25506563,3.40180487,11.85326076,WIN,TAKE_PROFIT,1537.35982373
BTCUSDT,SHORT,59250.2,58795.648688610614,0.03382148033037055,59477.47565569469,58795.648688610614,7.686799118650065,15.37359824,3.99248535,11.38111289,WIN,TAKE_PROFIT,1548.74093662
BTCUSDT,SHORT,58832.8,58359.17688456371,0.032699859574914156,59069.61155771815,58359.17688456371,7.743704683100065,15.48740937,3.83216119,11.65524818,WIN,TAKE_PROFIT,1560.3961848
BTCUSDT,SHORT,58374.8,58641.792873746774,0.02922168226632107,58641.792873746774,57840.81425250646,7.801980924000064,-7.80198092,3.4194217,-11.22140262,LOSS,STOP_LOSS,1549.17478218
ETHUSDT,SHORT,1559.12,1569.4946997905772,0.7466118603195827,1569.4946997905772,1538.3706004188455,7.745873910900064,-7.74587391,2.33586084,-10.08173475,LOSS,STOP_LOSS,1539.09304743
ETHUSDT,SHORT,1571.34,1582.8356084928955,0.6694265242162594,1582.8356084928955,1548.3487830142085,7.695465237150065,-7.69546524,2.11148881,-9.80695405,LOSS,STOP_LOSS,1529.28609338
SOLUSDT,LONG,74.17,75.59750930652334,10.712967589013866,73.45624534673834,75.59750930652334,7.646430466900065,15.29286093,1.60445447,13.68840646,WIN,TAKE_PROFIT,1542.97449984
SOLUSDT,LONG,75.44,74.66251932951873,9.922912288513213,74.66251932951873,76.99496134096253,7.714872499200064,-7.7148725,1.48945413,-9.20432663,LOSS,STOP_LOSS,1533.77017321
BTCUSDT,SHORT,58759.9,59079.13711073072,0.024022429123282073,59079.13711073072,58121.42577853856,7.6688508660500645,-7.66885087,2.83077992,-10.49963078,LOSS,STOP_LOSS,1523.27054243
SOLUSDT,LONG,76.0,77.45874000819981,10.442371730859929,75.2706299959001,77.45874000819981,7.616352712150064,15.23270542,1.60247321,13.63023222,WIN,TAKE_PROFIT,1536.90077465
SOLUSDT,LONG,77.51,76.6089135904099,8.528043250308956,76.6089135904099,79.31217281918022,7.684503873250065,-7.68450387,1.31433276,-8.99883663,LOSS,STOP_LOSS,1527.90193802
SOLUSDT,LONG,77.18,78.60205049301194,10.74435785176567,76.46897475349404,78.60205049301194,7.6395096901000645,15.27901938,1.6737781,13.60524128,WIN,TAKE_PROFIT,1541.5071793
SOLUSDT,LONG,78.18,77.44510563136566,10.487950684426892,77.44510563136566,79.6497887372687,7.707535896500064,-7.7075359,1.63218843,-9.33972433,LOSS,STOP_LOSS,1532.16745497
SOLUSDT,LONG,77.64,76.94154461682199,10.968255753134631,76.94154461682199,79.03691076635602,7.660837274850064,-7.66083727,1.69548992,-9.35632719,LOSS,STOP_LOSS,1522.81112778
SOLUSDT,LONG,77.58,78.85702268392647,11.924699122006324,76.94148865803676,78.85702268392647,7.614055638900064,15.22811128,1.86546443,13.36264685,WIN,TAKE_PROFIT,1536.17377463
SOLUSDT,LONG,78.67,78.00607325386028,11.568849903711525,78.00607325386028,79.99785349227945,7.680868873150064,-7.68086887,1.81256197,-9.49343085,LOSS,STOP_LOSS,1526.68034378
SOLUSDT,LONG,78.19,77.63140243191725,13.665297085162658,77.63140243191725,79.30719513616549,7.633401718900063,-7.63340172,2.12934576,-9.76274748,LOSS,STOP_LOSS,1516.9175963
SOLUSDT,LONG,78.1,79.23312376945555,13.3870424148712,77.53343811527222,79.23312376945555,7.584587981500063,15.16917596,2.1062252,13.06295076,WIN,TAKE_PROFIT,1529.98054706
SOLUSDT,LONG,79.44,80.68198496673924,12.318833061859698,78.81900751663038,80.68198496673924,7.6499027353000635,15.29980547,1.972516,13.32728947,WIN,TAKE_PROFIT,1543.30783653
SOLUSDT,LONG,80.21,81.65705939210135,10.665131265199056,79.48647030394932,81.65705939210135,7.716539182650064,15.43307837,1.72633344,13.70674493,WIN,TAKE_PROFIT,1557.01458146
SOLUSDT,LONG,82.07,81.18608919065018,8.807532190975868,81.18608919065018,83.83782161869964,7.785072907300064,-7.78507291,1.43788326,-9.22295617,LOSS,STOP_LOSS,1547.79162529
SOLUSDT,LONG,81.18,80.16121471356297,7.596260202692271,80.16121471356297,83.21757057287407,7.738958126450063,-7.73895813,1.22558985,-8.96454797,LOSS,STOP_LOSS,1538.82707732
ETHUSDT,LONG,1700.97,1738.688088820007,0.4079811903151805,1682.1109555899966,1738.688088820007,7.694135386600063,15.38827077,1.4033158,13.98495497,WIN,TAKE_PROFIT,1552.81203229
ETHUSDT,LONG,1733.4,1757.535478037764,0.6433732242056184,1721.332260981118,1757.535478037764,7.764060161450064,15.52812032,2.24597441,13.28214591,WIN,TAKE_PROFIT,1566.0941782
SOLUSDT,LONG,82.53,81.95515151006084,13.621799531610083,81.95515151006084,83.67969697987833,7.830470891000064,-7.83047089,2.24058376,-10.07105465,LOSS,STOP_LOSS,1556.02312355
SOLUSDT,LONG,82.23,83.13060202293634,17.277588589871645,81.77969898853183,83.13060202293634,7.780115617750064,15.56023124,2.85703245,12.70319878,WIN,TAKE_PROFIT,1568.72632233
ETHUSDT,LONG,1757.23,1772.4614806384195,1.0299237215147021,1749.6142596807904,1772.4614806384195,7.843631611650064,15.68726322,3.63531299,12.05195024,WIN,TAKE_PROFIT,1580.77827257
BTCUSDT,LONG,62631.0,62912.84306222518,0.0560871805780708,62490.07846888741,62912.84306222518,7.903891362850064,15.80778273,7.0414002,8.76638253,WIN,TAKE_PROFIT,1589.5446551
BTCUSDT,LONG,62804.0,63143.63663143926,0.04680133142188117,62634.18168428037,63143.63663143926,7.947723275500064,15.89544655,5.89451708,10.00092947,WIN,TAKE_PROFIT,1599.54558457
ETHUSDT,LONG,1790.88,1780.515524700746,0.7716481241868267,1780.515524700746,1811.608950598508,7.997727922850065,-7.99772792,2.75586066,-10.75358858,LOSS,STOP_LOSS,1588.79199599
SOLUSDT,SHORT,81.5,80.69572006754912,19.754216559257927,81.90213996622545,80.69572006754912,7.943959979950065,15.88791996,3.20404938,12.68387058,WIN,TAKE_PROFIT,1601.47586657
BTCUSDT,LONG,62912.9,62727.37642466072,0.04316098004367498,62727.37642466072,63283.94715067857,8.007379332850066,-8.00737933,5.42275746,-13.4301368,LOSS,STOP_LOSS,1588.04572977
BTCUSDT,SHORT,62726.4,62882.607632333544,0.05083124640091629,62882.607632333544,62413.98473533292,7.9402286488500655,-7.94022865,6.38486242,-14.32509107,LOSS,STOP_LOSS,1573.7206387
BTCUSDT,LONG,62895.1,62729.28576997599,0.047454330019570584,62729.28576997599,63226.728460048005,7.868603193500065,-7.86860319,5.96142106,-13.83002425,LOSS,STOP_LOSS,1559.89061445
BTCUSDT,SHORT,62709.7,62882.64922800738,0.04509677876051085,62882.64922800738,62363.80154398523,7.799453072250065,-7.79945307,5.66381039,-13.46326346,LOSS,STOP_LOSS,1546.42735099
SOLUSDT,LONG,81.27,80.81510341921766,16.997570616275567,80.81510341921766,82.17979316156467,7.732136754950066,-7.73213675,2.75505299,-10.48718975,LOSS,STOP_LOSS,1535.94016124
ETHUSDT,LONG,1779.46,1771.820204753266,1.0052233807552706,1771.820204753266,1794.739590493468,7.679700806200065,-7.67970081,3.56982989,-11.2495307,LOSS,STOP_LOSS,1524.69063054
BTCUSDT,LONG,62889.6,63217.218066981244,0.04653866145383529,62725.790966509376,63217.218066981244,7.623453152700066,15.24690631,5.86884251,9.37806379,WIN,TAKE_PROFIT,1534.06869433
ETHUSDT,LONG,1786.11,1803.7363642613466,0.8703262179223806,1777.2968178693266,1803.7363642613466,7.670343471650066,15.34068694,3.12433741,12.21634953,WIN,TAKE_PROFIT,1546.28504386
BTCUSDT,LONG,63698.4,63451.86080264667,0.03135982149004721,63451.86080264667,64191.47839470667,7.731425219300065,-7.73142522,3.98740948,-11.7188347,LOSS,STOP_LOSS,1534.56620916
BTCUSDT,LONG,63382.8,63077.442403498084,0.025127362586349917,63077.442403498084,63993.51519300384,7.6728310458000655,-7.67283105,3.17761236,-10.85044341,LOSS,STOP_LOSS,1523.71576575
ETHUSDT,SHORT,1766.9,1744.1309834585888,0.6692057880404022,1778.2845082707058,1744.1309834585888,7.618578828750065,15.23715766,2.34960226,12.8875554,WIN,TAKE_PROFIT,1536.60332115
SOLUSDT,SHORT,80.19,80.72064570667635,14.478618236397043,80.72064570667635,79.12870858664729,7.683016605750066,-7.68301661,2.32976381,-10.01278042,LOSS,STOP_LOSS,1526.59054073
SOLUSDT,SHORT,80.12,80.81595074456835,10.967662242224204,80.81595074456835,78.72809851086332,7.632952703650067,-7.6329527,1.76509115,-9.39804385,LOSS,STOP_LOSS,1517.19249688
SOLUSDT,LONG,81.45,82.97362761266096,9.957764510649014,80.68818619366952,82.97362761266096,7.585962484400067,15.17192497,1.63729176,13.53463321,WIN,TAKE_PROFIT,1530.72713009
BTCUSDT,LONG,64287.5,63880.51002685351,0.0188054648896602,63880.51002685351,65101.47994629298,7.653635650450067,-7.65363565,2.41025901,-10.06389466,LOSS,STOP_LOSS,1520.66323543
SOLUSDT,LONG,81.5,81.02497518261792,16.00614515058991,81.02497518261792,82.45004963476417,7.603316177150067,-7.60331618,2.60139834,-10.20471452,LOSS,STOP_LOSS,1510.45852091
BTCUSDT,SHORT,63127.3,63355.289774858786,0.03312557595720242,63355.289774858786,62671.32045028244,7.552292604550067,-7.5522926,4.18980863,-11.74210124,LOSS,STOP_LOSS,1498.71641967
BTCUSDT,LONG,63377.7,63832.421089915995,0.032959025937127434,63150.339455042,63832.421089915995,7.493582098350068,14.9871642,4.19272168,10.79444252,WIN,TAKE_PROFIT,1509.51086219
ETHUSDT,LONG,1790.39,1781.016996240034,0.8052439222511703,1781.016996240034,1809.1360075199323,7.547554310950067,-7.54755431,2.87585378,-10.42340809,LOSS,STOP_LOSS,1499.0874541
ETHUSDT,LONG,1781.31,1771.9730596717764,0.8027723223038001,1771.9730596717764,1799.9838806564471,7.495437270500068,-7.49543727,2.85247729,-10.34791456,LOSS,STOP_LOSS,1488.73953954
BTCUSDT,SHORT,63093.9,63377.826229172446,0.02621701319880206,63377.826229172446,62526.04754165511,7.443697697700068,-7.4436977,3.31571092,-10.75940861,LOSS,STOP_LOSS,1477.98013093
BTCUSDT,SHORT,63033.2,63348.43741188848,0.023442333859993256,63348.43741188848,62402.72517622303,7.389900654650067,-7.38990065,2.96268054,-10.35258119,LOSS,STOP_LOSS,1467.62754974
BTCUSDT,LONG,63536.5,63113.08790293245,0.017330959128287145,63113.08790293245,64383.3241941351,7.338137748700068,-7.33813775,2.19495883,-9.53309658,LOSS,STOP_LOSS,1458.09445316
BTCUSDT,SHORT,63117.4,62447.04909339403,0.021751211772688375,63452.57545330299,62447.04909339403,7.2904722658000685,14.58094453,2.73117892,11.84976561,WIN,TAKE_PROFIT,1469.94421877
ETHUSDT,SHORT,1750.3,1730.7984500857763,0.7537576373341965,1760.0507749571118,1730.7984500857763,7.349721093850069,14.69944219,2.62390454,12.07553764,WIN,TAKE_PROFIT,1482.01975641
BTCUSDT,SHORT,61923.0,62229.35819202451,0.024187695889839628,62229.35819202451,61310.28361595097,7.410098782050069,-7.41009878,3.00295948,-10.41305827,LOSS,STOP_LOSS,1471.60669814
BTCUSDT,SHORT,61977.5,62250.20966430311,0.02698119815263209,62250.20966430311,61432.08067139377,7.358033490700069,-7.35803349,3.35181245,-10.70984594,LOSS,STOP_LOSS,1460.8968522
SOLUSDT,LONG,77.69,78.4906007198979,18.247508600620908,77.28969964005105,78.4906007198979,7.304484261000069,14.60896852,2.84990685,11.75906167,WIN,TAKE_PROFIT,1472.65591387
ETHUSDT,LONG,1747.03,1737.864517110827,0.8033706088795554,1737.864517110827,1765.360965778346,7.363279569350069,-7.36327957,2.79966183,-10.1629414,LOSS,STOP_LOSS,1462.49297247
BTCUSDT,SHORT,61882.2,62185.526626931394,0.024107560013199452,62185.526626931394,61275.546746137195,7.31246486235007,-7.31246486,2.99097017,-10.30343503,LOSS,STOP_LOSS,1452.18953744
SOLUSDT,LONG,78.12,77.57348398746566,13.285882793313217,77.57348398746566,79.21303202506867,7.26094768720007,-7.26094769,2.06852538,-9.32947307,LOSS,STOP_LOSS,1442.86006437
SOLUSDT,SHORT,77.65,78.09373996689689,16.257945779146837,78.09373996689689,76.76252006620622,7.21430032185007,-7.21430032,2.53207328,-9.7463736,LOSS,STOP_LOSS,1433.11369077
SOLUSDT,SHORT,77.59,78.0788906629135,14.656791379789599,78.0788906629135,76.61221867417302,7.16556845385007,-7.16556845,2.28160645,-9.44717491,LOSS,STOP_LOSS,1423.66651586
BTCUSDT,LONG,62999.9,62638.979351231734,0.01972270803455872,62638.979351231734,63721.74129753654,7.11833257930007,-7.11833258,2.47793894,-9.59627151,LOSS,STOP_LOSS,1414.07024435
BTCUSDT,LONG,62852.9,63591.89836369222,0.019134957718782628,62483.400818153896,63591.89836369222,7.07035122175007,14.14070244,2.41951587,11.72118657,WIN,TAKE_PROFIT,1425.79143092
BTCUSDT,LONG,63726.6,64314.690396837956,0.024244426343062394,63432.55480158102,64314.690396837956,7.12895715460007,14.25791431,3.10428763,11.15362668,WIN,TAKE_PROFIT,1436.9450576
ETHUSDT,LONG,1785.2,1801.4304431130658,0.8853393882039126,1777.084778443467,1801.4304431130658,7.18472528800007,14.36945058,3.1753852,11.19406537,WIN,TAKE_PROFIT,1448.13912297
BTCUSDT,LONG,64405.8,64173.3866791976,0.031154391623731802,64173.3866791976,64870.62664160481,7.240695614850071,-7.24069561,4.00580634,-11.24650195,LOSS,STOP_LOSS,1436.89262102
ETHUSDT,LONG,1794.78,1810.8528907234288,0.893985186451562,1786.7435546382856,1810.8528907234288,7.18446310510007,14.36892621,3.22338239,11.14554382,WIN,TAKE_PROFIT,1448.03816484
BTCUSDT,LONG,64453.7,64202.09056910424,0.028775514488564028,64202.09056910424,64956.9188617915,7.240190824200071,-7.24019082,3.70213657,-10.94232739,LOSS,STOP_LOSS,1437.09583745
SOLUSDT,SHORT,77.89,78.47166339658497,12.353328797096365,78.47166339658497,76.72667320683004,7.1854791872500705,-7.18547919,1.93158704,-9.11706623,LOSS,STOP_LOSS,1427.97877122
ETHUSDT,LONG,1811.35,1828.52418032281,0.8314683695986521,1802.7629098385949,1828.52418032281,7.139893856100071,14.27978771,3.02644025,11.25334746,WIN,TAKE_PROFIT,1439.23211868
ETHUSDT,LONG,1825.67,1816.6764572334687,0.800147481388529,1816.6764572334687,1843.6570855330629,7.19616059340007,-7.19616059,2.91441434,-10.11057494,LOSS,STOP_LOSS,1429.12154374
SOLUSDT,SHORT,77.84,77.24957511496406,24.2049679808638,78.13521244251797,77.24957511496406,7.14560771870007,14.29121544,3.7539382,10.53727724,WIN,TAKE_PROFIT,1439.65882098
SOLUSDT,SHORT,76.95,76.17641935933126,18.6103263873752,77.33679032033437,76.17641935933126,7.198294104900071,14.39658821,2.84973264,11.54685557,WIN,TAKE_PROFIT,1451.20567655
SOLUSDT,SHORT,76.0,76.46781814014977,15.510361313537475,76.46781814014977,75.06436371970045,7.2560283827500704,-7.25602838,2.36483095,-9.62085933,LOSS,STOP_LOSS,1441.58481722
SOLUSDT,SHORT,76.58,77.07347902839251,14.606343271728514,77.07347902839251,75.59304194321497,7.2079240861000695,-7.20792409,2.24431546,-9.45223955,LOSS,STOP_LOSS,1432.13257767
BTCUSDT,LONG,63993.8,63852.48746290863,0.0506725237246293,63852.48746290863,64276.42507418275,7.160662888350069,-7.16066289,6.47829403,-13.63895692,LOSS,STOP_LOSS,1418.49362075
SOLUSDT,SHORT,76.56,76.92645856439563,19.354079267998966,76.92645856439563,75.82708287120875,7.092468103750069,-7.0924681,2.97058909,-10.06305719,LOSS,STOP_LOSS,1408.43056356
ETHUSDT,LONG,1839.54,1827.7074748114248,0.5951521510048935,1827.7074748114248,1863.2050503771502,7.042152817800069,-7.04215282,2.18257022,-9.22472304,LOSS,STOP_LOSS,1399.20584052
SOLUSDT,SHORT,77.13,76.00676516411154,12.456930606263432,77.69161741794422,76.00676516411154,6.996029202600068,13.99205841,1.90761406,12.08444435,WIN,TAKE_PROFIT,1411.29028487
SOLUSDT,SHORT,75.89,76.51657051333555,11.26202282770214,76.51657051333555,74.63685897332888,7.056451424350069,-7.05645142,1.71640628,-8.7728577,LOSS,STOP_LOSS,1402.51742717
SOLUSDT,SHORT,76.27,76.84576242882525,12.179653941918483,76.84576242882525,75.11847514234948,7.012587135850068,-7.01258714,1.864897,-8.87748414,LOSS,STOP_LOSS,1393.63994303
SOLUSDT,SHORT,76.22,75.41801424730208,17.377365350216458,76.62099287634896,75.41801424730208,6.968199715150068,13.93639943,2.63506917,11.30133026,WIN,TAKE_PROFIT,1404.94127329
SOLUSDT,SHORT,75.31,75.7360164491377,16.489284347280567,75.7360164491377,74.45796710172463,7.024706366450069,-7.02470637,2.49064071,-9.51534708,LOSS,STOP_LOSS,1395.42592621
SOLUSDT,SHORT,75.78,76.23342744849117,15.387532568368474,76.23342744849117,74.87314510301766,6.977129631050068,-6.97712963,2.33911157,-9.3162412,LOSS,STOP_LOSS,1386.10968501
SOLUSDT,SHORT,75.8,74.76404178445412,13.379976761704016,76.31797910777293,74.76404178445412,6.930548425050068,13.86109685,2.01454338,11.84655347,WIN,TAKE_PROFIT,1397.95623848
SOLUSDT,SHORT,75.06,75.58675732664233,13.269452248447418,75.58675732664233,74.00648534671537,6.989781192400068,-6.98978119,1.99899995,-8.98878115,LOSS,STOP_LOSS,1388.96745733
ETHUSDT,LONG,1800.61,1817.9870349995108,0.7993121135850351,1791.9214825002446,1817.9870349995108,6.944837286650068,13.88967457,2.89238844,10.99728613,WIN,TAKE_PROFIT,1399.96474346
ETHUSDT,LONG,1824.69,1847.6808182138316,0.6089234103977131,1813.1945908930843,1847.6808182138316,6.9998237173000675,13.99964743,2.23619256,11.76345487,WIN,TAKE_PROFIT,1411.72819833
ETHUSDT,LONG,1860.7,1891.104331198558,0.4643181226748961,1845.497834400721,1891.104331198558,7.058640991650068,14.11728198,1.74203074,12.37525124,WIN,TAKE_PROFIT,1424.10344957
BTCUSDT,LONG,64893.1,64609.41832554912,0.025100377955795908,64609.41832554912,65460.46334890175,7.120517247850067,-7.12051725,3.25056216,-10.3710794,LOSS,STOP_LOSS,1413.73237017
BTCUSDT,LONG,64674.5,65092.36227004294,0.033832496291774185,64465.56886497853,65092.36227004294,7.0686618508500665,14.1373237,4.39033689,9.74698682,WIN,TAKE_PROFIT,1423.47935699
BTCUSDT,LONG,65014.9,64777.388806385425,0.029966574108081092,64777.388806385425,65489.92238722916,7.117396784950067,-7.11739678,3.88943024,-11.00682703,LOSS,STOP_LOSS,1412.47252996
BTCUSDT,LONG,64842.1,64596.67555244457,0.028776117131546437,64596.67555244457,65332.94889511085,7.062362649800067,-7.06236265,3.72474537,-10.78710802,LOSS,STOP_LOSS,1401.68542194
ETHUSDT,LONG,1876.96,1894.4586281670142,0.8010258910365713,1868.210685916493,1894.4586281670142,7.008427109700067,14.01685422,3.02100397,10.99585025,WIN,TAKE_PROFIT,1412.68127219
BTCUSDT,LONG,64767.2,65212.06523700445,0.03175526327259154,64544.767381497775,65212.06523700445,7.063406360950068,14.12681272,4.12752579,9.99928693,WIN,TAKE_PROFIT,1422.68055912
BTCUSDT,LONG,65133.7,64875.769711390785,0.027578780429225177,64875.769711390785,65649.56057721842,7.113402795600067,-7.1134028,3.58550262,-10.69890541,LOSS,STOP_LOSS,1411.98165371
BTCUSDT,LONG,65090.2,64774.81092193441,0.022384758254316846,64774.81092193441,65720.97815613117,7.059908268550068,-7.05990827,2.90699688,-9.96690514,LOSS,STOP_LOSS,1402.01474857
ETHUSDT,LONG,1918.82,1903.1526120649546,0.44743091649436106,1903.1526120649546,1950.1547758700908,7.010073742850067,-7.01007374,1.71006871,-8.72014245,LOSS,STOP_LOSS,1393.29460612
SOLUSDT,SHORT,75.74,76.21437844022182,14.68547564544125,76.21437844022182,74.79124311955634,6.966473030600067,-6.96647303,2.23152232,-9.19799535,LOSS,STOP_LOSS,1384.09661077
SOLUSDT,SHORT,76.23,76.74335140877741,13.480985803334502,76.74335140877741,75.20329718244518,6.9204830538500675,-6.92048305,2.06223158,-8.98271463,LOSS,STOP_LOSS,1375.11389614
ETHUSDT,SHORT,1882.85,1857.8270195918947,0.5495404119385405,1895.3614902040524,1857.8270195918947,6.875569480700068,13.75113896,2.05565319,11.69548577,WIN,TAKE_PROFIT,1386.80938191
SOLUSDT,SHORT,75.12,75.53708386726909,16.625066212585963,75.53708386726909,74.28583226546182,6.934046909550068,-6.93404691,2.50468399,-9.4387309,LOSS,STOP_LOSS,1377.37065101
BTCUSDT,SHORT,63949.9,63510.07344403212,0.03131622300474715,64169.81327798394,63510.07344403212,6.886853255050068,13.77370651,3.99156495,9.78214156,WIN,TAKE_PROFIT,1387.15279257
SOLUSDT,SHORT,75.06,74.20932205907913,16.306438968764137,75.48533897046043,74.20932205907913,6.935763962850067,13.87152793,2.43405109,11.43747684,WIN,TAKE_PROFIT,1398.59026941
SOLUSDT,SHORT,74.43,74.8137052431597,18.22480008212847,74.8137052431597,73.6625895136806,6.9929513470500675,-6.99295135,2.71993669,-9.71288804,LOSS,STOP_LOSS,1388.87738137
SOLUSDT,SHORT,74.65,74.96125701204377,22.310780602987904,74.96125701204377,74.02748597591247,6.944386906850067,-6.94438691,3.33794393,-10.28233084,LOSS,STOP_LOSS,1378.59505053
SOLUSDT,SHORT,74.65,74.03254078920335,22.326900731650607,74.95872960539833,74.03254078920335,6.892975252650067,13.78595051,3.31962033,10.46633018,WIN,TAKE_PROFIT,1389.06138071
SOLUSDT,SHORT,73.69,74.06932036807011,18.309870727179742,74.06932036807011,72.93135926385976,6.945306903550067,-6.9453069,2.70545405,-9.65076096,LOSS,STOP_LOSS,1379.41061975
SOLUSDT,SHORT,74.29,74.78533230635935,13.92409299817907,74.78533230635935,73.29933538728132,6.897053098750067,-6.8970531,2.07573879,-8.97279189,LOSS,STOP_LOSS,1370.43782786
SOLUSDT,SHORT,74.38,74.9131049843555,12.853357857053398,74.9131049843555,73.313790031289,6.852189139300067,-6.85218914,1.9189177,-8.77110684,LOSS,STOP_LOSS,1361.66672102
BTCUSDT,LONG,63553.7,64254.32636645787,0.019434991119505494,63203.38681677106,64254.32636645787,6.808333605100067,13.61666721,2.48394786,11.13271935,WIN,TAKE_PROFIT,1372.79944037
BTCUSDT,LONG,64220.1,63868.65543440499,0.019530810471429516,63868.65543440499,64922.98913119002,6.863997201850067,-6.8639972,2.50167721,-9.36567441,LOSS,STOP_LOSS,1363.43376596
SOLUSDT,SHORT,74.87,75.17980102828855,22.0049909693989,75.17980102828855,74.2503979434229,6.8171688298000666,-6.81716883,3.30184452,-10.11901335,LOSS,STOP_LOSS,1353.31475261
SOLUSDT,LONG,75.15,74.85898500184952,23.251632410886472,74.85898500184952,75.732029996301,6.766573763050067,-6.76657376,3.48795378,-10.25452754,LOSS,STOP_LOSS,1343.06022507
SOLUSDT,SHORT,74.9,75.11664437465974,30.996886653056297,75.11664437465974,74.46671125068053,6.7153011253500665,-6.71530113,4.65004892,-11.36535005,LOSS,STOP_LOSS,1331.69487502
SOLUSDT,SHORT,74.7,74.90838437533846,31.95284850068677,74.90838437533846,74.28323124932308,6.658474375100067,-6.65847438,4.78041404,-11.43888842,LOSS,STOP_LOSS,1320.2559866
SOLUSDT,SHORT,74.64,74.87922575532748,27.594352974091578,74.87922575532748,74.16154848934505,6.601279933000066,-6.60127993,4.12588629,-10.72716622,LOSS,STOP_LOSS,1309.52882038
SOLUSDT,SHORT,74.83,75.06328904063676,28.066659642597035,75.06328904063676,74.36342191872647,6.547644101900066,-6.5476441,4.20700393,-10.75464803,LOSS,STOP_LOSS,1298.77417235
BTCUSDT,LONG,64413.3,64682.801966668005,0.048191639875859484,64278.549016666,64682.801966668005,6.493870861750066,12.98774172,6.22135286,6.76638887,WIN,TAKE_PROFIT,1305.54056122
ETHUSDT,LONG,1858.4,1871.2172759370512,1.0185788053810032,1851.9913620314746,1871.2172759370512,6.5277028061000655,13.05540561,3.79890911,9.2564965,WIN,TAKE_PROFIT,1314.79705772
BTCUSDT,LONG,64795.7,64665.405299021586,0.05045474020995874,64665.405299021586,65056.28940195682,6.573985288600065,-6.57398529,6.53192644,-13.10591172,LOSS,STOP_LOSS,1301.691146
ETHUSDT,LONG,1864.62,1878.026076317183,0.9709710098633335,1857.9169618414085,1878.026076317183,6.508455730000065,13.01691146,3.63400084,9.38291062,WIN,TAKE_PROFIT,1311.07405662
ETHUSDT,LONG,1871.65,1865.8905487408047,1.1381935514488146,1865.8905487408047,1883.1689025183912,6.555370283100066,-6.55537028,4.25404455,-10.80941483,LOSS,STOP_LOSS,1300.26464179
ETHUSDT,LONG,1870.25,1862.9101697560657,0.885759342230391,1862.9101697560657,1884.929660487869,6.501323208950066,-6.50132321,3.3066815,-9.80800471,LOSS,STOP_LOSS,1290.45663708
BTCUSDT,LONG,64670.9,64495.34814787285,0.036754287164835885,64495.34814787285,65022.003704254304,6.452283185400066,-6.45228319,4.74741338,-11.19969656,LOSS,STOP_LOSS,1279.25694052
BTCUSDT,SHORT,64447.9,64638.82625985536,0.0335013355807928,64638.82625985536,64066.04748028928,6.396284702600067,-6.3962847,4.32457774,-10.72086244,LOSS,STOP_LOSS,1268.53607808
BTCUSDT,LONG,64633.5,64983.56440317259,0.036237219968195046,64458.4677984137,64983.56440317259,6.342680390400067,12.68536078,4.69696207,7.98839871,WIN,TAKE_PROFIT,1276.52447679
BTCUSDT,LONG,64987.5,64758.09464882866,0.027822465131525354,64758.09464882866,65446.31070234269,6.382622383950067,-6.38262238,3.60984228,-9.99246467,LOSS,STOP_LOSS,1266.53201212
ETHUSDT,LONG,1880.01,1868.314993302195,0.5414840901107467,1868.314993302195,1903.4000133956101,6.332660060600067,-6.33266006,2.02965835,-8.36231841,LOSS,STOP_LOSS,1258.16969371
ETHUSDT,LONG,1871.29,1858.3957080663238,0.48787855129293317,1858.3957080663238,1897.0785838673523,6.290848468550068,-6.29084847,1.81963366,-8.11048213,LOSS,STOP_LOSS,1250.05921158
BTCUSDT,SHORT,64160.0,64500.10086434787,0.0183777717527557,64500.10086434787,63479.79827130426,6.2502960579000675,-6.25029606,2.36448597,-8.61478203,LOSS,STOP_LOSS,1241.44442955
ETHUSDT,LONG,1886.86,1875.8245422245668,0.5624798059187389,1875.8245422245668,1908.930915550866,6.207222147750067,-6.20722215,2.11643407,-8.32365622,LOSS,STOP_LOSS,1233.12077333
BTCUSDT,LONG,64674.0,64381.88733036648,0.021106937519640427,64381.88733036648,65258.22533926704,6.165603866650067,-6.16560387,2.72397455,-8.88957842,LOSS,STOP_LOSS,1224.23119491
ETHUSDT,LONG,1884.76,1913.1919165908257,0.43058342233074814,1870.544041704587,1913.1919165908257,6.121155974550067,12.24231195,1.63533513,10.60697682,WIN,TAKE_PROFIT,1234.83817173
BTCUSDT,LONG,65725.2,65360.846444802824,0.016945603440890893,65360.846444802824,66453.90711039434,6.174190858650068,-6.17419086,2.22133216,-8.39552302,LOSS,STOP_LOSS,1226.44264871
BTCUSDT,LONG,65325.4,66045.54694722778,0.017030449874587773,64965.32652638611,66045.54694722778,6.132213243550068,12.26442649,2.23730633,10.02712016,WIN,TAKE_PROFIT,1236.46976887
BTCUSDT,LONG,66015.4,66477.65133033996,0.02674886339344132,65784.27433483001,66477.65133033996,6.182348844350068,12.36469769,3.54403853,8.82065916,WIN,TAKE_PROFIT,1245.29042803
ETHUSDT,LONG,1939.67,1930.9337999503007,0.7127185852805973,1930.9337999503007,1957.1424000993989,6.226452140150069,-6.22645214,2.75865126,-8.9851034,LOSS,STOP_LOSS,1236.30532463
BTCUSDT,LONG,66335.8,66792.78399657668,0.02705358029802667,66107.30800171167,66792.78399657668,6.181526623150068,12.36305325,3.60160484,8.76144841,WIN,TAKE_PROFIT,1245.06677304
ETHUSDT,LONG,1940.65,1930.557430888893,0.6168235061525559,1930.557430888893,1960.8351382222143,6.225333865200068,-6.22533387,2.38785174,-8.61318561,LOSS,STOP_LOSS,1236.45358743
BTCUSDT,LONG,66700.0,66418.72856405267,0.021979721887962097,66418.72856405267,67262.54287189466,6.182267937150068,-6.18226794,2.92591263,-9.10818057,LOSS,STOP_LOSS,1227.34540686
SOLUSDT,SHORT,77.69,78.07939778389449,15.759532509210986,78.07939778389449,76.911204432211,6.136727034300068,-6.13672703,2.45485289,-8.59157992,LOSS,STOP_LOSS,1218.75382694
BTCUSDT,LONG,66427.3,66203.2561114092,0.027198997361760208,66203.2561114092,66875.38777718163,6.093769134700068,-6.09376913,3.60741815,-9.70118728,LOSS,STOP_LOSS,1209.05263966
ETHUSDT,SHORT,1916.89,1923.2578789858117,0.9493370102933306,1923.2578789858117,1904.154242028377,6.045263198300067,-6.0452632,3.64559451,-9.6908577,LOSS,STOP_LOSS,1199.36178196
BTCUSDT,LONG,66394.0,66225.10734369759,0.03550662912816359,66225.10734369759,66731.78531260481,5.996808909800068,-5.99680891,4.70885746,-10.70566637,LOSS,STOP_LOSS,1188.65611559
ETHUSDT,LONG,1931.22,1922.7035427813546,0.6978583259877272,1922.7035427813546,1948.252914437291,5.943280577950068,-5.94328058,2.68949263,-8.63277321,LOSS,STOP_LOSS,1180.02334238
BTCUSDT,SHORT,66044.4,65641.63064503954,0.029297743928304962,66245.78467748023,65641.63064503954,5.9001167119000675,11.80023342,3.8581036,7.94212982,WIN,TAKE_PROFIT,1187.9654722
BTCUSDT,SHORT,65604.2,65805.20558359944,0.029550559017488556,65805.20558359944,65202.18883280111,5.939827361000067,-5.93982736,3.8832214,-9.82304876,LOSS,STOP_LOSS,1178.14242344
ETHUSDT,LONG,1936.46,1954.978147587582,0.6362096521090824,1927.200926206209,1954.978147587582,5.890712117200068,11.78142423,2.47577051,9.30565372,WIN,TAKE_PROFIT,1187.44807716
ETHUSDT,LONG,1940.62,1929.5312578002515,0.5354295626004204,1929.5312578002515,1962.7974843994966,5.9372403858000675,-5.93724039,2.0721934,-8.00943378,LOSS,STOP_LOSS,1179.43864338
BTCUSDT,SHORT,65591.4,65844.57009305991,0.0232934038362273,65844.57009305991,65085.05981388014,5.897193216900067,-5.89719322,3.06159113,-8.95878435,LOSS,STOP_LOSS,1170.47985903
ETHUSDT,LONG,1926.72,1952.162320732219,0.4600523165120576,1913.9988396338904,1952.162320732219,5.852399295150067,11.70479859,1.7844888,9.92030979,WIN,TAKE_PROFIT,1180.40016882
ETHUSDT,LONG,1950.55,1936.649614225691,0.42459259332272076,1936.649614225691,1978.3507715486178,5.902000844100066,-5.90200084,1.65047616,-7.55247701,LOSS,STOP_LOSS,1172.84769181
SOLUSDT,LONG,78.22,77.70942912131959,11.485650090750145,77.70942912131959,79.24114175736082,5.864238459050066,-5.86423846,1.79095086,-7.65518932,LOSS,STOP_LOSS,1165.19250249
SOLUSDT,LONG,77.94,77.52055531181996,13.889703879023642,77.52055531181996,78.77888937636007,5.825962512450065,-5.82596251,2.15930108,-7.98526359,LOSS,STOP_LOSS,1157.2072389
ETHUSDT,LONG,1933.31,1923.6946379088834,0.6017491738398131,1923.6946379088834,1952.5407241822331,5.786036194500066,-5.78603619,2.32094935,-8.10698555,LOSS,STOP_LOSS,1149.10025335
BTCUSDT,SHORT,65603.9,65178.39176274555,0.027005358598096683,65816.65411862721,65178.39176274555,5.745501266750066,11.49100253,3.53182269,7.95917985,WIN,TAKE_PROFIT,1157.0594332
SOLUSDT,SHORT,76.64,75.85921685222098,14.819216276521033,77.0303915738895,75.85921685222098,5.785297166000066,11.57059433,2.25991888,9.31067546,WIN,TAKE_PROFIT,1166.37010866
ETHUSDT,SHORT,1889.26,1865.104072752803,0.482850480846416,1901.3379636235984,1865.104072752803,5.8318505433000665,11.66370109,1.8127965,9.85090459,WIN,TAKE_PROFIT,1176.22101325
BTCUSDT,SHORT,64824.9,65018.03784660272,0.030450298425183663,65018.03784660272,64438.62430679457,5.881105066250067,-5.88110507,3.95375621,-9.83486127,LOSS,STOP_LOSS,1166.38615198
ETHUSDT,SHORT,1869.48,1878.6759257882823,0.6341863662418034,1878.6759257882823,1851.0881484234353,5.831930759900067,-5.83193076,2.37702939,-8.20896015,LOSS,STOP_LOSS,1158.17719183
BTCUSDT,LONG,65296.7,65726.23049777688,0.026963794138585382,65081.934751111556,65726.23049777688,5.790885959150067,11.58177192,3.53287533,8.04889659,WIN,TAKE_PROFIT,1166.22608842
BTCUSDT,LONG,65740.0,65547.81858799327,0.030341802473049365,65547.81858799327,66124.36282401347,5.831130442100067,-5.83113044,3.98350906,-9.8146395,LOSS,STOP_LOSS,1156.41144892
SOLUSDT,SHORT,75.8,75.07578368678992,15.967763054027856,76.16210815660503,75.07578368678992,5.782057244600066,11.56411449,2.40914876,9.15496572,WIN,TAKE_PROFIT,1165.56641464
SOLUSDT,SHORT,75.1,74.45213603474264,17.99091286358257,75.42393198262867,74.45213603474264,5.827832073200067,11.65566415,2.69057945,8.9650847,WIN,TAKE_PROFIT,1174.53149934
SOLUSDT,SHORT,74.46,73.69218147462473,15.296993502025575,74.84390926268762,73.69218147462473,5.872657496700067,11.74531499,2.26628296,9.47903204,WIN,TAKE_PROFIT,1184.01053138
SOLUSDT,SHORT,73.91,74.35221980958654,13.387126783024469,74.35221980958654,73.0255603808269,5.920052656900067,-5.92005266,1.98480513,-7.90485779,LOSS,STOP_LOSS,1176.10567359
ETHUSDT,SHORT,1869.25,1873.467996861371,1.3941519069880661,1873.467996861371,1860.814006277258,5.880528367950067,-5.88052837,5.21791743,-11.0984458,LOSS,STOP_LOSS,1165.00722779
SOLUSDT,LONG,74.49,74.86224789876613,31.29654275152575,74.30387605061692,74.86224789876613,5.8250361389500664,11.65007228,4.67420901,6.97586327,WIN,TAKE_PROFIT,1171.98309106
ETHUSDT,LONG,1881.63,1877.2725239828533,1.3447958020287765,1877.2725239828533,1890.3449520342938,5.859915455300066,-5.85991546,5.05495633,-10.91487179,LOSS,STOP_LOSS,1161.06821927
SOLUSDT,LONG,75.12,74.8948560229459,25.785016203009054,74.8948560229459,75.57028795410822,5.805341096350066,-5.8053411,3.86813549,-9.67347659,LOSS,STOP_LOSS,1151.39474268
