symbol,side,entry_price,exit_price,quantity,stop,target,risk_usdt,gross_pnl,fee_usdt,pnl,result,close_reason,balance_after
BTCUSDT,SHORT,87961.2,87256.22969861775,0.1418499471593759,88313.68515069112,87256.22969861775,50.0,100.0,24.85458314,75.14541686,WIN,TAKE_PROFIT,10075.14541686
BTCUSDT,SHORT,86978.7,86245.72127522044,0.1374548138472932,87345.18936238978,86245.72127522044,50.375727084299996,100.75145417,23.81053058,76.94092359,WIN,TAKE_PROFIT,10152.08634045
BTCUSDT,SHORT,85301.1,84248.96975556185,0.09649077568216154,85827.16512221908,84248.96975556185,50.760431702249996,101.5208634,16.36001775,85.16084566,WIN,TAKE_PROFIT,10237.24718611
SOLUSDT,SHORT,117.92,119.38930274624073,34.837092669643674,119.38930274624073,114.98139450751856,51.18623593055,-51.18623593,8.26716617,-59.4534021,LOSS,STOP_LOSS,10177.79378401
ETHUSDT,SHORT,2838.8,2779.1224854338107,1.7054654266342857,2868.638757283095,2779.1224854338107,50.888968920050004,101.77793784,9.58117257,92.19676527,WIN,TAKE_PROFIT,10269.99054928
ETHUSDT,SHORT,2802.8,2739.266317873832,1.6164639299333217,2834.566841063084,2739.266317873832,51.34995274640001,102.69990549,8.9585503,93.74135519,WIN,TAKE_PROFIT,10363.73190447
BTCUSDT,SHORT,81988.5,82723.97338183702,0.07045619977832616,82723.97338183702,80517.55323632597,51.81865952235001,-51.81865952,11.60501493,-63.42367445,LOSS,STOP_LOSS,10300.30823002
BTCUSDT,SHORT,82983.6,83708.31539473559,0.0710645054930714,83708.31539473559,81534.16921052885,51.50154115010001,-51.50154115,11.84587854,-63.34741969,LOSS,STOP_LOSS,10236.96081033
ETHUSDT,SHORT,2736.37,2681.9893645294087,1.8824643591864842,2763.5603177352955,2681.9893645294087,51.184804051650005,102.3696081,10.19986839,92.16973971,WIN,TAKE_PROFIT,10329.13055004
BTCUSDT,SHORT,82468.3,83287.66531857589,0.06303128968158367,83287.66531857589,80829.56936284823,51.64565275020001,-51.64565275,10.44781227,-62.09346502,LOSS,STOP_LOSS,10267.03708502
BTCUSDT,LONG,83897.3,82968.14061816671,0.05524906321648746,82968.14061816671,85755.61876366659,51.33518542510001,-51.33518543,9.21915928,-60.5543447,LOSS,STOP_LOSS,10206.48274032
BTCUSDT,SHORT,82754.4,83094.46935715452,0.15006472246898309,83094.46935715452,82074.26128569094,51.03241370160001,-51.0324137,24.88806455,-75.92047825,LOSS,STOP_LOSS,10130.56226207
BTCUSDT,SHORT,83031.1,82287.38547957016,0.13621573848275687,83402.95726021493,82287.38547957016,50.65281131035001,101.30562262,22.51897958,78.78664304,WIN,TAKE_PROFIT,10209.34890511
BTCUSDT,SHORT,81568.6,82055.78095294164,0.10477984456766341,82055.78095294164,80594.23809411675,51.04674452555001,-51.04674453,17.1445372,-68.19128173,LOSS,STOP_LOSS,10141.15762338
BTCUSDT,SHORT,81078.5,79583.66722412923,0.0678414186996441,81825.91638793539,79583.66722412923,50.70578811690001,101.41157623,10.89954936,90.51202688,WIN,TAKE_PROFIT,10231.66965026
BTCUSDT,SHORT,78817.1,76826.24274468365,0.05139328609792351,79812.52862765818,76826.24274468365,51.15834825130001,102.3166965,7.99902284,94.31767366,WIN,TAKE_PROFIT,10325.98732392
BTCUSDT,SHORT,77518.8,78784.481457395,0.04079220432435161,78784.481457395,74987.43708521,51.62993661960001,-51.62993662,6.37595539,-58.00589201,LOSS,STOP_LOSS,10267.98143191
BTCUSDT,SHORT,78310.9,79146.59529282188,0.06143376371810209,79146.59529282188,76639.50941435622,51.33990715955001,-51.33990716,9.67320656,-61.01311372,LOSS,STOP_LOSS,10206.96831819
BTCUSDT,SHORT,78334.0,78821.10419132053,0.10477192046448124,78821.10419132053,77359.79161735895,51.03484159095001,-51.03484159,16.46544208,-67.50028367,LOSS,STOP_LOSS,10139.46803452
ETHUSDT,SHORT,2410.65,2355.771580690397,1.8476239224962068,2438.0892096548014,2355.771580690397,50.69734017260001,101.39468035,8.80655454,92.58812581,WIN,TAKE_PROFIT,10232.05616033
BTCUSDT,SHORT,77812.9,78278.40578730352,0.10990256662113632,78278.40578730352,76881.88842539294,51.16028080165,-51.1602808,17.15483513,-68.31511593,LOSS,STOP_LOSS,10163.7410444
BTCUSDT,SHORT,78179.4,77041.01042801738,0.08928174760683133,78748.5947859913,77041.01042801738,50.818705222000006,101.63741044,13.85834951,87.77906094,WIN,TAKE_PROFIT,10251.52010534
BTCUSDT,SHORT,76961.7,77609.62713690066,0.07911013076545728,77609.62713690066,75665.84572619866,51.25760052670001,-51.25760053,12.2281579,-63.48575843,LOSS,STOP_LOSS,10188.03434691
BTCUSDT,SHORT,77563.8,78261.3718680419,0.07302498003186426,78261.3718680419,76168.6562639162,50.940171734550006,-50.94017173,11.37913006,-62.3193018,LOSS,STOP_LOSS,10125.71504511
BTCUSDT,SHORT,77705.2,76393.3059590874,0.0771839396272143,78361.1470204563,76393.3059590874,50.62857522555,101.25715045,11.89392978,89.36322067,WIN,TAKE_PROFIT,10215.07826578
BTCUSDT,SHORT,76489.0,77236.38831861551,0.06833849293164385,77236.38831861551,74994.22336276896,51.075391328900004,-51.07539133,10.50536136,-61.58075269,LOSS,STOP_LOSS,10153.49751309
BTCUSDT,SHORT,77158.9,78024.34298901031,0.058660695401213096,78024.34298901031,75428.01402197935,50.767487565450004,-50.76748757,9.10315695,-59.87064451,LOSS,STOP_LOSS,10093.62686858
ETHUSDT,SHORT,2291.44,2190.022271004397,0.9952527007400863,2342.1488644978017,2190.022271004397,50.4681343429,100.93626869,4.46018743,96.47608126,WIN,TAKE_PROFIT,10190.10294984
BTCUSDT,SHORT,75045.8,76053.21460105701,0.050575517463952745,76053.21460105701,73030.97079788598,50.9505147492,-50.95051475,7.64191085,-58.5924256,LOSS,STOP_LOSS,10131.51052424
BTCUSDT,SHORT,76256.2,77388.7562121359,0.044728510672035086,77388.7562121359,73991.0875757282,50.657552621200004,-50.65755262,6.87231006,-57.52986268,LOSS,STOP_LOSS,10073.98066156
ETHUSDT,LONG,2307.61,2374.8713491943,1.4977369294896248,2273.97932540285,2374.8713491943,50.3699033078,100.73980662,7.01312524,93.72668138,WIN,TAKE_PROFIT,10167.70734294
BTCUSDT,LONG,78567.2,77751.64365173751,0.06233601985075571,77751.64365173751,80198.31269652497,50.838536714700005,-50.83853671,9.74429454,-60.58283126,LOSS,STOP_LOSS,10107.12451168
BTCUSDT,SHORT,77774.8,78284.89433370302,0.09907113100343205,78284.89433370302,76754.61133259397,50.5356225584,-50.53562256,15.46101042,-65.99663298,LOSS,STOP_LOSS,10041.1278787
ETHUSDT,SHORT,2327.23,2352.570691482922,1.9812261014004087,2352.570691482922,2276.548617034156,50.20563939349999,-50.20563939,9.27174328,-59.47738267,LOSS,STOP_LOSS,9981.65049603
BTCUSDT,LONG,78949.2,78397.40741635277,0.09044748689855049,78397.40741635277,80052.78516729445,49.90825248015,-49.90825248,14.23160521,-64.13985769,LOSS,STOP_LOSS,9917.51063834
ETHUSDT,SHORT,2322.11,2272.725557185827,2.0082256826624936,2346.8022214070866,2272.725557185827,49.587553191699996,99.17510638,9.22746677,89.94763961,WIN,TAKE_PROFIT,10007.45827795
ETHUSDT,SHORT,2272.44,2299.5803699611224,1.8436480954912124,2299.5803699611224,2218.1592600777553,50.037291389749996,-50.03729139,8.42919665,-58.46648804,LOSS,STOP_LOSS,9948.99178991
SOLUSDT,SHORT,103.05,101.45459063943375,62.36011920087294,103.84770468028313,101.45459063943375,49.74495894955,99.4899179,12.75293065,86.73698725,WIN,TAKE_PROFIT,10035.72877716
BTCUSDT,SHORT,77164.5,77701.4981390988,0.09344286363824403,77701.4981390988,76090.5037218024,50.1786438858,-50.17864389,14.47112235,-64.64976623,LOSS,STOP_LOSS,9971.07901093
BTCUSDT,SHORT,77700.0,76423.60269890104,0.07811892897568094,78338.19865054947,76423.60269890104,49.855395054649996,99.71079011,12.03997077,87.67081934,WIN,TAKE_PROFIT,10058.74983027
ETHUSDT,SHORT,2221.12,2151.5045080153595,1.4449010620350609,2255.92774599232,2151.5045080153595,50.29374915135,100.5874983,6.3180098,94.26948851,WIN,TAKE_PROFIT,10153.01931878
BTCUSDT,SHORT,74071.0,74931.32987607007,0.059006548541347834,74931.32987607007,72350.34024785987,50.765096593900005,-50.76509659,8.79211321,-59.5572098,LOSS,STOP_LOSS,10093.46210898
BTCUSDT,SHORT,74898.2,75957.86007237705,0.04762594331943675,75957.86007237705,72778.87985524588,50.46731054490001,-50.46731054,7.18466217,-57.65197271,LOSS,STOP_LOSS,10035.81013627
BTCUSDT,SHORT,75803.5,76780.4899114017,0.051360868823463586,76780.4899114017,73849.5201771966,50.179050681350006,-50.17905068,7.83684629,-58.01589697,LOSS,STOP_LOSS,9977.7942393
SOLUSDT,SHORT,98.7,96.03715279646767,37.47039719764683,100.03142360176618,96.03715279646767,49.88897119650001,99.77794239,7.29687846,92.48106393,WIN,TAKE_PROFIT,10070.27530323
BTCUSDT,SHORT,75785.0,76203.33682404779,0.1203608518823548,76203.33682404779,74948.32635190443,50.351376516150005,-50.35137652,18.2934457,-68.64482221,LOSS,STOP_LOSS,10001.63048102
SOLUSDT,SHORT,96.18,93.75911683923455,41.31397435082153,97.39044158038274,93.75911683923455,50.0081524051,100.01630481,7.8471398,92.16916501,WIN,TAKE_PROFIT,10093.79964603
BTCUSDT,SHORT,75313.9,74300.54513848676,0.09960774876983396,75820.57743075662,74300.54513848676,50.46899823015,100.93799646,14.90275806,86.0352384,WIN,TAKE_PROFIT,10179.83488443
BTCUSDT,SHORT,74328.9,75018.19829277415,0.07384201434374761,75018.19829277415,72950.30341445169,50.89917442215,-50.89917442,11.02809057,-61.927265,LOSS,STOP_LOSS,10117.90761943
BTCUSDT,SHORT,74821.5,73270.36745627657,0.06522916213944141,75597.06627186171,73270.36745627657,50.58953809715,101.17907619,9.65990843,91.51916776,WIN,TAKE_PROFIT,10209.42678719
BTCUSDT,SHORT,73074.7,74047.23725669397,0.05248861530454712,74047.23725669397,71129.62548661203,51.047133935949994,-51.04713394,7.72222677,-58.7693607,LOSS,STOP_LOSS,10150.65742649
BTCUSDT,SHORT,73961.9,71613.76559031205,0.043228604736638476,75135.96720484397,71613.76559031205,50.75328713245,101.50657426,6.29303291,95.21354136,WIN,TAKE_PROFIT,10245.87096785
BTCUSDT,SHORT,72294.3,70388.96118542063,0.05377453547605342,73246.96940728968,70388.96118542063,51.22935483925,102.45870968,7.67272609,94.78598359,WIN,TAKE_PROFIT,10340.65695144
ETHUSDT,SHORT,2093.48,2134.4980114803557,1.260501981719957,2134.4980114803557,2011.4439770392892,51.7032847572,-51.70328476,5.32937466,-57.03265942,LOSS,STOP_LOSS,10283.62429202
BTCUSDT,SHORT,71327.4,69886.4790035996,0.07136841171521399,72047.8604982002,69886.4790035996,51.418121460100004,102.83624292,10.07821026,92.75803266,WIN,TAKE_PROFIT,10376.38232468
BTCUSDT,SHORT,70445.4,68801.8095096264,0.06313240667583479,71267.19524518678,68801.8095096264,51.8819116234,103.76382325,8.79101146,94.97281179,WIN,TAKE_PROFIT,10471.35513647
BTCUSDT,SHORT,67963.4,65837.8419005259,0.0492640268880952,69026.17904973704,65837.8419005259,52.35677568235,104.71355136,6.59158798,98.12196339,WIN,TAKE_PROFIT,10569.47709986
ETHUSDT,SHORT,1935.63,1829.740519400845,0.9981611997768476,1988.5747402995778,1829.740519400845,52.847385499299996,105.694771,3.75844676,101.93632424,WIN,TAKE_PROFIT,10671.4134241
SOLUSDT,SHORT,78.77,81.26647738060616,21.372942344682727,81.26647738060616,73.77704523878768,53.3570671205,-53.35706712,3.4204504,-56.77751752,LOSS,STOP_LOSS,10614.63590658
BTCUSDT,SHORT,64536.3,61388.58936911531,0.0337217652805546,66110.15531544235,61388.58936911531,53.07317953289999,106.14635907,4.24640956,101.8999495,WIN,TAKE_PROFIT,10716.53585608
BTCUSDT,SHORT,60199.1,61940.65369024231,0.030767170475774788,61940.65369024231,56715.99261951537,53.5826792804,-53.58267928,3.75789462,-57.3405739,LOSS,STOP_LOSS,10659.19528218
BTCUSDT,SHORT,62915.8,64838.80573291302,0.027714933709618188,64838.80573291302,59069.78853417397,53.295976410899996,-53.29597641,3.54071043,-56.83668684,LOSS,STOP_LOSS,10602.35859534
SOLUSDT,SHORT,76.42,80.2079840417652,13.994724474075824,80.2079840417652,68.84403191646962,53.01179297669999,-53.01179298,2.19196548,-55.20375846,LOSS,STOP_LOSS,10547.15483688
SOLUSDT,SHORT,77.94,81.44339929240044,15.052744429901004,81.44339929240044,70.9332014151991,52.735774184399986,-52.73577418,2.39915758,-55.13493176,LOSS,STOP_LOSS,10492.01990512
BTCUSDT,SHORT,65034.4,66257.85579685326,0.04287862271814646,66257.85579685326,62587.48840629349,52.460099525599986,-52.46009953,5.6296311,-58.08973063,LOSS,STOP_LOSS,10433.93017449
BTCUSDT,LONG,66270.9,67801.91863214955,0.06815024948351388,65505.390683925216,67801.91863214955,52.16965087244999,104.33930174,9.13709604,95.20220571,WIN,TAKE_PROFIT,10529.1323802
ETHUSDT,LONG,1971.92,2034.1434808902418,1.692147759906382,1940.8082595548792,2034.1434808902418,52.645661901,105.2913238,6.77885135,98.51247246,WIN,TAKE_PROFIT,10627.64485266
ETHUSDT,LONG,2067.5,2031.6495721445685,1.4822200861195374,2031.6495721445685,2139.200855710863,53.13822426329999,-53.13822426,6.07584183,-59.2140661,LOSS,STOP_LOSS,10568.43078656
BTCUSDT,SHORT,67977.3,68840.35799093678,0.061226655088893585,68840.35799093678,66251.18401812643,52.842153932799995,-52.84215393,8.37688756,-61.21904149,LOSS,STOP_LOSS,10507.21174507
ETHUSDT,SHORT,2029.48,2054.1682670591645,2.127976767241267,2054.1682670591645,1980.103465881671,52.536058725349996,-52.53605873,8.68990864,-61.22596736,LOSS,STOP_LOSS,10445.98577771
ETHUSDT,LONG,2055.9,2129.9194648051566,1.4112484878413103,2018.8902675974218,2129.9194648051566,52.22992888854999,104.45985778,5.90723139,98.55262639,WIN,TAKE_PROFIT,10544.5384041
ETHUSDT,LONG,2122.9,2102.2431069255194,2.552305026240017,2102.2431069255194,2164.213786148962,52.72269202049999,-52.72269202,10.78385399,-63.50654601,LOSS,STOP_LOSS,10481.03185809
SOLUSDT,SHORT,86.14,87.08822254596942,55.266729854934425,87.08822254596942,84.24355490806116,52.405159290449994,-52.40515929,9.57375738,-61.97891667,LOSS,STOP_LOSS,10419.05294142
BTCUSDT,LONG,71270.0,70760.95412335162,0.1023390368076484,70760.95412335162,72288.09175329676,52.09526470709999,-52.09526471,14.53531104,-66.63057575,LOSS,STOP_LOSS,10352.42236567
SOLUSDT,SHORT,86.84,87.72759310724308,58.3173882333617,87.72759310724308,85.06481378551386,51.76211182835,-51.76211183,10.1803261,-61.94243793,LOSS,STOP_LOSS,10290.47992774
BTCUSDT,LONG,71320.9,70764.2839589916,0.09243786712557958,70764.2839589916,72434.13208201677,51.4523996387,-51.45239964,13.13405136,-64.58645099,LOSS,STOP_LOSS,10225.89347675
SOLUSDT,SHORT,86.58,87.67302670770339,46.77787562133816,87.67302670770339,84.39394658459321,51.12946738375,-51.12946738,8.15118641,-59.28065379,LOSS,STOP_LOSS,10166.61282296
SOLUSDT,SHORT,86.19,87.46274566748389,39.93968741240561,87.46274566748389,83.64450866503222,50.8330641148,-50.83306411,6.93563638,-57.7687005,LOSS,STOP_LOSS,10108.84412246
ETHUSDT,SHORT,2080.44,2027.8137224223944,1.920873865257322,2106.753138788803,2027.8137224223944,50.544220612299995,101.08844122,7.89143721,93.19700402,WIN,TAKE_PROFIT,10202.04112648
BTCUSDT,SHORT,69000.0,69557.8136687088,0.09144667564435228,69557.8136687088,67884.37266258239,51.010205632399995,-51.01020563,12.67065144,-63.68085708,LOSS,STOP_LOSS,10138.3602694
BTCUSDT,SHORT,69138.1,69816.97361040606,0.07467045495652672,69816.97361040606,67780.3527791879,50.691801346999995,-50.69180135,10.37583857,-61.06763991,LOSS,STOP_LOSS,10077.29262949
BTCUSDT,SHORT,68884.5,69628.59131634916,0.06771542959897463,69628.59131634916,67396.31736730167,50.386463147449994,-50.38646315,9.37947348,-59.76593663,LOSS,STOP_LOSS,10017.52669286
BTCUSDT,SHORT,69164.3,69949.36706341805,0.06380045195913259,69949.36706341805,67594.16587316392,50.0876334643,-50.08763346,8.87551483,-58.9631483,LOSS,STOP_LOSS,9958.56354456
BTCUSDT,LONG,70362.4,69704.7369214583,0.07571174260414697,69704.7369214583,71677.7261570834,49.7928177228,-49.79281772,10.60472702,-60.39754474,LOSS,STOP_LOSS,9898.16599982
BTCUSDT,SHORT,69508.0,68537.23186586173,0.10196220551271348,69993.38406706914,68537.23186586173,49.490829999099994,98.98166,14.0753963,84.9062637,WIN,TAKE_PROFIT,9983.07226352
ETHUSDT,SHORT,2007.91,2024.896917859749,2.938458979417101,2024.896917859749,1973.9361642805022,49.9153613176,-49.91536132,11.8502377,-61.76559902,LOSS,STOP_LOSS,9921.3066645
SOLUSDT,SHORT,84.18,84.89469253583111,69.40961439427043,84.89469253583111,82.75061492833781,49.6065333225,-49.60653332,11.73540921,-61.34194254,LOSS,STOP_LOSS,9859.96472196
SOLUSDT,SHORT,84.38,82.56353368097251,54.28102144629298,85.28823315951374,82.56353368097251,49.299823609799994,98.59964722,9.06186553,89.53778169,WIN,TAKE_PROFIT,9949.50250365
BTCUSDT,SHORT,68880.0,67581.90140989827,0.07664673992805379,69529.04929505086,67581.90140989827,49.74751251825,99.49502504,10.45935987,89.03566517,WIN,TAKE_PROFIT,10038.53816882
SOLUSDT,SHORT,82.52,80.97839159284838,65.1173029561244,83.2908042035758,80.97839159284838,50.1926908441,100.38538169,10.6465743,89.73880739,WIN,TAKE_PROFIT,10128.27697621
BTCUSDT,SHORT,66883.0,67366.30872235782,0.10478061441555803,67366.30872235782,65916.38255528438,50.64138488105,-50.64138488,14.06672505,-64.70810993,LOSS,STOP_LOSS,10063.56886628
ETHUSDT,SHORT,1949.04,1964.5287241453043,3.2486758663498407,1964.5287241453043,1918.0625517093915,50.3178443314,-50.31784433,12.71391627,-63.0317606,LOSS,STOP_LOSS,10000.53710568
SOLUSDT,SHORT,81.08,78.95468276964952,47.05432658648735,82.14265861517524,78.95468276964952,50.0026855284,100.00537106,7.53032423,92.47504683,WIN,TAKE_PROFIT,10093.01215251
BTCUSDT,SHORT,66087.9,66948.62015557829,0.05863120601450793,66948.62015557829,64366.45968884342,50.46506076255,-50.46506076,7.80009162,-58.26515238,LOSS,STOP_LOSS,10034.74700013
BTCUSDT,SHORT,66579.1,67509.76276649078,0.05391183230617382,67509.76276649078,64717.77446701848,50.173735000650005,-50.173735,7.22897628,-57.40271128,LOSS,STOP_LOSS,9977.34428885
SOLUSDT,SHORT,79.54,80.72512430732465,42.094083410428446,80.72512430732465,77.16975138535071,49.88672144425001,-49.88672144,6.74621351,-56.63293495,LOSS,STOP_LOSS,9920.7113539
BTCUSDT,LONG,68153.5,67433.23939431318,0.06886890158625222,67433.23939431318,69594.02121137363,49.60355676950001,-49.60355677,9.33770981,-58.94126658,LOSS,STOP_LOSS,9861.77008732
SOLUSDT,SHORT,79.76,80.79386445110065,47.6937285000044,80.79386445110065,77.69227109779872,49.30885043660001,-49.30885044,7.65741242,-56.96626286,LOSS,STOP_LOSS,9804.80382446
ETHUSDT,LONG,1972.38,1956.7081739924238,3.1281625445943484,1956.7081739924238,2003.7236520151528,49.02401912230002,-49.02401912,12.29082646,-61.31484558,LOSS,STOP_LOSS,9743.48897888
BTCUSDT,SHORT,66777.9,67236.92598642675,0.10613221546265066,67236.92598642675,65859.84802714648,48.71744489440002,-48.71744489,14.22329039,-62.94073528,LOSS,STOP_LOSS,9680.5482436
ETHUSDT,LONG,1978.42,1962.3304553690011,3.008335060318929,1962.3304553690011,2010.5990892619977,48.40274121800001,-48.40274122,11.85509776,-60.25783898,LOSS,STOP_LOSS,9620.29040462
BTCUSDT,SHORT,66896.3,67301.20021760644,0.11879828642091579,67301.20021760644,66086.49956478714,48.10145202310001,-48.10145202,15.94243307,-64.04388509,LOSS,STOP_LOSS,9556.24651953
ETHUSDT,LONG,1976.77,1963.1026883865534,3.496022769440634,1963.1026883865534,2004.1046232268934,47.78123259765002,-47.7812326,13.77388463,-61.55511722,LOSS,STOP_LOSS,9494.69140231
BTCUSDT,SHORT,67382.0,67947.43915937457,0.08395855897928986,67947.43915937457,66251.12168125086,47.47345701155002,-47.47345701,11.3620647,-58.83552171,LOSS,STOP_LOSS,9435.8558806
BTCUSDT,SHORT,67374.4,66115.3391027112,0.07494360202051159,68003.93044864439,66115.3391027112,47.17927940300002,94.35855881,10.00420188,84.35435692,WIN,TAKE_PROFIT,9520.21023752
BTCUSDT,SHORT,66034.5,66745.34987087162,0.06696357858127297,66745.34987087162,64612.80025825674,47.601051187600014,-47.60105119,8.89141391,-56.4924651,LOSS,STOP_LOSS,9463.71777242
ETHUSDT,LONG,1953.29,1938.949528385929,3.299653605232237,1938.949528385929,1981.970943228142,47.318588862100015,-47.31858886,12.84304219,-60.16163105,LOSS,STOP_LOSS,9403.55614137
SOLUSDT,SHORT,78.17,78.83983387860144,70.19319596825906,78.83983387860144,76.83033224279711,47.01778070685002,-47.01778071,11.02102204,-58.03880275,LOSS,STOP_LOSS,9345.51733862
BTCUSDT,SHORT,66094.0,66459.49520908072,0.12784733023074982,66459.49520908072,65363.00958183855,46.72758669310002,-46.72758669,16.94661048,-63.67419717,LOSS,STOP_LOSS,9281.84314145
SOLUSDT,LONG,78.96,80.32789682824686,67.85484803956925,78.27605158587656,80.32789682824686,46.40921570725002,92.81843141,10.80845603,82.00997538,WIN,TAKE_PROFIT,9363.85311683
ETHUSDT,LONG,1957.6,1984.7277244710854,3.4517650482666284,1944.0361377644572,1984.7277244710854,46.819265584150024,93.63853117,13.60798905,80.03054212,WIN,TAKE_PROFIT,9443.88365895
BTCUSDT,LONG,67310.3,68168.12554515543,0.11009095861372296,66881.3872274223,68168.12554515543,47.21941829475002,94.43883659,14.91494974,79.52388685,WIN,TAKE_PROFIT,9523.4075458
SOLUSDT,LONG,84.89,84.29367442963506,79.85073942051379,84.29367442963506,86.08265114072988,47.617037729000025,-47.61703773,13.5094415,-61.12647923,LOSS,STOP_LOSS,9462.28106657
SOLUSDT,LONG,86.7,86.07634376668635,75.8613524657187,86.07634376668635,87.94731246662732,47.311405332850015,-47.31140533,13.10704711,-60.41845245,LOSS,STOP_LOSS,9401.86261412
ETHUSDT,LONG,2084.01,2070.4425735903956,3.464865896550673,2070.4425735903956,2111.1448528192095,47.00931307060002,-47.00931307,14.39462104,-61.40393411,LOSS,STOP_LOSS,9340.45868001
ETHUSDT,LONG,2094.03,2083.278016752076,4.34359804355781,2083.278016752076,2115.5339664958487,46.702293400050024,-46.7022934,18.14454693,-64.84684033,LOSS,STOP_LOSS,9275.61183968
SOLUSDT,LONG,88.53,87.86302670580017,69.53510673023179,87.86302670580017,89.86394658839967,46.378059198400024,-46.3780592,12.26550794,-58.64356714,LOSS,STOP_LOSS,9216.96827254
SOLUSDT,LONG,88.38,87.67799458629864,65.64741590768612,87.67799458629864,89.7840108274027,46.084841362700026,-46.08484136,11.55775239,-57.64259376,LOSS,STOP_LOSS,9159.32567878
ETHUSDT,SHORT,2059.22,2074.0112079999767,3.0962060971606866,2074.0112079999767,2029.6375840000462,45.79662839390003,-45.79662839,12.79733567,-58.59396406,LOSS,STOP_LOSS,9100.73171472
BTCUSDT,LONG,70406.1,70013.94266962374,0.11603419099660696,70013.94266962374,71190.41466075255,45.50365857360002,-45.50365857,16.29352605,-61.79718462,LOSS,STOP_LOSS,9038.9345301
ETHUSDT,SHORT,2009.78,2027.8523773879983,2.500759677612376,2027.8523773879983,1973.6352452240033,45.194672650500024,-45.19467265,10.09714824,-55.29182089,LOSS,STOP_LOSS,8983.64270921
BTCUSDT,SHORT,69020.0,68134.37755419007,0.10143874234120276,69462.81122290497,68134.37755419007,44.918213546050026,89.83642709,13.91276757,75.92365953,WIN,TAKE_PROFIT,9059.56636874
BTCUSDT,SHORT,68156.2,68587.12578413445,0.10511747848805053,68587.12578413445,67294.34843173108,45.29783184370003,-45.29783184,14.37411361,-59.67194545,LOSS,STOP_LOSS,8999.89442329
ETHUSDT,SHORT,1956.02,1976.618330308587,2.184617463760665,1976.618330308587,1914.8233393828257,44.999472116450036,-44.99947212,8.59131038,-53.59078249,LOSS,STOP_LOSS,8946.3036408
BTCUSDT,SHORT,68716.7,69114.4505328873,0.11246124016299854,69114.4505328873,67921.19893422538,44.73151820400003,-44.7315182,15.50066212,-60.23218033,LOSS,STOP_LOSS,8886.07146047
ETHUSDT,LONG,1991.3,2021.3036616126967,2.9616623381426432,1976.2981691936516,2021.3036616126967,44.43035730235003,88.8607146,11.88397714,76.97673746,WIN,TAKE_PROFIT,8963.04819793
SOLUSDT,LONG,86.23,85.46218975632145,58.367599753477464,85.46218975632145,87.76562048735713,44.81524098965003,-44.81524099,10.02126101,-54.836502,LOSS,STOP_LOSS,8908.21169593
SOLUSDT,SHORT,84.94,83.12620954745411,49.11378645436235,85.84689522627295,83.12620954745411,44.541058479650026,89.08211696,8.25436793,80.82774903,WIN,TAKE_PROFIT,8989.03944496
ETHUSDT,SHORT,1950.09,1973.5221778133277,1.9180973097274834,1973.5221778133277,1903.2256443733443,44.94519722480003,-44.94519722,7.52586996,-52.47106719,LOSS,STOP_LOSS,8936.56837777
BTCUSDT,SHORT,67703.9,68291.05490547328,0.07610060219599456,68291.05490547328,66529.5901890534,44.682841888850035,-44.68284189,10.34929796,-55.03213985,LOSS,STOP_LOSS,8881.53623792
ETHUSDT,LONG,1992.29,1976.2734398424127,2.772610395282884,1976.2734398424127,2024.3231203151745,44.407681189600034,-44.40768119,11.00328025,-55.41096144,LOSS,STOP_LOSS,8826.12527648
BTCUSDT,SHORT,68019.0,68385.61467988433,0.12037332055640602,68385.61467988433,67285.77064023135,44.13062638240003,-44.13062638,16.41947641,-60.55010279,LOSS,STOP_LOSS,8765.57517369
BTCUSDT,SHORT,68347.3,67620.04380342139,0.12052939823583093,68710.92809828931,67620.04380342139,43.82787586845003,87.65575174,16.38806213,71.26768961,WIN,TAKE_PROFIT,8836.8428633
BTCUSDT,SHORT,67067.0,67545.32416063697,0.09237295113351943,67545.32416063697,66110.35167872607,44.18421431650003,-44.18421432,12.43453764,-56.61875196,LOSS,STOP_LOSS,8780.22411134
SOLUSDT,SHORT,84.49,85.44156168470516,46.135864087783766,85.44156168470516,82.58687663058967,43.90112055670002,-43.90112056,7.83993943,-51.74105999,LOSS,STOP_LOSS,8728.48305135
BTCUSDT,SHORT,67573.0,68145.68973414424,0.07620603732658855,68145.68973414424,66427.62053171152,43.64241525675003,-43.64241526,10.34258354,-53.98499879,LOSS,STOP_LOSS,8674.49805256
BTCUSDT,LONG,68078.4,67797.0831277331,0.15417664043147397,67797.0831277331,68641.03374453378,43.37249026280003,-43.37249026,20.94882551,-64.32131577,LOSS,STOP_LOSS,8610.17673679
SOLUSDT,SHORT,84.22,83.178396662577,82.66272224215635,84.7408016687115,83.178396662577,43.05088368395003,86.10176737,13.83760717,72.2641602,WIN,TAKE_PROFIT,8682.44089699
BTCUSDT,SHORT,67355.3,66696.7847838491,0.13184875131268525,67684.55760807545,66696.7847838491,43.41220448495003,86.82440897,17.67459999,69.14980898,WIN,TAKE_PROFIT,8751.59070597
BTCUSDT,SHORT,67190.5,67576.64563501865,0.11331981916029313,67576.64563501865,66418.2087299627,43.757953529850035,-43.75795353,15.27178857,-59.0297421,LOSS,STOP_LOSS,8692.56096387
SOLUSDT,SHORT,82.95,81.1726634533626,48.907793970228866,83.8386682733187,81.1726634533626,43.46280481935004,86.92560964,8.02687741,78.89873223,WIN,TAKE_PROFIT,8771.4596961
ETHUSDT,SHORT,1951.15,1970.4760409342678,2.269336934019187,1970.4760409342678,1912.497918131465,43.85729848050004,-43.85729848,8.89949082,-52.7567893,LOSS,STOP_LOSS,8718.7029068
SOLUSDT,SHORT,81.37,81.92821876033072,78.09396177973846,81.92821876033072,80.25356247933857,43.59351453400004,-43.59351453,12.75260485,-56.34611939,LOSS,STOP_LOSS,8662.35678741
ETHUSDT,LONG,1975.14,1962.6783231820311,3.4755983941580757,1962.6783231820311,2000.063353635938,43.31178393705004,-43.31178394,13.68627504,-56.99805898,LOSS,STOP_LOSS,8605.35872843
SOLUSDT,SHORT,81.14,81.69058393592076,78.14756449476722,81.69058393592076,80.03883212815849,43.02679364215004,-43.02679364,12.72481356,-55.7516072,LOSS,STOP_LOSS,8549.60712123
SOLUSDT,SHORT,81.6,80.42659504927951,72.86152249468884,82.18670247536024,80.42659504927951,42.74803560615004,85.49607121,11.8055044,73.69056681,WIN,TAKE_PROFIT,8623.29768804
BTCUSDT,SHORT,66356.8,65772.44948092461,0.14757063451718244,66648.97525953769,65772.44948092461,43.116488440200044,86.23297688,19.49839718,66.7345797,WIN,TAKE_PROFIT,8690.03226774
BTCUSDT,SHORT,65871.2,66196.01743629895,0.133767946184731,66196.01743629895,65221.5651274021,43.45016133870004,-43.45016134,17.66636043,-61.11652177,LOSS,STOP_LOSS,8628.91574597
BTCUSDT,SHORT,66219.5,66601.75820245947,0.11286763358446003,66601.75820245947,65454.98359508105,43.144578729850046,-43.14457873,14.9912211,-58.13579983,LOSS,STOP_LOSS,8570.77994614
SOLUSDT,SHORT,80.74,81.49463892933237,56.78729000717277,81.49463892933237,79.23072214133524,42.85389973070004,-42.85389973,9.21286549,-52.06676522,LOSS,STOP_LOSS,8518.71318092
ETHUSDT,SHORT,1928.34,1949.522610334804,2.010779844003288,1949.522610334804,1885.9747793303916,42.593565904600034,-42.5935659,7.79752797,-50.39109388,LOSS,STOP_LOSS,8468.32208704
ETHUSDT,SHORT,1938.71,1953.0214234425237,2.958588333665702,1953.0214234425237,1910.087153114953,42.34161043520004,-42.34161044,11.51403119,-53.85564162,LOSS,STOP_LOSS,8414.46644542
BTCUSDT,LONG,67159.1,67813.89040196167,0.12850625818905298,66831.70479901916,67813.89040196167,42.072332227100034,84.14466445,17.34487395,66.7997905,WIN,TAKE_PROFIT,8481.26623592
ETHUSDT,LONG,1958.86,1945.4151911802146,3.154104438970922,1945.4151911802146,1985.7496176395705,42.40633117960003,-42.40633118,12.31449171,-54.72082289,LOSS,STOP_LOSS,8426.54541303
ETHUSDT,SHORT,1942.98,1953.9087005869553,3.8552366523281103,1953.9087005869553,1921.1225988260894,42.13272706515003,-42.13272707,15.02342815,-57.15615521,LOSS,STOP_LOSS,8369.38925782
BTCUSDT,SHORT,66859.1,67421.84107978507,0.07436270034717032,67421.84107978507,65733.61784042987,41.84694628910003,-41.84694629,9.98549338,-51.83243967,LOSS,STOP_LOSS,8317.55681815
SOLUSDT,LONG,84.01,82.97809812231333,40.30207230941542,82.97809812231333,86.07380375537336,41.58778409075003,-41.58778409,6.72996641,-48.3177505,LOSS,STOP_LOSS,8269.23906765
ETHUSDT,LONG,1965.6,1944.6748999464576,1.9759138657619326,1944.6748999464576,2007.4502001070846,41.34619533825003,-41.34619534,7.72636639,-49.07256173,LOSS,STOP_LOSS,8220.16650592
ETHUSDT,SHORT,1955.66,1937.1384776660652,4.438170015247154,1964.9207611669674,1937.1384776660652,41.10083252960003,82.20166506,17.27690148,64.92476358,WIN,TAKE_PROFIT,8285.0912695
SOLUSDT,SHORT,82.97,83.37587362199444,102.06491405856242,83.37587362199444,82.15825275601112,41.42545634750003,-41.42545635,16.9780773,-58.40353364,LOSS,STOP_LOSS,8226.68773586
SOLUSDT,SHORT,83.27,82.45654894637954,101.13316221357407,83.67672552681022,82.45654894637954,41.133438679300035,82.26687736,16.76044996,65.5064274,WIN,TAKE_PROFIT,8292.19416326
SOLUSDT,SHORT,82.52,81.49400804290268,80.8212394444093,83.03299597854866,81.49400804290268,41.46097081630003,82.92194163,13.25581542,69.66612622,WIN,TAKE_PROFIT,8361.86028948
ETHUSDT,SHORT,1928.14,1907.146440022458,3.9830597089893542,1938.6367799887712,1907.146440022458,41.80930144740003,83.61860289,15.27617489,68.342428,WIN,TAKE_PROFIT,8430.20271748
BTCUSDT,SHORT,65444.4,64625.544741381476,0.10295107259495949,65853.82762930926,64625.544741381476,42.15101358740003,84.30202717,13.39084032,70.91118685,WIN,TAKE_PROFIT,8501.11390433
BTCUSDT,SHORT,64387.2,64906.40608658617,0.08186647001988803,64906.40608658617,63348.787826827654,42.50556952165003,-42.50556952,10.58481113,-53.09038065,LOSS,STOP_LOSS,8448.02352368
BTCUSDT,SHORT,64725.6,65215.77991959782,0.0861726805395392,65215.77991959782,63745.24016080436,42.240117618400035,-42.24011762,11.19739702,-53.43751464,LOSS,STOP_LOSS,8394.58600904
SOLUSDT,SHORT,78.39,79.1946547960953,52.1626544064353,79.1946547960953,76.78069040780939,41.97293004520004,-41.97293005,8.22003389,-50.19296393,LOSS,STOP_LOSS,8344.39304511
ETHUSDT,SHORT,1877.89,1890.4770339238137,3.3146780630038566,1890.4770339238137,1852.7159321523732,41.721965225550036,-41.72196523,12.49092354,-54.21288877,LOSS,STOP_LOSS,8290.18015634
BTCUSDT,LONG,66391.8,66018.82927786483,0.11113714380689911,66018.82927786483,67137.74144427036,41.450900781700035,-41.45090078,14.71573915,-56.16663993,LOSS,STOP_LOSS,8234.01351641
BTCUSDT,SHORT,65805.2,66209.13637698663,0.10192215885377406,66209.13637698663,64997.327246026725,41.170067582050045,-41.17006758,13.45518616,-54.62525375,LOSS,STOP_LOSS,8179.38826266
BTCUSDT,SHORT,65788.7,64861.52939486907,0.0882188047959625,66252.28530256546,64861.52939486907,40.89694131330004,81.79388263,11.52580708,70.26807554,WIN,TAKE_PROFIT,8249.6563382
SOLUSDT,SHORT,78.21,79.1031737582699,46.18169903569312,79.1031737582699,76.42365248346017,41.24828169100004,-41.24828169,7.26498964,-48.51327134,LOSS,STOP_LOSS,8201.14306686
BTCUSDT,SHORT,64857.6,63738.54224957499,0.07328614688335157,65417.128875212504,63738.54224957499,41.00571533430004,82.01143067,9.42431577,72.5871149,WIN,TAKE_PROFIT,8273.73018176
BTCUSDT,SHORT,64409.2,63371.500096350115,0.07973143442202275,64928.04995182494,63371.500096350115,41.368650908800035,82.73730182,10.18813851,72.54916331,WIN,TAKE_PROFIT,8346.27934507
BTCUSDT,SHORT,63570.5,62556.65655059572,0.08232315699207945,64077.421724702144,62556.65655059572,41.73139672535003,83.46279345,10.38318571,73.07960774,WIN,TAKE_PROFIT,8419.35895281
ETHUSDT,SHORT,1816.81,1830.4141339455082,3.094411958355466,1830.4141339455082,1789.6017321089837,42.09679476405003,-42.09679476,11.28601397,-53.38280874,LOSS,STOP_LOSS,8365.97614407
BTCUSDT,LONG,64009.5,65013.05933360212,0.08336304455504004,63507.72033319894,65013.05933360212,41.829880720350026,83.65976144,10.75571336,72.90404808,WIN,TAKE_PROFIT,8438.88019215
BTCUSDT,LONG,65403.8,64902.13878536222,0.08410935453962906,64902.13878536222,66407.12242927557,42.19440096075002,-42.19440096,10.9599484,-53.15434936,LOSS,STOP_LOSS,8385.72584279
SOLUSDT,LONG,82.14,83.64071236432204,55.87830181287468,81.38964381783897,83.64071236432204,41.928629213950025,83.85725843,9.26354468,74.59371375,WIN,TAKE_PROFIT,8460.31955654
BTCUSDT,LONG,69183.9,68530.93619826733,0.06478398598888802,68530.93619826733,70489.82760346532,42.30159778270003,-42.30159778,8.92171602,-51.2233138,LOSS,STOP_LOSS,8409.09624274
SOLUSDT,LONG,89.07,87.84171042842218,34.230919309760225,87.84171042842218,91.52657914315562,42.04548121370003,-42.04548121,6.05585048,-48.1013317,LOSS,STOP_LOSS,8360.99491104
SOLUSDT,LONG,88.92,87.64116879198161,32.689986210126165,87.64116879198161,91.47766241603678,41.80497455520003,-41.80497456,5.77178217,-47.57675673,LOSS,STOP_LOSS,8313.41815431
ETHUSDT,LONG,2061.45,2041.0227742406892,2.034886737010975,2041.0227742406892,2102.304451518621,41.56709077155003,-41.56709077,8.34806744,-49.91515821,LOSS,STOP_LOSS,8263.5029961
BTCUSDT,SHORT,67659.8,66778.41906405492,0.09375631646989532,68100.49046797254,66778.41906405492,41.31751498050003,82.63502996,12.60443221,70.03059775,WIN,TAKE_PROFIT,8333.53359385
BTCUSDT,SHORT,67007.1,67582.47269191065,0.07241857070220685,67582.47269191065,65856.35461617872,41.667667969250026,-41.66766797,9.74678449,-51.41445246,LOSS,STOP_LOSS,8282.11914139
BTCUSDT,LONG,67466.1,66889.01859642386,0.07175867295381767,66889.01859642386,68620.26280715228,41.410595706950026,-41.41059571,9.64114502,-51.05174072,LOSS,STOP_LOSS,8231.06740067
BTCUSDT,SHORT,66960.0,67342.7984540414,0.10751176387692056,67342.7984540414,66194.40309191718,41.15533700335002,-41.155337,14.43913076,-55.59446776,LOSS,STOP_LOSS,8175.47293291
SOLUSDT,LONG,86.09,87.48248866325345,58.71123513356756,85.39375566837329,87.48248866325345,40.87736466455002,81.75472933,10.19065519,71.56407413,WIN,TAKE_PROFIT,8247.03700704
BTCUSDT,LONG,67557.4,67185.18530057193,0.11078333311005933,67185.18530057193,68301.82939885612,41.23518503520002,-41.23518504,14.92723271,-56.16241775,LOSS,STOP_LOSS,8190.87458929
BTCUSDT,SHORT,65869.1,64927.74243265722,0.08701130020562527,66339.7787836714,64927.74243265722,40.95437294645002,81.90874589,11.38080332,70.52794257,WIN,TAKE_PROFIT,8261.40253186
BTCUSDT,SHORT,65565.1,65960.49427308756,0.10447043741109863,65960.49427308756,64774.3114538249,41.307012659300014,-41.30701266,13.74053636,-55.04754902,LOSS,STOP_LOSS,8206.35498284
BTCUSDT,SHORT,64527.8,63868.94290214677,0.12455439896722667,64857.228548926614,63868.94290214677,41.031774914200014,82.06354983,15.99237914,66.07117069,WIN,TAKE_PROFIT,8272.42615353
BTCUSDT,SHORT,64003.7,63173.825551993425,0.09968286375609092,64418.63722400328,63173.825551993425,41.362130767650015,82.72426154,12.67741995,70.04684158,WIN,TAKE_PROFIT,8342.47299511
BTCUSDT,SHORT,63173.8,63671.65242228877,0.0837845978207494,63671.65242228877,62178.095155422474,41.71236497555002,-41.71236498,10.62769522,-52.34006019,LOSS,STOP_LOSS,8290.13293492
BTCUSDT,SHORT,63727.9,64276.95582069671,0.07549444539537398,64276.95582069671,62629.78835860658,41.45066467460002,-41.45066467,9.6636556,-51.11432027,LOSS,STOP_LOSS,8239.01861465
BTCUSDT,SHORT,64027.2,64648.51598825379,0.06630296636825417,64648.51598825379,62784.56802349241,41.19509307325002,-41.19509307,8.53158167,-49.72667474,LOSS,STOP_LOSS,8189.29193991
ETHUSDT,SHORT,1874.63,1897.3489788004608,1.8023019458392109,1897.3489788004608,1829.192042399079,40.94645969955002,-40.9464597,6.79824505,-47.74470475,LOSS,STOP_LOSS,8141.54723516
BTCUSDT,LONG,65395.4,66492.4432010712,0.07421355172895872,64846.8783994644,66492.4432010712,40.70773617580002,81.41547235,9.78786527,71.62760708,WIN,TAKE_PROFIT,8213.17484224
ETHUSDT,LONG,1944.0,1990.6145775142745,1.761932700071114,1920.6927112428627,1990.6145775142745,41.06587421120002,82.13174842,6.93252609,75.19922234,WIN,TAKE_PROFIT,8288.37406458
BTCUSDT,LONG,67311.6,66621.79900879652,0.06007800923944301,66621.79900879652,68691.20198240697,41.441870322900016,-41.44187032,8.04645198,-49.48832231,LOSS,STOP_LOSS,8238.88574227
SOLUSDT,SHORT,84.73,85.42570108686951,59.21282787801201,85.42570108686951,83.338597826261,41.194428711350014,-41.19442871,10.07540024,-51.26982895,LOSS,STOP_LOSS,8187.61591332
ETHUSDT,LONG,2005.86,1987.423707832642,2.2205158822055746,1987.423707832642,2042.7325843347153,40.93807956660001,-40.93807957,8.8671499,-49.80522946,LOSS,STOP_LOSS,8137.81068386
ETHUSDT,LONG,1997.75,1976.9328606802048,1.9545938946860208,1976.9328606802048,2039.3842786395903,40.68905341930001,-40.68905342,7.76889085,-48.45794427,LOSS,STOP_LOSS,8089.35273959
BTCUSDT,SHORT,66112.2,66641.38921452164,0.07643157227705646,66641.38921452164,65053.8215709567,40.44676369795001,-40.4467637,10.14656555,-50.59332925,LOSS,STOP_LOSS,8038.75941034
BTCUSDT,SHORT,66386.5,65336.685950620056,0.07657317422154902,66911.40702468996,65336.685950620056,40.19379705170001,80.3875941,10.08646247,70.30113164,WIN,TAKE_PROFIT,8109.06054198
BTCUSDT,SHORT,65420.4,65918.7307468247,0.08136223375388686,65918.7307468247,64423.73850635061,40.54530270990001,-40.54530271,10.68604506,-51.23134777,LOSS,STOP_LOSS,8057.82919421
BTCUSDT,SHORT,65841.6,66404.27174333838,0.07160328637086152,66404.27174333838,64716.25651332324,40.289145971050004,-40.28914597,9.46923903,-49.758385,LOSS,STOP_LOSS,8008.07080921
SOLUSDT,LONG,84.95,83.915040192567,38.6878347917317,83.915040192567,87.01991961486598,40.040354046050005,-40.04035405,6.53302278,-46.57337682,LOSS,STOP_LOSS,7961.49743239
ETHUSDT,SHORT,1944.18,1969.1519142608204,1.5940903346927673,1969.1519142608204,1894.2361714783597,39.80748716195001,-39.80748716,6.23820458,-46.04569174,LOSS,STOP_LOSS,7915.45174065
SOLUSDT,LONG,84.45,83.3741157765461,36.78579705927445,83.3741157765461,86.60176844690778,39.57725870325001,-39.5772587,6.17354386,-45.75080257,LOSS,STOP_LOSS,7869.70093808
SOLUSDT,SHORT,83.32,84.22231006547057,43.608628780927,84.22231006547057,81.51537986905885,39.348504690400006,-39.34850469,7.3062904,-46.6547951,LOSS,STOP_LOSS,7823.04614298
ETHUSDT,SHORT,1945.44,1962.5176907197736,2.2904285688702872,1962.5176907197736,1911.2846185604533,39.11523071490001,-39.11523071,8.95089794,-48.06612866,LOSS,STOP_LOSS,7774.98001432
SOLUSDT,LONG,85.61,87.6418809803117,38.26493820089457,84.59405950984416,87.6418809803117,38.87490007160001,77.74980014,6.62947252,71.12032762,WIN,TAKE_PROFIT,7846.10034194
SOLUSDT,LONG,87.78,90.20246091028943,32.38896573568475,86.56876954485529,90.20246091028943,39.23050170970001,78.46100342,5.76466783,72.69633559,WIN,TAKE_PROFIT,7918.79667753
ETHUSDT,LONG,2063.35,2028.6426243084952,1.140794502574318,2028.6426243084952,2132.7647513830093,39.59398338765001,-39.59398339,4.66812269,-44.26210608,LOSS,STOP_LOSS,7874.53457145
ETHUSDT,LONG,2028.1,1994.0651769700307,1.1568349517369458,1994.0651769700307,2096.1696460599383,39.37267285725001,-39.37267286,4.65298126,-44.02565412,LOSS,STOP_LOSS,7830.50891733
ETHUSDT,SHORT,2006.01,1971.7625819609284,2.2864523417200218,2023.133709019536,1971.7625819609284,39.15254458665001,78.30508917,9.09498743,69.21010174,WIN,TAKE_PROFIT,7899.71901907
SOLUSDT,SHORT,84.31,85.14585757033143,47.25517420352916,85.14585757033143,82.63828485933716,39.49859509535001,-39.4985951,8.00766607,-47.50626116,LOSS,STOP_LOSS,7852.21275791
ETHUSDT,SHORT,1949.21,1967.783084328747,2.113868816542376,1967.783084328747,1912.063831342506,39.261063789550015,-39.26106379,8.28000954,-47.54107333,LOSS,STOP_LOSS,7804.67168458
BTCUSDT,SHORT,66428.6,67033.25105411747,0.06453864283732595,67033.25105411747,65219.29789176507,39.02335842290002,-39.02335842,8.61344674,-47.63680516,LOSS,STOP_LOSS,7757.03487942
BTCUSDT,LONG,67692.5,69098.83324558382,0.05515787174753009,66989.3333772081,69098.83324558382,38.785174397100015,77.57034879,7.54511882,70.02522998,WIN,TAKE_PROFIT,7827.0601094
ETHUSDT,LONG,2005.72,2041.2619774801735,2.202201639952696,1987.9490112599133,2041.2619774801735,39.135300547000014,78.27060109,8.91227035,69.35833075,WIN,TAKE_PROFIT,7896.41844015
BTCUSDT,LONG,70993.7,72356.8079073293,0.057929518255243506,70312.14604633534,72356.8079073293,39.48209220075002,78.9641844,8.30422586,70.65995854,WIN,TAKE_PROFIT,7967.07839869
BTCUSDT,LONG,71379.1,72734.82911532151,0.058766005012739396,70701.23544233925,72734.82911532151,39.83539199345002,79.67078399,8.46899988,71.20178411,WIN,TAKE_PROFIT,8038.2801828
BTCUSDT,LONG,72930.9,72161.5480746426,0.05224059313990796,72161.5480746426,74469.60385071476,40.19140091400001,-40.19140091,7.57971555,-47.77111646,LOSS,STOP_LOSS,7990.50906634
SOLUSDT,SHORT,89.9,90.64677321462325,53.500238826664855,90.64677321462325,88.40645357075351,39.952545331700016,-39.95254533,9.65929549,-49.61184082,LOSS,STOP_LOSS,7940.89722552
SOLUSDT,LONG,90.81,90.06075774324809,52.99285480736908,90.06075774324809,92.30848451350384,39.70448612760001,-39.70448613,9.5848578,-49.28934393,LOSS,STOP_LOSS,7891.60788159
BTCUSDT,SHORT,72025.5,72511.67967587551,0.08115937659651036,72511.67967587551,71053.14064824897,39.45803940795002,-39.45803941,11.7305474,-51.18858681,LOSS,STOP_LOSS,7840.41929478
BTCUSDT,LONG,72576.6,72071.66228878808,0.07763748993872667,72071.66228878808,73586.47542242387,39.20209647390002,-39.20209647,11.23012801,-50.43222448,LOSS,STOP_LOSS,7789.9870703
ETHUSDT,SHORT,2098.03,2119.4488398718404,1.8184894973097077,2119.4488398718404,2055.1923202563194,38.949935351500024,-38.94993535,7.66944098,-46.61937633,LOSS,STOP_LOSS,7743.36769397
BTCUSDT,SHORT,71757.1,70393.94578580855,0.0568047812445264,72438.67710709573,70393.94578580855,38.716838469850025,77.43367694,8.07485906,69.35881788,WIN,TAKE_PROFIT,7812.72651185
BTCUSDT,SHORT,70423.0,70840.24569215109,0.09362261443098405,70840.24569215109,69588.50861569784,39.063632559250024,-39.06363256,13.22543438,-52.28906694,LOSS,STOP_LOSS,7760.43744491
BTCUSDT,LONG,71217.0,70761.93917360442,0.08526813334360667,70761.93917360442,72127.12165279116,38.80218722455002,-38.80218722,12.10627912,-50.90846634,LOSS,STOP_LOSS,7709.52897857
BTCUSDT,SHORT,70487.0,70919.88676187054,0.08904787184131543,70919.88676187054,69621.22647625892,38.54764489285002,-38.54764489,12.59198233,-51.13962722,LOSS,STOP_LOSS,7658.38935135
ETHUSDT,LONG,2079.32,2066.010206231647,2.8769752126285217,2066.010206231647,2105.9395875367068,38.29194675675002,-38.29194676,11.92601225,-50.21795901,LOSS,STOP_LOSS,7608.17139234
ETHUSDT,SHORT,2063.74,2036.1138250321253,2.7539720577268754,2077.553087483937,2036.1138250321253,38.04085696170002,76.08171392,11.29088287,64.79083105,WIN,TAKE_PROFIT,7672.96222339
ETHUSDT,SHORT,1974.07,1982.9640732360297,4.313525434166097,1982.9640732360297,1956.2818535279405,38.364811116950015,-38.36481112,17.06876712,-55.43357824,LOSS,STOP_LOSS,7617.52864515
BTCUSDT,SHORT,68202.7,67645.05648067253,0.13660211911611309,68481.52175966374,67645.05648067253,38.087643225750014,76.17528645,18.55709141,57.61819504,WIN,TAKE_PROFIT,7675.14684019
BTCUSDT,SHORT,67602.6,67880.63059416812,0.13802701934933426,67880.63059416812,67046.53881166376,38.37573420095001,-38.3757342,18.70034649,-57.07608069,LOSS,STOP_LOSS,7618.0707595
SOLUSDT,SHORT,84.24,83.50044281057993,103.00854171228792,84.60977859471004,83.50044281057993,38.090353797500015,76.18070759,17.2786984,58.90200919,WIN,TAKE_PROFIT,7676.97276869
SOLUSDT,SHORT,83.5,83.98503068415472,79.1390423274856,83.98503068415472,82.52993863169056,38.38486384345001,-38.38486384,13.25460493,-51.63946878,LOSS,STOP_LOSS,7625.33329991
SOLUSDT,SHORT,83.92,83.08304866620091,91.10844313129901,84.33847566689955,83.08304866620091,38.12666649955001,76.253333,15.21538776,61.03794524,WIN,TAKE_PROFIT,7686.37124515
ETHUSDT,SHORT,1970.53,1953.876143067372,4.6153700468574135,1978.856928466314,1953.876143067372,38.43185622575002,76.86371245,18.11258656,58.75112589,WIN,TAKE_PROFIT,7745.12237104
ETHUSDT,SHORT,1954.01,1963.8712042603318,3.927067205268241,1963.8712042603318,1934.2875914793367,38.725611855200015,-38.72561186,15.38578279,-54.11139465,LOSS,STOP_LOSS,7691.01097639
ETHUSDT,SHORT,1961.8,1972.1504039560223,3.715319232499654,1972.1504039560223,1941.0991920879553,38.45505488195002,-38.45505488,14.6158816,-53.07093648,LOSS,STOP_LOSS,7637.94003991
SOLUSDT,SHORT,83.06,82.2331054943817,92.3689780015996,83.47344725280915,82.2331054943817,38.18970019955002,76.3794004,15.26795523,61.11144517,WIN,TAKE_PROFIT,7699.05148508
BTCUSDT,SHORT,66894.8,67189.8984807416,0.13044884991837483,67189.8984807416,66304.60303851683,38.49525742540001,-38.49525743,17.49119471,-55.98645213,LOSS,STOP_LOSS,7643.06503295
ETHUSDT,SHORT,1947.86,1958.6817449388432,3.53134595028029,1958.6817449388432,1926.2165101223136,38.21532516475001,-38.21532516,13.79535037,-52.01067554,LOSS,STOP_LOSS,7591.05435741
ETHUSDT,SHORT,1950.01,1959.701357072576,3.91640422520941,1959.701357072576,1930.6272858548477,37.955271787050016,-37.95527179,15.31201008,-53.26728187,LOSS,STOP_LOSS,7537.78707554
ETHUSDT,SHORT,1955.18,1932.3901043907447,3.307512770036035,1966.5749478046278,1932.3901043907447,37.68893537770001,75.37787076,12.85818776,62.51968299,WIN,TAKE_PROFIT,7600.30675853
ETHUSDT,SHORT,1934.21,1948.0328425460218,2.7491837273070208,1948.0328425460218,1906.5643149079567,38.00153379265001,-38.00153379,10.67299885,-48.67453264,LOSS,STOP_LOSS,7551.63222589
ETHUSDT,SHORT,1948.04,1963.6429966498772,2.4199300927073466,1963.6429966498772,1916.8340067002453,37.758161129450016,-37.75816113,9.4659994,-47.22416053,LOSS,STOP_LOSS,7504.40806536
BTCUSDT,SHORT,67070.8,67416.54580897646,0.10852493176382856,67416.54580897646,66379.30838204708,37.52204032680002,-37.52204033,14.59523003,-52.11727035,LOSS,STOP_LOSS,7452.29079501
BTCUSDT,SHORT,66733.5,65931.41057891626,0.09291097225719307,67134.54471054187,65931.41057891626,37.26145397505002,74.52290795,12.32602583,62.19688212,WIN,TAKE_PROFIT,7514.48767713
ETHUSDT,SHORT,1927.72,1946.2224221020217,2.0306767502371734,1946.2224221020217,1890.7151557959564,37.57243838565002,-37.57243839,7.86672481,-45.43916319,LOSS,STOP_LOSS,7469.04851394
BTCUSDT,SHORT,66198.4,66730.54806031157,0.0701782931386313,66730.54806031157,65134.10387937684,37.34524256970002,-37.34524257,9.32872668,-46.67396925,LOSS,STOP_LOSS,7422.37454469
BTCUSDT,LONG,67893.0,67335.90218931547,0.06661643971971336,67335.90218931547,69007.19562136906,37.11187272345002,-37.11187272,9.00846801,-46.12034073,LOSS,STOP_LOSS,7376.25420396
SOLUSDT,SHORT,82.75,83.63826864403043,41.52040181498997,83.63826864403043,80.97346271193912,36.88127101980002,-36.88127102,6.90850777,-43.78977879,LOSS,STOP_LOSS,7332.46442517
SOLUSDT,LONG,83.69,85.40075511560657,42.86098202062191,82.83462244219672,85.40075511560657,36.66232212585002,73.32464425,7.24739581,66.07724844,WIN,TAKE_PROFIT,7398.54167361
ETHUSDT,LONG,2020.06,2000.0358562002293,1.847405249280813,2000.0358562002293,2060.108287599541,36.99270836805002,-36.99270837,7.42674619,-44.41945456,LOSS,STOP_LOSS,7354.12221905
BTCUSDT,LONG,68943.4,69780.17577973142,0.08788641350745571,68525.01211013428,69780.17577973142,36.77061109525002,73.54122219,12.19191754,61.34930465,WIN,TAKE_PROFIT,7415.4715237
SOLUSDT,LONG,86.62,85.81405362352388,46.00474510551817,85.81405362352388,88.23189275295225,37.07735761850002,-37.07735762,7.93278468,-45.0101423,LOSS,STOP_LOSS,7370.4613814
SOLUSDT,LONG,86.64,85.8854733842685,48.84162617811996,85.8854733842685,88.149053231463,36.85230690700002,-36.85230691,8.42642468,-45.27873158,LOSS,STOP_LOSS,7325.18264982
BTCUSDT,LONG,70410.0,71626.4500862934,0.06021770011246657,69801.7749568533,71626.4500862934,36.62591324910002,73.2518265,8.55310836,64.69871814,WIN,TAKE_PROFIT,7389.88136796
BTCUSDT,LONG,71157.8,70444.53861075616,0.051803458587561774,70444.53861075616,72584.32277848768,36.94940683980002,-36.94940684,7.33549088,-44.28489772,LOSS,STOP_LOSS,7345.59647024
BTCUSDT,SHORT,69697.5,70242.80288696567,0.06735336127701907,70242.80288696567,68606.89422606867,36.72798235120002,-36.72798235,9.42544978,-46.15343213,LOSS,STOP_LOSS,7299.44303811
BTCUSDT,LONG,70089.7,69729.6478770133,0.10136647685284637,69729.6478770133,70809.80424597341,36.49721519055002,-36.49721519,14.17299469,-50.67020988,LOSS,STOP_LOSS,7248.77282823
BTCUSDT,SHORT,69494.9,69879.88808826596,0.09414281959838697,69879.88808826596,68724.92382346808,36.24386414115003,-36.24386414,13.12113553,-49.36499967,LOSS,STOP_LOSS,7199.40782856
BTCUSDT,LONG,69907.0,69547.74523644066,0.10019919787884775,69547.74523644066,70625.50952711866,35.99703914280003,-35.99703914,13.97325361,-49.97029276,LOSS,STOP_LOSS,7149.4375358
BTCUSDT,SHORT,69500.0,69849.34189706262,0.10232722722230905,69849.34189706262,68801.31620587474,35.74718767900003,-35.74718768,14.25923177,-50.00641945,LOSS,STOP_LOSS,7099.43111635
ETHUSDT,LONG,2049.88,2030.3137295256415,1.8142014150457941,2030.3137295256415,2089.0125409487173,35.49715558175003,-35.49715558,7.40229324,-42.89944882,LOSS,STOP_LOSS,7056.53166753
BTCUSDT,LONG,70024.8,69319.80626688474,0.05004676875883848,69319.80626688474,71434.78746623054,35.28265833765003,-35.28265834,6.97374729,-42.25640563,LOSS,STOP_LOSS,7014.2752619
SOLUSDT,SHORT,85.15,85.63971805039391,71.61544542066626,85.63971805039391,84.17056389921218,35.07137630950003,-35.07137631,12.23118173,-47.30255804,LOSS,STOP_LOSS,6966.97270386
BTCUSDT,LONG,69782.6,70348.15959415516,0.12318724279211268,69499.82020292243,70348.15959415516,34.83486351930003,69.66972704,17.2623219,52.40740513,WIN,TAKE_PROFIT,7019.38010899
BTCUSDT,LONG,69914.9,70687.59102965861,0.09084329750911203,69528.55448517068,70687.59102965861,35.09690054495003,70.19380109,12.77279392,57.42100717,WIN,TAKE_PROFIT,7076.80111616
SOLUSDT,LONG,86.94,86.33137092781922,58.137225443431426,86.33137092781922,88.15725814436153,35.38400558080003,-35.38400558,10.07351675,-45.45752234,LOSS,STOP_LOSS,7031.34359382
ETHUSDT,LONG,2064.54,2047.6260900359082,2.0785683525416525,2047.6260900359082,2098.3678199281835,35.15671796910003,-35.15671797,8.5474183,-43.70413626,LOSS,STOP_LOSS,6987.63945756
ETHUSDT,LONG,2067.5,2044.936344894311,1.5484280859704929,2044.936344894311,2112.627310211378,34.93819728780003,-34.93819729,6.36781194,-41.30600923,LOSS,STOP_LOSS,6946.33344833
ETHUSDT,LONG,2060.78,2097.343859733691,1.8997812317744724,2042.498070133155,2097.343859733691,34.73166724165003,69.46333448,7.89952567,61.56380882,WIN,TAKE_PROFIT,7007.89725715
BTCUSDT,LONG,71449.1,70998.65785707023,0.07778909419497204,70998.65785707023,72349.98428585958,35.03948628575003,-35.03948629,11.08088205,-46.12036834,LOSS,STOP_LOSS,6961.77688881
BTCUSDT,LONG,71117.8,71953.64072925216,0.08329071131815802,70699.87963537393,71953.64072925216,34.80888444405003,69.61776889,11.91652207,57.70124682,WIN,TAKE_PROFIT,7019.47813563
BTCUSDT,LONG,71890.0,72639.54696254974,0.09364961084962409,71515.22651872513,72639.54696254974,35.097390678150035,70.19478136,13.53513583,56.65964553,WIN,TAKE_PROFIT,7076.13778116
BTCUSDT,LONG,72735.3,73514.14379544294,0.09085438983481539,72345.87810227853,73514.14379544294,35.38068890580003,70.76137781,13.28740398,57.47397383,WIN,TAKE_PROFIT,7133.61175499
BTCUSDT,LONG,73344.8,72880.69838554709,0.07685398555873622,72880.69838554709,74273.00322890581,35.66805877495003,-35.66805877,11.23801234,-46.90607112,LOSS,STOP_LOSS,7086.70568387
BTCUSDT,LONG,72899.9,72335.38371102294,0.06276794684447139,72335.38371102294,74028.93257795411,35.43352841935003,-35.43352842,9.11612057,-44.54964899,LOSS,STOP_LOSS,7042.15603488
ETHUSDT,LONG,2150.39,2124.6833240513615,1.3697134645004632,2124.6833240513615,2201.8033518972766,35.210780174400035,-35.21078017,5.85562549,-41.06640567,LOSS,STOP_LOSS,7001.08962921
BTCUSDT,SHORT,70810.7,71271.55291538111,0.07595796180892381,71271.55291538111,69888.99416923776,35.005448146050036,-35.00544815,10.79227834,-45.79772649,LOSS,STOP_LOSS,6955.29190272
ETHUSDT,SHORT,2089.31,2067.8409539088343,3.239683716353847,2100.044523045583,2067.8409539088343,34.77645951360003,69.55291903,13.46785425,56.08506478,WIN,TAKE_PROFIT,7011.3769675
SOLUSDT,SHORT,86.75,87.12742311821361,92.88483705881214,87.12742311821361,85.99515376357277,35.056884837500036,-35.05688484,16.15057611,-51.20746095,LOSS,STOP_LOSS,6960.16950655
SOLUSDT,LONG,87.75,88.51404621550309,91.09618456740982,87.36797689224846,88.51404621550309,34.80084753275003,69.60169507,16.05698209,53.54471298,WIN,TAKE_PROFIT,7013.71421953
ETHUSDT,LONG,2100.82,2119.689750996857,3.716908729054414,2091.3851245015717,2119.689750996857,35.068571097650036,70.1371422,15.68724953,54.44989266,WIN,TAKE_PROFIT,7068.16411219
SOLUSDT,SHORT,87.66,88.09644519594954,80.97424576769951,88.09644519594954,86.7871096081009,35.340820560950036,-35.34082056,14.23174559,-49.57256615,LOSS,STOP_LOSS,7018.59154604
SOLUSDT,LONG,88.49,88.00839665240984,72.86693065112189,88.00839665240984,89.45320669518031,35.092957730200034,-35.09295773,12.86089643,-47.95385416,LOSS,STOP_LOSS,6970.63769188
ETHUSDT,SHORT,2098.05,2108.9875106185327,3.186574136928774,2108.9875106185327,2076.1749787629346,34.85318845940004,-34.85318846,13.40603692,-48.25922538,LOSS,STOP_LOSS,6922.3784665
ETHUSDT,LONG,2110.28,2133.9482340058466,2.92475495416771,2098.4458829970768,2133.9482340058466,34.611892332500034,69.22378467,12.41332755,56.81045711,WIN,TAKE_PROFIT,6979.18892361
SOLUSDT,LONG,88.55,89.5774171195156,67.92945913632937,88.0362914402422,89.5774171195156,34.89594461805004,69.79188924,12.1000991,57.69179013,WIN,TAKE_PROFIT,7036.88071374
BTCUSDT,LONG,72073.7,71772.07854009196,0.11665086290420572,71772.07854009196,72676.9429198161,35.184403568700034,-35.18440357,16.77973419,-51.96413776,LOSS,STOP_LOSS,6984.91657598
BTCUSDT,LONG,71768.1,72449.07680331082,0.10257201922327322,71427.61159834459,72449.07680331082,34.924582879900036,69.84916576,14.79264703,55.05651873,WIN,TAKE_PROFIT,7039.97309471
BTCUSDT,LONG,72350.1,73112.23918244657,0.09237122636984385,71969.03040877671,73112.23918244657,35.199865473550034,70.39973095,13.43653466,56.96319629,WIN,TAKE_PROFIT,7096.936291
BTCUSDT,LONG,72715.6,72278.16752243553,0.0811203631988424,72278.16752243553,73590.46495512896,35.484681455000036,-35.48468145,11.76194708,-47.24662854,LOSS,STOP_LOSS,7049.68966246
BTCUSDT,LONG,72288.3,73237.19445471039,0.07429371757274801,71813.85277264481,73237.19445471039,35.24844831230004,70.49689662,10.81162998,59.68526664,WIN,TAKE_PROFIT,7109.3749291
BTCUSDT,LONG,73747.1,73193.87573290693,0.06425400467749173,73193.87573290693,74853.54853418615,35.54687464550004,-35.54687465,9.44154614,-44.98842079,LOSS,STOP_LOSS,7064.38650831
ETHUSDT,LONG,2242.6,2283.9502512173203,1.708426502944906,2221.9248743913395,2283.9502512173203,35.321932541550034,70.64386508,7.73327842,62.91058667,WIN,TAKE_PROFIT,7127.29709498
BTCUSDT,LONG,73560.1,74379.95583337365,0.08693354129898277,73150.17208331318,74379.95583337365,35.636485474900034,71.27297095,12.86095295,58.412018,WIN,TAKE_PROFIT,7185.70911298
BTCUSDT,LONG,74045.7,73600.54709491192,0.08071057192762048,73600.54709491192,74936.00581017614,35.928545564900034,-35.92854556,11.91661305,-47.84515861,LOSS,STOP_LOSS,7137.86395437
ETHUSDT,LONG,2279.64,2254.930181615306,1.4443375995817564,2254.930181615306,2329.059636769388,35.68931977185004,-35.68931977,6.54945021,-42.23876998,LOSS,STOP_LOSS,7095.62518439
ETHUSDT,LONG,2286.84,2342.2719317042174,1.2800609623803156,2259.1240341478915,2342.2719317042174,35.47812592195004,70.95625184,5.92554547,65.03070637,WIN,TAKE_PROFIT,7160.65589076
BTCUSDT,LONG,74217.7,75286.09392113563,0.067022619177285,73683.50303943218,75286.09392113563,35.80327945380004,71.60655891,10.02013585,61.58642306,WIN,TAKE_PROFIT,7222.24231382
ETHUSDT,LONG,2366.2,2339.520739911796,1.3535312242436126,2339.520739911796,2419.558520176407,36.111211569100035,-36.11121157,6.36933995,-42.48055152,LOSS,STOP_LOSS,7179.7617623
ETHUSDT,LONG,2334.25,2311.9766956193876,1.6117414909818113,2311.9766956193876,2378.796608761225,35.89880881150004,-35.89880881,7.48851634,-43.38732515,LOSS,STOP_LOSS,7136.37443715
ETHUSDT,SHORT,2309.6,2331.2895091212226,1.6451212420863979,2331.2895091212226,2266.2209817575545,35.68187218575004,-35.68187219,7.63482591,-43.3166981,LOSS,STOP_LOSS,7093.05773905
ETHUSDT,LONG,2327.24,2307.8981302374877,1.8336018766907403,2307.8981302374877,2365.923739525024,35.46528869525004,-35.4652887,8.49899797,-43.96428667,LOSS,STOP_LOSS,7049.09345238
BTCUSDT,SHORT,73857.3,74397.0399109793,0.06530083572650941,74397.0399109793,72777.82017804141,35.24546726190004,-35.24546726,9.6811323,-44.92659956,LOSS,STOP_LOSS,7004.16685282
ETHUSDT,LONG,2328.17,2306.377454192187,1.6070097809106954,2306.377454192187,2371.7550916156265,35.02083426410004,-35.02083426,7.44776309,-42.46859735,LOSS,STOP_LOSS,6961.69825547
BTCUSDT,SHORT,73691.8,74084.55338187992,0.08862684036160198,74084.55338187992,72906.29323624018,34.80849127735004,-34.80849128,13.09695128,-47.90544256,LOSS,STOP_LOSS,6913.79281291
ETHUSDT,LONG,2329.21,2315.4695726899195,2.5158580067731426,2315.4695726899195,2356.6908546201607,34.568964064550045,-34.56896406,11.68535429,-46.25431836,LOSS,STOP_LOSS,6867.53849455
BTCUSDT,SHORT,73911.2,74208.97527624076,0.11531411508115724,74208.97527624076,73315.64944751849,34.33769247275004,-34.33769247,17.08034694,-51.41803941,LOSS,STOP_LOSS,6816.12045514
ETHUSDT,LONG,2329.62,2319.86467340897,3.4935378080562485,2319.86467340897,2349.13065318206,34.08060227570004,-34.08060228,16.24315049,-50.32375277,LOSS,STOP_LOSS,6765.79670237
ETHUSDT,SHORT,2311.68,2289.1380592460805,3.00142599797832,2322.9509703769595,2289.1380592460805,33.82898351185004,67.65796702,13.80901493,53.84895209,WIN,TAKE_PROFIT,6819.64565446
ETHUSDT,SHORT,2180.26,2204.179295406179,1.425553206867968,2204.179295406179,2132.4214091876433,34.09822827230004,-34.09822827,6.2502515,-40.34847977,LOSS,STOP_LOSS,6779.29717469
BTCUSDT,SHORT,70835.9,70122.14930023103,0.09498130337223432,71192.77534988447,70122.14930023103,33.89648587345004,67.79297175,13.38837924,54.4045925,WIN,TAKE_PROFIT,6833.70176719
SOLUSDT,SHORT,89.41,90.0138747976479,56.58210769688785,90.0138747976479,88.20225040470419,34.168508835950036,-34.16850884,10.15218101,-44.32068984,LOSS,STOP_LOSS,6789.38107735
BTCUSDT,SHORT,69773.1,70136.77277123374,0.09334464406446374,70136.77277123374,69045.75445753254,33.94690538675004,-33.94690539,13.05983727,-47.00674266,LOSS,STOP_LOSS,6742.37433469
BTCUSDT,SHORT,69478.4,70004.75534525722,0.06404774260813362,70004.75534525722,68425.68930948555,33.711871673450034,-33.71187167,8.93358123,-42.64545291,LOSS,STOP_LOSS,6699.72888178
BTCUSDT,SHORT,70036.9,70466.3823535384,0.07799772012263603,70466.3823535384,69177.93529292317,33.498644408900034,-33.49864441,10.95893569,-44.4575801,LOSS,STOP_LOSS,6655.27130168
BTCUSDT,LONG,70540.4,70170.06845631095,0.08985558231664352,70170.06845631095,71281.06308737808,33.276356508400035,-33.27635651,12.64362108,-45.91997759,LOSS,STOP_LOSS,6609.35132409
BTCUSDT,LONG,70696.1,70343.86864906052,0.09382116762833735,70343.86864906052,71400.562701879,33.04675662045004,-33.04675662,13.23253454,-46.27929116,LOSS,STOP_LOSS,6563.07203293
BTCUSDT,SHORT,70244.0,70566.55203755232,0.10173663888056285,70566.55203755232,69598.89592489536,32.81536016465004,-32.81536016,14.32559228,-47.14095245,LOSS,STOP_LOSS,6515.93108048
BTCUSDT,LONG,70819.5,70465.27528394724,0.09197454024508815,70465.27528394724,71527.94943210552,32.579655402400036,-32.5796554,12.99460225,-45.57425765,LOSS,STOP_LOSS,6470.35682283
BTCUSDT,SHORT,70471.1,69729.9293730838,0.08729915336433719,70841.6853134581,69729.9293730838,32.351784114150036,64.70356823,12.23943117,52.46413706,WIN,TAKE_PROFIT,6522.82095989
BTCUSDT,SHORT,69781.2,70243.06973773114,0.07061321003549743,70243.06973773114,68857.46052453769,32.61410479945004,-32.6141048,9.88756317,-42.50166797,LOSS,STOP_LOSS,6480.31929192
ETHUSDT,LONG,2159.65,2143.073150151167,1.9546293026162753,2143.073150151167,2192.803699697667,32.401596459600036,-32.40159646,8.41022875,-40.81182521,LOSS,STOP_LOSS,6439.50746671
SOLUSDT,LONG,89.83,89.3499584920807,67.0724027034828,89.3499584920807,90.79008301583859,32.19753733355004,-32.19753733,12.01803033,-44.21556767,LOSS,STOP_LOSS,6395.29189904
SOLUSDT,SHORT,89.64,89.99921343610397,89.01799398713048,89.99921343610397,88.92157312779206,31.976459495200032,-31.9764595,15.99112242,-47.96758192,LOSS,STOP_LOSS,6347.32431712
BTCUSDT,SHORT,68881.5,68243.2134285639,0.09944317491810852,69200.64328571805,68243.2134285639,31.736621585600034,63.47324317,13.63611686,49.83712631,WIN,TAKE_PROFIT,6397.16144343
BTCUSDT,SHORT,68652.2,69026.65447959532,0.08541974782012642,69026.65447959532,67903.29104080933,31.985807217150032,-31.98580722,11.76049303,-43.74630025,LOSS,STOP_LOSS,6353.41514318
BTCUSDT,SHORT,68860.3,69252.43987390996,0.08100955253327487,69252.43987390996,68076.0202521801,31.76707571590003,-31.76707572,11.18845126,-42.95552697,LOSS,STOP_LOSS,6310.45961621
BTCUSDT,SHORT,69314.7,68518.85307711062,0.07929237941009303,69712.62346144469,68518.85307711062,31.55229808105003,63.10459616,10.92915039,52.17544578,WIN,TAKE_PROFIT,6362.63506199
BTCUSDT,SHORT,68581.1,68883.99968764924,0.1050287491441403,68883.99968764924,67975.30062470153,31.81317530995003,-31.81317531,14.43778747,-46.25096278,LOSS,STOP_LOSS,6316.38409921
ETHUSDT,SHORT,2075.27,2047.8000200531383,2.2993770331935006,2089.004989973431,2047.8000200531383,31.581920496050028,63.16384099,9.48049251,53.68334848,WIN,TAKE_PROFIT,6370.06744769
BTCUSDT,SHORT,67751.6,68100.59730271234,0.09126241661730891,68100.59730271234,67053.60539457534,31.850337238450027,-31.85033724,12.39819983,-44.24853707,LOSS,STOP_LOSS,6325.81891062
SOLUSDT,SHORT,86.46,87.19920036543742,42.78825611021319,87.19920036543742,84.98159926912513,31.629094553100032,-31.62909455,7.43057434,-39.05966889,LOSS,STOP_LOSS,6286.75924173
BTCUSDT,LONG,68864.2,68483.00749352583,0.08246173698270372,68483.00749352583,69626.58501294833,31.433796208650033,-31.43379621,11.3258893,-42.75968551,LOSS,STOP_LOSS,6243.99955622
ETHUSDT,SHORT,2032.61,2049.236347726074,1.8777423818785655,2049.236347726074,1999.3573045478513,31.219997781100034,-31.21999778,7.66465588,-38.88465366,LOSS,STOP_LOSS,6205.11490256
ETHUSDT,SHORT,2046.73,2065.0652847096108,1.692123956850113,2065.0652847096108,2010.0594305807783,31.02557451280003,-31.02557451,6.95766731,-37.98324182,LOSS,STOP_LOSS,6167.13166074
SOLUSDT,LONG,89.06,91.9789974296919,21.1275679725108,87.60050128515405,91.9789974296919,30.83565830370003,61.67131661,3.82491372,57.84640288,WIN,TAKE_PROFIT,6224.97806362
SOLUSDT,LONG,90.88,89.72421752567953,26.92971299499908,89.72421752567953,93.19156494864093,31.12489031810003,-31.12489032,4.86361974,-35.98851006,LOSS,STOP_LOSS,6188.98955356
BTCUSDT,SHORT,69829.8,68900.38118823268,0.06658988902743934,70294.50940588365,68900.38118823268,30.944947767800027,61.88989554,9.23802737,52.65186817,WIN,TAKE_PROFIT,6241.64142173
ETHUSDT,SHORT,2103.66,2121.534503413654,1.745962189070398,2121.534503413654,2067.9109931726916,31.208207108650026,-31.20820711,7.37702984,-38.58523695,LOSS,STOP_LOSS,6203.05618478
BTCUSDT,SHORT,69493.5,69980.18872719916,0.06372714055324369,69980.18872719916,68520.12254560168,31.015280923900026,-31.01528092,8.88825936,-39.90354029,LOSS,STOP_LOSS,6163.15264449
SOLUSDT,LONG,89.98,91.55809083644631,39.054485978568806,89.19095458177685,91.55809083644631,30.815763222450027,61.63152644,7.08987682,54.54164962,WIN,TAKE_PROFIT,6217.69429411
SOLUSDT,LONG,91.41,92.81614955866577,44.21787323966934,90.70692522066712,92.81614955866577,31.088471470550026,62.17694294,8.14608853,54.03085441,WIN,TAKE_PROFIT,6271.72514852
SOLUSDT,LONG,92.55,91.88978414856066,47.497535350348635,91.88978414856066,93.87043170287865,31.358625742600026,-31.35862574,8.76043517,-40.11906091,LOSS,STOP_LOSS,6231.60608761
SOLUSDT,LONG,92.14,93.28676826087803,54.340587372366684,91.56661586956098,93.28676826087803,31.158030438050023,62.31606088,10.0761995,52.23986137,WIN,TAKE_PROFIT,6283.84594898
SOLUSDT,LONG,93.07,92.50017225002259,55.13811804733208,92.50017225002259,94.2096554999548,31.419229744900022,-31.41922974,10.23199006,-41.65121981,LOSS,STOP_LOSS,6242.19472917
SOLUSDT,LONG,92.55,91.93418674682931,50.68252994743384,91.93418674682931,93.78162650634137,31.21097364585002,-31.21097365,9.35012532,-40.56109897,LOSS,STOP_LOSS,6201.6336302
BTCUSDT,LONG,71475.3,70951.0966716933,0.059152940236307475,70951.0966716933,72523.70665661342,31.00816815100002,-31.00816815,8.42494013,-39.43310828,LOSS,STOP_LOSS,6162.20052192
BTCUSDT,LONG,71128.4,70739.55404471181,0.07923704024840654,70739.55404471181,71906.09191057636,30.811002609600024,-30.81100261,11.24119678,-42.05219939,LOSS,STOP_LOSS,6120.14832253
SOLUSDT,SHORT,90.82,89.76831384771546,58.1936760243111,91.34584307614226,89.76831384771546,30.600741612650022,61.20148323,10.50909783,50.6923854,WIN,TAKE_PROFIT,6170.84070793
ETHUSDT,SHORT,2067.33,2081.0103630483136,2.2553643810975643,2081.0103630483136,2039.9692739033726,30.85420353965002,-30.85420354,9.3560191,-40.21022264,LOSS,STOP_LOSS,6130.63048529
BTCUSDT,SHORT,69518.9,69823.71910779232,0.10056178121003338,69823.71910779232,68909.26178441533,30.65315242645002,-30.65315243,14.01254198,-44.6656944,LOSS,STOP_LOSS,6085.96479089
ETHUSDT,SHORT,2080.07,2052.84752752515,2.2356399832941527,2093.6812362374253,2052.84752752515,30.429823954450022,60.85964791,9.23971567,51.61993224,WIN,TAKE_PROFIT,6137.58472313
ETHUSDT,SHORT,2064.7,2033.0239864177736,1.937612732485343,2080.538006791113,2033.0239864177736,30.68792361565002,61.37584723,7.93980217,53.43604506,WIN,TAKE_PROFIT,6191.02076819
BTCUSDT,SHORT,67780.5,67044.31714386152,0.0840962366424011,68148.59142806924,67044.31714386152,30.95510384095002,61.91020768,11.33825973,50.57194795,WIN,TAKE_PROFIT,6241.59271614
BTCUSDT,SHORT,66846.6,65965.21216571369,0.07081550792216255,67287.29391714316,65965.21216571369,31.20796358070002,62.41592716,9.40513594,53.01079122,WIN,TAKE_PROFIT,6294.60350736
BTCUSDT,SHORT,66153.9,66624.3195298223,0.06690414734415578,66624.3195298223,65213.06094035538,31.473017536800022,-31.47301754,8.88341356,-40.3564311,LOSS,STOP_LOSS,6254.24707626
SOLUSDT,LONG,83.76,83.17557029177259,53.50726518702483,83.17557029177259,84.92885941645484,31.27123538130002,-31.27123538,8.93226583,-40.20350121,LOSS,STOP_LOSS,6214.04357505
SOLUSDT,SHORT,83.19,82.22919679321072,64.67550827411903,83.67040160339464,82.22919679321072,31.070217875250023,62.14043575,10.69857063,51.44186512,WIN,TAKE_PROFIT,6265.48544017
SOLUSDT,SHORT,82.4,82.87016131039871,66.63123168149096,82.87016131039871,81.45967737920257,31.327427200850025,-31.3274272,11.01215441,-42.33958161,LOSS,STOP_LOSS,6223.14585856
ETHUSDT,SHORT,2005.1,1988.604585613404,3.7726520308679663,2013.347707193298,1988.604585613404,31.115729292800026,62.23145859,15.06685772,47.16460087,WIN,TAKE_PROFIT,6270.31045943
ETHUSDT,SHORT,1988.52,1997.205865948829,3.6094906923329693,1997.205865948829,1971.148268102342,31.351552297150025,-31.3515523,14.38644042,-45.73799271,LOSS,STOP_LOSS,6224.57246672
ETHUSDT,SHORT,1994.14,2004.219878107156,3.0876228861840147,2004.219878107156,1973.9802437856881,31.122862333600025,-31.12286233,12.34542747,-43.4682898,LOSS,STOP_LOSS,6181.10417692
BTCUSDT,SHORT,65645.9,64993.02398387901,0.09467500757103241,65972.33800806048,64993.02398387901,30.905520884600023,61.81104177,12.36824112,49.44280065,WIN,TAKE_PROFIT,6230.54697757
BTCUSDT,SHORT,65820.3,66232.5138646276,0.07557420446300067,66232.5138646276,64995.8722707448,31.152734887850023,-31.15273489,9.97978635,-41.13252124,LOSS,STOP_LOSS,6189.41445633
BTCUSDT,SHORT,66061.3,66501.00573143992,0.07038132566593322,66501.00573143992,65181.888537120176,30.947072281650026,-30.94707228,9.32991081,-40.27698309,LOSS,STOP_LOSS,6149.13747324
BTCUSDT,LONG,67087.0,66553.2245120719,0.05760041077484138,66553.2245120719,68154.5509758562,30.745687366200027,-30.74568737,7.69773183,-38.44341919,LOSS,STOP_LOSS,6110.69405405
SOLUSDT,SHORT,82.78,83.45983408749404,44.94253941115892,83.45983408749404,81.42033182501193,30.553470270250028,-30.55347027,7.4712403,-38.02471057,LOSS,STOP_LOSS,6072.66934348
BTCUSDT,SHORT,66749.2,67104.02026143111,0.08557388068802396,67104.02026143111,66039.55947713777,30.363346717400027,-30.36334672,11.4543395,-41.81768622,LOSS,STOP_LOSS,6030.85165726
SOLUSDT,SHORT,82.68,83.245190121075,53.35241569499911,83.245190121075,81.54961975785001,30.154258286300028,-30.15425829,8.85250972,-39.006768,LOSS,STOP_LOSS,5991.84488926
SOLUSDT,SHORT,82.82,81.6724051128593,52.212195753059,83.39379744357035,81.6724051128593,29.959224446300027,59.91844889,8.58850966,51.32993924,WIN,TAKE_PROFIT,6043.1748285
BTCUSDT,SHORT,66403.9,66781.59583281325,0.08000054943004846,66781.59583281325,65648.50833437349,30.215874142500027,-30.21587414,10.65491284,-40.87078699,LOSS,STOP_LOSS,6002.30404151
BTCUSDT,SHORT,66610.0,67009.93949353693,0.07504015155426993,67009.93949353693,65810.12101292612,30.011520207550028,-30.01152021,10.02686051,-40.03838072,LOSS,STOP_LOSS,5962.26566079
SOLUSDT,SHORT,81.24,81.95502164322228,41.69290340583767,81.95502164322228,79.80995671355542,29.81132830395003,-29.8113283,6.80407427,-36.61540258,LOSS,STOP_LOSS,5925.65025821
ETHUSDT,LONG,2074.36,2057.860020367969,1.795653809992145,2057.860020367969,2107.359959264063,29.628251291050034,-29.62825129,7.42003662,-37.04828791,LOSS,STOP_LOSS,5888.6019703
BTCUSDT,SHORT,66555.9,67098.80235387658,0.054232606731694354,67098.80235387658,65470.09529224682,29.443009851500033,-29.44300985,7.24844291,-36.69145276,LOSS,STOP_LOSS,5851.91051754
ETHUSDT,LONG,2074.71,2120.847773240004,1.2683556458390404,2051.6411133799984,2120.847773240004,29.259552587700032,58.51910518,5.32145939,53.19764579,WIN,TAKE_PROFIT,5905.10816333
ETHUSDT,LONG,2096.38,2129.8059907867155,1.7666217288843622,2079.6670046066424,2129.8059907867155,29.525540816650032,59.05108163,7.466072,51.58500963,WIN,TAKE_PROFIT,5956.69317296
BTCUSDT,LONG,68552.9,68172.7855194842,0.07835393648877789,68172.7855194842,69313.1289610316,29.783465864800032,-29.78346586,10.71299568,-40.49646154,LOSS,STOP_LOSS,5916.19671142
ETHUSDT,LONG,2132.21,2116.7296634946256,1.9108747117241482,2116.7296634946256,2163.170673010749,29.58098355710003,-29.58098356,8.11919135,-37.70017491,LOSS,STOP_LOSS,5878.49653651
SOLUSDT,SHORT,82.72,83.37713148909103,44.72846480573802,83.37713148909103,81.40573702181796,29.392482682550032,-29.39248268,7.4292697,-36.82175238,LOSS,STOP_LOSS,5841.67478413
ETHUSDT,LONG,2130.47,2165.5642839199186,1.6645658869860465,2112.9228580400404,2165.5642839199186,29.20837392065003,58.41674784,7.15103212,51.26571572,WIN,TAKE_PROFIT,5892.94049985
ETHUSDT,LONG,2151.58,2133.1484791766247,1.5986039774798488,2133.1484791766247,2188.44304164675,29.46470249925003,-29.4647025,6.84958399,-36.31428649,LOSS,STOP_LOSS,5856.62621336
ETHUSDT,LONG,2139.28,2120.437183575764,1.5540739986796541,2120.437183575764,2176.9656328484734,29.283131066800028,-29.28313107,6.61991572,-35.90304678,LOSS,STOP_LOSS,5820.72316658
SOLUSDT,SHORT,80.81,79.14194309639431,34.895231415654045,81.64402845180285,79.14194309639431,29.103615832900026,58.20723167,5.58156007,52.6256716,WIN,TAKE_PROFIT,5873.34883818
SOLUSDT,SHORT,79.1,77.19259379229916,30.79233366478183,80.05370310385041,77.19259379229916,29.366744190900025,58.73348838,4.8126137,53.92087468,WIN,TAKE_PROFIT,5927.26971286
BTCUSDT,SHORT,65826.6,66174.28840865652,0.08523824155891836,66174.28840865652,65131.223182686976,29.636348564300025,-29.63634856,11.25152361,-40.88787218,LOSS,STOP_LOSS,5886.38184068
BTCUSDT,SHORT,66227.3,66598.3678080382,0.07931679484405894,66598.3678080382,65485.16438392361,29.431909203400025,-29.4319092,10.53530624,-39.96721545,LOSS,STOP_LOSS,5846.41462523
BTCUSDT,LONG,67201.9,66769.03878893472,0.06753220750413215,66769.03878893472,68067.62242213055,29.23207312615002,-29.23207313,9.04735324,-38.27942636,LOSS,STOP_LOSS,5808.13519887
SOLUSDT,SHORT,78.56,79.35408122029874,36.57141769884015,79.35408122029874,76.97183755940252,29.04067599435002,-29.04067599,5.77514182,-34.81581782,LOSS,STOP_LOSS,5773.31938105
SOLUSDT,LONG,79.63,79.15578446581138,60.87231400936808,79.15578446581138,80.57843106837724,28.86659690525002,-28.86659691,9.66565813,-38.53225504,LOSS,STOP_LOSS,5734.78712601
BTCUSDT,SHORT,66540.5,66816.31801865694,0.10395961717683967,66816.31801865694,65988.86396268611,28.673935630050025,-28.67393563,13.86372375,-42.53765938,LOSS,STOP_LOSS,5692.24946663
ETHUSDT,LONG,2068.28,2058.295860548279,2.8506460141883982,2058.295860548279,2088.2482789034425,28.461247333150023,-28.46124733,11.76340703,-40.22465436,LOSS,STOP_LOSS,5652.02481227
SOLUSDT,LONG,80.01,79.5452659902443,60.80924457455894,79.5452659902443,80.93946801951141,28.26012406135002,-28.26012406,9.70243519,-37.96255925,LOSS,STOP_LOSS,5614.06225302
BTCUSDT,SHORT,66690.4,66968.42471424706,0.1009633670197971,66968.42471424706,66134.35057150587,28.07031126510002,-28.07031127,13.49464498,-41.56495624,LOSS,STOP_LOSS,5572.49729678
SOLUSDT,LONG,80.42,79.85204322618915,49.0574067757827,79.85204322618915,81.5559135476217,27.86248648390002,-27.86248648,7.86253082,-35.7250173,LOSS,STOP_LOSS,5536.77227948
ETHUSDT,SHORT,2046.55,2055.896246994628,2.962029723086842,2055.896246994628,2027.8575060107435,27.68386139740002,-27.6838614,12.15156772,-39.83542912,LOSS,STOP_LOSS,5496.93685036
SOLUSDT,LONG,80.32,79.95295940166865,74.88186423178388,79.95295940166865,81.05408119666266,27.48468425180002,-27.48468425,12.00153799,-39.48622224,LOSS,STOP_LOSS,5457.45062812
SOLUSDT,LONG,81.17,80.75651531262044,65.99338252047833,80.75651531262044,81.99696937475913,27.28725314060002,-27.28725314,10.68607847,-37.97333161,LOSS,STOP_LOSS,5419.47729651
SOLUSDT,SHORT,79.16,79.55929931857078,67.86234091142369,79.55929931857078,78.36140136285842,27.097386482550018,-27.09738648,10.7710632,-37.86844968,LOSS,STOP_LOSS,5381.60884683
SOLUSDT,SHORT,79.41,79.89189740149642,55.8377035248445,79.89189740149642,78.44620519700716,26.90804423415002,-26.90804423,8.89505212,-35.80309635,LOSS,STOP_LOSS,5345.80575048
SOLUSDT,SHORT,79.64,80.06651185346607,62.66890013767567,80.06651185346607,78.78697629306787,26.729028752400023,-26.72902875,10.00863144,-36.7376602,LOSS,STOP_LOSS,5309.06809028
SOLUSDT,SHORT,79.45,79.91903996117229,56.595050846104385,79.91903996117229,78.51192007765545,26.54534045140002,-26.54534045,9.01949892,-35.56483937,LOSS,STOP_LOSS,5273.50325091
ETHUSDT,LONG,2069.38,2092.794955346064,2.252194451353714,2057.672522326968,2092.794955346064,26.36751625455002,52.73503251,9.37402734,43.36100517,WIN,TAKE_PROFIT,5316.86425608
BTCUSDT,LONG,69092.4,69754.71276643236,0.08027724249858571,68761.24361678382,69754.71276643236,26.58432128040002,53.16864256,11.14626334,42.02237922,WIN,TAKE_PROFIT,5358.8866353
BTCUSDT,LONG,69604.0,70241.83570341945,0.08401672415907283,69285.08214829027,70241.83570341945,26.79443317650002,53.58886635,11.749389,41.83947735,WIN,TAKE_PROFIT,5400.72611265
BTCUSDT,LONG,69899.9,69532.64056626953,0.07352739802749027,69532.64056626953,70634.4188674609,27.00363056325002,-27.00363056,10.25211191,-37.25574247,LOSS,STOP_LOSS,5363.47037018
BTCUSDT,LONG,69612.1,69297.87293584025,0.08534386407043018,69297.87293584025,70240.5541283195,26.81735185090002,-26.81735185,11.85511385,-38.6724657,LOSS,STOP_LOSS,5324.79790448
ETHUSDT,LONG,2145.0,2168.3333319570643,2.282056379379602,2133.333334021468,2168.3333319570643,26.62398952240002,53.24797904,9.84326985,43.4047092,WIN,TAKE_PROFIT,5368.20261368
BTCUSDT,LONG,69787.1,69402.77742634456,0.06983980361367997,69402.77742634456,70555.74514731088,26.84101306840002,-26.84101307,9.7209937,-36.56200677,LOSS,STOP_LOSS,5331.64060691
BTCUSDT,LONG,69710.5,69285.55984904172,0.06273401789506916,69285.55984904172,70560.38030191655,26.65820303455002,-26.65820303,8.71978131,-35.37798434,LOSS,STOP_LOSS,5296.26262257
SOLUSDT,SHORT,81.15,80.2941500735406,61.88307621267597,81.5779249632297,80.2941500735406,26.48131311285002,52.96262623,9.99066064,42.97196558,WIN,TAKE_PROFIT,5339.23458815
SOLUSDT,SHORT,80.11,79.14720082871614,55.45533011864028,80.59139958564194,79.14720082871614,26.69617294075002,53.39234588,8.83166065,44.56068524,WIN,TAKE_PROFIT,5383.79527339
SOLUSDT,SHORT,79.25,79.75961133304915,52.82256225717314,79.75961133304915,78.23077733390168,26.91897636695002,-26.91897637,8.39929509,-35.31827146,LOSS,STOP_LOSS,5348.47700193
BTCUSDT,LONG,68670.0,69461.49196568642,0.06757462152242495,68274.2540171568,69461.49196568642,26.74238500965002,53.48477002,9.33418329,44.15058673,WIN,TAKE_PROFIT,5392.62758866
BTCUSDT,LONG,69399.8,70249.67540812373,0.06345197822072961,68974.86229593815,70249.67540812373,26.963137943300023,53.92627589,8.86103547,45.06524041,WIN,TAKE_PROFIT,5437.69282907
BTCUSDT,LONG,70261.8,71318.85829996875,0.051441749515904654,69733.27085001563,71318.85829996875,27.18846414535002,54.37692829,7.28315676,47.09377153,WIN,TAKE_PROFIT,5484.7866006
BTCUSDT,LONG,71479.9,72730.80524235834,0.043846539409007894,70854.44737882081,72730.80524235834,27.42393300300002,54.84786601,6.32314037,48.52472564,WIN,TAKE_PROFIT,5533.31132624
BTCUSDT,LONG,72738.2,71988.41687255469,0.036899412134634976,71988.41687255469,74237.76625489062,27.66655663120002,-27.66655663,5.34032708,-33.00688371,LOSS,STOP_LOSS,5500.30444253
BTCUSDT,LONG,71989.3,71198.74423880079,0.034787580538192794,71198.74423880079,73570.41152239844,27.50152221265002,-27.50152221,4.98116562,-32.48268783,LOSS,STOP_LOSS,5467.8217547
BTCUSDT,LONG,71276.7,72398.15253984356,0.048756604140044124,70715.97373007821,72398.15253984356,27.33910877350002,54.67821755,7.00509791,47.67311964,WIN,TAKE_PROFIT,5515.49487434
ETHUSDT,LONG,2260.68,2246.92440362624,2.0048185205773192,2246.92440362624,2288.1911927475194,27.577474371700017,-27.57747437,9.03692879,-36.61440316,LOSS,STOP_LOSS,5478.88047118
BTCUSDT,LONG,71560.9,71115.84152383788,0.06155236631404331,71115.84152383788,72451.01695232421,27.39440235590002,-27.39440236,8.78209106,-36.17649341,LOSS,STOP_LOSS,5442.70397777
BTCUSDT,LONG,71476.4,71116.04159931283,0.07551792836508361,71116.04159931283,72197.11680137434,27.21351988885002,-27.21351989,10.76828579,-37.98180568,LOSS,STOP_LOSS,5404.72217209
ETHUSDT,SHORT,2192.51,2163.1301931375774,1.8396043913422382,2207.1999034312116,2163.1301931375774,27.023610860450017,54.04722172,8.01265483,46.03456689,WIN,TAKE_PROFIT,5450.75673898
SOLUSDT,SHORT,81.93,82.43380750695022,54.09562842737402,82.43380750695022,80.92238498609959,27.253783694900015,-27.25378369,8.89136346,-36.14514715,LOSS,STOP_LOSS,5414.61159183
ETHUSDT,SHORT,2177.83,2186.767170171108,3.029265129881058,2186.767170171108,2159.9556596577845,27.073057959150013,-27.07305796,13.22152201,-40.29457997,LOSS,STOP_LOSS,5374.31701186
BTCUSDT,LONG,71332.9,71046.89654193034,0.09395545508668554,71046.89654193034,71904.9069161393,26.871585059300013,-26.87158506,13.37735858,-40.24894364,LOSS,STOP_LOSS,5334.06806822
ETHUSDT,SHORT,2179.22,2159.144047029564,2.6569438950544275,2189.257976485218,2159.144047029564,26.670340341100015,53.34068068,11.52678987,41.81389081,WIN,TAKE_PROFIT,5375.88195903
BTCUSDT,SHORT,70765.2,71061.88906166478,0.09059791299458171,71061.88906166478,70171.82187667044,26.879409795150014,-26.8794098,12.84923828,-39.72864807,LOSS,STOP_LOSS,5336.15331096
BTCUSDT,LONG,71300.5,72027.91772818878,0.07335748228527009,70936.7911359056,72027.91772818878,26.680766554800012,53.36153311,10.51421186,42.84732125,WIN,TAKE_PROFIT,5379.00063221
BTCUSDT,LONG,72045.3,72947.61528604032,0.05961331604848371,71594.14235697984,72947.61528604032,26.895003161050013,53.79000632,8.64350848,45.14649784,WIN,TAKE_PROFIT,5424.14713005
BTCUSDT,LONG,72592.1,72115.67943792715,0.05692603932175007,72115.67943792715,73544.94112414573,27.120735650250012,-27.12073565,8.23764074,-35.35837639,LOSS,STOP_LOSS,5388.78875366
ETHUSDT,SHORT,2185.12,2202.098932240282,1.5869044876907097,2202.098932240282,2151.1621355194357,26.943943768300013,-26.94394377,6.96209741,-33.90604118,LOSS,STOP_LOSS,5354.88271248
BTCUSDT,LONG,72263.3,71801.55344762716,0.05798508602784388,71801.55344762716,73186.79310474571,26.774413562400014,-26.77441356,8.35361292,-35.12802648,LOSS,STOP_LOSS,5319.754686
SOLUSDT,SHORT,82.75,83.3553520102076,43.939349306659885,83.3553520102076,81.53929597958482,26.598773430000016,-26.59877343,7.29856108,-33.89733451,LOSS,STOP_LOSS,5285.85735149
BTCUSDT,LONG,72088.8,71762.45698498707,0.08098621861541225,71762.45698498707,72741.48603002586,26.429286757450015,-26.42928676,11.64996935,-38.0792561,LOSS,STOP_LOSS,5247.77809539
ETHUSDT,SHORT,2185.26,2196.019915108288,2.4385778338287705,2196.019915108288,2163.7401697834243,26.238890476950015,-26.23889048,10.68409208,-36.92298256,LOSS,STOP_LOSS,5210.85511283
SOLUSDT,LONG,83.49,83.10404373592218,67.5057719982936,83.10404373592218,84.26191252815562,26.054275564150018,-26.05427556,11.24605953,-37.3003351,LOSS,STOP_LOSS,5173.55477773
BTCUSDT,LONG,72277.6,71983.24724716313,0.0878801833492155,71983.24724716313,72866.30550567374,25.867773888650017,-25.86777389,12.67766971,-38.54544359,LOSS,STOP_LOSS,5135.00933414
ETHUSDT,LONG,2214.53,2239.544524154268,2.052811119840513,2202.0227379228663,2239.544524154268,25.675046670700016,51.35009334,9.14337371,42.20671963,WIN,TAKE_PROFIT,5177.21605377
BTCUSDT,LONG,72933.0,72550.15196470435,0.06761450466595527,72550.15196470435,73698.69607059131,25.88608026885002,-25.88608027,9.83677126,-35.72285153,LOSS,STOP_LOSS,5141.49320224
ETHUSDT,LONG,2231.8,2266.2129400948024,1.4940581037470173,2214.593529952599,2266.2129400948024,25.70746601120002,51.41493202,6.72029268,44.69463934,WIN,TAKE_PROFIT,5186.18784158
ETHUSDT,LONG,2260.93,2281.2670549156096,2.5501174398655335,2250.761472542195,2281.2670549156096,25.930939207900018,51.86187842,11.58313593,40.27874249,WIN,TAKE_PROFIT,5226.46658407
SOLUSDT,LONG,85.65,85.15202562525728,52.47726438504142,85.15202562525728,86.64594874948547,26.132332920350017,-26.13233292,8.96322306,-35.09555598,LOSS,STOP_LOSS,5191.37102809
SOLUSDT,LONG,85.32,84.81837923810447,51.74597447355357,84.81837923810447,86.32324152379103,25.956855140450017,-25.95685514,8.80397623,-34.76083137,LOSS,STOP_LOSS,5156.61019672
SOLUSDT,SHORT,81.97,81.29390797637726,76.27083320831134,82.30804601181137,81.29390797637726,25.783050983600013,51.56610197,12.45227429,39.11382767,WIN,TAKE_PROFIT,5195.72402439
ETHUSDT,SHORT,2194.45,2203.404004417358,2.9013409990717185,2203.404004417358,2176.541991165284,25.978620121950016,-25.97862012,12.75967413,-38.73829425,LOSS,STOP_LOSS,5156.98573014
BTCUSDT,SHORT,70922.9,71207.35858296807,0.09064563417864796,71207.35858296807,70353.98283406386,25.784928650700017,-25.78492865,12.88348743,-38.66841608,LOSS,STOP_LOSS,5118.31731406
SOLUSDT,SHORT,81.89,82.43353678336025,47.083449278423224,82.43353678336025,80.80292643327948,25.59158657030002,-25.59158657,7.73691891,-33.32850548,LOSS,STOP_LOSS,5084.98880858
ETHUSDT,SHORT,2191.91,2201.570276261892,2.631906516296706,2201.570276261892,2172.589447476216,25.42494404290002,-25.42494404,11.56322937,-36.98817341,LOSS,STOP_LOSS,5048.00063517
BTCUSDT,LONG,71623.0,72273.61768219883,0.07758781805790606,71297.69115890058,72273.61768219883,25.24000317585002,50.48000635,11.16462459,39.31538176,WIN,TAKE_PROFIT,5087.31601693
BTCUSDT,LONG,72347.2,71944.49987347354,0.06316506603575328,71944.49987347354,73152.60025305292,25.436580084650018,-25.43658008,9.11419475,-34.55077484,LOSS,STOP_LOSS,5052.76524209
BTCUSDT,LONG,71904.0,72778.514520692,0.057777945620523165,71466.742739654,72778.514520692,25.26382621045002,50.52765242,8.35945846,42.16819396,WIN,TAKE_PROFIT,5094.93343605
ETHUSDT,LONG,2240.73,2275.1308160783797,1.4810501659151218,2223.52959196081,2275.1308160783797,25.474667180250023,50.94933436,6.68821641,44.26111795,WIN,TAKE_PROFIT,5139.194554
BTCUSDT,LONG,73720.5,74610.89468746466,0.057718162814218224,73275.30265626767,74610.89468746466,25.695972770000022,51.39194554,8.56141559,42.83052995,WIN,TAKE_PROFIT,5182.02508395
BTCUSDT,LONG,74599.9,74075.18703929303,0.049379617733932284,74075.18703929303,75649.32592141394,25.91012541975002,-25.91012542,7.34151896,-33.25164438,LOSS,STOP_LOSS,5148.77343957
SOLUSDT,LONG,85.88,87.40847481201237,33.68569373276872,85.11576259399381,87.40847481201237,25.743867197850022,51.4877344,5.83734249,45.65039191,WIN,TAKE_PROFIT,5194.42383148
BTCUSDT,LONG,75325.6,74895.8079917505,0.06042950696822163,74895.8079917505,76185.18401649903,25.97211915740002,-25.97211916,9.07780562,-35.04992478,LOSS,STOP_LOSS,5159.3739067
BTCUSDT,LONG,75235.8,74746.4395460846,0.05271547655127715,74746.4395460846,76214.52090783083,25.796869533500022,-25.79686953,7.90638523,-33.70325477,LOSS,STOP_LOSS,5125.67065193
SOLUSDT,SHORT,83.66,84.21691953984052,46.01805364377962,84.21691953984052,82.54616092031895,25.62835325965002,-25.62835326,7.72536909,-33.35372235,LOSS,STOP_LOSS,5092.31692958
ETHUSDT,LONG,2338.87,2324.6887947725704,1.7954457494664884,2324.6887947725704,2367.232410454859,25.461584647900022,-25.46158465,8.37316682,-33.83475146,LOSS,STOP_LOSS,5058.48217812
BTCUSDT,SHORT,73803.0,74247.3852200806,0.056915508769650465,74247.3852200806,72914.22955983882,25.29241089060002,-25.29241089,8.426363,-33.71877389,LOSS,STOP_LOSS,5024.76340423
ETHUSDT,LONG,2352.9,2335.5994383406373,1.4521966116373861,2335.5994383406373,2387.501123318725,25.12381702115002,-25.12381702,6.808623,-31.93244002,LOSS,STOP_LOSS,4992.83096421
ETHUSDT,SHORT,2337.84,2348.711541864455,2.2962846606581095,2348.711541864455,2316.0969162710903,24.96415482105002,-24.96415482,10.76165642,-35.72581124,LOSS,STOP_LOSS,4957.10515297
SOLUSDT,LONG,85.7,85.21891425606663,51.51997554989348,85.21891425606663,86.66217148786676,24.785525764850018,-24.78552576,8.80573828,-33.59126405,LOSS,STOP_LOSS,4923.51388892
SOLUSDT,LONG,85.35,86.8601502503505,32.60280814956816,84.59492487482474,86.8601502503505,24.61756944460002,49.23513889,5.61453449,43.6206044,WIN,TAKE_PROFIT,4967.13449332
SOLUSDT,LONG,86.69,85.82445333454444,28.693626187709416,85.82445333454444,88.4210933309111,24.835672466600016,-24.83567247,4.95006524,-29.7857377,LOSS,STOP_LOSS,4937.34875562
SOLUSDT,LONG,85.9,87.68242519135252,27.700173783302006,85.00878740432374,87.68242519135252,24.686743778100016,49.37348756,4.80826334,44.56522421,WIN,TAKE_PROFIT,4981.91397983
SOLUSDT,LONG,87.81,89.68495458922239,26.570851414039886,86.87252270538882,89.68495458922239,24.909569899150018,49.8191398,4.71619207,45.10294773,WIN,TAKE_PROFIT,5027.01692756
BTCUSDT,LONG,75191.2,74690.53938429267,0.05020383838718647,74690.53938429267,76192.52123141465,25.13508463780002,-25.13508464,7.52463862,-32.65972326,LOSS,STOP_LOSS,4994.3572043
SOLUSDT,LONG,88.15,87.61505165951182,46.68074303905862,87.61505165951182,89.21989668097639,24.97178602150002,-24.97178602,8.20484321,-33.17662923,LOSS,STOP_LOSS,4961.18057507
SOLUSDT,LONG,88.53,88.0359510528812,50.209403379995734,88.0359510528812,89.5180978942376,24.80590287535002,-24.80590288,8.86527106,-33.67117393,LOSS,STOP_LOSS,4927.50940114
ETHUSDT,LONG,2345.34,2375.543878079587,1.631416134099096,2330.238060960207,2375.543878079587,24.63754700570002,49.27509401,7.70172613,41.57336789,WIN,TAKE_PROFIT,4969.08276903
ETHUSDT,LONG,2370.72,2403.577696081167,1.512304075354246,2354.2911519594163,2403.577696081167,24.84541384515002,49.69082769,7.22018986,42.47063783,WIN,TAKE_PROFIT,5011.55340686
BTCUSDT,LONG,76877.4,76377.73695315636,0.0501493300186788,76377.73695315636,77876.72609368726,25.057767034300017,-25.05776703,7.68564244,-32.74340947,LOSS,STOP_LOSS,4978.80999739
BTCUSDT,LONG,76848.5,78010.76841751607,0.042837006687581135,76267.36579124197,78010.76841751607,24.894049986950016,49.78809997,6.63370752,43.15439246,WIN,TAKE_PROFIT,5021.96438985
SOLUSDT,LONG,90.25,89.33037087504977,27.304291771542935,89.33037087504977,92.08925824990048,25.10982194925002,-25.10982195,4.90331484,-30.01313679,LOSS,STOP_LOSS,4991.95125306
ETHUSDT,LONG,2427.23,2402.374381972853,1.0041897263644364,2402.374381972853,2476.9412360542947,24.959756265300015,-24.95975627,4.8498391,-29.80959537,LOSS,STOP_LOSS,4962.14165769
SOLUSDT,SHORT,88.27,87.36304512370485,54.71211178620116,88.72347743814757,87.36304512370485,24.810708288450016,49.62141658,9.6092548,40.01216178,WIN,TAKE_PROFIT,5002.15381947
BTCUSDT,SHORT,76041.2,75399.69928848761,0.07797581093366206,76361.9503557562,75399.69928848761,25.01076909735001,50.02153819,11.80872693,38.21281126,WIN,TAKE_PROFIT,5040.36663073
SOLUSDT,SHORT,85.68,84.99136914366885,73.1940281849072,86.0243154281656,84.99136914366885,25.201833153650014,50.40366631,12.492125,37.9115413,WIN,TAKE_PROFIT,5078.27817203
BTCUSDT,LONG,75748.9,75438.7112746366,0.08185787807214491,75438.7112746366,76369.27745072676,25.391390860150015,-25.39139086,12.37589705,-37.76728791,LOSS,STOP_LOSS,5040.51088412
ETHUSDT,SHORT,2323.57,2295.9779549981745,1.8267985877039974,2337.366022500913,2295.9779549981745,25.202554420600013,50.40510884,8.43898368,41.96612516,WIN,TAKE_PROFIT,5082.47700928
ETHUSDT,SHORT,2306.17,2275.1914315751706,1.6406429566339784,2321.6592842124146,2275.1914315751706,25.412385046400015,50.82477009,7.51637836,43.30839173,WIN,TAKE_PROFIT,5125.78540101
SOLUSDT,SHORT,84.65,83.52429351218645,45.533942075484795,85.21285324390678,83.52429351218645,25.628927005050013,51.25785401,7.65763854,43.60021547,WIN,TAKE_PROFIT,5169.38561648
SOLUSDT,SHORT,83.75,84.20678758397177,56.58413010629708,84.20678758397177,82.83642483205645,25.846928082400012,-25.84692808,9.50368872,-35.3506168,LOSS,STOP_LOSS,5134.03499968
BTCUSDT,LONG,74996.5,75823.63679282418,0.062069962843150875,74582.9316035879,75823.63679282418,25.67017499840001,51.34035,9.36140029,41.97894971,WIN,TAKE_PROFIT,5176.01394939
BTCUSDT,LONG,75668.6,76676.48034465991,0.05135544091929483,75164.65982767005,76676.48034465991,25.880069746950014,51.76013949,7.82374877,43.93639072,WIN,TAKE_PROFIT,5219.95034011
ETHUSDT,LONG,2322.09,2309.6197476630646,2.0929609919155605,2309.6197476630646,2347.0305046738713,26.099751700550016,-26.0997517,9.69398783,-35.79373953,LOSS,STOP_LOSS,5184.15660058
SOLUSDT,LONG,85.77,86.71602217432277,54.79952522562309,85.2969889128386,86.71602217432277,25.920783002900016,51.84156601,9.45215212,42.38941388,WIN,TAKE_PROFIT,5226.54601446
BTCUSDT,LONG,76425.6,75958.67480749915,0.05596770209020513,75958.67480749915,77359.45038500174,26.132730072300014,-26.13273007,8.5285977,-34.66132777,LOSS,STOP_LOSS,5191.88468669
ETHUSDT,SHORT,2297.93,2315.8020178422344,1.4525177661866344,2315.8020178422344,2262.185964315531,25.959423433450016,-25.95942343,6.70152772,-32.66095116,LOSS,STOP_LOSS,5159.22373553
SOLUSDT,LONG,86.05,85.37749125758671,38.358042135007615,85.37749125758671,87.39501748482658,25.796118677650014,-25.79611868,6.57562293,-32.37174161,LOSS,STOP_LOSS,5126.85199392
ETHUSDT,SHORT,2299.65,2317.6543388922955,1.4237823517402086,2317.6543388922955,2263.641322215409,25.634259969600016,-25.63425997,6.57403643,-32.2082964,LOSS,STOP_LOSS,5094.64369752
BTCUSDT,SHORT,74824.7,75385.2154392501,0.045446060364866835,75385.2154392501,73703.66912149978,25.473218487600015,-25.47321849,6.82644888,-32.29966737,LOSS,STOP_LOSS,5062.34403015
ETHUSDT,LONG,2326.13,2357.788113080048,1.5990668860616681,2310.300943459976,2357.788113080048,25.311720150750016,50.6234403,7.48989835,43.13354195,WIN,TAKE_PROFIT,5105.4775721
BTCUSDT,LONG,77195.8,78054.58864405623,0.05944975643815982,76766.4056779719,78054.58864405623,25.527387860500017,51.05477572,9.22959779,41.82517793,WIN,TAKE_PROFIT,5147.30275003
BTCUSDT,LONG,78226.3,77785.82500031346,0.05842899998516299,77785.82500031346,79107.2499993731,25.736513750150017,-25.73651375,9.11563245,-34.8521462,LOSS,STOP_LOSS,5112.45060383
BTCUSDT,LONG,77855.1,78598.29809744142,0.06878987744223845,77483.50095127929,78598.29809744142,25.562253019150017,51.12450604,10.76241008,40.36209596,WIN,TAKE_PROFIT,5152.81269979
BTCUSDT,LONG,78564.8,79208.38107725275,0.08006470174334197,78243.00946137363,79208.38107725275,25.76406349895002,51.528127,12.63206269,38.89606431,WIN,TAKE_PROFIT,5191.7087641
ETHUSDT,LONG,2410.86,2394.4340895354317,1.5803412466233597,2394.4340895354317,2443.7118209291375,25.95854382050002,-25.95854382,7.59400445,-33.55254827,LOSS,STOP_LOSS,5158.15621583
BTCUSDT,LONG,78888.3,78461.95861641744,0.06049326214225089,78461.95861641744,79740.98276716513,25.790781079150015,-25.79078108,9.51863044,-35.30941152,LOSS,STOP_LOSS,5122.84680431
ETHUSDT,LONG,2405.19,2392.3403591446113,1.9933813177982964,2392.3403591446113,2430.889281710778,25.614234021550015,-25.61423402,9.56330739,-35.17754141,LOSS,STOP_LOSS,5087.6692629
SOLUSDT,SHORT,86.97,86.09168705302518,57.9254726965318,87.4091564734874,86.09168705302518,25.438346314500013,50.87669263,10.02468003,40.8520126,WIN,TAKE_PROFIT,5128.5212755
SOLUSDT,SHORT,86.82,85.7286622366538,46.99297914676099,87.36566888167309,85.7286622366538,25.642606377500016,51.28521276,8.10857569,43.17663707,WIN,TAKE_PROFIT,5171.69791257
BTCUSDT,SHORT,77829.7,78231.22740454772,0.06440031058895308,78231.22740454772,77026.64519090454,25.858489562850014,-25.85848956,10.0503722,-35.90886176,LOSS,STOP_LOSS,5135.78905081
BTCUSDT,LONG,78156.4,77824.53265206104,0.07737713702034352,77824.53265206104,78820.13469587789,25.678945254050014,-25.67894525,12.069358,-37.74830325,LOSS,STOP_LOSS,5098.04074756
BTCUSDT,SHORT,77541.9,76890.45893332042,0.07825789635192895,77867.62053333978,76890.45893332042,25.490203737800012,50.98040748,12.08555154,38.89485594,WIN,TAKE_PROFIT,5136.9356035
BTCUSDT,LONG,77826.8,77479.45649569346,0.07394604389904533,77479.45649569346,78521.4870086131,25.68467801750001,-25.68467802,11.48428326,-37.16896128,LOSS,STOP_LOSS,5099.76664222
SOLUSDT,SHORT,85.54,85.92996404143477,65.38765245452895,85.92996404143477,84.76007191713047,25.49883321110001,-25.49883321,11.21201842,-36.71085163,LOSS,STOP_LOSS,5063.05579059
BTCUSDT,LONG,78132.8,77744.03282547215,0.06511681183910338,77744.03282547215,78910.3343490557,25.315278952950006,-25.31527895,10.15020239,-35.46548135,LOSS,STOP_LOSS,5027.59030924
ETHUSDT,SHORT,2317.4,2289.443360654479,1.7983528875209642,2331.3783196727604,2289.443360654479,25.137951546200007,50.27590309,8.28473006,41.99117303,WIN,TAKE_PROFIT,5069.58148227
BTCUSDT,LONG,77982.5,77456.7183182633,0.04820994776315528,77456.7183182633,79034.0633634734,25.347907411350008,-25.34790741,7.4937166,-32.84162401,LOSS,STOP_LOSS,5036.73985826
SOLUSDT,SHORT,85.29,85.68345863001728,64.00596497322698,85.68345863001728,84.50308273996544,25.18369929130001,-25.18369929,10.9433212,-36.1270205,LOSS,STOP_LOSS,5000.61283776
SOLUSDT,SHORT,85.58,84.8142578725125,65.30413644822787,85.96287106374375,84.8142578725125,25.003064188800007,50.00612838,11.12744987,38.87867851,WIN,TAKE_PROFIT,5039.49151627
SOLUSDT,LONG,86.44,85.98859463498053,55.82002238777878,85.98859463498053,87.34281073003893,25.197457581350008,-25.19745758,9.62496801,-34.82242559,LOSS,STOP_LOSS,5004.66909068
BTCUSDT,LONG,78050.1,77727.45136634608,0.07755602486214418,77727.45136634608,78695.39726730784,25.023345453400008,-25.02334545,12.08148765,-37.1048331,LOSS,STOP_LOSS,4967.56425758
SOLUSDT,LONG,86.13,85.65205863778185,51.9683443438057,85.65205863778185,87.08588272443627,24.837821287900006,-24.83782129,8.92722918,-33.76505046,LOSS,STOP_LOSS,4933.79920712
ETHUSDT,SHORT,2307.3,2319.5611970716864,2.0119565725410338,2319.5611970716864,2282.777605856628,24.668996035600006,-24.66899604,9.3090438,-33.97803983,LOSS,STOP_LOSS,4899.82116729
BTCUSDT,LONG,77944.4,77565.78996136291,0.06470801969393634,77565.78996136291,78701.62007727414,24.499105836450006,-24.49910584,10.06275643,-34.56186227,LOSS,STOP_LOSS,4865.25930502
SOLUSDT,LONG,86.25,85.74532367245178,48.2017784414027,85.74532367245178,87.25935265509644,24.326296525100005,-24.32629653,8.29048048,-32.61677701,LOSS,STOP_LOSS,4832.64252801
BTCUSDT,LONG,78369.7,78029.45614200221,0.0710173367485364,78029.45614200221,79050.18771599558,24.163212640050006,-24.16321264,11.10705154,-35.27026418,LOSS,STOP_LOSS,4797.37226383
BTCUSDT,LONG,78241.3,79023.82894024864,0.06130600437992315,77850.03552987568,79023.82894024864,23.98686131915001,47.97372264,9.64129668,38.33242595,WIN,TAKE_PROFIT,4835.70468978
SOLUSDT,LONG,87.31,86.78562917128913,46.109589101936116,86.78562917128913,88.35874165742175,24.178523448900005,-24.17852345,8.02747793,-32.20600137,LOSS,STOP_LOSS,4803.49868841
SOLUSDT,SHORT,85.27,85.7451191550247,50.55046336913357,85.7451191550247,84.31976168995058,24.017493442050004,-24.01749344,8.64489352,-32.66238696,LOSS,STOP_LOSS,4770.83630145
BTCUSDT,SHORT,77776.0,77140.6759264046,0.07509295648834892,78093.6620367977,77140.6759264046,23.854181507250004,47.70836301,11.6331512,36.07521181,WIN,TAKE_PROFIT,4806.91151326
SOLUSDT,SHORT,84.28,84.75904637720365,50.17167170034311,84.75904637720365,83.32190724559271,24.034557566300006,-24.03455757,8.48097154,-32.51552911,LOSS,STOP_LOSS,4774.39598415
ETHUSDT,SHORT,2280.38,2289.854132740467,2.5197008079468897,2289.854132740467,2261.4317345190666,23.871979920750004,-23.87197992,11.51562264,-35.38760256,LOSS,STOP_LOSS,4739.00838159
ETHUSDT,SHORT,2284.85,2294.6363057449494,2.421244801203879,2294.6363057449494,2265.2773885101014,23.695041907950003,-23.69504191,11.08805741,-34.78309932,LOSS,STOP_LOSS,4704.22528227
ETHUSDT,SHORT,2286.88,2266.783313671538,2.3407964902191742,2296.928343164231,2266.783313671538,23.521126411350007,47.04225282,10.6591991,36.38305372,WIN,TAKE_PROFIT,4740.60833599
ETHUSDT,SHORT,2270.58,2281.2748693022077,2.216300266059119,2281.2748693022077,2249.190261395585,23.703041679950005,-23.70304168,10.08827716,-33.79131884,LOSS,STOP_LOSS,4706.81701715
ETHUSDT,SHORT,2281.42,2259.6406152571662,2.1611340599043984,2292.309692371417,2259.6406152571662,23.534085085750007,47.06817017,9.81384076,37.25432941,WIN,TAKE_PROFIT,4744.07134656
ETHUSDT,SHORT,2266.52,2276.977033355016,2.2683638779273703,2276.977033355016,2245.605933289968,23.720356732800006,-23.72035673,10.30630455,-34.02666128,LOSS,STOP_LOSS,4710.04468528
ETHUSDT,SHORT,2275.77,2287.2927481479473,2.043802669643089,2287.2927481479473,2252.7245037041052,23.550223426400006,-23.55022343,9.32599983,-32.87622325,LOSS,STOP_LOSS,4677.16846203
ETHUSDT,LONG,2295.91,2284.1073637790987,1.9814083796581148,2284.1073637790987,2319.515272441802,23.385842310150007,-23.38584231,9.07488478,-32.46072709,LOSS,STOP_LOSS,4644.70773494
SOLUSDT,SHORT,84.19,83.35629645291483,55.711742515418734,84.60685177354259,83.35629645291483,23.22353867470001,46.44707735,9.33429613,37.11278122,WIN,TAKE_PROFIT,4681.82051616
BTCUSDT,SHORT,76226.6,75458.57150864079,0.06095894317506846,76610.61424567961,75458.57150864079,23.40910258080001,46.81820516,9.24656775,37.57163741,WIN,TAKE_PROFIT,4719.39215357
BTCUSDT,SHORT,75146.9,75653.5312135298,0.04657620797472196,75653.5312135298,74133.63757294038,23.59696076785001,-23.59696077,7.02371225,-30.62067301,LOSS,STOP_LOSS,4688.77148056
BTCUSDT,SHORT,75484.4,75925.69155666538,0.05312555168730942,75925.69155666538,74601.81688666923,23.44385740280001,-23.4438574,8.04374464,-31.48760205,LOSS,STOP_LOSS,4657.28387851
ETHUSDT,SHORT,2251.52,2267.557125770788,1.4520319741438075,2267.557125770788,2219.4457484584236,23.28641939255001,-23.28641939,6.56184448,-29.84826387,LOSS,STOP_LOSS,4627.43561464
BTCUSDT,SHORT,75575.5,75939.71157321679,0.06352675141223058,75939.71157321679,74847.07685356644,23.137178073200012,-23.13717807,9.62526918,-32.76244725,LOSS,STOP_LOSS,4594.67316739
ETHUSDT,SHORT,2252.98,2267.509855713,1.58111451969863,2267.509855713,2223.9202885740006,22.97336583695001,-22.97336584,7.14741215,-30.12077798,LOSS,STOP_LOSS,4564.55238941
SOLUSDT,SHORT,82.97,83.32271320223195,64.70628772223134,83.32271320223195,82.2645735955361,22.82276194705001,-22.82276195,10.76018415,-33.58294609,LOSS,STOP_LOSS,4530.96944332
SOLUSDT,SHORT,82.9,83.25049946888521,64.63589599338388,83.25049946888521,82.19900106222961,22.65484721660001,-22.65484722,10.7392864,-33.39413362,LOSS,STOP_LOSS,4497.5753097
ETHUSDT,SHORT,2257.29,2270.5191429809356,1.6998740266778545,2270.5191429809356,2230.8317140381287,22.48787654850001,-22.48787655,7.69670516,-30.18458171,LOSS,STOP_LOSS,4467.39072799
ETHUSDT,SHORT,2259.01,2271.439152344179,1.7971421559098864,2271.439152344179,2234.1516953116425,22.33695363995001,-22.33695364,8.14186116,-30.4788148,LOSS,STOP_LOSS,4436.91191319
SOLUSDT,LONG,83.86,84.58063788908967,61.569228878525976,83.49968105545516,84.58063788908967,22.18455956595001,44.36911913,10.37076019,33.99835895,WIN,TAKE_PROFIT,4470.91027214
SOLUSDT,LONG,84.56,84.16596257425152,56.732051069101416,84.16596257425152,85.34807485149696,22.35455136070001,-22.35455136,9.57216993,-31.92672129,LOSS,STOP_LOSS,4438.98355085
BTCUSDT,LONG,78312.9,77891.9570439008,0.05272666386896252,77891.9570439008,79154.7859121984,22.19491775425001,-22.19491775,8.23616099,-30.43107875,LOSS,STOP_LOSS,4408.5524721
SOLUSDT,SHORT,83.46,83.8267912943743,60.096198297459246,83.8267912943743,82.72641741125139,22.04276236050001,-22.04276236,10.05330018,-32.09606254,LOSS,STOP_LOSS,4376.45640956
BTCUSDT,LONG,79240.1,78914.82320814597,0.06727280456461057,78914.82320814597,79890.65358370807,21.882282047800008,-21.88228205,10.63952524,-32.52180729,LOSS,STOP_LOSS,4343.93460227
SOLUSDT,SHORT,83.87,84.28416895081104,52.44157720857141,84.28416895081104,83.04166209837793,21.71967301135001,-21.71967301,8.81826983,-30.53794285,LOSS,STOP_LOSS,4313.39665942
BTCUSDT,LONG,78749.9,79453.87782665434,0.06127176874191393,78397.91108667283,79453.87782665434,21.56698329710001,43.13396659,9.69342529,33.44054131,WIN,TAKE_PROFIT,4346.83720073
ETHUSDT,LONG,2350.48,2384.4613690717997,1.279182481301883,2333.4893154641,2384.4613690717997,21.73418600365001,43.46837201,6.05685405,37.41151796,WIN,TAKE_PROFIT,4384.24871869
BTCUSDT,LONG,80136.6,79609.9511225866,0.04162402035510759,79609.9511225866,81189.89775482682,21.92124359345001,-21.92124359,6.6492937,-28.57053729,LOSS,STOP_LOSS,4355.6781814
BTCUSDT,LONG,79824.7,79414.58387686494,0.053102986394486254,79414.58387686494,80644.9322462701,21.778390907000013,-21.77839091,8.45608153,-30.23447243,LOSS,STOP_LOSS,4325.44370897
SOLUSDT,SHORT,84.0,84.58661275210514,36.8679652244822,84.58661275210514,82.82677449578972,21.62721854485001,-21.62721854,6.21544538,-27.84266392,LOSS,STOP_LOSS,4297.60104505
ETHUSDT,LONG,2351.6,2336.037236826185,1.3807320066018034,2336.037236826185,2382.7255263476295,21.488005225250014,-21.48800523,6.47237077,-27.96037599,LOSS,STOP_LOSS,4269.64066906
BTCUSDT,LONG,79976.7,81247.12694941665,0.033607919534614075,79341.48652529168,81247.12694941665,21.34820334530001,42.69640669,5.4183974,37.27800929,WIN,TAKE_PROFIT,4306.91867835
BTCUSDT,LONG,80988.1,80653.95374959696,0.06444661092493097,80653.95374959696,81656.3925008061,21.534593391750015,-21.53459339,10.41728255,-31.95187594,LOSS,STOP_LOSS,4274.96680241
ETHUSDT,LONG,2375.18,2394.5877441269295,2.202711852779509,2365.476127936535,2394.5877441269295,21.374834012050016,42.74966802,10.50642394,32.24324408,WIN,TAKE_PROFIT,4307.21004649
ETHUSDT,LONG,2388.91,2378.467988701772,2.062442724621886,2378.467988701772,2409.794022596456,21.536050232450016,-21.53605023,9.83244405,-31.36849428,LOSS,STOP_LOSS,4275.84155221
BTCUSDT,LONG,81354.4,80982.8011540296,0.057533030559393974,80982.8011540296,82097.59769194077,21.379207761050015,-21.37920776,9.33975115,-30.71895892,LOSS,STOP_LOSS,4245.12259329
SOLUSDT,LONG,86.35,87.35252378894542,42.34435771100796,85.84873810552729,87.35252378894542,21.225612966450015,42.45122593,7.3553218,35.09590413,WIN,TAKE_PROFIT,4280.21849742
BTCUSDT,LONG,81576.7,81225.98545347199,0.06102139959395937,81225.98545347199,82278.12909305602,21.40109248710002,-21.40109249,9.93444772,-31.33554021,LOSS,STOP_LOSS,4248.88295721
ETHUSDT,SHORT,2364.56,2375.781973203742,1.8931086717410845,2375.781973203742,2342.116053592516,21.24441478605002,-21.24441479,8.9739825,-30.21839728,LOSS,STOP_LOSS,4218.66455993
ETHUSDT,LONG,2389.3,2411.5194941524155,1.8986321340134473,2378.1902529237923,2411.5194941524155,21.093322799650018,42.1866456,9.11499016,33.07165544,WIN,TAKE_PROFIT,4251.73621537
BTCUSDT,LONG,82643.0,82290.86162593291,0.06037024829563087,82290.86162593291,83347.27674813419,21.258681076850017,-21.25868108,9.95709818,-31.21577926,LOSS,STOP_LOSS,4220.52043611
BTCUSDT,LONG,82150.0,81791.18614875167,0.05881211694346091,81791.18614875167,82867.62770249665,21.102602180550015,-21.10260218,9.64172821,-30.74433039,LOSS,STOP_LOSS,4189.77610572
SOLUSDT,LONG,88.71,87.95479779199893,27.739432309194697,87.95479779199893,90.22040441600213,20.948880528600014,-20.94888053,4.9005812,-25.84946173,LOSS,STOP_LOSS,4163.92664399
SOLUSDT,SHORT,88.29,88.80478227157933,40.443570747059184,88.80478227157933,87.26043545684136,20.819633219950013,-20.81963322,7.16234536,-27.98197858,LOSS,STOP_LOSS,4135.94466541
SOLUSDT,LONG,88.53,89.58135990842946,39.3389992546733,88.00432004578526,89.58135990842946,20.679723327050013,41.35944665,7.00672265,34.352724,WIN,TAKE_PROFIT,4170.29738941
SOLUSDT,LONG,90.14,89.55643947250488,35.73148964778863,89.55643947250488,91.30712105499025,20.851486947050017,-20.85148695,6.42082147,-27.27230841,LOSS,STOP_LOSS,4143.025081
SOLUSDT,LONG,89.56,88.95814446517628,34.41876697381739,88.95814446517628,90.76371106964746,20.715125405000016,-20.71512541,6.14437441,-26.85949982,LOSS,STOP_LOSS,4116.16558118
ETHUSDT,SHORT,2317.29,2328.0858276362146,1.9063687008915786,2328.0858276362146,2295.6983447275707,20.58082790590002,-20.58082791,8.85579908,-29.43662699,LOSS,STOP_LOSS,4086.72895419
SOLUSDT,LONG,89.41,88.81873525312136,34.559213751237245,88.81873525312136,90.59252949375727,20.433644770950018,-20.43364477,6.15944496,-26.59308973,LOSS,STOP_LOSS,4060.13586446
BTCUSDT,SHORT,80457.5,79775.01362217695,0.059490357557182884,80798.74318891153,79775.01362217695,20.300679322300017,40.60135864,9.53228953,31.06906912,WIN,TAKE_PROFIT,4091.20493358
SOLUSDT,SHORT,88.03,88.72071078638645,29.6159044727223,88.72071078638645,86.6485784272271,20.45602466790002,-20.45602467,5.23463217,-25.69065683,LOSS,STOP_LOSS,4065.51427675
SOLUSDT,LONG,88.81,88.1497555017275,30.78794512780643,88.1497555017275,90.13048899654501,20.32757138375002,-20.32757138,5.44822724,-25.77579863,LOSS,STOP_LOSS,4039.73847812
ETHUSDT,SHORT,2288.99,2264.9496580754517,1.6803997592043212,2301.0101709622736,2264.9496580754517,20.19869239060002,40.39738478,7.6524391,32.74494568,WIN,TAKE_PROFIT,4072.4834238
ETHUSDT,SHORT,2271.7,2282.44749283929,1.8946202080320946,2282.44749283929,2250.2050143214187,20.36241711900002,-20.36241712,8.62837987,-28.99079699,LOSS,STOP_LOSS,4043.49262681
ETHUSDT,SHORT,2281.49,2290.8484088173427,2.160352633514276,2290.8484088173427,2262.773182365314,20.21746313405002,-20.21746313,9.87786332,-30.09532646,LOSS,STOP_LOSS,4013.39730035
SOLUSDT,LONG,88.53,88.12442744591742,49.478166852642175,88.12442744591742,89.34114510816515,20.06698650175002,-20.0669865,8.74053724,-28.80752374,LOSS,STOP_LOSS,3984.58977661
ETHUSDT,SHORT,2275.01,2285.236398771871,1.948188147899261,2285.236398771871,2254.557202456259,19.922948883050022,-19.92294888,8.88421799,-28.80716687,LOSS,STOP_LOSS,3955.78260974
SOLUSDT,LONG,88.99,88.4982762158943,40.22362490492914,88.4982762158943,89.9734475682114,19.778913048700023,-19.77891305,7.13922185,-26.9181349,LOSS,STOP_LOSS,3928.86447484
ETHUSDT,SHORT,2276.84,2289.0325965542206,1.611168079485114,2289.0325965542206,2252.4548068915597,19.644322374200023,-19.64432237,7.35638818,-27.00071056,LOSS,STOP_LOSS,3901.86376428
SOLUSDT,LONG,89.55,90.76618034541184,32.08293719759702,88.94190982729407,90.76618034541184,19.509318821400022,39.01863764,5.78507269,33.23356495,WIN,TAKE_PROFIT,3935.09732923
SOLUSDT,LONG,91.47,92.92793586568511,26.99088088748565,90.74103206715745,92.92793586568511,19.675486646150024,39.35097329,4.97706272,34.37391057,WIN,TAKE_PROFIT,3969.4712398
SOLUSDT,LONG,93.15,92.62005623384565,37.4518155822955,92.62005623384565,94.20988753230871,19.847356199000025,-19.8473562,6.95742589,-26.80478209,LOSS,STOP_LOSS,3942.66645771
SOLUSDT,LONG,93.51,93.04992994508187,42.84854464622298,93.04992994508187,94.43014010983627,19.713332288550024,-19.71333229,7.99382149,-27.70715378,LOSS,STOP_LOSS,3914.95930393
SOLUSDT,LONG,94.46,94.06710698074498,49.82220492684457,94.06710698074498,95.24578603851002,19.57479651965002,-19.57479652,9.39283616,-28.96763268,LOSS,STOP_LOSS,3885.99167125
SOLUSDT,LONG,93.78,93.3393819375717,44.097053691283,93.3393819375717,94.66123612485661,19.429958356250022,-19.42995836,8.25141343,-27.68137179,LOSS,STOP_LOSS,3858.31029946
SOLUSDT,LONG,93.71,94.63180169465053,41.8561857919206,93.24909915267473,94.63180169465053,19.291551497300023,38.58310299,7.88326944,30.69983355,WIN,TAKE_PROFIT,3889.01013301
SOLUSDT,LONG,94.65,95.68909708655717,37.42682164469785,94.13045145672143,95.68909708655717,19.445050665050022,38.89010133,7.12378744,31.76631389,WIN,TAKE_PROFIT,3920.7764469
SOLUSDT,LONG,95.9,95.28406286587413,31.827732325834674,95.28406286587413,97.13187426825175,19.603882234500023,-19.60388223,6.08495518,-25.68883741,LOSS,STOP_LOSS,3895.08760949
SOLUSDT,LONG,95.45,94.4943823949811,20.379948993368217,94.4943823949811,97.36123521003782,19.475438047450027,-19.47543805,3.87105682,-23.34649487,LOSS,STOP_LOSS,3871.74111462
SOLUSDT,LONG,95.54,94.83636455399224,27.512408141084787,94.83636455399224,96.94727089201555,19.358705573100025,-19.35870557,5.23771224,-24.59641782,LOSS,STOP_LOSS,3847.1446968
SOLUSDT,SHORT,94.58,95.21565336653074,30.261341317178072,95.21565336653074,93.30869326693852,19.235723484000026,-19.23572348,5.74347105,-24.97919453,LOSS,STOP_LOSS,3822.16550227
SOLUSDT,LONG,95.3,94.62190347097375,28.183048715488063,94.62190347097375,96.65619305805248,19.110827511350024,-19.11082751,5.35257826,-24.46340577,LOSS,STOP_LOSS,3797.7020965
SOLUSDT,SHORT,94.6,95.39318825399621,23.93947513321423,95.39318825399621,93.01362349200757,18.988510482500025,-18.98851048,4.54833721,-23.53684769,LOSS,STOP_LOSS,3774.16524881
SOLUSDT,LONG,95.28,96.94585525434042,22.656021517934132,94.4470723728298,96.94585525434042,18.870826244050026,37.74165249,4.35507311,33.38657938,WIN,TAKE_PROFIT,3807.55182819
BTCUSDT,LONG,81751.6,81343.67088148383,0.04666928217872607,81343.67088148383,82567.45823703235,19.037759140950026,-19.03775914,7.61153922,-26.64929836,LOSS,STOP_LOSS,3780.90252983
BTCUSDT,LONG,81478.0,81073.11061136141,0.04669056087815697,81073.11061136141,82287.77877727718,18.904512649150025,-18.90451265,7.58960253,-26.49411517,LOSS,STOP_LOSS,3754.40841466
SOLUSDT,LONG,96.68,96.18332580540724,37.79548500338662,96.18332580540724,97.67334838918553,18.772042073300028,-18.77204207,7.28936294,-26.06140501,LOSS,STOP_LOSS,3728.34700965
SOLUSDT,SHORT,95.98,94.94176981489215,35.91060116656784,96.49911509255394,94.94176981489215,18.641735048250027,37.2834701,6.85611553,30.42735457,WIN,TAKE_PROFIT,3758.77436422
ETHUSDT,SHORT,2285.37,2266.969273005074,2.042731444935003,2294.570363497463,2266.969273005074,18.793871821100026,37.58774364,9.29920658,28.28853706,WIN,TAKE_PROFIT,3787.06290128
ETHUSDT,SHORT,2276.64,2289.5570778420442,1.4659131684386628,2289.5570778420442,2250.805844315911,18.935314506400026,-18.93531451,6.69364843,-25.62896293,LOSS,STOP_LOSS,3761.43393835
SOLUSDT,LONG,95.52,95.088444609919,43.57996707727415,95.088444609919,96.38311078016199,18.807169691750026,-18.80716969,8.30670974,-27.11387943,LOSS,STOP_LOSS,3734.32005892
SOLUSDT,LONG,95.38,94.92406922540228,40.95270890865901,94.92406922540228,96.29186154919545,18.671600294600026,-18.67160029,7.79346715,-26.46506745,LOSS,STOP_LOSS,3707.85499147
SOLUSDT,LONG,95.67,95.20966561847615,40.2734961833163,95.20966561847615,96.5906687630477,18.539274957350028,-18.53927496,7.68739148,-26.22666644,LOSS,STOP_LOSS,3681.62832503
ETHUSDT,SHORT,2300.74,2282.1789603792554,1.9835248457286232,2310.020519810372,2282.1789603792554,18.40814162515003,36.81628325,9.09033362,27.72594963,WIN,TAKE_PROFIT,3709.35427466
ETHUSDT,SHORT,2283.08,2258.4081850633047,1.503478477030471,2295.4159074683475,2258.4081850633047,18.54677137330003,37.09354275,6.82802974,30.26551301,WIN,TAKE_PROFIT,3739.61978767
ETHUSDT,SHORT,2261.13,2234.2649553205188,1.3920020726882407,2274.5625223397406,2234.2649553205188,18.69809893835003,37.39619788,6.2575991,31.13859878,WIN,TAKE_PROFIT,3770.75838645
ETHUSDT,SHORT,2235.38,2250.1047178080107,1.280417878160847,2250.1047178080107,2205.9305643839793,18.85379193225003,-18.85379193,5.74329482,-24.59708676,LOSS,STOP_LOSS,3746.16129969
ETHUSDT,SHORT,2251.26,2265.569236524854,1.3090011102909878,2265.569236524854,2222.6415269502927,18.73080649845003,-18.7308065,5.91253449,-24.64334098,LOSS,STOP_LOSS,3721.51795871
ETHUSDT,SHORT,2261.21,2237.9688905916664,1.6012651949289463,2272.830554704167,2237.9688905916664,18.607589793550027,37.21517959,7.20437856,30.01080102,WIN,TAKE_PROFIT,3751.52875973
BTCUSDT,SHORT,79229.3,79552.32772574185,0.05806821614328132,79552.32772574185,78583.24454851632,18.75764379865003,-18.7576438,9.22016588,-27.97780968,LOSS,STOP_LOSS,3723.55095005
ETHUSDT,SHORT,2254.65,2264.4167776233753,1.906233096337902,2264.4167776233753,2235.11644475325,18.61775475025003,-18.61775475,8.61439466,-27.23214941,LOSS,STOP_LOSS,3696.31880064
BTCUSDT,LONG,80114.3,80807.14968186428,0.053349505634385376,79767.87515906787,80807.14968186428,18.481594003200026,36.96318801,8.58507979,28.37810822,WIN,TAKE_PROFIT,3724.69690886
SOLUSDT,LONG,93.1,92.41977885216018,27.37857328229641,92.41977885216018,94.46044229567961,18.623484544300027,-18.62348454,5.07926686,-23.7027514,LOSS,STOP_LOSS,3700.99415746
SOLUSDT,LONG,93.27,92.51105864214252,24.382609533285084,92.51105864214252,94.78788271571494,18.504970787300024,-18.50497079,4.52982701,-23.0347978,LOSS,STOP_LOSS,3677.95935966
SOLUSDT,LONG,92.38,91.58563219654125,23.150229299613304,91.58563219654125,93.96873560691748,18.389796798300026,-18.3897968,4.25884657,-22.64864337,LOSS,STOP_LOSS,3655.31071629
ETHUSDT,SHORT,2267.87,2242.8728641532325,1.4622918156292317,2280.3685679233836,2242.8728641532325,18.276553581450024,36.55310716,6.59602237,29.95708479,WIN,TAKE_PROFIT,3685.26780108
ETHUSDT,SHORT,2245.51,2258.314157320181,1.4390903317282608,2258.314157320181,2219.901685359638,18.426339005400024,-18.42633901,6.4814098,-24.90774881,LOSS,STOP_LOSS,3660.36005227
ETHUSDT,SHORT,2261.05,2238.0464155226923,1.5912129067888587,2272.551792238654,2238.0464155226923,18.301800261350024,36.60360052,7.15902029,29.44458024,WIN,TAKE_PROFIT,3689.80463251
ETHUSDT,SHORT,2223.44,2200.4167771032494,1.602644707501294,2234.9516114483754,2200.4167771032494,18.449023162550024,36.89804633,7.08987065,29.80817567,WIN,TAKE_PROFIT,3719.61280818
ETHUSDT,SHORT,2193.11,2172.072399529894,1.768078452419278,2203.628800235053,2172.072399529894,18.598064040900024,37.19612808,7.71798494,29.47814314,WIN,TAKE_PROFIT,3749.09095132
ETHUSDT,SHORT,2176.16,2184.957647716427,2.1307348692308725,2184.957647716427,2158.5647045671462,18.745454756600026,-18.74545476,9.29238544,-28.0378402,LOSS,STOP_LOSS,3721.05311112
SOLUSDT,SHORT,86.33,86.76950735561414,42.33209141540401,86.76950735561414,85.45098528877173,18.605265555600024,-18.60526556,7.32766417,-25.93292972,LOSS,STOP_LOSS,3695.1201814
SOLUSDT,SHORT,85.94,86.31789820761587,48.89041687591254,86.31789820761587,85.18420358476826,18.475600907000022,-18.47560091,8.42176045,-26.89736136,LOSS,STOP_LOSS,3668.22282004
SOLUSDT,SHORT,86.28,86.62989610977279,52.41874255792779,86.62989610977279,85.58020778045443,18.341114100200024,-18.3411141,9.06371933,-27.40483343,LOSS,STOP_LOSS,3640.81798661
SOLUSDT,SHORT,86.07,85.32812816201117,49.07610452608756,86.4409359189944,85.32812816201117,18.20408993305002,36.40817987,8.41155245,27.99662741,WIN,TAKE_PROFIT,3668.81461402
BTCUSDT,SHORT,77216.0,77586.1096186104,0.049563891743679034,77586.1096186104,76475.7807627792,18.344073070100023,-18.34407307,7.672595,-26.01666807,LOSS,STOP_LOSS,3642.79794595
BTCUSDT,SHORT,76785.0,76079.87188518734,0.051661504759569425,77137.56405740633,76079.87188518734,18.213989729750026,36.42797946,7.89722931,28.53075015,WIN,TAKE_PROFIT,3671.3286961
BTCUSDT,SHORT,76251.7,76673.73152814667,0.04349590553367489,76673.73152814667,75407.63694370666,18.356643480500026,-18.35664348,6.65163012,-25.0082736,LOSS,STOP_LOSS,3646.3204225
ETHUSDT,SHORT,2107.01,2077.896413910834,1.2524463359932427,2121.5667930445834,2077.896413910834,18.231602112500024,36.46320423,5.2413707,31.22183352,WIN,TAKE_PROFIT,3677.54225602
ETHUSDT,SHORT,2087.53,2103.735704206809,1.1346443848070746,2103.735704206809,2055.1185915863825,18.387711280100024,-18.38771128,4.7555961,-23.14330738,LOSS,STOP_LOSS,3654.39894864
SOLUSDT,LONG,85.47,84.99857796202701,38.75931388733098,84.99857796202701,86.41284407594596,18.271994743200025,-18.27199474,6.60724512,-24.87923986,LOSS,STOP_LOSS,3629.51970878
BTCUSDT,SHORT,76735.1,77046.83042734038,0.05821567916462995,77046.83042734038,76111.63914531926,18.147598543900028,-18.14759854,8.95251952,-27.10011807,LOSS,STOP_LOSS,3602.41959071
SOLUSDT,LONG,85.52,85.05743160084683,38.93931791822554,85.05743160084683,86.44513679830634,18.012097953550025,-18.01209795,6.64216884,-24.65426679,LOSS,STOP_LOSS,3577.76532392
ETHUSDT,SHORT,2130.88,2112.344955121188,1.9302706561071354,2140.147522439406,2112.344955121188,17.888826619600028,35.77765324,8.19057262,27.58708062,WIN,TAKE_PROFIT,3605.35240454
SOLUSDT,SHORT,84.7,83.73787981744553,37.472994225811085,85.18106009127725,83.73787981744553,18.026762022700026,36.05352405,6.3118717,29.74165235,WIN,TAKE_PROFIT,3635.09405689
BTCUSDT,SHORT,76365.7,76735.40185383867,0.04916250783092044,76735.40185383867,75626.29629232263,18.17547028445003,-18.17547028,7.52683412,-25.7023044,LOSS,STOP_LOSS,3609.39175249
ETHUSDT,SHORT,2111.8,2122.8393953317,1.634777831592653,2122.8393953317,2089.721209336601,18.04695876245003,-18.04695876,6.92269461,-24.96965337,LOSS,STOP_LOSS,3584.42209912
ETHUSDT,LONG,2125.0,2116.127041562023,2.019857370106873,2116.127041562023,2142.745916875954,17.92211049560003,-17.9221105,8.56647171,-26.48858221,LOSS,STOP_LOSS,3557.93351691
ETHUSDT,SHORT,2119.74,2128.65567234057,1.9953254118142754,2128.65567234057,2101.9086553188586,17.78966758455003,-17.78966758,8.47693184,-26.26659943,LOSS,STOP_LOSS,3531.66691748
ETHUSDT,LONG,2132.56,2121.579164674842,1.60810485400354,2121.579164674842,2154.5216706503156,17.65833458740003,-17.65833459,6.84110184,-24.49943643,LOSS,STOP_LOSS,3507.16748105
ETHUSDT,SHORT,2124.11,2133.064595475936,1.9583059282102353,2133.064595475936,2106.200809048128,17.535837405250028,-17.53583741,8.33685025,-25.87268765,LOSS,STOP_LOSS,3481.2947934
SOLUSDT,LONG,86.8,86.39676092421993,43.166634913362714,86.39676092421993,87.60647815156014,17.40647396700003,-17.40647397,7.47632135,-24.88279531,LOSS,STOP_LOSS,3456.41199809
ETHUSDT,SHORT,2115.88,2125.264349956239,1.8415830687303625,2125.264349956239,2097.1113000875225,17.28205999045003,-17.28205999,7.81041963,-25.09247962,LOSS,STOP_LOSS,3431.31951847
BTCUSDT,SHORT,77117.7,77452.15417964966,0.051297303595732154,77452.15417964966,76448.79164070069,17.15659759235003,-17.15659759,7.92901674,-25.08561433,LOSS,STOP_LOSS,3406.23390414
SOLUSDT,LONG,86.67,87.9094336876561,27.482179466830118,86.05028315617196,87.9094336876561,17.03116952070003,34.06233904,4.79782333,29.26451571,WIN,TAKE_PROFIT,3435.49841985
ETHUSDT,LONG,2146.66,2133.718074602226,1.327274850634229,2133.718074602226,2172.543850795548,17.177492099250028,-17.1774921,5.68123817,-22.85873027,LOSS,STOP_LOSS,3412.63968958
BTCUSDT,SHORT,77354.5,77750.10243797398,0.04313218729208651,77750.10243797398,76563.29512405202,17.063198447900028,-17.06319845,6.69000076,-23.75319921,LOSS,STOP_LOSS,3388.88649037
SOLUSDT,SHORT,86.69,87.06321230511809,45.40159105013571,87.06321230511809,85.94357538976382,16.94443245185003,-16.94443245,7.88867229,-24.83310474,LOSS,STOP_LOSS,3364.05338563
SOLUSDT,LONG,87.29,86.90015957636633,43.146543838039236,86.90015957636633,88.06968084726735,16.82026692815003,-16.82026693,7.51570336,-24.33597028,LOSS,STOP_LOSS,3339.71741535
ETHUSDT,SHORT,2117.11,2125.9523232604633,1.8884841217482164,2125.9523232604633,2099.4253534790732,16.69858707675003,-16.69858708,8.01295583,-24.7115429,LOSS,STOP_LOSS,3315.00587245
ETHUSDT,SHORT,2119.0,2100.783148575804,1.8197468899850011,2128.1084257120983,2100.783148575804,16.575029362250028,33.15005872,7.67893726,25.47112146,WIN,TAKE_PROFIT,3340.47699391
BTCUSDT,SHORT,76211.2,75570.21934633929,0.052115098557689934,76531.69032683034,75570.21934633929,16.70238496955003,33.40476994,7.91010363,25.49466631,WIN,TAKE_PROFIT,3365.97166022
SOLUSDT,SHORT,84.85,83.72349103223436,29.87967034915155,85.41325448388281,83.72349103223436,16.829858301100032,33.6597166,5.03692034,28.62279626,WIN,TAKE_PROFIT,3394.59445648
SOLUSDT,SHORT,81.92,82.50876677952388,28.828006050419155,82.50876677952388,80.74246644095226,16.97297228240003,-16.97297228,4.74015348,-21.71312577,LOSS,STOP_LOSS,3372.88133071
SOLUSDT,LONG,85.98,85.56256715999208,40.40028727310964,85.56256715999208,86.81486568001584,16.86440665355003,-16.86440665,6.93036899,-23.79477565,LOSS,STOP_LOSS,3349.08655506
SOLUSDT,LONG,86.23,86.99929518037314,43.53447987852439,85.84535240981343,86.99929518037314,16.74543277530003,33.49086555,7.54144727,25.94941829,WIN,TAKE_PROFIT,3375.03597335
SOLUSDT,LONG,86.61,86.17911874917951,39.16434013922838,86.17911874917951,87.471762501641,16.87517986675003,-16.87517987,6.76717182,-23.64235169,LOSS,STOP_LOSS,3351.39362166
SOLUSDT,SHORT,85.22,85.75274502357325,31.454011519256635,85.75274502357325,84.15450995285347,16.756968108300033,-16.75696811,5.37777869,-22.1347468,LOSS,STOP_LOSS,3329.25887486
SOLUSDT,SHORT,85.47,84.46790647803832,33.22303559395032,85.97104676098084,84.46790647803832,16.646294374300034,33.29258875,5.64585312,27.64673563,WIN,TAKE_PROFIT,3356.90561049
ETHUSDT,SHORT,2087.8,2070.2094302346836,1.9083552467463907,2096.5952848826582,2070.2094302346836,16.78452805245003,33.5690561,7.93495911,25.63409699,WIN,TAKE_PROFIT,3382.53970748
ETHUSDT,SHORT,2068.56,2079.2545502481826,1.5814314903306987,2079.2545502481826,2047.1708995036347,16.912698537400033,-16.91269854,6.55948455,-23.47218308,LOSS,STOP_LOSS,3359.0675244
ETHUSDT,SHORT,2090.52,2104.2853096271956,1.2201205840526932,2104.2853096271956,2062.9893807456087,16.795337622000034,-16.79533762,5.1181683,-21.91350593,LOSS,STOP_LOSS,3337.15401847
BTCUSDT,LONG,77159.5,77844.30703567748,0.04873130450782424,76817.09648216126,77844.30703567748,16.685770092350033,33.37154018,7.55353772,25.81800246,WIN,TAKE_PROFIT,3362.97202093
SOLUSDT,LONG,86.21,85.86084099338852,48.15817374392029,85.86084099338852,86.90831801322294,16.814860104650034,-16.8148601,8.28661746,-25.10147756,LOSS,STOP_LOSS,3337.87054337
SOLUSDT,SHORT,85.36,84.64685141861698,46.80470003735795,85.71657429069151,84.64685141861698,16.68935271685003,33.37870543,7.95711968,25.42158575,WIN,TAKE_PROFIT,3363.29212912
SOLUSDT,SHORT,84.79,83.98935111626706,42.007079475824284,85.19032444186648,83.98935111626706,16.81646064560003,33.63292129,7.08992762,26.54299367,WIN,TAKE_PROFIT,3389.83512279
ETHUSDT,SHORT,2097.88,2108.080294555567,1.6616358990044744,2108.080294555567,2077.479410888866,16.949175613950032,-16.94917561,6.98877462,-23.93795023,LOSS,STOP_LOSS,3365.89717256
SOLUSDT,LONG,85.28,84.83055818398853,37.44530496105577,84.83055818398853,86.17888363202293,16.829485862800034,-16.82948586,6.36984173,-23.19932759,LOSS,STOP_LOSS,3342.69784497
ETHUSDT,LONG,2116.78,2138.5137594953153,1.5380209970992673,2105.9131202523427,2138.5137594953153,16.713489224850033,33.42697845,6.54473115,26.8822473,WIN,TAKE_PROFIT,3369.58009227
BTCUSDT,SHORT,76873.6,75842.41685548317,0.03267683447103688,77389.19157225842,75842.41685548317,16.847900461350033,33.69580092,4.990276,28.70552492,WIN,TAKE_PROFIT,3398.28561719
BTCUSDT,SHORT,76005.5,75066.24870553079,0.036180792480146745,76475.12564723461,75066.24870553079,16.991428085950034,33.98285617,5.46589559,28.51696058,WIN,TAKE_PROFIT,3426.80257777
SOLUSDT,SHORT,83.03,83.58581536516303,30.826806818887174,83.58581536516303,81.91836926967393,17.134012888850034,-17.13401289,5.13623355,-22.27024644,LOSS,STOP_LOSS,3404.53233133
BTCUSDT,SHORT,75054.3,75371.56604984016,0.0536542175414826,75371.56604984016,74419.76790031971,17.022661656650033,-17.02266166,8.07098214,-25.0936438,LOSS,STOP_LOSS,3379.43868753
BTCUSDT,SHORT,75328.1,74613.87806037109,0.047316366244445685,75685.21096981446,74613.87806037109,16.897193437650035,33.79438688,7.09470955,26.69967733,WIN,TAKE_PROFIT,3406.13836486
BTCUSDT,SHORT,74600.0,73972.32217605581,0.05426571140360785,74913.8389119721,73972.32217605581,17.030691824300035,34.06138365,8.06238276,25.99900089,WIN,TAKE_PROFIT,3432.13736575
BTCUSDT,SHORT,73712.4,72967.85115181628,0.046096872946919984,74084.67442409185,72967.85115181628,17.160686828750034,34.32137366,6.7615009,27.55987276,WIN,TAKE_PROFIT,3459.69723851
BTCUSDT,SHORT,73053.6,73504.79351666539,0.03833939441416907,73504.79351666539,72151.21296666925,17.298486192550037,-17.29848619,5.61896005,-22.91744625,LOSS,STOP_LOSS,3436.77979226
SOLUSDT,SHORT,80.99,80.09677070824502,38.47589665927288,81.43661464587748,80.09677070824502,17.183898961300034,34.36779792,6.19795794,28.16983998,WIN,TAKE_PROFIT,3464.94963224
BTCUSDT,SHORT,72938.5,73357.16162390173,0.041381266330889045,73357.16162390173,72101.17675219654,17.324748161200034,-17.32474816,6.05389974,-23.3786479,LOSS,STOP_LOSS,3441.57098434
BTCUSDT,LONG,73877.8,73575.83844921901,0.056986907363514964,73575.83844921901,74481.723101562,17.207854921700033,-17.20785492,8.40292683,-25.61078176,LOSS,STOP_LOSS,3415.96020258
SOLUSDT,SHORT,82.04,82.57850343278801,31.717162738354766,82.57850343278801,80.96299313442398,17.079801012900035,-17.07980101,5.22123186,-22.30103288,LOSS,STOP_LOSS,3393.6591697
BTCUSDT,SHORT,72690.3,73011.95390029665,0.0527532724858949,73011.95390029665,72046.9921994067,16.968295848500034,-16.96829585,7.6862707,-24.65456655,LOSS,STOP_LOSS,3369.00460315
BTCUSDT,SHORT,73065.8,73442.997750766,0.04465833367654576,73442.997750766,72311.40449846802,16.845023015750034,-16.84502302,6.54283878,-23.38786179,LOSS,STOP_LOSS,3345.61674136
BTCUSDT,SHORT,73343.0,73795.65812344334,0.03695522700344008,73795.65812344334,72437.6837531133,16.728083706800035,-16.72808371,5.43754251,-22.16562622,LOSS,STOP_LOSS,3323.45111514
BTCUSDT,SHORT,73499.9,73879.5074148724,0.04377484454903363,73879.5074148724,72740.68517025518,16.617255575700035,-16.61725558,6.45151065,-23.06876623,LOSS,STOP_LOSS,3300.38234891
SOLUSDT,SHORT,81.81,82.16541479481589,46.43000793790466,82.16541479481589,81.09917041036825,16.501911744550036,-16.50191174,7.61337981,-24.11529156,LOSS,STOP_LOSS,3276.26705735
ETHUSDT,SHORT,2002.33,2010.6602576148662,1.9664860373004345,2010.6602576148662,1985.6694847702674,16.381335286750033,-16.38133529,7.89148931,-24.2728246,LOSS,STOP_LOSS,3251.99423275
SOLUSDT,LONG,82.71,82.26738387219692,36.73605669196113,82.26738387219692,83.59523225560613,16.259971163750034,-16.25997116,6.06061853,-22.32058969,LOSS,STOP_LOSS,3229.67364306
ETHUSDT,SHORT,2003.58,2013.5495646839593,1.6197666324671185,2013.5495646839593,1983.640870632081,16.148368215300035,-16.14836822,6.50681243,-22.65518064,LOSS,STOP_LOSS,3207.01846242
SOLUSDT,LONG,82.62,82.04177376586253,27.731519888611142,82.04177376586253,83.77645246827495,16.035092312100033,-16.03509231,4.56632125,-20.60141357,LOSS,STOP_LOSS,3186.41704885
BTCUSDT,SHORT,73368.4,72736.06492186237,0.050391274484325094,73684.56753906881,72736.06492186237,15.932085244250034,31.86417049,7.3623902,24.50178029,WIN,TAKE_PROFIT,3210.91882914
BTCUSDT,SHORT,72776.1,73072.03921786671,0.054249633628927964,73072.03921786671,72184.2215642666,16.054594145700033,-16.05459415,7.91220812,-23.96680226,LOSS,STOP_LOSS,3186.95202688
ETHUSDT,SHORT,1983.86,1992.856717259328,1.7711749380451405,1992.856717259328,1965.8665654813437,15.934760134400035,-15.93476013,7.04346099,-22.97822112,LOSS,STOP_LOSS,3163.97380576
SOLUSDT,SHORT,80.78,79.81298171832943,32.71886236001742,81.26350914083528,79.81298171832943,15.819869028800035,31.63973806,5.25441966,26.38531839,WIN,TAKE_PROFIT,3190.35912415
ETHUSDT,SHORT,1970.61,1984.9450301134355,1.1127842421341787,1984.9450301134355,1941.9399397731288,15.951795620750035,-15.95179562,4.40167931,-20.35347493,LOSS,STOP_LOSS,3170.00564922
BTCUSDT,SHORT,71617.9,70728.81840567046,0.035654833813206735,72062.44079716476,70728.81840567046,15.850028246100035,31.70005649,5.07534859,26.6247079,WIN,TAKE_PROFIT,3196.63035712
BTCUSDT,SHORT,70615.2,70974.44269736586,0.044491236433742566,70974.44269736586,69896.71460526827,15.983151785600034,-15.98315179,6.29949827,-22.28265006,LOSS,STOP_LOSS,3174.34770706
BTCUSDT,SHORT,70881.6,69999.7837466046,0.035997836225373635,71322.5081266977,69999.7837466046,15.871738535300034,31.74347707,5.07142498,26.67205209,WIN,TAKE_PROFIT,3201.01975915
ETHUSDT,SHORT,1981.51,1956.8639447012556,1.2987959818921142,1993.8330276493723,1956.8639447012556,16.005098795750033,32.01019759,5.11514425,26.89505334,WIN,TAKE_PROFIT,3227.91481249
BTCUSDT,SHORT,67858.7,66890.09268229692,0.0333253192856788,68343.00365885154,66890.09268229692,16.139574062450034,32.27914812,4.49054654,27.78860159,WIN,TAKE_PROFIT,3255.70341408
BTCUSDT,SHORT,66950.0,67438.89598569635,0.033296483396593746,67438.89598569635,65972.20802860729,16.27851707040003,-16.27851707,4.47467764,-20.75319471,LOSS,STOP_LOSS,3234.95021937
BTCUSDT,SHORT,67286.7,67836.8217937892,0.029402127455157443,67836.8217937892,66186.45641242158,16.17475109685003,-16.1747511,3.97291901,-20.14767011,LOSS,STOP_LOSS,3214.80254926
ETHUSDT,SHORT,1908.69,1871.8877916377915,0.8735352285438452,1927.0911041811044,1871.8877916377915,16.07401274630003,32.14802549,3.30246789,28.84555761,WIN,TAKE_PROFIT,3243.64810687
BTCUSDT,SHORT,66354.2,66973.02082689076,0.02620829782966079,66973.02082689076,65116.55834621847,16.21824053435003,-16.21824053,3.49427951,-19.71252005,LOSS,STOP_LOSS,3223.93558682
BTCUSDT,SHORT,66747.9,65532.20760270652,0.02651933658545148,67355.74619864674,65532.20760270652,16.119677934100032,32.23935587,3.5079807,28.73137517,WIN,TAKE_PROFIT,3252.66696199
BTCUSDT,SHORT,65818.4,66415.41422055816,0.027241117966578902,66415.41422055816,64624.37155888367,16.26333480995003,-16.26333481,3.60219693,-19.86553174,LOSS,STOP_LOSS,3232.80143025
BTCUSDT,SHORT,66314.5,66954.93820480401,0.025238980170142547,66954.93820480401,65033.62359039199,16.164007151250033,-16.16400715,3.36358471,-19.52759186,LOSS,STOP_LOSS,3213.27383839
BTCUSDT,SHORT,66928.7,67379.30426560597,0.035655164449772285,67379.30426560597,66027.49146878804,16.06636919195003,-16.06636919,4.78877398,-20.85514317,LOSS,STOP_LOSS,3192.41869522
BTCUSDT,SHORT,67040.1,66293.25520365576,0.04274540990104887,67413.52239817212,66293.25520365576,15.962093476100033,31.92418695,5.69938892,26.22479803,WIN,TAKE_PROFIT,3218.64349325
BTCUSDT,SHORT,66579.7,65675.76491639623,0.03560702036719337,67031.66754180189,65675.76491639623,16.09321746625003,32.18643493,4.70922303,27.4772119,WIN,TAKE_PROFIT,3246.12070515
BTCUSDT,SHORT,65574.5,66107.61028507401,0.03044511422903137,66107.61028507401,64508.27942985196,16.23060352575003,-16.23060353,4.00907689,-20.23968042,LOSS,STOP_LOSS,3225.88102473
SOLUSDT,SHORT,73.66,71.92996763307812,18.646362267022678,74.52501618346093,71.92996763307812,16.129405123650034,32.25881025,2.71472328,29.54408697,WIN,TAKE_PROFIT,3255.4251117
ETHUSDT,SHORT,1814.84,1782.7843692214835,1.0155548440749371,1830.867815389258,1782.7843692214835,16.277125558500032,32.55425112,3.65358486,28.90066626,WIN,TAKE_PROFIT,3284.32577796
BTCUSDT,SHORT,64971.7,65496.98970019795,0.03126204241890094,65496.98970019795,63921.1205996041,16.421628889800033,-16.42162889,4.07871771,-20.5003466,LOSS,STOP_LOSS,3263.82543136
BTCUSDT,SHORT,65371.2,64260.42627106095,0.029383350959132262,65926.58686446951,64260.42627106095,16.319127156800036,32.63825431,3.80901157,28.82924274,WIN,TAKE_PROFIT,3292.6546741
ETHUSDT,SHORT,1815.72,1771.169859651333,0.7390896298710562,1837.9950701743337,1771.169859651333,16.463273370500033,32.92654674,2.6510331,30.27551364,WIN,TAKE_PROFIT,3322.93018774
ETHUSDT,SHORT,1773.04,1722.8137698771427,0.6615925940712379,1798.1531150614285,1722.8137698771427,16.614650938700034,33.22930188,2.31283096,30.91647091,WIN,TAKE_PROFIT,3353.84665865
ETHUSDT,SHORT,1744.9,1774.5493818476527,0.5655845838343404,1774.5493818476527,1685.601236304695,16.769233293250036,-16.76923329,1.99054631,-18.75977961,LOSS,STOP_LOSS,3335.08687904
BTCUSDT,SHORT,63371.8,64223.87196066384,0.019570453160092732,64223.87196066384,61667.65607867233,16.675434395200035,-16.6754344,2.49710512,-19.17253952,LOSS,STOP_LOSS,3315.91433952
SOLUSDT,SHORT,70.85,68.67223983034151,15.226260383116529,71.93888008482924,68.67223983034151,16.579571697600034,33.1591434,2.12440195,31.03474144,WIN,TAKE_PROFIT,3346.94908096
ETHUSDT,SHORT,1766.93,1787.7274296057617,0.8046545040433264,1787.7274296057617,1725.335140788477,16.734745404800034,-16.7347454,2.86027111,-19.59501652,LOSS,STOP_LOSS,3327.35406444
SOLUSDT,SHORT,69.26,67.26959791956213,16.71699450649702,70.25520104021894,67.26959791956213,16.636770322200036,33.27354064,2.28236454,30.99117611,WIN,TAKE_PROFIT,3358.34524055
BTCUSDT,SHORT,62585.5,63090.310970812345,0.03326339397047732,63090.310970812345,61575.87805837532,16.791726202750034,-16.7917262,4.18040401,-20.97213022,LOSS,STOP_LOSS,3337.37311033
ETHUSDT,SHORT,1735.69,1699.379179507847,0.9191125579360658,1753.8454102460767,1699.379179507847,16.686865551650033,33.3737311,3.15721522,30.21651588,WIN,TAKE_PROFIT,3367.58962621
BTCUSDT,SHORT,62858.7,61649.58654384707,0.02785172565132777,63463.25672807646,61649.58654384707,16.837948131050034,33.67589626,3.46777064,30.20812562,WIN,TAKE_PROFIT,3397.79775183
BTCUSDT,SHORT,61642.4,62384.838987457726,0.02288267325147368,62384.838987457726,60157.52202508456,16.988988759150033,-16.98898876,2.83807478,-19.82706354,LOSS,STOP_LOSS,3377.97068829
ETHUSDT,SHORT,1673.41,1614.3688041716691,0.5721379184310306,1702.9305979141654,1614.3688041716691,16.889853441450033,33.77970688,1.88106292,31.89864396,WIN,TAKE_PROFIT,3409.86933225
SOLUSDT,SHORT,64.28,65.43941196298461,14.705167106746828,65.43941196298461,61.96117607403078,17.049346661250034,-17.04934666,1.90754563,-18.95689229,LOSS,STOP_LOSS,3390.91243996
BTCUSDT,SHORT,60809.7,59157.895899122035,0.020528538693890375,61635.60205043898,59157.895899122035,16.954562199800034,33.9091244,2.46275943,31.44636497,WIN,TAKE_PROFIT,3422.35880493
SOLUSDT,SHORT,62.86,64.18288885355435,12.935171370349039,64.18288885355435,60.21422229289131,17.111794024650035,-17.11179402,1.64332154,-18.75511556,LOSS,STOP_LOSS,3403.60368937
SOLUSDT,SHORT,64.0,60.90765608785493,11.006549679039514,65.54617195607253,60.90765608785493,17.018018446850036,34.03603689,1.37480232,32.66123457,WIN,TAKE_PROFIT,3436.26492394
BTCUSDT,SHORT,59927.0,60502.16418782131,0.029872034774595133,60502.16418782131,58776.671624357376,17.181324619700035,-17.18132462,3.59746418,-20.7787888,LOSS,STOP_LOSS,3415.48613514
ETHUSDT,SHORT,1548.78,1576.1328897739534,0.6243373485152537,1576.1328897739534,1494.0742204520932,17.077430675700036,-17.07743068,1.95099983,-19.0284305,LOSS,STOP_LOSS,3396.45770464
ETHUSDT,SHORT,1559.49,1583.8719333073016,0.6965111547620559,1583.8719333073016,1510.726133385397,16.982288523200037,-16.98228852,2.18938665,-19.17167517,LOSS,STOP_LOSS,3377.28602947
SOLUSDT,SHORT,62.66,63.57977772157774,18.359251100780966,63.57977772157774,60.82044455684451,16.886430147350037,-16.88643015,2.31766778,-19.20409793,LOSS,STOP_LOSS,3358.08193154
BTCUSDT,LONG,61452.5,62160.18753110729,0.04745147800309235,61098.65623444636,62160.18753110729,16.790409657700035,33.58081932,5.86560472,27.71521459,WIN,TAKE_PROFIT,3385.79714613
BTCUSDT,LONG,62104.2,62823.371489538855,0.04707913474574769,61744.61425523057,62823.371489538855,16.928985730650037,33.85797146,5.88148197,27.97648949,WIN,TAKE_PROFIT,3413.77363562
SOLUSDT,SHORT,64.28,64.92195507568789,26.588882656328924,64.92195507568789,62.99608984862422,17.068868178100036,-17.06886818,3.43533562,-20.5042038,LOSS,STOP_LOSS,3393.26943182
ETHUSDT,LONG,1629.85,1616.703069164426,1.2905177163624615,1616.703069164426,1656.1438616711478,16.966347159100035,-16.96634716,4.18973425,-21.15608141,LOSS,STOP_LOSS,3372.11335041
BTCUSDT,SHORT,61303.8,61682.149091120154,0.04456351858050473,61682.149091120154,60547.10181775969,16.860566752050037,-16.86056675,5.48068663,-22.34125338,LOSS,STOP_LOSS,3349.77209703
BTCUSDT,SHORT,61555.7,61960.092013183,0.04141738693926839,61960.092013183,60746.91597363399,16.748860485150036,-16.74886049,5.11570135,-21.86456184,LOSS,STOP_LOSS,3327.90753519
BTCUSDT,SHORT,61755.0,62145.154583141244,0.04264857673074226,62145.154583141244,60974.69083371751,16.639537675950034,-16.63953768,5.28416525,-21.92370293,LOSS,STOP_LOSS,3305.98383226
BTCUSDT,LONG,63133.3,62421.91744928524,0.023236329236205715,62421.91744928524,64556.06510142953,16.529919161300032,-16.52991916,2.91744237,-19.44736153,LOSS,STOP_LOSS,3286.53647073
BTCUSDT,LONG,63040.1,63976.88952689563,0.03508297623289027,62571.70523655218,63976.88952689563,16.432682353650033,32.86536471,4.45613402,28.40923068,WIN,TAKE_PROFIT,3314.94570141
BTCUSDT,LONG,63933.7,63426.62907494102,0.03268719953746531,63426.62907494102,64947.84185011796,16.574728507050033,-16.57472851,4.16305249,-20.737781,LOSS,STOP_LOSS,3294.20792041
BTCUSDT,LONG,63691.7,63328.11092197823,0.045301249673577675,63328.11092197823,64418.87815604353,16.471039602050034,-16.4710396,5.75415617,-22.22519577,LOSS,STOP_LOSS,3271.98272464
ETHUSDT,LONG,1694.2,1679.719537266363,1.1297921844166656,1679.719537266363,1723.1609254672744,16.359913623200033,-16.35991362,3.81182792,-20.17174155,LOSS,STOP_LOSS,3251.81098309
BTCUSDT,SHORT,62698.3,63085.887667448864,0.04194936083097941,63085.887667448864,61923.124665102274,16.259054915450033,-16.25905492,5.27656628,-21.53562119,LOSS,STOP_LOSS,3230.2753619
BTCUSDT,SHORT,62999.9,62346.90502295551,0.04946860964414266,63326.39748852225,62346.90502295551,16.151376809500036,32.30275362,6.20073217,26.10202145,WIN,TAKE_PROFIT,3256.37738335
BTCUSDT,SHORT,62314.4,61702.57320404268,0.05322384382094266,62620.31339797866,61702.57320404268,16.281886916750032,32.56377383,6.60066001,25.96311382,WIN,TAKE_PROFIT,3282.34049717
BTCUSDT,SHORT,61572.2,60795.03561226215,0.04223482893656762,61960.782193868916,60795.03561226215,16.411702485850036,32.82340497,5.16815926,27.65524571,WIN,TAKE_PROFIT,3309.99574288
BTCUSDT,SHORT,61217.2,61688.639347818294,0.03510521298442581,61688.639347818294,60274.32130436341,16.549978714400037,-16.54997871,4.31463567,-20.86461438,LOSS,STOP_LOSS,3289.1311285
ETHUSDT,SHORT,1644.15,1660.8779418096565,0.9831248715252349,1660.8779418096565,1610.6941163806873,16.445655642500036,-16.44565564,3.24925517,-19.69491081,LOSS,STOP_LOSS,3269.43621769
BTCUSDT,SHORT,61777.0,60985.56158266156,0.041310052002339226,62172.71920866922,60985.56158266156,16.347181088450036,32.69436218,5.0713278,27.62303437,WIN,TAKE_PROFIT,3297.05925206
BTCUSDT,SHORT,61176.6,61527.24064247706,0.047014790253181706,61527.24064247706,60475.31871504587,16.485296260300036,-16.48529626,5.76889533,-22.25419159,LOSS,STOP_LOSS,3274.80506047
BTCUSDT,LONG,62604.8,62052.74795028851,0.029660292559202137,62052.74795028851,63708.90409942299,16.374025302350034,-16.3740253,3.69737934,-20.07140464,LOSS,STOP_LOSS,3254.73365583
ETHUSDT,SHORT,1627.14,1644.846184142717,0.9190951674273558,1644.846184142717,1591.727631714566,16.273668279150037,-16.27366828,3.00726669,-19.28093497,LOSS,STOP_LOSS,3235.45272086
ETHUSDT,LONG,1640.08,1664.4580070095187,1.327201489275418,1627.8909964952404,1664.4580070095187,16.177263604300034,32.35452721,4.38578776,27.96873944,WIN,TAKE_PROFIT,3263.4214603
ETHUSDT,LONG,1665.76,1657.326624344484,1.934825148080222,1657.326624344484,1682.6267513110322,16.317107301500034,-16.3171073,6.42959157,-22.74669887,LOSS,STOP_LOSS,3240.67476143
BTCUSDT,LONG,62978.3,62655.94773846086,0.050266046621740924,62655.94773846086,63623.004523078285,16.203373807150037,-16.20337381,6.31513695,-22.51851076,LOSS,STOP_LOSS,3218.15625067
BTCUSDT,LONG,62940.0,62609.570437827446,0.04869655471367051,62609.570437827446,63600.85912434511,16.090781253350034,-16.09078125,6.11383153,-22.20461278,LOSS,STOP_LOSS,3195.95163789
SOLUSDT,LONG,65.53,66.71327573601205,27.00935665816332,64.93836213199398,66.71327573601205,15.979758189450035,31.95951638,3.5718058,28.38771058,WIN,TAKE_PROFIT,3224.33934847
BTCUSDT,LONG,63302.4,62874.14349483968,0.037644954713097964,62874.14349483968,64158.91301032065,16.121696742350036,-16.12169674,4.74991027,-20.87160701,LOSS,STOP_LOSS,3203.46774146
ETHUSDT,SHORT,1653.94,1662.7334925159212,1.8214991004199654,1662.7334925159212,1636.3530149681578,16.017338707300038,-16.01733871,6.04131778,-22.05865649,LOSS,STOP_LOSS,3181.40908497
SOLUSDT,LONG,66.91,66.484680357357,37.40021346298911,66.484680357357,67.76063928528598,15.907045424850036,-15.90704542,4.98898952,-20.89603495,LOSS,STOP_LOSS,3160.51305002
ETHUSDT,SHORT,1656.77,1665.3941932119928,1.8323528777306337,1665.3941932119928,1639.5216135760143,15.802565250100038,-15.80256525,6.08737712,-21.88994237,LOSS,STOP_LOSS,3138.62310765
ETHUSDT,SHORT,1665.53,1674.9256794111361,1.6702480844173793,1674.9256794111361,1646.7386411777277,15.693115538250037,-15.69311554,5.5793897,-21.27250524,LOSS,STOP_LOSS,3117.35060241
SOLUSDT,LONG,67.18,68.19178028567563,30.810548955580565,66.6741098571622,68.19178028567563,15.586753012050037,31.17350602,4.17087886,27.00262716,WIN,TAKE_PROFIT,3144.35322957
ETHUSDT,SHORT,1658.98,1672.2329255432135,1.1862864615504316,1672.2329255432135,1632.4741489135731,15.721766147850037,-15.72176615,3.95177279,-19.67353894,LOSS,STOP_LOSS,3124.67969063
BTCUSDT,LONG,63827.6,63388.932082503605,0.035615548413746194,63388.932082503605,64704.935834992786,15.623398453150037,-15.62339845,4.53088656,-20.15428501,LOSS,STOP_LOSS,3104.52540562
ETHUSDT,SHORT,1661.73,1668.765303141584,2.206390643830209,1668.765303141584,1647.6593937168323,15.522627028100038,-15.52262703,7.34837368,-22.8710007,LOSS,STOP_LOSS,3081.65440492
SOLUSDT,SHORT,66.61,66.93590136854299,47.27894237905714,66.93590136854299,65.95819726291401,15.408272024600038,-15.40827202,6.31390898,-21.722181,LOSS,STOP_LOSS,3059.93222392
SOLUSDT,LONG,67.95,68.52401288418254,53.307727199847434,67.66299355790873,68.52401288418254,15.299661119600037,30.59932224,7.27511945,23.32420279,WIN,TAKE_PROFIT,3083.25642671
SOLUSDT,LONG,68.83,68.48256916326238,44.372233271833736,68.48256916326238,69.52486167347524,15.416282133550038,-15.41628213,6.09286535,-21.50914748,LOSS,STOP_LOSS,3061.74727923
SOLUSDT,LONG,70.21,69.65085163528553,27.378666132677804,69.65085163528553,71.32829672942891,15.308736396150037,-15.3087364,3.82920356,-19.13793996,LOSS,STOP_LOSS,3042.60933927
SOLUSDT,LONG,70.13,71.3856742207831,24.230881616510963,69.50216288960844,71.3856742207831,15.213046696350036,30.42609339,3.42904955,26.99704384,WIN,TAKE_PROFIT,3069.60638311
SOLUSDT,LONG,71.64,70.95319389975863,22.34696504611139,70.95319389975863,73.01361220048274,15.348031915550036,-15.34803192,3.18652512,-18.53455704,LOSS,STOP_LOSS,3051.07182607
BTCUSDT,LONG,65507.9,66306.8793493897,0.03818711745679775,65108.41032530516,66306.8793493897,15.255359130350037,30.51071826,5.03362646,25.4770918,WIN,TAKE_PROFIT,3076.54891787
BTCUSDT,LONG,66441.0,66988.71798381303,0.05617031042968748,66167.14100809349,66988.71798381303,15.382744589350036,30.76548918,7.49478868,23.2707005,WIN,TAKE_PROFIT,3099.81961837
BTCUSDT,LONG,67248.5,66927.21897358457,0.04824156055767021,66927.21897358457,67891.06205283085,15.499098091850037,-15.49909809,6.47284607,-21.97194416,LOSS,STOP_LOSS,3077.84767421
BTCUSDT,LONG,66869.8,66548.48625379146,0.047894740118158904,66548.48625379146,67512.42749241707,15.389238371050038,-15.38923837,6.39003415,-21.77927252,LOSS,STOP_LOSS,3056.06840169
SOLUSDT,LONG,74.89,74.0915743430582,19.138089909307315,74.0915743430582,76.48685131388362,15.280342008450036,-15.28034201,2.85122276,-18.13156477,LOSS,STOP_LOSS,3037.93683692
ETHUSDT,SHORT,1776.11,1788.0638917907686,1.2706894499689319,1788.0638917907686,1752.2022164184625,15.189684184600036,-15.18968418,4.52895816,-19.71864235,LOSS,STOP_LOSS,3018.21819457
BTCUSDT,LONG,66863.9,66583.0865320474,0.05374062391977978,66583.0865320474,67425.5269359052,15.091090972850036,-15.09109097,7.17152432,-22.26261529,LOSS,STOP_LOSS,2995.95557928
SOLUSDT,LONG,74.9,74.35703663834113,27.588929482522385,74.35703663834113,75.98592672331776,14.979777896400035,-14.9797779,4.11784186,-19.09761975,LOSS,STOP_LOSS,2976.85795953
ETHUSDT,LONG,1795.11,1817.0703142542793,1.355562550271749,1784.12984287286,1817.0703142542793,14.884289797650036,29.7685796,4.89653636,24.87204324,WIN,TAKE_PROFIT,3001.73000277
SOLUSDT,LONG,74.95,74.40282541899725,27.429362647557927,74.40282541899725,76.0443491620055,15.008650013850035,-15.00865001,4.09665281,-19.10530282,LOSS,STOP_LOSS,2982.62469995
ETHUSDT,LONG,1802.02,1786.2043771883564,0.942936214233108,1786.2043771883564,1833.6512456232872,14.913123499750036,-14.9131235,3.38346671,-18.29659021,LOSS,STOP_LOSS,2964.32810974
ETHUSDT,LONG,1794.24,1779.3187814529053,0.9933264164665654,1779.3187814529053,1824.0824370941893,14.821640548700037,-14.82164055,3.54971034,-18.37135089,LOSS,STOP_LOSS,2945.95675885
ETHUSDT,LONG,1796.95,1786.213725214226,1.3719641205316184,1786.213725214226,1818.4225495715477,14.729783794250036,-14.72978379,4.91597207,-19.64575586,LOSS,STOP_LOSS,2926.31100299
ETHUSDT,SHORT,1784.4,1764.7307462082595,1.4877590344677,1794.2346268958704,1764.7307462082595,14.631555014950036,29.26311003,5.28025133,23.9828587,WIN,TAKE_PROFIT,2950.29386169
ETHUSDT,SHORT,1760.14,1773.020982168924,1.145213083520804,1773.020982168924,1734.378035662152,14.751469308450037,-14.75146931,4.04622218,-18.79769149,LOSS,STOP_LOSS,2931.4961702
BTCUSDT,LONG,65712.7,65332.21283473398,0.03852293109743205,65332.21283473398,66473.67433053203,14.657480851000036,-14.65748085,5.04823415,-19.705715,LOSS,STOP_LOSS,2911.7904552
ETHUSDT,SHORT,1764.15,1783.3630080240657,0.7577653773820282,1783.3630080240657,1725.7239839518688,14.558952276000037,-14.55895228,2.68818253,-17.24713481,LOSS,STOP_LOSS,2894.54332039
BTCUSDT,LONG,66006.1,65445.08482851348,0.025797371154155285,65445.08482851348,67128.13034297306,14.472716601950037,-14.4727166,3.391095,-17.86381161,LOSS,STOP_LOSS,2876.67950878
SOLUSDT,LONG,73.45,72.4504869729123,14.390405281469082,72.4504869729123,75.4490260541754,14.383397543900037,-14.38339754,2.09956714,-16.48296468,LOSS,STOP_LOSS,2860.1965441
ETHUSDT,SHORT,1740.0,1692.7940026541046,0.6058968573722352,1763.6029986729477,1692.7940026541046,14.300982720500038,28.60196544,2.0799191,26.52204634,WIN,TAKE_PROFIT,2886.71859044
BTCUSDT,SHORT,62664.2,63126.57192239109,0.031216413136763554,63126.57192239109,61739.456155217806,14.433592952200037,-14.43359295,3.92673671,-18.36032966,LOSS,STOP_LOSS,2868.35826078
BTCUSDT,SHORT,62895.1,63242.564046048865,0.041275612446770873,63242.564046048865,62200.17190790226,14.341791303900038,-14.3417913,5.20640934,-19.54820064,LOSS,STOP_LOSS,2848.81006014
ETHUSDT,LONG,1708.02,1696.8543117111951,1.275698365588601,1696.8543117111951,1730.3513765776095,14.244050300700039,-14.2440503,4.34359259,-18.5876429,LOSS,STOP_LOSS,2830.22241724
ETHUSDT,SHORT,1695.82,1706.3635776421565,1.3421546809329183,1706.3635776421565,1674.732844715687,14.151112086200039,-14.15111209,4.56625661,-18.7173687,LOSS,STOP_LOSS,2811.50504854
ETHUSDT,LONG,1708.0,1700.00441115956,1.758160095926901,1700.00441115956,1723.99117768088,14.05752524270004,-14.05752524,5.99181736,-20.04934261,LOSS,STOP_LOSS,2791.45570593
ETHUSDT,LONG,1710.31,1703.433423182907,2.0296840856859055,1703.433423182907,1724.0631536341857,13.957278529650038,-13.95727853,6.9288207,-20.88609923,LOSS,STOP_LOSS,2770.5696067
SOLUSDT,LONG,69.94,70.64455485096451,39.32368931825808,69.58772257451774,70.64455485096451,13.852848033500038,27.70569607,5.52830336,22.17739271,WIN,TAKE_PROFIT,2792.74699941
SOLUSDT,LONG,71.74,71.30884033732502,32.38645960157149,71.30884033732502,72.60231932534992,13.963734997050038,-13.963735,4.63284549,-18.59658049,LOSS,STOP_LOSS,2774.15041892
ETHUSDT,SHORT,1712.28,1719.3003356217762,1.9757961501975227,1719.3003356217762,1698.2393287564475,13.870752094600036,-13.87075209,6.78010322,-20.65085531,LOSS,STOP_LOSS,2753.49956361
ETHUSDT,SHORT,1718.97,1726.3931687916495,1.8546658717416817,1726.3931687916495,1704.1236624167013,13.767497818050035,-13.76749782,6.38999748,-20.1574953,LOSS,STOP_LOSS,2733.34206831
SOLUSDT,LONG,71.89,71.29923705830907,23.134000759140427,71.29923705830907,73.07152588338187,13.666710341550036,-13.66671034,3.31253992,-16.97925026,LOSS,STOP_LOSS,2716.36281805
SOLUSDT,LONG,71.64,71.04616560103044,22.87138319002316,71.04616560103044,72.82766879793913,13.581814090250036,-13.58181409,3.26342997,-16.84524406,LOSS,STOP_LOSS,2699.51757399
SOLUSDT,LONG,71.63,72.7645015488212,23.79474560255047,71.0627492255894,72.7645015488212,13.497587869950037,26.99517574,3.43583043,23.55934531,WIN,TAKE_PROFIT,2723.0769193
SOLUSDT,LONG,73.35,72.84968542400783,27.213647672566335,72.84968542400783,74.35062915198431,13.615384596500038,-13.6153846,3.97862673,-17.59401133,LOSS,STOP_LOSS,2705.48290797
SOLUSDT,LONG,73.09,74.03136888721102,28.739880239567967,72.6193155563945,74.03136888721102,13.527414539850037,27.05482908,4.22825052,22.82657856,WIN,TAKE_PROFIT,2728.30948653
SOLUSDT,LONG,74.01,73.58560304878667,32.143368121870935,73.58560304878667,74.85879390242668,13.641547432650038,-13.64154743,4.7442198,-18.38576723,LOSS,STOP_LOSS,2709.9237193
SOLUSDT,LONG,73.58,74.55652136050985,27.75078793857768,73.09173931974507,74.55652136050985,13.549618596500038,27.09923719,4.11090519,22.988332,WIN,TAKE_PROFIT,2732.9120513
SOLUSDT,LONG,74.29,73.78430366532064,27.021276049319056,73.78430366532064,75.30139266935875,13.664560256500037,-13.66456026,4.00115664,-17.66571689,LOSS,STOP_LOSS,2715.24633441
BTCUSDT,SHORT,63608.9,63872.14137674793,0.05157331966490255,63872.14137674793,63082.41724650414,13.576231672050037,-13.57623167,6.5746205,-20.15085217,LOSS,STOP_LOSS,2695.09548224
ETHUSDT,LONG,1726.19,1749.4362757501556,1.159366563145919,1714.5668621249224,1749.4362757501556,13.475477411200039,26.95095482,4.02952489,22.92142993,WIN,TAKE_PROFIT,2718.01691217
ETHUSDT,LONG,1743.74,1728.9997762713026,0.9219727468852305,1728.9997762713026,1773.2204474573948,13.59008456085004,-13.59008456,3.20177143,-16.79185599,LOSS,STOP_LOSS,2701.22505618
ETHUSDT,LONG,1730.95,1757.098575952274,1.0330295084176861,1717.8757120238631,1757.098575952274,13.50612528090004,27.01225056,3.60325711,23.40899346,WIN,TAKE_PROFIT,2724.63404964
SOLUSDT,LONG,74.17,73.65965809848419,26.694202862309663,73.65965809848419,75.19068380303163,13.62317024820004,-13.62317025,3.94619488,-17.56936513,LOSS,STOP_LOSS,2707.06468451
SOLUSDT,SHORT,73.09,71.82676158717427,21.42956275731516,73.72161920641287,71.82676158717427,13.535323422550041,27.07064685,3.10550284,23.96514401,WIN,TAKE_PROFIT,2731.02982852
BTCUSDT,SHORT,64007.0,63435.49912006047,0.04778697504033582,64292.750439969765,63435.49912006047,13.655149142600042,27.31029829,6.09009152,21.22020676,WIN,TAKE_PROFIT,2752.25003528
BTCUSDT,SHORT,63184.6,62660.88241148391,0.052552178800759256,63446.45879425805,62660.88241148391,13.761250176400042,27.52250035,6.61345429,20.90904606,WIN,TAKE_PROFIT,2773.15908134
BTCUSDT,SHORT,62740.0,63061.04745181104,0.04318923987243163,63061.04745181104,62097.905096377915,13.865795406700043,-13.86579541,5.43325161,-19.29904702,LOSS,STOP_LOSS,2753.86003432
BTCUSDT,SHORT,62966.3,62337.90151128826,0.043823466857242054,63280.49924435587,62337.90151128826,13.769300171600042,27.53860034,5.49126452,22.04733582,WIN,TAKE_PROFIT,2775.90737014
BTCUSDT,SHORT,61999.7,62374.792675396915,0.03700295356610964,62374.792675396915,61249.51464920616,13.879536850700042,-13.87953685,4.60222358,-18.48176043,LOSS,STOP_LOSS,2757.42560971
BTCUSDT,SHORT,62350.1,62745.01819858285,0.03491135151032426,62745.01819858285,61560.26360283429,13.787128048550041,-13.78712805,4.36723964,-18.15436769,LOSS,STOP_LOSS,2739.27124202
ETHUSDT,SHORT,1661.2,1672.766661157552,1.1841235792714027,1672.766661157552,1638.066677684896,13.696356210100042,-13.69635621,3.94782854,-17.64418475,LOSS,STOP_LOSS,2721.62705727
ETHUSDT,SHORT,1658.55,1670.2915272564462,1.1589748922039904,1670.2915272564462,1635.0669454871074,13.608135286350041,-13.60813529,3.85804375,-17.46617904,LOSS,STOP_LOSS,2704.16087823
ETHUSDT,SHORT,1662.88,1670.9053842196993,1.6847547757230048,1670.9053842196993,1646.829231560602,13.52080439115004,-13.52080439,5.61661085,-19.13741524,LOSS,STOP_LOSS,2685.02346299
BTCUSDT,SHORT,62598.0,62854.75751953713,0.05228714367996779,62854.75751953713,62084.48496092574,13.425117314950041,-13.42511731,6.55956636,-19.98468367,LOSS,STOP_LOSS,2665.03877932
ETHUSDT,LONG,1677.39,1669.635909984234,1.718472943892386,1669.635909984234,1692.898180031532,13.325193896600043,-13.3251939,5.75177347,-19.07696737,LOSS,STOP_LOSS,2645.96181195
SOLUSDT,SHORT,69.42,69.80186091003768,34.645622822311445,69.80186091003768,68.65627817992464,13.22980905975004,-13.22980906,4.82342808,-18.05323714,LOSS,STOP_LOSS,2627.90857481
BTCUSDT,SHORT,62589.5,62047.13129421445,0.04845243736922155,62860.68435289277,62047.13129421445,13.139542874050042,26.27908575,6.03894857,20.24013718,WIN,TAKE_PROFIT,2648.14871199
SOLUSDT,SHORT,68.71,69.25089098967456,24.479504766600808,69.25089098967456,67.62821802065085,13.240743559950042,-13.24074356,3.37721429,-16.61795785,LOSS,STOP_LOSS,2631.53075414
SOLUSDT,SHORT,68.74,69.36411008803572,21.082264207764062,69.36411008803572,67.49177982392854,13.157653770700042,-13.15765377,2.91154734,-16.06920111,LOSS,STOP_LOSS,2615.46155303
SOLUSDT,SHORT,69.03,67.65172645645625,18.97636042773672,69.71913677177187,67.65172645645625,13.077307765150042,26.15461553,2.59372171,23.56089383,WIN,TAKE_PROFIT,2639.02244686
BTCUSDT,SHORT,60549.9,59627.28922913106,0.02860385473686288,61011.20538543447,59627.28922913106,13.195112234300042,26.39022447,3.43753086,22.95269361,WIN,TAKE_PROFIT,2661.97514047
BTCUSDT,SHORT,59808.2,60351.82697002015,0.024483472006285072,60351.82697002015,58720.946059959686,13.309875702350043,-13.3098757,2.94193466,-16.25181036,LOSS,STOP_LOSS,2645.72333011
BTCUSDT,SHORT,60786.9,61143.06111756752,0.03714222580190031,61143.06111756752,60074.57776486496,13.228616650550043,-13.22861665,4.52875015,-17.7573668,LOSS,STOP_LOSS,2627.96596331
SOLUSDT,SHORT,68.53,67.68604066213977,31.13853766904171,68.95197966893011,67.68604066213977,13.139829816550042,26.27965963,4.24156831,22.03809132,WIN,TAKE_PROFIT,2650.00405463
BTCUSDT,SHORT,60054.1,59199.200746670285,0.030997852019505324,60481.549626664855,59199.200746670285,13.250020273150044,26.50004055,3.69659617,22.80344438,WIN,TAKE_PROFIT,2672.80749901
BTCUSDT,SHORT,58248.4,58880.77465333165,0.021133101120738924,58880.77465333165,56983.6506933367,13.364037495050045,-13.3640375,2.47530269,-15.83934019,LOSS,STOP_LOSS,2656.96815882
SOLUSDT,SHORT,65.82,66.91825121338373,12.096358858706955,66.91825121338373,63.62349757323252,13.284840794100045,-13.28484079,1.60564952,-14.89049032,LOSS,STOP_LOSS,2642.0776685
BTCUSDT,SHORT,59459.9,60320.18098154871,0.015355899555884999,60320.18098154871,57739.3380369026,13.210388342500046,-13.21038834,1.83933089,-15.04971923,LOSS,STOP_LOSS,2627.02794927
ETHUSDT,SHORT,1561.9,1536.6155046492245,1.038987692981351,1574.542247675388,1536.6155046492245,13.135139746350045,26.27027949,3.21931948,23.05096002,WIN,TAKE_PROFIT,2650.07890929
BTCUSDT,SHORT,59118.9,59573.01914587896,0.02917823365672803,59573.01914587896,58210.661708242085,13.250394546450046,-13.25039455,3.46322055,-16.7136151,LOSS,STOP_LOSS,2633.36529419
BTCUSDT,SHORT,59167.6,59646.78563545903,0.02747750662086714,59646.78563545903,58209.22872908193,13.166826470950046,-13.16682647,3.26472307,-16.43154954,LOSS,STOP_LOSS,2616.93374465
BTCUSDT,SHORT,59578.1,60218.61672426388,0.020428301444100176,60218.61672426388,58297.06655147225,13.084668723250045,-13.08466872,2.44724344,-15.53191216,LOSS,STOP_LOSS,2601.40183249
BTCUSDT,SHORT,59807.6,60326.83158285304,0.025050496911185605,60326.83158285304,58769.136834293924,13.007009162450045,-13.00700916,3.00942721,-16.01643637,LOSS,STOP_LOSS,2585.38539612
BTCUSDT,LONG,60275.4,60780.295616007395,0.0512063348175743,60022.9521919963,60780.295616007395,12.926926980600044,25.85385396,6.19881848,19.65503548,WIN,TAKE_PROFIT,2605.0404316
SOLUSDT,LONG,73.0,72.55515824822592,29.28052977503555,72.55515824822592,73.88968350354817,13.025202158000045,-13.02520216,4.26193214,-17.2871343,LOSS,STOP_LOSS,2587.7532973
ETHUSDT,SHORT,1580.56,1564.626872931954,1.6241339733552798,1588.526563534023,1564.626872931954,12.938766486500045,25.87753297,5.10820485,20.76932812,WIN,TAKE_PROFIT,2608.52262542
ETHUSDT,SHORT,1575.51,1582.7549908779513,1.8002249204747431,1582.7549908779513,1561.0200182440974,13.042613127100044,-13.04261313,5.68558734,-18.72820047,LOSS,STOP_LOSS,2589.79442495
SOLUSDT,LONG,71.7,71.23333531565301,27.747915278546294,71.23333531565301,72.63332936869399,12.948972124750044,-12.94897212,3.96610208,-16.9150742,LOSS,STOP_LOSS,2572.87935075
ETHUSDT,SHORT,1573.03,1580.142349190034,1.8087408829386191,1580.142349190034,1558.8053016199317,12.864396753750043,-12.86439675,5.70327174,-18.56766849,LOSS,STOP_LOSS,2554.31168226
SOLUSDT,LONG,71.83,71.33480116310069,25.790768191761654,71.33480116310069,72.82039767379861,12.771558411300044,-12.77155841,3.6923302,-16.46388861,LOSS,STOP_LOSS,2537.84779365
SOLUSDT,LONG,71.64,71.11841721263433,24.3283315240114,71.11841721263433,72.68316557473135,12.689238968250043,-12.68923897,3.4730741,-16.16231307,LOSS,STOP_LOSS,2521.68548058
BTCUSDT,SHORT,59589.9,59833.247261331984,0.05181248941897601,59833.247261331984,59103.20547733604,12.608427402900043,-12.6084274,6.18761055,-18.79603796,LOSS,STOP_LOSS,2502.88944262
BTCUSDT,SHORT,59606.7,59063.99321291442,0.04611863168435628,59878.05339354279,59063.99321291442,12.514447213100043,25.02889443,5.47292999,19.55596443,WIN,TAKE_PROFIT,2522.44540705
ETHUSDT,SHORT,1560.35,1571.2690136170695,1.1550701810219746,1571.2690136170695,1538.5119727658607,12.612227035250044,-12.61222704,3.61723974,-16.22946678,LOSS,STOP_LOSS,2506.21594027
SOLUSDT,LONG,71.39,70.58592998055117,15.584562784643786,70.58592998055117,72.99814003889766,12.531079701350043,-12.5310797,2.21263279,-14.7437125,LOSS,STOP_LOSS,2491.47222777
BTCUSDT,SHORT,59355.5,59772.81283995319,0.02985137275011069,59772.81283995319,58520.874320093615,12.457361138850041,-12.45736114,3.55614367,-16.01350481,LOSS,STOP_LOSS,2475.45872296
SOLUSDT,LONG,72.07,71.09953474984292,12.753979199973116,71.09953474984292,74.01093050031415,12.377293614800042,-12.37729361,1.82598127,-14.20327488,LOSS,STOP_LOSS,2461.25544808
BTCUSDT,SHORT,59504.8,59942.94622597927,0.02808714650661459,59942.94622597927,58628.50754804146,12.306277240400041,-12.30627724,3.35494635,-15.66122359,LOSS,STOP_LOSS,2445.59422449
SOLUSDT,LONG,72.29,73.98489173611351,14.42920613972616,71.44255413194325,73.98489173611351,12.22797112245004,24.45594224,2.11063057,22.34531168,WIN,TAKE_PROFIT,2467.93953617
SOLUSDT,LONG,73.94,73.07462977010938,14.259443247094087,73.07462977010938,75.67074045978123,12.33969768085004,-12.33969768,2.09634677,-14.43604445,LOSS,STOP_LOSS,2453.50349172
SOLUSDT,LONG,73.47,72.53435371899792,13.111276887096253,72.53435371899792,75.34129256200414,12.267517458600041,-12.26751746,1.91430351,-14.18182097,LOSS,STOP_LOSS,2439.32167075
BTCUSDT,SHORT,59070.2,59605.38211822934,0.02278964101809424,59605.38211822934,57999.835763541305,12.196608353750042,-12.19660835,2.70457391,-14.90118227,LOSS,STOP_LOSS,2424.42048848
BTCUSDT,SHORT,59289.2,59849.47820398346,0.021635862962746565,59849.47820398346,58168.64359203306,12.122102442400042,-12.12210244,2.57766812,-14.69977056,LOSS,STOP_LOSS,2409.72071792
SOLUSDT,LONG,73.99,76.38565022694894,10.058733494617812,72.79217488652553,76.38565022694894,12.048603589600042,24.09720718,1.51258859,22.58461859,WIN,TAKE_PROFIT,2432.30533651
SOLUSDT,LONG,75.89,74.61536856685952,9.541210397256615,74.61536856685952,78.43926286628096,12.16152668255004,-12.16152668,1.43600339,-13.59753007,LOSS,STOP_LOSS,2418.70780644
BTCUSDT,SHORT,59806.1,59272.10528013383,0.045294601546738186,60073.09735993308,59272.10528013383,12.09353903220004,24.18707806,5.39359986,18.7934782,WIN,TAKE_PROFIT,2437.50128464
ETHUSDT,SHORT,1584.07,1569.3903501731672,1.6604628266980501,1591.4098249134163,1569.3903501731672,12.187506423200041,24.37501285,5.23620369,19.13880916,WIN,TAKE_PROFIT,2456.6400938
BTCUSDT,SHORT,58832.8,58359.17688456371,0.051869091979115024,59069.61155771815,58359.17688456371,12.283200469000041,24.56640094,6.07864143,18.48775951,WIN,TAKE_PROFIT,2475.12785331
BTCUSDT,SHORT,58374.8,58641.792873746774,0.04635194600095501,58641.792873746774,57840.81425250646,12.375639266550042,-12.37563927,5.42394679,-17.79958606,LOSS,STOP_LOSS,2457.32826725
ETHUSDT,SHORT,1559.12,1569.4946997905772,1.1842888550287791,1569.4946997905772,1538.3706004188455,12.286641336250042,-12.28664134,3.70518352,-15.99182486,LOSS,STOP_LOSS,2441.33644239
ETHUSDT,SHORT,1571.34,1582.8356084928955,1.0618561183162953,1582.8356084928955,1548.3487830142085,12.206682211950042,-12.20668221,3.34928067,-15.55596288,LOSS,STOP_LOSS,2425.78047951
SOLUSDT,LONG,74.17,75.59750930652334,16.9930974770171,73.45624534673834,75.59750930652334,12.128902397550041,24.2578048,2.54501388,21.71279091,WIN,TAKE_PROFIT,2447.49327042
SOLUSDT,LONG,75.44,74.66251932951873,15.739897873634513,74.66251932951873,76.99496134096253,12.237466352100041,-12.23746635,2.36259832,-14.60006468,LOSS,STOP_LOSS,2432.89320574
BTCUSDT,SHORT,58759.9,59079.13711073072,0.03810479928494565,59079.13711073072,58121.42577853856,12.164466028700042,-12.16446603,4.49023286,-16.65469889,LOSS,STOP_LOSS,2416.23850685
SOLUSDT,LONG,76.0,77.45874000819981,16.563873570807264,75.2706299959001,77.45874000819981,12.081192534250043,24.16238507,2.54187117,21.6205139,WIN,TAKE_PROFIT,2437.85902075
SOLUSDT,LONG,77.51,76.6089135904099,13.527332089377273,76.6089135904099,79.31217281918022,12.189295103750041,-12.1892951,2.08481773,-14.27411283,LOSS,STOP_LOSS,2423.58490792
SOLUSDT,LONG,77.18,78.60205049301194,17.042889263283364,76.46897475349404,78.60205049301194,12.117924539600041,24.23584908,2.65497624,21.58087284,WIN,TAKE_PROFIT,2445.16578076
SOLUSDT,LONG,78.18,77.44510563136566,16.63617170794122,77.44510563136566,79.6497887372687,12.225828903800043,-12.2258289,2.58900598,-14.81483488,LOSS,STOP_LOSS,2430.35094588
SOLUSDT,LONG,77.64,76.94154461682199,17.398040049614757,76.94154461682199,79.03691076635602,12.151754729400043,-12.15175473,2.6894159,-14.84117063,LOSS,STOP_LOSS,2415.50977525
SOLUSDT,LONG,77.58,78.85702268392647,18.915167331429277,76.94148865803676,78.85702268392647,12.077548876250043,24.15509775,2.95903246,21.19606529,WIN,TAKE_PROFIT,2436.70584054
SOLUSDT,LONG,78.67,78.00607325386028,18.350713047092686,78.00607325386028,79.99785349227945,12.183529202700045,-12.1835292,2.87511766,-15.05864686,LOSS,STOP_LOSS,2421.64719368
SOLUSDT,LONG,78.19,77.63140243191725,21.676134412755783,77.63140243191725,79.30719513616549,12.108235968400045,-12.10823597,3.37760566,-15.48584163,LOSS,STOP_LOSS,2406.16135205
SOLUSDT,LONG,78.1,79.23312376945555,21.234761964318732,77.53343811527222,79.23312376945555,12.030806760250046,24.06161352,3.34093143,20.72068209,WIN,TAKE_PROFIT,2426.88203414
SOLUSDT,LONG,79.44,80.68198496673924,19.540349514146204,78.81900751663038,80.68198496673924,12.134410170700045,24.26882034,3.12883955,21.13998079,WIN,TAKE_PROFIT,2448.02201493
SOLUSDT,LONG,80.21,81.65705939210135,16.917218659388244,79.48647030394932,81.65705939210135,12.240110074650048,24.48022015,2.73834044,21.74187971,WIN,TAKE_PROFIT,2469.76389464
SOLUSDT,LONG,82.07,81.18608919065018,13.970662359343141,81.18608919065018,83.83782161869964,12.348819473200047,-12.34881947,2.2807957,-14.62961517,LOSS,STOP_LOSS,2455.13427947
SOLUSDT,LONG,81.18,80.16121471356297,12.049321442677494,80.16121471356297,83.21757057287407,12.275671397350047,-12.2756714,1.94405216,-14.21972356,LOSS,STOP_LOSS,2440.91455591
ETHUSDT,LONG,1700.97,1738.688088820007,0.6471469346069484,1682.1109555899966,1738.688088820007,12.204572779550046,24.40914556,2.22596419,22.18318137,WIN,TAKE_PROFIT,2463.09773728
ETHUSDT,LONG,1733.4,1757.535478037764,1.020529915929603,1721.332260981118,1757.535478037764,12.315488686400046,24.63097737,3.56260409,21.06837328,WIN,TAKE_PROFIT,2484.16611056
SOLUSDT,LONG,82.53,81.95515151006084,21.607137828812153,81.95515151006084,83.67969697987833,12.420830552800046,-12.42083055,3.55405334,-15.97488389,LOSS,STOP_LOSS,2468.19122667
SOLUSDT,LONG,82.23,83.13060202293634,27.406014685850774,81.77969898853183,83.13060202293634,12.340956133350046,24.68191227,4.53187509,20.15003718,WIN,TAKE_PROFIT,2488.34126385
ETHUSDT,LONG,1757.23,1772.4614806384195,1.6336831086358619,1749.6142596807904,1772.4614806384195,12.441706319250045,24.88341264,5.76639735,19.11701529,WIN,TAKE_PROFIT,2507.45827914
ETHUSDT,LONG,1779.75,1800.1320965521159,1.2302258860998867,1769.558951723942,1800.1320965521159,12.537291395700045,25.07458279,4.40406362,20.67051917,WIN,TAKE_PROFIT,2528.12879831
SOLUSDT,LONG,82.47,81.99163054442626,26.424437940732222,81.99163054442626,83.42673891114747,12.640643991550043,-12.64064399,4.34580615,-16.98645014,LOSS,STOP_LOSS,2511.14234817
ETHUSDT,LONG,1794.34,1783.4170936513378,1.1494845181372337,1783.4170936513378,1816.1858126973243,12.555711740850043,-12.55571174,4.11257639,-16.66828813,LOSS,STOP_LOSS,2494.47406004
SOLUSDT,SHORT,81.5,80.69572006754912,31.01499812930291,81.90213996622545,80.69572006754912,12.472370300200044,24.9447406,5.03049995,19.91424065,WIN,TAKE_PROFIT,2514.38830069
ETHUSDT,LONG,1765.49,1780.209580002519,1.7081929649213676,1758.1302099987406,1780.209580002519,12.571941503450043,25.14388301,6.05673908,19.08714393,WIN,TAKE_PROFIT,2533.47544462
SOLUSDT,LONG,81.27,80.81510341921766,27.84671892084689,80.81510341921766,82.17979316156467,12.667377223100043,-12.66737722,4.51353832,-17.18091554,LOSS,STOP_LOSS,2516.29452908
ETHUSDT,LONG,1779.46,1771.820204753266,1.6468337486895988,1771.820204753266,1794.739590493468,12.581472645400043,-12.58147265,5.84836809,-18.42984074,LOSS,STOP_LOSS,2497.86468834
ETHUSDT,LONG,1782.16,1798.1791615122197,1.5592980234543548,1774.1504192438904,1798.1791615122197,12.489323441700042,24.97864688,5.58281578,19.39583111,WIN,TAKE_PROFIT,2517.26051945
ETHUSDT,LONG,1789.12,1777.643095429632,1.0966635228236135,1777.643095429632,1812.0738091407356,12.586302597250041,-12.5863026,3.91153898,-16.49784158,LOSS,STOP_LOSS,2500.76267787
BTCUSDT,LONG,63382.8,63077.442403498084,0.04094809997389877,63077.442403498084,63993.51519300384,12.503813389350041,-12.50381339,5.17830665,-17.68212004,LOSS,STOP_LOSS,2483.08055783
ETHUSDT,SHORT,1766.9,1744.1309834585888,1.0905523975152305,1778.2845082707058,1744.1309834585888,12.415402789150042,24.83080558,3.82896326,21.00184232,WIN,TAKE_PROFIT,2504.08240015
SOLUSDT,SHORT,80.19,80.72064570667635,23.594673137318612,80.72064570667635,79.12870858664729,12.52041200075004,-12.520412,3.79663409,-16.31704609,LOSS,STOP_LOSS,2487.76535406
SOLUSDT,SHORT,80.12,80.81595074456835,17.87314241328251,80.81595074456835,78.72809851086332,12.438826770300041,-12.43882677,2.87643117,-15.31525794,LOSS,STOP_LOSS,2472.45009612
SOLUSDT,LONG,81.45,82.97362761266096,16.22739096859746,80.68818619366952,82.97362761266096,12.362250480600041,24.72450096,2.66816649,22.05633447,WIN,TAKE_PROFIT,2494.50643059
BTCUSDT,LONG,64287.5,63880.51002685351,0.030645797134812303,63880.51002685351,65101.47994629298,12.472532152950041,-12.47253215,3.92781083,-16.40034299,LOSS,STOP_LOSS,2478.1060876
SOLUSDT,LONG,81.5,81.02497518261792,26.083964425870892,81.02497518261792,82.45004963476417,12.390530438000042,-12.39053044,4.23929567,-16.62982611,LOSS,STOP_LOSS,2461.47626149
ETHUSDT,LONG,1779.7,1771.1379364677316,1.437431672991733,1771.1379364677316,1796.8241270645367,12.307381307450042,-12.30738131,5.10408692,-17.41146822,LOSS,STOP_LOSS,2444.06479327
BTCUSDT,SHORT,63093.9,63377.826229172446,0.04304048978485872,63377.826229172446,62526.04754165511,12.22032396635004,-12.22032397,5.44340504,-17.66372901,LOSS,STOP_LOSS,2426.40106426
BTCUSDT,SHORT,63033.2,63348.43741188848,0.03848529668043251,63348.43741188848,62402.72517622303,12.132005321300039,-12.13200532,4.86383481,-16.99584013,LOSS,STOP_LOSS,2409.40522413
BTCUSDT,LONG,63536.5,63113.08790293245,0.028452248303921446,63113.08790293245,64383.3241941351,12.047026120650038,-12.04702612,3.60346552,-15.65049164,LOSS,STOP_LOSS,2393.75473249
BTCUSDT,SHORT,63117.4,62447.04909339403,0.03570898031017422,63452.57545330299,62447.04909339403,11.96877366245004,23.93754732,4.48377844,19.45376888,WIN,TAKE_PROFIT,2413.20850137
ETHUSDT,SHORT,1750.3,1730.7984500857763,1.2374444656882928,1760.0507749571118,1730.7984500857763,12.06604250685004,24.13208501,4.30766601,19.824419,WIN,TAKE_PROFIT,2433.03292037
BTCUSDT,SHORT,61923.0,62229.35819202451,0.03970895807113446,62229.35819202451,61310.28361595097,12.16516460185004,-12.1651646,4.92996079,-17.09512539,LOSS,STOP_LOSS,2415.93779498
BTCUSDT,SHORT,61977.5,62250.20966430311,0.04429505278358466,62250.20966430311,61432.08067139377,12.07968897490004,-12.07968897,5.50267296,-17.58236193,LOSS,STOP_LOSS,2398.35543305
SOLUSDT,LONG,77.69,78.4906007198979,29.956948244511725,77.28969964005105,78.4906007198979,11.991777165250042,23.98355433,4.67869417,19.30486016,WIN,TAKE_PROFIT,2417.66029321
ETHUSDT,LONG,1747.03,1737.864517110827,1.3188941174424855,1737.864517110827,1765.360965778346,12.08830146605004,-12.08830147,4.59620688,-16.68450834,LOSS,STOP_LOSS,2400.97578487
BTCUSDT,SHORT,61882.2,62185.526626931394,0.039577398943829216,62185.526626931394,61275.546746137195,12.004878924350042,-12.00487892,4.91027791,-16.91515684,LOSS,STOP_LOSS,2384.06062803
SOLUSDT,LONG,78.12,77.57348398746566,21.811443519966673,77.57348398746566,79.21303202506867,11.920303140150043,-11.92030314,3.39589963,-15.31620277,LOSS,STOP_LOSS,2368.74442526
SOLUSDT,SHORT,77.65,78.09373996689689,26.69068150233149,78.09373996689689,76.76252006620622,11.843722126300042,-11.84372213,4.15690656,-16.00062869,LOSS,STOP_LOSS,2352.74379657
SOLUSDT,SHORT,77.59,78.0788906629135,24.06206515122511,78.0788906629135,76.61221867417302,11.763718982850042,-11.76371898,3.74571499,-15.50943397,LOSS,STOP_LOSS,2337.2343626
BTCUSDT,LONG,62999.9,62638.979351231734,0.0323787842365961,62638.979351231734,63721.74129753654,11.686171813000042,-11.68617181,4.06803417,-15.75420598,LOSS,STOP_LOSS,2321.48015662
BTCUSDT,LONG,62852.9,63591.89836369222,0.031413874112268945,62483.400818153896,63591.89836369222,11.607400783100042,23.21480157,3.97212098,19.24268059,WIN,TAKE_PROFIT,2340.72283721
BTCUSDT,LONG,63726.6,64314.690396837956,0.039802092497949436,63432.55480158102,64314.690396837956,11.703614186050043,23.40722837,5.09631128,18.31091709,WIN,TAKE_PROFIT,2359.0337543
ETHUSDT,LONG,1785.2,1801.4304431130658,1.4534623225418497,1777.084778443467,1801.4304431130658,11.795168771500043,23.59033754,5.21303221,18.37730533,WIN,TAKE_PROFIT,2377.41105963
ETHUSDT,LONG,1796.79,1788.6858132393334,1.4667795362075629,1788.6858132393334,1812.9983735213332,11.887055298150043,-11.8870553,5.25910255,-17.14615785,LOSS,STOP_LOSS,2360.26490178
SOLUSDT,SHORT,77.89,78.47166339658497,20.28892410660049,78.47166339658497,76.72667320683004,11.801324508900045,-11.80132451,3.17240992,-14.97373443,LOSS,STOP_LOSS,2345.29116735
ETHUSDT,LONG,1811.35,1828.52418032281,1.3655913256221524,1802.7629098385949,1828.52418032281,11.726455836750045,23.45291167,4.97058061,18.48233107,WIN,TAKE_PROFIT,2363.77349842
ETHUSDT,LONG,1825.67,1816.6764572334687,1.3141503630897162,1816.6764572334687,1843.6570855330629,11.818867492100043,-11.81886749,4.78659092,-16.60545841,LOSS,STOP_LOSS,2347.16804001
SOLUSDT,SHORT,77.54,76.8846054638952,35.81305474348171,77.86769726805241,76.8846054638952,11.735840200050042,23.4716804,5.53041685,17.94126355,WIN,TAKE_PROFIT,2365.10930356
SOLUSDT,SHORT,76.95,76.17641935933126,30.57353272847445,77.33679032033437,76.17641935933126,11.825546517800042,23.65109304,4.68161559,18.96947744,WIN,TAKE_PROFIT,2384.078781
SOLUSDT,SHORT,76.0,76.46781814014977,25.48082872798335,76.46781814014977,75.06436371970045,11.920393905000042,-11.92039391,3.88500636,-15.80540027,LOSS,STOP_LOSS,2368.27338073
SOLUSDT,SHORT,76.58,77.07347902839251,23.995684157486597,77.07347902839251,75.59304194321497,11.84136690365004,-11.8413669,3.68702035,-15.52838726,LOSS,STOP_LOSS,2352.74499347
ETHUSDT,LONG,1817.18,1809.0301813276499,1.4434339511455307,1809.0301813276499,1833.4796373447004,11.763724967350042,-11.76372497,5.23419489,-16.99791986,LOSS,STOP_LOSS,2335.74707361
SOLUSDT,SHORT,76.56,76.92645856439563,31.86918386615119,76.92645856439563,75.82708287120875,11.678735368050043,-11.67873537,4.89148817,-16.57022354,LOSS,STOP_LOSS,2319.17685007
ETHUSDT,LONG,1839.54,1827.7074748114248,0.980000808411245,1827.7074748114248,1863.2050503771502,11.595884250350043,-11.59588425,3.59390549,-15.18978974,LOSS,STOP_LOSS,2303.98706033
SOLUSDT,SHORT,77.13,76.00676516411154,20.512069130295544,77.69161741794422,76.00676516411154,11.519935301650044,23.0398706,3.14115191,19.89871869,WIN,TAKE_PROFIT,2323.88577902
SOLUSDT,SHORT,75.89,76.51657051333555,18.544487248919335,76.51657051333555,74.63685897332888,11.619428895100043,-11.6194289,2.8263017,-14.4457306,LOSS,STOP_LOSS,2309.44004842
SOLUSDT,SHORT,76.27,76.84576242882525,20.05549453037453,76.84576242882525,75.11847514234948,11.547200242100043,-11.54720024,3.07081234,-14.61801258,LOSS,STOP_LOSS,2294.82203584
SOLUSDT,SHORT,76.22,75.41801424730208,28.614249419270937,76.62099287634896,75.41801424730208,11.474110179200043,22.94822036,4.33900796,18.6092124,WIN,TAKE_PROFIT,2313.43124824
SOLUSDT,SHORT,75.31,75.7360164491377,27.15190050669064,75.7360164491377,74.45796710172463,11.567156241200044,-11.56715624,4.10118641,-15.66834265,LOSS,STOP_LOSS,2297.76290559
SOLUSDT,SHORT,75.78,76.23342744849117,25.3377129377156,76.23342744849117,74.87314510301766,11.488814527950044,-11.48881453,3.85167259,-15.34048712,LOSS,STOP_LOSS,2282.42241847
SOLUSDT,SHORT,75.8,74.76404178445412,22.03199303040753,76.31797910777293,74.76404178445412,11.412112092350045,22.82422418,3.31722592,19.50699827,WIN,TAKE_PROFIT,2301.92941674
SOLUSDT,SHORT,75.06,75.58675732664233,21.849999044276,75.58675732664233,74.00648534671537,11.509647083700045,-11.50964708,3.2916315,-14.80127859,LOSS,STOP_LOSS,2287.12813815
ETHUSDT,LONG,1800.61,1817.9870349995108,1.3161785875521292,1791.9214825002446,1817.9870349995108,11.435640690750045,22.87128138,4.76271993,18.10856145,WIN,TAKE_PROFIT,2305.2366996
ETHUSDT,LONG,1824.69,1847.6808182138316,1.0026771027284085,1813.1945908930843,1847.6808182138316,11.526183498000044,23.052367,3.68220213,19.37016486,WIN,TAKE_PROFIT,2324.60686446
ETHUSDT,LONG,1860.7,1891.104331198558,0.7645643804098126,1845.497834400721,1891.104331198558,11.623034322300043,23.24606864,2.86849595,20.37757269,WIN,TAKE_PROFIT,2344.98443715
BTCUSDT,LONG,64893.1,64609.41832554912,0.04133126402488277,64609.41832554912,65460.46334890175,11.724922185750042,-11.72492219,5.35250278,-17.07742496,LOSS,STOP_LOSS,2327.90701219
ETHUSDT,LONG,1875.32,1866.3315521297545,1.2949438244483313,1866.3315521297545,1893.2968957404908,11.639535060950044,-11.63953506,4.84522857,-16.48476363,LOSS,STOP_LOSS,2311.42224856
ETHUSDT,LONG,1876.96,1894.4586281670142,1.3209162606913187,1868.210685916493,1894.4586281670142,11.557111242800042,23.11422249,4.98172819,18.13249429,WIN,TAKE_PROFIT,2329.55474285
BTCUSDT,LONG,65354.6,65083.56116057716,0.04297455574652451,65083.56116057716,65896.67767884568,11.647773714250043,-11.64777371,5.60552203,-17.25329574,LOSS,STOP_LOSS,2312.30144711
BTCUSDT,LONG,65090.2,64774.81092193441,0.03665791886789973,64774.81092193441,65720.97815613117,11.561507235550044,-11.56150724,4.76058103,-16.32208827,LOSS,STOP_LOSS,2295.97935884
ETHUSDT,LONG,1918.82,1903.1526120649546,0.7327256363213785,1903.1526120649546,1950.1547758700908,11.479896794200043,-11.47989679,2.80045731,-14.28035411,LOSS,STOP_LOSS,2281.69900473
SOLUSDT,SHORT,75.74,76.21437844022182,24.049353967931623,76.21437844022182,74.79124311955634,11.40849502365004,-11.40849502,3.65440463,-15.06289966,LOSS,STOP_LOSS,2266.63610507
SOLUSDT,SHORT,76.23,76.74335140877741,22.076847032213106,76.74335140877741,75.20329718244518,11.333180525350041,-11.33318053,3.37716928,-14.7103498,LOSS,STOP_LOSS,2251.92575527
ETHUSDT,SHORT,1882.85,1857.8270195918947,0.8999430597566189,1895.3614902040524,1857.8270195918947,11.259628776350041,22.51925755,3.36639632,19.15286123,WIN,TAKE_PROFIT,2271.0786165
SOLUSDT,SHORT,75.12,75.53708386726909,27.225682826935692,75.53708386726909,74.28583226546182,11.35539308250004,-11.35539308,4.10174198,-15.45713506,LOSS,STOP_LOSS,2255.62148144
SOLUSDT,SHORT,75.23,74.38542375593137,26.70713860685758,75.65228812203432,74.38542375593137,11.278107407200041,22.55621481,3.99579986,18.56041495,WIN,TAKE_PROFIT,2274.18189639
SOLUSDT,SHORT,74.35,74.78308665293692,26.25550661706972,74.78308665293692,73.48382669412614,11.370909481950042,-11.37090948,3.91556474,-15.28647423,LOSS,STOP_LOSS,2258.89542216
SOLUSDT,SHORT,74.65,74.96125701204377,36.28665917159115,74.96125701204377,74.02748597591247,11.294477110800042,-11.29447711,5.42889269,-16.7233698,LOSS,STOP_LOSS,2242.17205236
SOLUSDT,SHORT,74.65,74.03254078920335,36.312877241998585,74.95872960539833,74.03254078920335,11.210860261800041,22.42172052,5.39909085,17.02262967,WIN,TAKE_PROFIT,2259.19468203
SOLUSDT,SHORT,73.69,74.06932036807011,29.77950661500469,74.06932036807011,72.93135926385976,11.29597341015004,-11.29597341,4.40019966,-15.69617307,LOSS,STOP_LOSS,2243.49850896
SOLUSDT,SHORT,74.29,74.78533230635935,22.646397985319652,74.78533230635935,73.29933538728132,11.217492544800042,-11.21749254,3.37601931,-14.59351185,LOSS,STOP_LOSS,2228.90499711
SOLUSDT,SHORT,74.38,74.9131049843555,20.90493488636824,74.9131049843555,73.313790031289,11.14452498555004,-11.14452499,3.12096264,-14.26548762,LOSS,STOP_LOSS,2214.63950949
BTCUSDT,LONG,63553.7,64254.32636645787,0.03160942287522624,63203.38681677106,64254.32636645787,11.073197547450041,22.14639509,4.03993795,18.10645714,WIN,TAKE_PROFIT,2232.74596663
BTCUSDT,LONG,64220.1,63868.65543440499,0.03176526521117011,63868.65543440499,64922.98913119002,11.163729833150041,-11.16372983,4.06877329,-15.23250312,LOSS,STOP_LOSS,2217.51346351
SOLUSDT,SHORT,74.87,75.17980102828855,35.7893173525008,75.17980102828855,74.2503979434229,11.087567317550043,-11.08756732,5.37017995,-16.45774727,LOSS,STOP_LOSS,2201.05571624
ETHUSDT,LONG,1873.13,1890.3918701938223,1.2750968994238698,1864.499064903089,1890.3918701938223,11.005278581200043,22.01055716,4.79885507,17.21170209,WIN,TAKE_PROFIT,2218.26741833
ETHUSDT,LONG,1880.01,1868.314993302195,0.9483822778598046,1868.314993302195,1903.4000133956101,11.091337091650043,-11.09133709,3.554845,-14.64618209,LOSS,STOP_LOSS,2203.62123624
ETHUSDT,LONG,1871.29,1858.3957080663238,0.8544948600414389,1858.3957080663238,1897.0785838673523,11.018106181200045,-11.01810618,3.18699727,-14.20510345,LOSS,STOP_LOSS,2189.41613279
BTCUSDT,SHORT,64160.0,64500.10086434787,0.03218774725827488,64500.10086434787,63479.79827130426,10.947080663950043,-10.94708066,4.14127881,-15.08835947,LOSS,STOP_LOSS,2174.32777332
ETHUSDT,LONG,1886.86,1875.8245422245668,0.9851552230848294,1875.8245422245668,1908.930915550866,10.871638866600044,-10.87163887,3.70682833,-14.5784672,LOSS,STOP_LOSS,2159.74930612
BTCUSDT,LONG,64674.0,64381.88733036648,0.03696774448074434,64381.88733036648,65258.22533926704,10.798746530600045,-10.79874653,4.77090507,-15.5696516,LOSS,STOP_LOSS,2144.17965452
ETHUSDT,LONG,1884.76,1913.1919165908257,0.7541453097860732,1870.544041704587,1913.1919165908257,10.720898272600046,21.44179655,2.86420762,18.57758892,WIN,TAKE_PROFIT,2162.75724344
BTCUSDT,LONG,65725.2,65360.846444802824,0.029679376152506685,65360.846444802824,66453.90711039434,10.813786217200045,-10.81378622,3.89055208,-14.7043383,LOSS,STOP_LOSS,2148.05290514
BTCUSDT,LONG,65325.4,66045.54694722778,0.029827980433840308,64965.32652638611,66045.54694722778,10.740264525700045,21.48052905,3.91853004,17.56199902,WIN,TAKE_PROFIT,2165.61490416
SOLUSDT,LONG,78.53,78.16861797551975,29.962958274898263,78.16861797551975,79.2527640489605,10.828074520800044,-10.82807452,4.69515415,-15.52322867,LOSS,STOP_LOSS,2150.09167549
ETHUSDT,LONG,1939.16,1930.1499177102344,1.1931587339286762,1930.1499177102344,1957.1801645795315,10.750458377450043,-10.75045838,4.61670092,-15.3671593,LOSS,STOP_LOSS,2134.72451619
ETHUSDT,LONG,1935.1,1926.8583230234005,1.2950789761908474,1926.8583230234005,1951.5833539531986,10.673622580950044,-10.67362258,5.00154103,-15.67516361,LOSS,STOP_LOSS,2119.04935258
ETHUSDT,LONG,1939.53,1929.602617880346,1.0672750011228052,1929.602617880346,1959.3847642393075,10.595246762900045,-10.59524676,4.12942852,-14.72467528,LOSS,STOP_LOSS,2104.3246773
BTCUSDT,LONG,66700.0,66418.72856405267,0.037407365419324955,66418.72856405267,67262.54287189466,10.521623386500044,-10.52162339,4.97962092,-15.50124431,LOSS,STOP_LOSS,2088.82343299
SOLUSDT,SHORT,77.69,78.07939778389449,26.82120339898933,78.07939778389449,76.911204432211,10.444117164950043,-10.44411716,4.1779227,-14.62203987,LOSS,STOP_LOSS,2074.20139312
SOLUSDT,LONG,78.06,77.73830495072251,32.23862782126292,77.73830495072251,78.70339009855499,10.371006965600042,-10.37100697,5.02272357,-15.39373053,LOSS,STOP_LOSS,2058.80766259
ETHUSDT,SHORT,1913.65,1922.3225589501,1.1869666579587204,1922.3225589501,1896.3048820998004,10.294038312950043,-10.29403831,4.55317153,-14.84720984,LOSS,STOP_LOSS,2043.96045275
ETHUSDT,LONG,1924.25,1916.1734372375595,1.265365300109652,1916.1734372375595,1940.403125524881,10.219802263750042,-10.21980226,4.85953856,-15.07934082,LOSS,STOP_LOSS,2028.88111193
ETHUSDT,LONG,1936.46,1954.978147587582,1.0956177459621046,1927.200926206209,1954.978147587582,10.144405559650043,20.28881112,4.26352869,16.02528243,WIN,TAKE_PROFIT,2044.90639436
ETHUSDT,LONG,1940.62,1929.5312578002515,0.922064178932044,1929.5312578002515,1962.7974843994966,10.224531971800042,-10.22453197,3.56852784,-13.79305981,LOSS,STOP_LOSS,2031.11333455
ETHUSDT,LONG,1926.72,1952.162320732219,0.7983207805323722,1913.9988396338904,1952.162320732219,10.155566672750043,20.31113335,3.09659236,17.21454098,WIN,TAKE_PROFIT,2048.32787553
ETHUSDT,LONG,1950.55,1936.649614225691,0.7367881398355828,1936.649614225691,1978.3507715486178,10.241639377650042,-10.24163938,2.86404257,-13.10568195,LOSS,STOP_LOSS,2035.22219358
SOLUSDT,LONG,78.22,77.70942912131959,19.930848767169277,77.70942912131959,79.24114175736082,10.176110967900042,-10.17611097,3.10780587,-13.28391684,LOSS,STOP_LOSS,2021.93827674
SOLUSDT,LONG,77.94,77.52055531181996,24.10256147852512,77.52055531181996,78.77888937636007,10.109691383700042,-10.10969138,3.74699759,-13.85668898,LOSS,STOP_LOSS,2008.08158776
ETHUSDT,LONG,1933.31,1923.6946379088834,1.0442048717100463,1923.6946379088834,1952.5407241822331,10.040407938800042,-10.04040794,4.02750303,-14.06791097,LOSS,STOP_LOSS,1994.01367679
ETHUSDT,SHORT,1919.46,1927.697440909634,1.2103356483309948,1927.697440909634,1902.9851181807321,9.970068383950043,-9.97006838,4.6563518,-14.62642018,LOSS,STOP_LOSS,1979.38725661
SOLUSDT,SHORT,76.64,75.85921685222098,25.351306085953453,77.0303915738895,75.85921685222098,9.896936283050042,19.79387257,3.86605432,15.92781824,WIN,TAKE_PROFIT,1995.31507485
ETHUSDT,SHORT,1889.26,1865.104072752803,0.8260146896582234,1901.3379636235984,1865.104072752803,9.976575374250043,19.95315075,3.10115987,16.85199087,WIN,TAKE_PROFIT,2012.16706572
ETHUSDT,SHORT,1869.48,1878.6759257882823,1.0940535580898,1878.6759257882823,1851.0881484234353,10.060835328600042,-10.06083533,4.10068333,-14.16151866,LOSS,STOP_LOSS,1998.00554706
SOLUSDT,SHORT,75.68,76.0046346001637,30.77314534637623,76.0046346001637,75.03073079967263,9.990027735300043,-9.99002774,4.66781331,-14.65784104,LOSS,STOP_LOSS,1983.34770602
SOLUSDT,SHORT,75.8,75.07578368678992,27.386123038693402,76.16210815660503,75.07578368678992,9.916738530100043,19.83347706,4.13190278,15.70157428,WIN,TAKE_PROFIT,1999.0492803
SOLUSDT,SHORT,75.1,74.45213603474264,30.8560035362658,75.42393198262867,74.45213603474264,9.995246401500044,19.9904928,4.61458124,15.37591156,WIN,TAKE_PROFIT,2014.42519186
SOLUSDT,SHORT,74.46,73.69218147462473,26.23569405121479,74.84390926268762,73.69218147462473,10.072125959300044,20.14425192,3.88687531,16.25737661,WIN,TAKE_PROFIT,2030.68256847
SOLUSDT,SHORT,73.91,74.35221980958654,22.960104052875714,74.35221980958654,73.0255603808269,10.153412842350043,-10.15341284,3.40411599,-13.55752884,LOSS,STOP_LOSS,2017.12503963
